Subject,goDelay,subTrial,HA,Time,Rot_t,Rot_t1,Rot_t2
2422,1500,23,-1.86743177813772,-198.639175257732,-1,-1,1
2422,500,24,-6.40186105396126,-197.639175257732,1,-1,-1
2422,500,25,3.58420033240826,-196.639175257732,1,1,-1
2422,1500,26,-4.79438541319397,-195.639175257732,-1,1,1
2422,1500,27,-4.32135227166233,-194.639175257732,-1,-1,1
2422,1500,28,-8.31067359903,-193.639175257732,-1,-1,-1
2422,1500,29,-7.18307432298245,-192.639175257732,-1,-1,-1
2422,500,30,-9.34198258824435,-191.639175257732,1,-1,-1
2422,500,31,-6.72679547667868,-190.639175257732,1,1,-1
2422,500,33,-7.63965838493448,-188.639175257732,1,-1,1
2422,500,34,-7.70764667355341,-187.639175257732,1,1,-1
2422,500,35,-4.00247498992383,-186.639175257732,1,1,1
2422,1500,36,-1.53829387590499,-185.639175257732,-1,1,1
2422,500,37,-6.24799257897789,-184.639175257732,1,-1,1
2422,500,38,-3.81157635163345,-183.639175257732,1,1,-1
2422,500,39,-4.53843179398119,-182.639175257732,1,1,1
2422,1500,41,-3.284850074239,-180.639175257732,-1,-1,1
2422,1500,42,-6.96443627920419,-179.639175257732,-1,-1,-1
2422,1500,43,-11.2728865765764,-178.639175257732,-1,-1,-1
2422,1500,44,-7.33318653213787,-177.639175257732,-1,-1,-1
2422,1500,45,-8.38659019217536,-176.639175257732,-1,-1,-1
2422,500,46,-15.1360720388205,-175.639175257732,1,-1,-1
2422,1500,47,-12.9617138486153,-174.639175257732,-1,1,-1
2422,1500,48,-10.5424125162874,-173.639175257732,-1,-1,1
2422,1500,49,-11.5598652832516,-172.639175257732,-1,-1,-1
2422,1500,50,-15.5565653717708,-171.639175257732,-1,-1,-1
2422,500,51,-16.5189138232155,-170.639175257732,1,-1,-1
2422,500,52,-11.3088301079774,-169.639175257732,1,1,-1
2422,1500,53,-11.408432304047,-168.639175257732,-1,1,1
2422,500,54,-12.2058303147384,-167.639175257732,1,-1,1
2422,500,55,-12.1020247769318,-166.639175257732,1,1,-1
2422,500,57,-11.5816935569249,-164.639175257732,1,-1,1
2422,500,58,-11.209353029595,-163.639175257732,1,1,-1
2422,500,59,-14.1244468988673,-162.639175257732,1,1,1
2422,500,60,-9.56870705523365,-161.639175257732,1,1,1
2422,1500,61,-11.9008533421496,-160.639175257732,-1,1,1
2422,1500,62,-16.8280200532908,-159.639175257732,-1,-1,1
2422,500,63,-16.2153572178515,-158.639175257732,1,-1,-1
2422,500,64,-12.2127400895654,-157.639175257732,1,1,-1
2422,500,65,-9.02799836123185,-156.639175257732,1,1,1
2422,1500,66,-11.2407111359311,-155.639175257732,-1,1,1
2422,1500,67,-16.1119530449952,-154.639175257732,-1,-1,1
2422,1500,68,-19.0655058529187,-153.639175257732,-1,-1,-1
2422,500,69,-21.2920289770341,-152.639175257732,1,-1,-1
2422,1500,70,-21.2997339871842,-151.639175257732,-1,1,-1
2422,500,71,-17.7550737462161,-150.639175257732,1,-1,1
2422,500,72,-20.8005673298031,-149.639175257732,1,1,-1
2422,1500,73,-11.8106300103,-148.639175257732,-1,1,1
2422,1500,74,-18.5981476190301,-147.639175257732,-1,-1,1
2422,1500,75,-17.3967506575782,-146.639175257732,-1,-1,-1
2422,1500,76,-18.4910886176285,-145.639175257732,-1,-1,-1
2422,500,77,-19.7671110192143,-144.639175257732,1,-1,-1
2422,1500,78,-15.8287897224798,-143.639175257732,-1,1,-1
2422,500,79,-19.3936879426172,-142.639175257732,1,-1,1
2422,1500,80,-19.6122922717734,-141.639175257732,-1,1,-1
2422,1500,81,-14.3753233275792,-140.639175257732,-1,-1,1
2422,1500,82,-13.1732817712731,-139.639175257732,-1,-1,-1
2422,1500,83,-17.934234383836,-138.639175257732,-1,-1,-1
2422,1500,84,-18.8099610484964,-137.639175257732,-1,-1,-1
2422,1500,85,-16.44028469295,-136.639175257732,-1,-1,-1
2422,1500,86,-22.5655386664882,-135.639175257732,-1,-1,-1
2422,500,87,-20.3779536173537,-134.639175257732,1,-1,-1
2422,1500,88,-19.053659289048,-133.639175257732,-1,1,-1
2422,500,89,-23.890366499167,-132.639175257732,1,-1,1
2422,1500,90,-14.6354691830479,-131.639175257732,-1,1,-1
2422,1500,91,-18.1017018100723,-130.639175257732,-1,-1,1
2422,1500,92,-15.7904271810635,-129.639175257732,-1,-1,-1
2422,1500,93,-19.1441274565195,-128.639175257732,-1,-1,-1
2422,500,94,-14.0052681679813,-127.639175257732,1,-1,-1
2422,1500,95,-12.4862947451836,-126.639175257732,-1,1,-1
2422,500,96,-14.5889010393808,-125.639175257732,1,-1,1
2422,500,97,-12.3045410876211,-124.639175257732,1,1,-1
2422,500,98,-5.87848727016346,-123.639175257732,1,1,1
2422,500,99,-9.25928766184155,-122.639175257732,1,1,1
2422,1500,100,-7.58594840747668,-121.639175257732,-1,1,1
2422,1500,101,-9.71362048024604,-120.639175257732,-1,-1,1
2422,1500,102,-7.24836759841852,-119.639175257732,-1,-1,-1
2422,500,103,-10.5032101902059,-118.639175257732,1,-1,-1
2422,1500,104,-15.1877828044874,-117.639175257732,-1,1,-1
2422,500,105,-11.512472625002,-116.639175257732,1,-1,1
2422,500,106,-10.9409887268547,-115.639175257732,1,1,-1
2422,500,107,-9.16329982448445,-114.639175257732,1,1,1
2422,1500,108,-11.8487001309221,-113.639175257732,-1,1,1
2422,500,109,-17.3701899233675,-112.639175257732,1,-1,1
2422,1500,110,-10.4915830148838,-111.639175257732,-1,1,-1
2422,500,111,-12.7494961578898,-110.639175257732,1,-1,1
2422,1500,112,-8.6301691850376,-109.639175257732,-1,1,-1
2422,500,113,-6.77078420327517,-108.639175257732,1,-1,1
2422,1500,114,-9.55382919321334,-107.639175257732,-1,1,-1
2422,1500,115,-13.90902168499,-106.639175257732,-1,-1,1
2422,1500,116,-13.3623465770113,-105.639175257732,-1,-1,-1
2422,500,117,-13.006908687016,-104.639175257732,1,-1,-1
2422,500,118,-5.66450295617038,-103.639175257732,1,1,-1
2422,500,119,-3.37707196906827,-102.639175257732,1,1,1
2422,500,120,-3.62582290206811,-101.639175257732,1,1,1
2422,500,121,0.419967730280134,-100.639175257732,1,1,1
2422,1500,122,-2.31234449606286,-99.6391752577319,-1,1,1
2422,500,123,-5.7536369745172,-98.6391752577319,1,-1,1
2422,1500,124,-7.21160053558078,-97.6391752577319,-1,1,-1
2422,500,125,-11.8033562864022,-96.6391752577319,1,-1,1
2422,500,126,-6.7797790488475,-95.6391752577319,1,1,-1
2422,500,127,-12.2318550890443,-94.6391752577319,1,1,1
2422,500,128,-3.22714038676008,-93.6391752577319,1,1,1
2422,500,129,-8.87555029955485,-92.6391752577319,1,1,1
2422,1500,130,-2.45541964655629,-91.6391752577319,-1,1,1
2422,500,131,-4.64317625203541,-90.6391752577319,1,-1,1
2422,1500,132,-1.60081856360541,-89.6391752577319,-1,1,-1
2422,1500,133,-3.06193893351314,-88.6391752577319,-1,-1,1
2422,500,134,-4.01460528210424,-87.6391752577319,1,-1,-1
2422,1500,135,-1.93893774387202,-86.6391752577319,-1,1,-1
2422,500,136,-3.18134080482213,-85.6391752577319,1,-1,1
2422,1500,137,-8.35363669331653,-84.6391752577319,-1,1,-1
2422,500,138,-1.35818129807462,-83.6391752577319,1,-1,1
2422,1500,139,-3.81727507502906,-82.6391752577319,-1,1,-1
2422,1500,140,-9.22733843821063,-81.6391752577319,-1,-1,1
2422,1500,141,-9.28642001640835,-80.6391752577319,-1,-1,-1
2422,500,142,-5.59271472532439,-79.6391752577319,1,-1,-1
2422,500,143,-5.41836976882807,-78.6391752577319,1,1,-1
2422,1500,144,-4.34318227216416,-77.6391752577319,-1,1,1
2422,500,145,-4.06509563383244,-76.6391752577319,1,-1,1
2422,1500,146,-4.88148352694347,-75.6391752577319,-1,1,-1
2422,500,147,-4.02813291152843,-74.6391752577319,1,-1,1
2422,1500,148,-8.71133995765437,-73.6391752577319,-1,1,-1
2422,1500,149,-4.17819724769785,-72.6391752577319,-1,-1,1
2422,500,150,-6.75144533201513,-71.6391752577319,1,-1,-1
2422,1500,151,-9.84090726522274,-70.6391752577319,-1,1,-1
2422,500,152,-7.85694074795953,-69.6391752577319,1,-1,1
2422,500,153,-3.67617008241237,-68.6391752577319,1,1,-1
2422,1500,154,-9.18598813760013,-67.6391752577319,-1,1,1
2422,1500,155,-7.46407418166905,-66.6391752577319,-1,-1,1
2422,500,156,-6.3021031673856,-65.6391752577319,1,-1,-1
2422,500,158,-10.5635513947715,-63.6391752577319,1,-1,1
2422,1500,159,-7.60594224370938,-62.6391752577319,-1,1,-1
2422,500,160,-5.14111931307634,-61.6391752577319,1,-1,1
2422,500,161,-5.2820133965897,-60.6391752577319,1,1,-1
2422,500,162,-3.40012877653515,-59.6391752577319,1,1,1
2422,500,163,-4.42714537105819,-58.6391752577319,1,1,1
2422,500,164,-1.42474086962938,-57.6391752577319,1,1,1
2422,1500,165,-8.09832679533167,-56.6391752577319,-1,1,1
2422,500,166,-5.76796456752257,-55.6391752577319,1,-1,1
2422,500,167,-5.12657013945358,-54.6391752577319,1,1,-1
2422,1500,168,-4.58362352991679,-53.6391752577319,-1,1,1
2422,500,169,1.46102379702449,-52.6391752577319,1,-1,1
2422,1500,170,-3.58306136668073,-51.6391752577319,-1,1,-1
2422,500,171,-6.29207964878623,-50.6391752577319,1,-1,1
2422,1500,172,-2.43793265653614,-49.6391752577319,-1,1,-1
2422,500,173,-1.43621994370025,-48.6391752577319,1,-1,1
2422,500,174,-1.6150625434483,-47.6391752577319,1,1,-1
2422,500,175,-5.14856024693178,-46.6391752577319,1,1,1
2422,500,176,-2.61900073811935,-45.6391752577319,1,1,1
2422,1500,177,-7.46356153242954,-44.6391752577319,-1,1,1
2422,1500,178,-8.40044169942517,-43.6391752577319,-1,-1,1
2422,1500,179,-6.47050629834523,-42.6391752577319,-1,-1,-1
2422,500,180,-7.82285865320635,-41.6391752577319,1,-1,-1
2422,1500,181,-11.5995154413217,-40.6391752577319,-1,1,-1
2422,500,182,-8.23854926340725,-39.6391752577319,1,-1,1
2422,1500,183,-13.5192473086524,-38.6391752577319,-1,1,-1
2422,500,184,-9.14562820150205,-37.6391752577319,1,-1,1
2422,1500,185,-13.5958817231658,-36.6391752577319,-1,1,-1
2422,500,186,-10.3511148682368,-35.6391752577319,1,-1,1
2422,500,187,-12.3270512993831,-34.6391752577319,1,1,-1
2422,1500,188,-9.07107643051497,-33.6391752577319,-1,1,1
2422,1500,189,-14.0341801389672,-32.6391752577319,-1,-1,1
2422,500,190,-11.780039723883,-31.6391752577319,1,-1,-1
2422,1500,191,-11.6366289084926,-30.6391752577319,-1,1,-1
2422,500,192,-0.805989637851356,-29.6391752577319,1,-1,1
2422,500,193,-0.852618852098306,-28.6391752577319,1,1,-1
2422,1500,194,-2.95042714745533,-27.6391752577319,-1,1,1
2422,500,195,-5.11263099431649,-26.6391752577319,1,-1,1
2422,500,196,-1.50823690303661,-25.6391752577319,1,1,-1
2422,500,197,-5.13661580079079,-24.6391752577319,1,1,1
2422,500,198,0.583137238572794,-23.6391752577319,1,1,1
2422,1500,199,-6.97378611544946,-22.6391752577319,-1,1,1
2422,500,200,-6.38610559004606,-21.6391752577319,1,-1,1
2422,500,201,-1.59365442942031,-20.6391752577319,1,1,-1
2422,500,202,1.01025301940893,-19.6391752577319,1,1,1
2422,1500,203,-6.33564693429086,-18.6391752577319,-1,1,1
2422,500,204,-5.16811942621294,-17.6391752577319,1,-1,1
2422,1500,205,-0.698307237579322,-16.6391752577319,-1,1,-1
2422,500,206,5.99772068007406,-15.6391752577319,1,-1,1
2422,500,207,2.62565483187393,-14.6391752577319,1,1,-1
2422,500,208,-0.176925974626906,-13.6391752577319,1,1,1
2422,1500,209,-3.46309845620642,-12.6391752577319,-1,1,1
2422,500,210,-2.54009508755817,-11.6391752577319,1,-1,1
2422,1500,211,-4.93459774875334,-10.6391752577319,-1,1,-1
2422,1500,212,5.6102871830483,-9.63917525773195,-1,-1,1
2422,1500,213,-4.78505077765834,-8.63917525773195,-1,-1,-1
2422,1500,214,-9.80776751108643,-7.63917525773195,-1,-1,-1
2422,500,215,-10.0145785340805,-6.63917525773195,1,-1,-1
2422,1500,216,-6.05478784192977,-5.63917525773195,-1,1,-1
2422,500,217,-4.46629557095724,-4.63917525773195,1,-1,1
2422,1500,218,-3.06865462263872,-3.63917525773195,-1,1,-1
2422,1500,219,-6.87049501287163,-2.63917525773195,-1,-1,1
2422,1500,220,-3.44611304568723,-1.63917525773195,-1,-1,-1
2422,500,221,-12.2578322453054,-0.639175257731949,1,-1,-1
2422,1500,222,-5.46926090704734,0.360824742268051,-1,1,-1
2422,1500,223,-8.83233163965844,1.36082474226805,-1,-1,1
2422,1500,224,-7.87745012054268,2.36082474226805,-1,-1,-1
2422,500,225,-3.54564877038127,3.36082474226805,1,-1,-1
2422,1500,226,-8.64662503611129,4.36082474226805,-1,1,-1
2422,1500,227,-6.22874705928826,5.36082474226805,-1,-1,1
2422,500,228,-0.684447593774766,6.36082474226805,1,-1,-1
2422,500,229,-3.19590174461781,7.36082474226805,1,1,-1
2422,500,230,0.685714411837074,8.36082474226805,1,1,1
2422,500,231,-0.155555135949836,9.36082474226805,1,1,1
2422,500,232,-0.597302561061156,10.3608247422681,1,1,1
2422,500,233,3.65240030659073,11.3608247422681,1,1,1
2422,500,235,-6.7687348128411,13.3608247422681,1,-1,1
2422,1500,236,-4.00713742773039,14.3608247422681,-1,1,-1
2422,1500,237,-5.49849443875845,15.3608247422681,-1,-1,1
2422,500,238,-9.41115958314944,16.3608247422681,1,-1,-1
2422,500,239,-2.24126270382049,17.3608247422681,1,1,-1
2422,500,240,-3.72919921611568,18.3608247422681,1,1,1
2422,1500,241,-5.65285322610575,19.3608247422681,-1,1,1
2422,500,242,-5.03797095029706,20.3608247422681,1,-1,1
2422,500,243,-4.62802062166484,21.3608247422681,1,1,-1
2422,500,244,-6.45787252390745,22.3608247422681,1,1,1
2422,1500,245,-10.0379573118301,23.3608247422681,-1,1,1
2422,500,246,-3.86211479912791,24.3608247422681,1,-1,1
2422,1500,247,-3.60158178914978,25.3608247422681,-1,1,-1
2422,500,248,2.77636644972645,26.3608247422681,1,-1,1
2422,500,249,-3.51714422746693,27.3608247422681,1,1,-1
2422,1500,250,-7.81772361563982,28.3608247422681,-1,1,1
2422,500,251,-2.78838400607296,29.3608247422681,1,-1,1
2422,500,252,3.36946047446211,30.3608247422681,1,1,-1
2422,1500,253,-1.86521336248187,31.3608247422681,-1,1,1
2422,1500,254,-7.02098960662927,32.3608247422681,-1,-1,1
2422,1500,255,-6.50720536052564,33.3608247422681,-1,-1,-1
2422,500,256,-6.80660204569141,34.3608247422681,1,-1,-1
2422,500,257,0.999394126608295,35.3608247422681,1,1,-1
2422,500,258,-2.25875090072783,36.3608247422681,1,1,1
2422,1500,259,-5.21494560199543,37.3608247422681,-1,1,1
2422,1500,260,-8.55189714558897,38.3608247422681,-1,-1,1
2422,1500,261,-9.06561128459516,39.3608247422681,-1,-1,-1
2422,500,263,-9.47707082540905,41.3608247422681,1,-1,-1
2422,500,264,-5.97984002532675,42.3608247422681,1,1,-1
2422,500,265,1.37857122841381,43.3608247422681,1,1,1
2422,1500,266,-5.40110644825701,44.3608247422681,-1,1,1
2422,500,267,-5.83341612457489,45.3608247422681,1,-1,1
2422,500,268,-4.7897919515112,46.3608247422681,1,1,-1
2422,500,269,-7.00909544933033,47.3608247422681,1,1,1
2422,1500,270,-7.1516352276317,48.3608247422681,-1,1,1
2422,1500,271,-8.0500452042466,49.3608247422681,-1,-1,1
2422,500,272,-8.52602500301365,50.3608247422681,1,-1,-1
2422,500,273,-4.72677473844186,51.3608247422681,1,1,-1
2422,500,274,-2.54736457823796,52.3608247422681,1,1,1
2422,1500,275,-7.87972491640797,53.3608247422681,-1,1,1
2422,500,276,-5.74148417449184,54.3608247422681,1,-1,1
2422,1500,277,-4.51729069169161,55.3608247422681,-1,1,-1
2422,500,278,-3.2190783533621,56.3608247422681,1,-1,1
2422,1500,279,-3.83120661751372,57.3608247422681,-1,1,-1
2422,500,280,-4.01198683349377,58.3608247422681,1,-1,1
2422,500,281,0.572834302615064,59.3608247422681,1,1,-1
2422,500,282,-6.93756587111802,60.3608247422681,1,1,1
2422,500,283,-1.31326209634165,61.3608247422681,1,1,1
2422,1500,284,-2.40423185864945,62.3608247422681,-1,1,1
2422,500,285,-0.424129425164936,63.3608247422681,1,-1,1
2422,1500,286,-2.86763082268496,64.3608247422681,-1,1,-1
2422,500,287,-2.58201544026948,65.3608247422681,1,-1,1
2422,500,288,-2.18088525237782,66.3608247422681,1,1,-1
2422,1500,289,-2.73584647262597,67.3608247422681,-1,1,1
2422,1500,290,-5.27908127494692,68.3608247422681,-1,-1,1
2422,500,291,-3.20465100882292,69.3608247422681,1,-1,-1
2422,500,292,-1.72623505476623,70.3608247422681,1,1,-1
2422,1500,293,-2.95003974916095,71.3608247422681,-1,1,1
2422,1500,294,-7.31482568494621,72.3608247422681,-1,-1,1
2422,1500,295,-8.30134818488313,73.3608247422681,-1,-1,-1
2422,1500,296,-6.32226293102143,74.3608247422681,-1,-1,-1
2422,1500,297,-12.6710269375505,75.3608247422681,-1,-1,-1
2422,1500,298,-12.1808281037259,76.3608247422681,-1,-1,-1
2422,1500,299,-10.0111343194822,77.3608247422681,-1,-1,-1
2422,500,300,-6.37555425012037,78.3608247422681,1,-1,-1
2422,500,301,-3.62525745216033,79.3608247422681,1,1,-1
2422,500,302,-0.432676147307616,80.3608247422681,1,1,1
2422,500,303,0.635063007135944,81.3608247422681,1,1,1
2422,1500,304,-5.41669536514979,82.3608247422681,-1,1,1
2422,1500,305,-3.53094801204381,83.3608247422681,-1,-1,1
2422,500,306,-5.47996440202823,84.3608247422681,1,-1,-1
2422,500,308,-4.87663866531072,86.3608247422681,1,-1,1
2422,500,309,-4.90889583264437,87.3608247422681,1,1,-1
2422,1500,310,-5.79378059376534,88.3608247422681,-1,1,1
2422,500,311,-7.34816937045731,89.3608247422681,1,-1,1
2422,1500,312,-5.59985232142172,90.3608247422681,-1,1,-1
2422,1500,313,-10.3379777786725,91.3608247422681,-1,-1,1
2422,500,314,-6.0068251508014,92.3608247422681,1,-1,-1
2422,1500,316,-10.4897167640706,94.3608247422681,-1,-1,1
2422,500,317,-10.9288419158763,95.3608247422681,1,-1,-1
2422,500,318,-8.29774324122105,96.3608247422681,1,1,-1
2422,500,319,-6.78618025793576,97.3608247422681,1,1,1
2422,1500,320,-7.74837637431515,98.3608247422681,-1,1,1
2422,1500,321,-4.80200750052158,99.3608247422681,-1,-1,1
2422,1500,322,-3.96586504752241,100.360824742268,-1,-1,-1
2422,500,323,-5.78203150822098,101.360824742268,1,-1,-1
2422,500,324,-5.72870032443223,102.360824742268,1,1,-1
2422,1500,325,-4.00245260088205,103.360824742268,-1,1,1
2422,500,326,-5.90565900792867,104.360824742268,1,-1,1
2422,1500,327,-14.0779291245439,105.360824742268,-1,1,-1
2422,1500,328,-11.5595153065976,106.360824742268,-1,-1,1
2422,1500,329,-11.8589993756802,107.360824742268,-1,-1,-1
2422,500,330,-7.42245362439833,108.360824742268,1,-1,-1
2422,1500,331,-10.2598088113501,109.360824742268,-1,1,-1
2422,500,332,-12.292928629824,110.360824742268,1,-1,1
2422,1500,333,-11.5990605422703,111.360824742268,-1,1,-1
2422,1500,334,-9.82677246943189,112.360824742268,-1,-1,1
2422,1500,335,-13.0932203366078,113.360824742268,-1,-1,-1
2422,500,336,-9.78046007717355,114.360824742268,1,-1,-1
2422,500,337,-6.90161696351043,115.360824742268,1,1,-1
2422,500,338,-8.63678627648215,116.360824742268,1,1,1
2422,1500,339,-10.4958194849328,117.360824742268,-1,1,1
2422,1500,340,-9.07132205882912,118.360824742268,-1,-1,1
2422,500,341,-1.78117749654494,119.360824742268,1,-1,-1
2422,1500,342,-5.55501205006072,120.360824742268,-1,1,-1
2422,1500,343,-7.80019953288583,121.360824742268,-1,-1,1
2422,500,344,-7.03398981406685,122.360824742268,1,-1,-1
2422,500,345,-6.2535965192345,123.360824742268,1,1,-1
2422,1500,346,-10.2451228658289,124.360824742268,-1,1,1
2422,500,347,-7.18500563234955,125.360824742268,1,-1,1
2422,500,348,-3.27151766747194,126.360824742268,1,1,-1
2422,1500,349,-6.22479039429667,127.360824742268,-1,1,1
2422,500,350,-4.54726882476476,128.360824742268,1,-1,1
2422,500,351,-3.92040044801288,129.360824742268,1,1,-1
2422,500,352,-1.34287353945982,130.360824742268,1,1,1
2422,500,353,-2.63063671235109,131.360824742268,1,1,1
2422,500,354,-1.74867900400271,132.360824742268,1,1,1
2422,1500,355,-7.87078178942983,133.360824742268,-1,1,1
2422,500,356,-5.3221112477557,134.360824742268,1,-1,1
2422,1500,357,-6.12932937259943,135.360824742268,-1,1,-1
2422,1500,359,-12.095565452334,137.360824742268,-1,-1,-1
2422,1500,360,-12.0058074763749,138.360824742268,-1,-1,-1
2422,500,361,-9.24840821823295,139.360824742268,1,-1,-1
2422,1500,362,-11.1496240744135,140.360824742268,-1,1,-1
2422,1500,363,-7.92230823482155,141.360824742268,-1,-1,1
2422,1500,364,-11.7157578034441,142.360824742268,-1,-1,-1
2422,1500,365,-11.2410448800123,143.360824742268,-1,-1,-1
2422,500,366,-7.28895732719861,144.360824742268,1,-1,-1
2422,1500,367,-4.03769734268406,145.360824742268,-1,1,-1
2422,500,368,-4.6409687980097,146.360824742268,1,-1,1
2422,500,369,2.33908675745574,147.360824742268,1,1,-1
2422,1500,370,-4.43994467633631,148.360824742268,-1,1,1
2422,1500,371,-7.25388293189286,149.360824742268,-1,-1,1
2422,1500,372,-10.7078531856563,150.360824742268,-1,-1,-1
2422,500,373,-3.78164835063758,151.360824742268,1,-1,-1
2422,1500,374,-4.66414679160158,152.360824742268,-1,1,-1
2422,500,375,-2.8302194025745,153.360824742268,1,-1,1
2422,500,376,-5.90267858897036,154.360824742268,1,1,-1
2422,1500,377,-8.20553350989906,155.360824742268,-1,1,1
2422,1500,378,-5.84723418511441,156.360824742268,-1,-1,1
2422,1500,379,-6.18267700870792,157.360824742268,-1,-1,-1
2422,500,380,-7.6843814442981,158.360824742268,1,-1,-1
2422,1500,381,-4.38107769835817,159.360824742268,-1,1,-1
2422,1500,382,-10.586791375425,160.360824742268,-1,-1,1
2422,1500,383,-7.11114613374608,161.360824742268,-1,-1,-1
2422,500,384,-8.68995987128894,162.360824742268,1,-1,-1
2422,500,385,-3.9504328767359,163.360824742268,1,1,-1
2422,500,386,-9.18900977658484,164.360824742268,1,1,1
2422,1500,387,-4.16891745166951,165.360824742268,-1,1,1
2422,500,388,-0.039614283116036,166.360824742268,1,-1,1
2422,500,389,-6.82437204284873,167.360824742268,1,1,-1
2422,500,390,-3.91707814127031,168.360824742268,1,1,1
2422,1500,391,-7.34316546776832,169.360824742268,-1,1,1
2422,1500,392,-8.47290912929001,170.360824742268,-1,-1,1
2422,500,393,-12.0359425463931,171.360824742268,1,-1,-1
2422,1500,394,-4.01033839640667,172.360824742268,-1,1,-1
2422,500,395,-7.09007520618031,173.360824742268,1,-1,1
2422,1500,396,-3.40922089458722,174.360824742268,-1,1,-1
2422,1500,397,-11.6565025634203,175.360824742268,-1,-1,1
2422,500,398,-8.77229746063645,176.360824742268,1,-1,-1
2422,1500,399,-8.83077579494358,177.360824742268,-1,1,-1
2422,1500,401,-11.6644916344175,179.360824742268,-1,-1,-1
2422,500,402,-5.92657973764997,180.360824742268,1,-1,-1
2422,500,403,-8.80396371423575,181.360824742268,1,1,-1
2422,1500,404,-6.34458494678983,182.360824742268,-1,1,1
2422,1500,405,-9.59439052316699,183.360824742268,-1,-1,1
2422,1500,406,-10.0691397202184,184.360824742268,-1,-1,-1
2422,1500,407,-10.4411762576626,185.360824742268,-1,-1,-1
2422,500,408,-5.34454747659166,186.360824742268,1,-1,-1
2422,1500,409,-6.14906629775205,187.360824742268,-1,1,-1
2422,1500,410,-11.3556320180478,188.360824742268,-1,-1,1
2422,500,411,-4.38845457335097,189.360824742268,1,-1,-1
2422,500,412,-9.29916786733555,190.360824742268,1,1,-1
2422,1500,413,-12.3561377647487,191.360824742268,-1,1,1
2422,1500,414,-10.3266958093348,192.360824742268,-1,-1,1
2422,1500,415,-11.2667552212246,193.360824742268,-1,-1,-1
2422,500,416,-11.1831699065158,194.360824742268,1,-1,-1
2422,1500,417,-9.59427804113819,195.360824742268,-1,1,-1
2422,500,418,-9.13092332571505,196.360824742268,1,-1,1
2422,1500,419,-7.09651885323889,197.360824742268,-1,1,-1
2422,500,420,-8.57333944478274,198.360824742268,1,-1,1
2423,500,23,14.8746406841186,-197.807106598985,1,-1,-1
2423,1500,24,-2.27236915458675,-196.807106598985,-1,1,-1
2423,1500,25,-3.16946345296701,-195.807106598985,-1,-1,1
2423,500,26,2.06031450216762,-194.807106598985,1,-1,-1
2423,500,27,2.98852839345097,-193.807106598985,1,1,-1
2423,500,28,3.34054053908518,-192.807106598985,1,1,1
2423,1500,29,3.54971626056145,-191.807106598985,-1,1,1
2423,1500,30,-1.73059996726773,-190.807106598985,-1,-1,1
2423,1500,31,-0.923000406603933,-189.807106598985,-1,-1,-1
2423,1500,32,-0.0454375144847055,-188.807106598985,-1,-1,-1
2423,1500,33,-2.6517829632733,-187.807106598985,-1,-1,-1
2423,1500,34,-5.86837707441397,-186.807106598985,-1,-1,-1
2423,1500,35,-5.92989644645798,-185.807106598985,-1,-1,-1
2423,1500,36,-3.63798566088476,-184.807106598985,-1,-1,-1
2423,1500,37,-3.90086137094326,-183.807106598985,-1,-1,-1
2423,1500,38,-3.97432245633568,-182.807106598985,-1,-1,-1
2423,1500,39,-0.319530825555995,-181.807106598985,-1,-1,-1
2423,500,40,13.5707298071609,-180.807106598985,1,-1,-1
2423,500,41,7.07486354615209,-179.807106598985,1,1,-1
2423,500,42,10.763042133122,-178.807106598985,1,1,1
2423,500,43,14.908942119758,-177.807106598985,1,1,1
2423,500,44,13.5821240679019,-176.807106598985,1,1,1
2423,1500,45,3.55981680356535,-175.807106598985,-1,1,1
2423,1500,46,0.442535413733605,-174.807106598985,-1,-1,1
2423,500,47,5.76859875649244,-173.807106598985,1,-1,-1
2423,1500,48,2.73695481013344,-172.807106598985,-1,1,-1
2423,500,49,5.72021157185703,-171.807106598985,1,-1,1
2423,500,50,13.19679947279,-170.807106598985,1,1,-1
2423,500,51,8.00201039255179,-169.807106598985,1,1,1
2423,500,52,20.6580082373029,-168.807106598985,1,1,1
2423,500,54,4.52206888257612,-166.807106598985,1,-1,1
2423,1500,55,4.79264036206451,-165.807106598985,-1,1,-1
2423,500,56,7.85466588111669,-164.807106598985,1,-1,1
2423,500,57,13.0818698781517,-163.807106598985,1,1,-1
2423,1500,58,7.43875702804913,-162.807106598985,-1,1,1
2423,1500,59,-5.3750406374187,-161.807106598985,-1,-1,1
2423,1500,60,1.39404587912817,-160.807106598985,-1,-1,-1
2423,500,61,5.80834754876924,-159.807106598985,1,-1,-1
2423,500,62,9.40831675822267,-158.807106598985,1,1,-1
2423,1500,63,5.34936535341681,-157.807106598985,-1,1,1
2423,1500,64,3.59202235960877,-156.807106598985,-1,-1,1
2423,500,65,8.73038842248455,-155.807106598985,1,-1,-1
2423,500,66,9.94554010564817,-154.807106598985,1,1,-1
2423,500,67,8.98919573392754,-153.807106598985,1,1,1
2423,1500,68,2.0639245798226,-152.807106598985,-1,1,1
2423,500,69,14.6968111874294,-151.807106598985,1,-1,1
2423,1500,70,2.98822867490852,-150.807106598985,-1,1,-1
2423,1500,71,1.18318781602154,-149.807106598985,-1,-1,1
2423,1500,72,-5.30884054050055,-148.807106598985,-1,-1,-1
2423,1500,73,-6.43996907032158,-147.807106598985,-1,-1,-1
2423,500,74,7.00346347712475,-146.807106598985,1,-1,-1
2423,500,75,8.80283332839046,-145.807106598985,1,1,-1
2423,500,76,12.0082573772971,-144.807106598985,1,1,1
2423,500,77,17.7063262656851,-143.807106598985,1,1,1
2423,500,78,13.519000754934,-142.807106598985,1,1,1
2423,1500,79,5.35499691374361,-141.807106598985,-1,1,1
2423,1500,80,-2.97623552647354,-140.807106598985,-1,-1,1
2423,500,81,15.4250266329522,-139.807106598985,1,-1,-1
2423,500,82,13.091612929487,-138.807106598985,1,1,-1
2423,1500,83,6.08477157429378,-137.807106598985,-1,1,1
2423,1500,84,-2.77369325143752,-136.807106598985,-1,-1,1
2423,1500,85,-1.9155662638793,-135.807106598985,-1,-1,-1
2423,500,86,2.30272537785328,-134.807106598985,1,-1,-1
2423,1500,87,-2.11121443831693,-133.807106598985,-1,1,-1
2423,1500,88,-9.97039565901492,-132.807106598985,-1,-1,1
2423,1500,89,-10.0039278311943,-131.807106598985,-1,-1,-1
2423,1500,90,-10.1558603878072,-130.807106598985,-1,-1,-1
2423,500,91,3.45565882042906,-129.807106598985,1,-1,-1
2423,1500,92,-2.30818287014886,-128.807106598985,-1,1,-1
2423,500,93,-0.551387159657258,-127.807106598985,1,-1,1
2423,1500,94,1.41030672438103,-126.807106598985,-1,1,-1
2423,500,95,6.42881314695338,-125.807106598985,1,-1,1
2423,1500,96,-1.0952666678668,-124.807106598985,-1,1,-1
2423,500,97,5.27300777879722,-123.807106598985,1,-1,1
2423,1500,98,3.33190205513752,-122.807106598985,-1,1,-1
2423,500,99,5.8749726645667,-121.807106598985,1,-1,1
2423,1500,100,6.01646448899636,-120.807106598985,-1,1,-1
2423,500,101,15.2758122430954,-119.807106598985,1,-1,1
2423,1500,102,3.11104089117499,-118.807106598985,-1,1,-1
2423,1500,103,-4.91311237649573,-117.807106598985,-1,-1,1
2423,1500,104,-9.70335307558881,-116.807106598985,-1,-1,-1
2423,1500,105,-7.71905232528051,-115.807106598985,-1,-1,-1
2423,500,106,4.29566017255273,-114.807106598985,1,-1,-1
2423,1500,107,-5.39195236089003,-113.807106598985,-1,1,-1
2423,500,108,1.81668443285887,-112.807106598985,1,-1,1
2423,1500,109,0.0167280318525345,-111.807106598985,-1,1,-1
2423,1500,110,0.862386914824975,-110.807106598985,-1,-1,1
2423,500,111,5.06429466415711,-109.807106598985,1,-1,-1
2423,1500,112,3.93238206280635,-108.807106598985,-1,1,-1
2423,500,113,16.2181773109798,-107.807106598985,1,-1,1
2423,500,114,10.9600234417576,-106.807106598985,1,1,-1
2423,500,115,11.3244358396362,-105.807106598985,1,1,1
2423,500,116,11.3936486122353,-104.807106598985,1,1,1
2423,500,117,12.1433107333853,-103.807106598985,1,1,1
2423,1500,118,4.15573314999149,-102.807106598985,-1,1,1
2423,1500,119,-5.99288885595879,-101.807106598985,-1,-1,1
2423,500,120,9.32194673486015,-100.807106598985,1,-1,-1
2423,500,121,7.53433937523334,-99.8071065989848,1,1,-1
2423,500,122,16.9007516353661,-98.8071065989848,1,1,1
2423,1500,123,1.6383919639919,-97.8071065989848,-1,1,1
2423,500,124,11.1882573186679,-96.8071065989848,1,-1,1
2423,1500,125,-3.6744306169095,-95.8071065989848,-1,1,-1
2423,500,126,3.00212290095383,-94.8071065989848,1,-1,1
2423,500,127,9.17590022934538,-93.8071065989848,1,1,-1
2423,1500,128,-2.27456176576737,-92.8071065989848,-1,1,1
2423,500,129,7.3027712106635,-91.8071065989848,1,-1,1
2423,1500,130,1.16523415238273,-90.8071065989848,-1,1,-1
2423,1500,131,2.18784554766299,-89.8071065989848,-1,-1,1
2423,500,132,1.04686319688007,-88.8071065989848,1,-1,-1
2423,500,133,17.6033837671677,-87.8071065989848,1,1,-1
2423,1500,134,-2.56103906614475,-86.8071065989848,-1,1,1
2423,500,135,6.11173812398388,-85.8071065989848,1,-1,1
2423,1500,136,-1.8036114050296,-84.8071065989848,-1,1,-1
2423,500,137,3.60545198102734,-83.8071065989848,1,-1,1
2423,1500,138,-2.89423877020079,-82.8071065989848,-1,1,-1
2423,500,139,2.96183499288052,-81.8071065989848,1,-1,1
2423,500,140,7.42731102987591,-80.8071065989848,1,1,-1
2423,500,141,8.14558939917828,-79.8071065989848,1,1,1
2423,1500,142,-7.02210127875579,-78.8071065989848,-1,1,1
2423,500,143,0.779167029488672,-77.8071065989848,1,-1,1
2423,500,144,6.35037565791546,-76.8071065989848,1,1,-1
2423,1500,145,-3.77146676494845,-75.8071065989848,-1,1,1
2423,500,146,6.70610207937974,-74.8071065989848,1,-1,1
2423,500,147,7.79372024047222,-73.8071065989848,1,1,-1
2423,1500,148,-3.58847352923763,-72.8071065989848,-1,1,1
2423,500,149,4.01772366900424,-71.8071065989848,1,-1,1
2423,500,150,2.96355260660958,-70.8071065989848,1,1,-1
2423,1500,151,-0.616063837604355,-69.8071065989848,-1,1,1
2423,500,152,11.8392364706523,-68.8071065989848,1,-1,1
2423,1500,153,-1.36658474127161,-67.8071065989848,-1,1,-1
2423,1500,154,-0.194882115175715,-66.8071065989848,-1,-1,1
2423,500,155,8.61288100886542,-65.8071065989848,1,-1,-1
2423,1500,156,-1.58361386205325,-64.8071065989848,-1,1,-1
2423,1500,157,-4.08461036265242,-63.8071065989848,-1,-1,1
2423,1500,158,-12.0850393632408,-62.8071065989848,-1,-1,-1
2423,1500,159,-13.7394094411088,-61.8071065989848,-1,-1,-1
2423,500,160,10.1262350826107,-60.8071065989848,1,-1,-1
2423,1500,161,-0.0572984950366155,-59.8071065989848,-1,1,-1
2423,1500,162,-7.39787606655809,-58.8071065989848,-1,-1,1
2423,500,163,2.94793177301698,-57.8071065989848,1,-1,-1
2423,1500,164,-7.20677915944053,-56.8071065989848,-1,1,-1
2423,1500,165,-7.54831929177969,-55.8071065989848,-1,-1,1
2423,1500,166,-5.72918326693482,-54.8071065989848,-1,-1,-1
2423,1500,167,-12.0052237190242,-53.8071065989848,-1,-1,-1
2423,1500,168,-8.93872234764807,-52.8071065989848,-1,-1,-1
2423,500,169,8.83596486826718,-51.8071065989848,1,-1,-1
2423,1500,170,-6.20737008656905,-50.8071065989848,-1,1,-1
2423,1500,171,-7.23687108946518,-49.8071065989848,-1,-1,1
2423,500,172,-2.81372447244593,-48.8071065989848,1,-1,-1
2423,500,173,6.23205209229729,-47.8071065989848,1,1,-1
2423,500,174,0.622926860761302,-46.8071065989848,1,1,1
2423,1500,175,-9.68227774258955,-45.8071065989848,-1,1,1
2423,500,176,2.18995896496393,-44.8071065989848,1,-1,1
2423,500,177,0.949621696242042,-43.8071065989848,1,1,-1
2423,1500,178,-5.20935459143401,-42.8071065989848,-1,1,1
2423,500,179,2.50165173259659,-41.8071065989848,1,-1,1
2423,500,180,4.0578447250809,-40.8071065989848,1,1,-1
2423,500,181,7.16594753909047,-39.8071065989848,1,1,1
2423,500,182,5.27379666752586,-38.8071065989848,1,1,1
2423,500,183,10.3177937006483,-37.8071065989848,1,1,1
2423,500,184,13.6386251838056,-36.8071065989848,1,1,1
2423,1500,185,4.64402841958506,-35.8071065989848,-1,1,1
2423,500,186,6.77341179376003,-34.8071065989848,1,-1,1
2423,500,187,7.89017257594727,-33.8071065989848,1,1,-1
2423,1500,188,-1.30662204653596,-32.8071065989848,-1,1,1
2423,1500,189,-3.39540727328537,-31.8071065989848,-1,-1,1
2423,500,190,9.80679170212857,-30.8071065989848,1,-1,-1
2423,500,191,9.74460372299617,-29.8071065989848,1,1,-1
2423,1500,192,-2.36256398950349,-28.8071065989848,-1,1,1
2423,500,193,3.55131794708081,-27.8071065989848,1,-1,1
2423,500,194,9.52620367986159,-26.8071065989848,1,1,-1
2423,1500,195,-1.57898246354655,-25.8071065989848,-1,1,1
2423,500,196,5.80748466216489,-24.8071065989848,1,-1,1
2423,1500,197,1.20727618222079,-23.8071065989848,-1,1,-1
2423,500,198,6.53135074300316,-22.8071065989848,1,-1,1
2423,500,199,8.96216276980308,-21.8071065989848,1,1,-1
2423,500,200,9.38917610971827,-20.8071065989848,1,1,1
2423,1500,201,1.17149582897172,-19.8071065989848,-1,1,1
2423,1500,202,-4.36488152322956,-18.8071065989848,-1,-1,1
2423,1500,203,-5.95982874223787,-17.8071065989848,-1,-1,-1
2423,500,204,5.54716846907427,-16.8071065989848,1,-1,-1
2423,1500,205,-4.57193815246304,-15.8071065989848,-1,1,-1
2423,500,206,8.32238507003348,-14.8071065989848,1,-1,1
2423,500,207,10.1315247050479,-13.8071065989848,1,1,-1
2423,1500,208,3.71949722633338,-12.8071065989848,-1,1,1
2423,1500,209,-7.368944663551,-11.8071065989848,-1,-1,1
2423,1500,210,-5.60244810378655,-10.8071065989848,-1,-1,-1
2423,1500,211,-11.2339853617478,-9.80710659898477,-1,-1,-1
2423,500,212,6.30246973696022,-8.80710659898477,1,-1,-1
2423,500,213,8.68893777072004,-7.80710659898477,1,1,-1
2423,1500,214,-5.71543560773027,-6.80710659898477,-1,1,1
2423,1500,215,-4.86013353717387,-5.80710659898477,-1,-1,1
2423,500,216,3.29498552610887,-4.80710659898477,1,-1,-1
2423,500,217,8.91685075083692,-3.80710659898477,1,1,-1
2423,1500,218,-1.12022227868166,-2.80710659898477,-1,1,1
2423,1500,219,-2.50694784471151,-1.80710659898477,-1,-1,1
2423,500,220,3.5987780161185,-0.807106598984774,1,-1,-1
2423,500,221,11.7718610585059,0.192893401015226,1,1,-1
2423,500,222,11.4931495865244,1.19289340101523,1,1,1
2423,500,223,14.4249578895508,2.19289340101523,1,1,1
2423,1500,224,1.46798346535385,3.19289340101523,-1,1,1
2423,500,225,10.7995716142903,4.19289340101523,1,-1,1
2423,500,226,12.2246468730722,5.19289340101523,1,1,-1
2423,1500,227,6.15552593375774,6.19289340101523,-1,1,1
2423,1500,228,-5.98941017657049,7.19289340101523,-1,-1,1
2423,1500,229,-2.76944697805758,8.19289340101523,-1,-1,-1
2423,500,230,5.58959720309719,9.19289340101523,1,-1,-1
2423,500,231,5.88058185165348,10.1928934010152,1,1,-1
2423,500,232,12.322311498021,11.1928934010152,1,1,1
2423,500,233,9.53650129421153,12.1928934010152,1,1,1
2423,500,234,14.5354736314902,13.1928934010152,1,1,1
2423,500,235,9.68458516096408,14.1928934010152,1,1,1
2423,500,236,18.7881760694796,15.1928934010152,1,1,1
2423,1500,237,5.60612248467383,16.1928934010152,-1,1,1
2423,1500,238,9.41614201612509,17.1928934010152,-1,-1,1
2423,1500,239,-8.7434251411052,18.1928934010152,-1,-1,-1
2423,1500,240,-5.6669722231961,19.1928934010152,-1,-1,-1
2423,1500,241,-6.16065825083096,20.1928934010152,-1,-1,-1
2423,500,242,7.55338838037945,21.1928934010152,1,-1,-1
2423,1500,243,-7.01706132812157,22.1928934010152,-1,1,-1
2423,500,244,5.9778122471943,23.1928934010152,1,-1,1
2423,1500,245,-3.77699109654948,24.1928934010152,-1,1,-1
2423,1500,246,-4.2813837062105,25.1928934010152,-1,-1,1
2423,500,247,8.56073172461464,26.1928934010152,1,-1,-1
2423,500,248,13.4806792463983,27.1928934010152,1,1,-1
2423,1500,249,0.0814778448335345,28.1928934010152,-1,1,1
2423,500,250,11.1927503033907,29.1928934010152,1,-1,1
2423,500,251,17.2719869150288,30.1928934010152,1,1,-1
2423,1500,252,4.09741464967741,31.1928934010152,-1,1,1
2423,500,253,12.0449458912729,32.1928934010152,1,-1,1
2423,1500,254,-0.877428932503287,33.1928934010152,-1,1,-1
2423,1500,255,-12.8011514429808,34.1928934010152,-1,-1,1
2423,500,256,13.3865636023395,35.1928934010152,1,-1,-1
2423,500,257,7.98180546788598,36.1928934010152,1,1,-1
2423,1500,258,1.49436381272906,37.1928934010152,-1,1,1
2423,500,259,9.97341048081118,38.1928934010152,1,-1,1
2423,500,260,17.0357219182765,39.1928934010152,1,1,-1
2423,500,261,14.0665986620263,40.1928934010152,1,1,1
2423,1500,262,2.60701660698863,41.1928934010152,-1,1,1
2423,500,263,12.8031360221558,42.1928934010152,1,-1,1
2423,500,264,12.3062624480043,43.1928934010152,1,1,-1
2423,500,265,16.5851037190857,44.1928934010152,1,1,1
2423,1500,266,-7.86277101151937,45.1928934010152,-1,1,1
2423,500,267,-1.19162931094376,46.1928934010152,1,-1,1
2423,500,268,2.380880846792,47.1928934010152,1,1,-1
2423,500,269,0.752839801308012,48.1928934010152,1,1,1
2423,1500,270,-4.20347666900756,49.1928934010152,-1,1,1
2423,1500,271,-4.42076919053845,50.1928934010152,-1,-1,1
2423,500,272,1.31036256611281,51.1928934010152,1,-1,-1
2423,500,273,9.39663744086097,52.1928934010152,1,1,-1
2423,1500,274,-4.52743739046353,53.1928934010152,-1,1,1
2423,1500,275,-5.50002219189693,54.1928934010152,-1,-1,1
2423,500,276,14.8103994684961,55.1928934010152,1,-1,-1
2423,1500,277,-5.53613451300003,56.1928934010152,-1,1,-1
2423,1500,278,-10.4302635446663,57.1928934010152,-1,-1,1
2423,500,279,6.56284446868946,58.1928934010152,1,-1,-1
2423,1500,280,-2.27684763134639,59.1928934010152,-1,1,-1
2423,500,281,4.27760639969704,60.1928934010152,1,-1,1
2423,1500,282,2.29753500135345,61.1928934010152,-1,1,-1
2423,500,283,13.940433865512,62.1928934010152,1,-1,1
2423,1500,284,-7.47997275577256,63.1928934010152,-1,1,-1
2423,500,285,2.00114936253552,64.1928934010152,1,-1,1
2423,1500,286,-3.16110146930166,65.1928934010152,-1,1,-1
2423,500,287,13.4438018961707,66.1928934010152,1,-1,1
2423,500,288,9.98727298418442,67.1928934010152,1,1,-1
2423,500,289,7.26136508901274,68.1928934010152,1,1,1
2423,500,290,11.1152313333235,69.1928934010152,1,1,1
2423,1500,291,-0.718098308208965,70.1928934010152,-1,1,1
2423,500,292,12.9956598748101,71.1928934010152,1,-1,1
2423,1500,293,-5.99359360020198,72.1928934010152,-1,1,-1
2423,500,294,1.1949126081614,73.1928934010152,1,-1,1
2423,1500,295,-9.75211177466399,74.1928934010152,-1,1,-1
2423,1500,296,-10.720453529095,75.1928934010152,-1,-1,1
2423,500,297,5.8631509769462,76.1928934010152,1,-1,-1
2423,1500,298,-0.809105488018045,77.1928934010152,-1,1,-1
2423,1500,299,-13.9081699393394,78.1928934010152,-1,-1,1
2423,1500,300,-14.5575847339326,79.1928934010152,-1,-1,-1
2423,1500,301,-13.178733221655,80.1928934010152,-1,-1,-1
2423,500,302,3.5276353012142,81.1928934010152,1,-1,-1
2423,500,303,5.45985364776894,82.1928934010152,1,1,-1
2423,500,304,5.51730721637504,83.1928934010152,1,1,1
2423,500,305,1.80753408691856,84.1928934010152,1,1,1
2423,500,306,6.23399158415072,85.1928934010152,1,1,1
2423,1500,307,0.316798515916505,86.1928934010152,-1,1,1
2423,1500,308,-8.06741818468597,87.1928934010152,-1,-1,1
2423,1500,309,-5.068034520833,88.1928934010152,-1,-1,-1
2423,500,310,3.40939077681999,89.1928934010152,1,-1,-1
2423,1500,311,-3.16048441038087,90.1928934010152,-1,1,-1
2423,1500,312,-6.19996506859914,91.1928934010152,-1,-1,1
2423,1500,313,-14.0945164603855,92.1928934010152,-1,-1,-1
2423,500,314,3.87454357306782,93.1928934010152,1,-1,-1
2423,500,315,5.47768168246193,94.1928934010152,1,1,-1
2423,500,316,8.06345571939529,95.1928934010152,1,1,1
2423,500,317,12.6686164877018,96.1928934010152,1,1,1
2423,500,318,8.11060597905585,97.1928934010152,1,1,1
2423,500,319,15.2985906366372,98.1928934010152,1,1,1
2423,1500,320,-0.339434484282116,99.1928934010152,-1,1,1
2423,1500,321,-2.91193317503875,100.192893401015,-1,-1,1
2423,500,322,13.7131591374177,101.192893401015,1,-1,-1
2423,1500,323,-9.69069033070966,102.192893401015,-1,1,-1
2423,500,324,3.00143718133551,103.192893401015,1,-1,1
2423,500,325,7.83456992959079,104.192893401015,1,1,-1
2423,500,326,9.852392085313,105.192893401015,1,1,1
2423,1500,327,-6.5184630522068,106.192893401015,-1,1,1
2423,1500,328,3.33812230212265,107.192893401015,-1,-1,1
2423,1500,329,-3.93265469308583,108.192893401015,-1,-1,-1
2423,500,330,3.67601874782459,109.192893401015,1,-1,-1
2423,1500,331,-7.84886082164548,110.192893401015,-1,1,-1
2423,1500,332,-5.12649734600114,111.192893401015,-1,-1,1
2423,1500,333,-8.55745547356422,112.192893401015,-1,-1,-1
2423,1500,334,-4.14013697333578,113.192893401015,-1,-1,-1
2423,1500,335,-9.2076239946097,114.192893401015,-1,-1,-1
2423,1500,336,-12.0586944606804,115.192893401015,-1,-1,-1
2423,1500,337,-12.7518964551182,116.192893401015,-1,-1,-1
2423,500,339,8.0245394682782,118.192893401015,1,-1,-1
2423,1500,340,-11.5848527844333,119.192893401015,-1,1,-1
2423,1500,341,-7.15108644399422,120.192893401015,-1,-1,1
2423,500,342,3.98472512718134,121.192893401015,1,-1,-1
2423,1500,343,-6.89684905763758,122.192893401015,-1,1,-1
2423,500,344,4.26678808156231,123.192893401015,1,-1,1
2423,1500,345,-7.14785972083554,124.192893401015,-1,1,-1
2423,1500,346,-9.57789907889371,125.192893401015,-1,-1,1
2423,500,347,4.53026799204321,126.192893401015,1,-1,-1
2423,1500,348,2.87829773599917,127.192893401015,-1,1,-1
2423,1500,349,0.262824225723805,128.192893401015,-1,-1,1
2423,500,350,5.26472712390954,129.192893401015,1,-1,-1
2423,1500,351,-6.05720806970321,130.192893401015,-1,1,-1
2423,1500,352,-10.543687189838,131.192893401015,-1,-1,1
2423,500,353,-1.35259023429638,132.192893401015,1,-1,-1
2423,1500,354,-13.9007064226188,133.192893401015,-1,1,-1
2423,500,355,0.333853381723912,134.192893401015,1,-1,1
2423,1500,356,-11.100973796135,135.192893401015,-1,1,-1
2423,500,358,2.44839268870436,137.192893401015,1,-1,-1
2423,500,359,4.903976095748,138.192893401015,1,1,-1
2423,1500,360,-6.42011149401035,139.192893401015,-1,1,1
2423,1500,361,-7.4647573110885,140.192893401015,-1,-1,1
2423,500,362,-0.496638981285808,141.192893401015,1,-1,-1
2423,500,363,5.89776731265895,142.192893401015,1,1,-1
2423,1500,364,-6.54116757968299,143.192893401015,-1,1,1
2423,500,365,4.68505037875463,144.192893401015,1,-1,1
2423,1500,366,-5.4940738738139,145.192893401015,-1,1,-1
2423,500,367,7.89322523729851,146.192893401015,1,-1,1
2423,1500,368,-11.6800893030123,147.192893401015,-1,1,-1
2423,500,369,6.22031312822036,148.192893401015,1,-1,1
2423,500,370,4.16820011671704,149.192893401015,1,1,-1
2423,500,371,1.94588163491653,150.192893401015,1,1,1
2423,1500,372,3.38642911997238,151.192893401015,-1,1,1
2423,500,373,5.09850145151896,152.192893401015,1,-1,1
2423,500,374,13.8824180106733,153.192893401015,1,1,-1
2423,500,375,5.6795649718531,154.192893401015,1,1,1
2423,500,376,7.30421962203519,155.192893401015,1,1,1
2423,1500,377,-6.98390484131092,156.192893401015,-1,1,1
2423,1500,378,-11.9852416186024,157.192893401015,-1,-1,1
2423,500,379,4.15747988676157,158.192893401015,1,-1,-1
2423,1500,380,-10.7066683860863,159.192893401015,-1,1,-1
2423,500,381,3.83255760276664,160.192893401015,1,-1,1
2423,1500,382,4.23423974662897,161.192893401015,-1,1,-1
2423,500,383,1.24771312163089,162.192893401015,1,-1,1
2423,1500,384,-3.76038304855362,163.192893401015,-1,1,-1
2423,1500,385,-13.7260807088456,164.192893401015,-1,-1,1
2423,1500,386,-10.6881901294614,165.192893401015,-1,-1,-1
2423,500,387,6.71511395686031,166.192893401015,1,-1,-1
2423,1500,388,-9.00259743525497,167.192893401015,-1,1,-1
2423,500,389,6.09835411674094,168.192893401015,1,-1,1
2423,1500,390,-3.64940762578021,169.192893401015,-1,1,-1
2423,500,391,11.2000920399275,170.192893401015,1,-1,1
2423,500,392,5.90484034710156,171.192893401015,1,1,-1
2423,1500,393,1.32217588986067,172.192893401015,-1,1,1
2423,1500,394,-14.0261368052946,173.192893401015,-1,-1,1
2423,1500,395,-9.61765628194889,174.192893401015,-1,-1,-1
2423,500,396,13.480873147262,175.192893401015,1,-1,-1
2423,1500,397,0.890431649954645,176.192893401015,-1,1,-1
2423,1500,398,-7.30479447783888,177.192893401015,-1,-1,1
2423,500,399,7.74841456572576,178.192893401015,1,-1,-1
2423,500,400,16.9799800537761,179.192893401015,1,1,-1
2423,1500,401,-6.19217231359521,180.192893401015,-1,1,1
2423,1500,402,-11.6187362338474,181.192893401015,-1,-1,1
2423,500,403,7.54436913687554,182.192893401015,1,-1,-1
2423,500,404,8.65165650545561,183.192893401015,1,1,-1
2423,1500,405,-2.59894865457352,184.192893401015,-1,1,1
2423,500,406,8.36567298381785,185.192893401015,1,-1,1
2423,1500,407,-6.37513187093382,186.192893401015,-1,1,-1
2423,500,408,12.0060683990883,187.192893401015,1,-1,1
2423,500,409,7.131518253081,188.192893401015,1,1,-1
2423,1500,410,2.0988775910921,189.192893401015,-1,1,1
2423,1500,412,-8.35604309502946,191.192893401015,-1,-1,-1
2423,500,413,10.1190272659524,192.192893401015,1,-1,-1
2423,1500,414,-7.61742099077559,193.192893401015,-1,1,-1
2423,1500,415,-6.07644763664313,194.192893401015,-1,-1,1
2423,500,416,3.05580626396016,195.192893401015,1,-1,-1
2423,500,417,13.5795745120201,196.192893401015,1,1,-1
2423,500,418,10.4667695096399,197.192893401015,1,1,1
2423,1500,419,-5.08703946242386,198.192893401015,-1,1,1
2423,500,420,1.54687692582844,199.192893401015,1,-1,1
2424,500,23,-14.1226133497047,-194.590551181102,1,-1,-1
2424,500,24,-6.38208719542729,-193.590551181102,1,1,-1
2424,500,25,-3.73487564647845,-192.590551181102,1,1,1
2424,500,26,-1.57918806910077,-191.590551181102,1,1,1
2424,500,27,-1.89495952768215,-190.590551181102,1,1,1
2424,1500,28,-7.27827048903475,-189.590551181102,-1,1,1
2424,1500,29,-17.555633352916,-188.590551181102,-1,-1,1
2424,500,30,-15.9082885388686,-187.590551181102,1,-1,-1
2424,1500,31,-14.3946888641276,-186.590551181102,-1,1,-1
2424,1500,33,-14.9544062223737,-184.590551181102,-1,-1,-1
2424,500,34,-9.72735630621039,-183.590551181102,1,-1,-1
2424,500,35,-8.09890547784049,-182.590551181102,1,1,-1
2424,500,36,-9.08056405967849,-181.590551181102,1,1,1
2424,1500,37,-13.4244038119128,-180.590551181102,-1,1,1
2424,1500,38,-3.61850529346107,-179.590551181102,-1,-1,1
2424,500,39,-14.5524836021424,-178.590551181102,1,-1,-1
2424,500,40,-14.8824948236279,-177.590551181102,1,1,-1
2424,500,41,-16.3175044764907,-176.590551181102,1,1,1
2424,1500,42,-16.4600239118596,-175.590551181102,-1,1,1
2424,1500,43,-21.7139328165666,-174.590551181102,-1,-1,1
2424,1500,44,-18.1222061942663,-173.590551181102,-1,-1,-1
2424,500,45,-16.592383534183,-172.590551181102,1,-1,-1
2424,1500,46,-19.1288593603602,-171.590551181102,-1,1,-1
2424,500,47,-15.3523313050363,-170.590551181102,1,-1,1
2424,1500,48,-15.7683317134875,-169.590551181102,-1,1,-1
2424,1500,49,-15.7911074535557,-168.590551181102,-1,-1,1
2424,500,50,-15.6952710789138,-167.590551181102,1,-1,-1
2424,1500,51,-14.9043726482242,-166.590551181102,-1,1,-1
2424,1500,53,-12.2087256616873,-164.590551181102,-1,-1,-1
2424,500,54,-9.38684006864799,-163.590551181102,1,-1,-1
2424,1500,55,-12.1318192920837,-162.590551181102,-1,1,-1
2424,500,56,-4.69579783210394,-161.590551181102,1,-1,1
2424,500,57,-5.71247777669811,-160.590551181102,1,1,-1
2424,1500,58,-1.7084713338183,-159.590551181102,-1,1,1
2424,1500,59,-2.68665782135389,-158.590551181102,-1,-1,1
2424,500,60,2.2117631982455,-157.590551181102,1,-1,-1
2424,500,61,-5.18668324646399,-156.590551181102,1,1,-1
2424,1500,62,-12.3666323572577,-155.590551181102,-1,1,1
2424,500,63,-9.00778606258599,-154.590551181102,1,-1,1
2424,1500,64,-13.9359637501045,-153.590551181102,-1,1,-1
2424,1500,65,-20.3301882493144,-152.590551181102,-1,-1,1
2424,1500,66,-18.5602887266985,-151.590551181102,-1,-1,-1
2424,1500,67,-15.5770420056551,-150.590551181102,-1,-1,-1
2424,1500,68,-12.0696706725134,-149.590551181102,-1,-1,-1
2424,1500,69,-10.0587105323311,-148.590551181102,-1,-1,-1
2424,500,70,-4.92744201536755,-147.590551181102,1,-1,-1
2424,500,71,-10.2937125256772,-146.590551181102,1,1,-1
2424,1500,72,-15.3399373568446,-145.590551181102,-1,1,1
2424,500,73,-14.8446959530339,-144.590551181102,1,-1,1
2424,500,74,-17.8677900514452,-143.590551181102,1,1,-1
2424,1500,75,-7.59591594536115,-142.590551181102,-1,1,1
2424,500,76,-10.025517947486,-141.590551181102,1,-1,1
2424,1500,77,-8.50543032276765,-140.590551181102,-1,1,-1
2424,500,78,-4.66257625230682,-139.590551181102,1,-1,1
2424,1500,79,-7.13488765815875,-138.590551181102,-1,1,-1
2424,500,80,-9.29129761458349,-137.590551181102,1,-1,1
2424,500,81,-6.45646649576759,-136.590551181102,1,1,-1
2424,1500,82,-17.4317169225959,-135.590551181102,-1,1,1
2424,500,83,-5.01510544309973,-134.590551181102,1,-1,1
2424,500,84,-8.20804008514219,-133.590551181102,1,1,-1
2424,1500,85,-8.08813257257655,-132.590551181102,-1,1,1
2424,500,86,-8.01027644678539,-131.590551181102,1,-1,1
2424,1500,87,-8.83674283997915,-130.590551181102,-1,1,-1
2424,1500,88,-8.15791262361605,-129.590551181102,-1,-1,1
2424,1500,89,-8.88608230417615,-128.590551181102,-1,-1,-1
2424,1500,90,-16.7560581625764,-127.590551181102,-1,-1,-1
2424,1500,91,-9.22588547807005,-126.590551181102,-1,-1,-1
2424,1500,92,-8.67645810268035,-125.590551181102,-1,-1,-1
2424,1500,93,-10.9816105979085,-124.590551181102,-1,-1,-1
2424,1500,94,-13.5056755911435,-123.590551181102,-1,-1,-1
2424,1500,95,-9.13109881370555,-122.590551181102,-1,-1,-1
2424,1500,96,-14.485698506557,-121.590551181102,-1,-1,-1
2424,1500,97,-14.7849483858366,-120.590551181102,-1,-1,-1
2424,500,98,-14.0710703440818,-119.590551181102,1,-1,-1
2424,500,99,-1.18548731445982,-118.590551181102,1,1,-1
2424,1500,100,-7.03758097311645,-117.590551181102,-1,1,1
2424,1500,101,-14.0533983359822,-116.590551181102,-1,-1,1
2424,1500,102,-17.2742447502136,-115.590551181102,-1,-1,-1
2424,1500,103,-13.2826049616354,-114.590551181102,-1,-1,-1
2424,500,104,-8.16286928541739,-113.590551181102,1,-1,-1
2424,500,105,-3.50713066162336,-112.590551181102,1,1,-1
2424,1500,106,-4.53883874589453,-111.590551181102,-1,1,1
2424,1500,107,-7.60917419792105,-110.590551181102,-1,-1,1
2424,1500,108,-8.92995625931155,-109.590551181102,-1,-1,-1
2424,500,109,-7.43548714157579,-108.590551181102,1,-1,-1
2424,500,110,-4.73925664401658,-107.590551181102,1,1,-1
2424,500,111,-7.15942033933559,-106.590551181102,1,1,1
2424,500,112,-10.770381744235,-105.590551181102,1,1,1
2424,1500,113,-7.89532801194575,-104.590551181102,-1,1,1
2424,1500,114,-13.8604096035763,-103.590551181102,-1,-1,1
2424,500,115,-15.6993584944034,-102.590551181102,1,-1,-1
2424,500,116,-13.0267359849592,-101.590551181102,1,1,-1
2424,500,117,-17.4867261917303,-100.590551181102,1,1,1
2424,1500,118,-23.2311891241108,-99.5905511811024,-1,1,1
2424,500,119,-17.2892533362126,-98.5905511811024,1,-1,1
2424,500,120,-13.0263837412165,-97.5905511811024,1,1,-1
2424,500,121,-11.7245988330628,-96.5905511811024,1,1,1
2424,500,122,-13.6435461075805,-95.5905511811024,1,1,1
2424,500,123,-18.9345375735824,-94.5905511811024,1,1,1
2424,1500,124,-21.8928595683437,-93.5905511811024,-1,1,1
2424,1500,125,-21.6652481729407,-92.5905511811024,-1,-1,1
2424,1500,126,-25.25444728223,-91.5905511811024,-1,-1,-1
2424,500,127,-19.2445107101619,-90.5905511811024,1,-1,-1
2424,500,128,-22.4071590258409,-89.5905511811024,1,1,-1
2424,1500,129,-16.3025768030063,-88.5905511811024,-1,1,1
2424,1500,130,-20.6330616768027,-87.5905511811024,-1,-1,1
2424,500,131,-16.5880344138325,-86.5905511811024,1,-1,-1
2424,1500,132,-20.8727650752034,-85.5905511811024,-1,1,-1
2424,1500,133,-25.8186163887882,-84.5905511811024,-1,-1,1
2424,500,134,-22.8482274174742,-83.5905511811024,1,-1,-1
2424,500,135,-17.6681263255487,-82.5905511811024,1,1,-1
2424,1500,136,-21.5539951945252,-81.5905511811024,-1,1,1
2424,1500,137,-23.2094679606054,-80.5905511811024,-1,-1,1
2424,1500,138,-19.551303484561,-79.5905511811024,-1,-1,-1
2424,1500,139,-21.3576317082569,-78.5905511811024,-1,-1,-1
2424,500,140,-14.6168319594354,-77.5905511811024,1,-1,-1
2424,1500,141,-16.6697802412093,-76.5905511811024,-1,1,-1
2424,500,142,-11.3097152036591,-75.5905511811024,1,-1,1
2424,1500,143,-12.4387661875393,-74.5905511811024,-1,1,-1
2424,1500,144,-17.3847405841116,-73.5905511811024,-1,-1,1
2424,500,145,-14.4269199270976,-72.5905511811024,1,-1,-1
2424,500,146,-10.0396092992491,-71.5905511811024,1,1,-1
2424,1500,147,-13.1560126275533,-70.5905511811024,-1,1,1
2424,500,148,-13.19848485869,-69.5905511811024,1,-1,1
2424,500,149,-10.5969240446916,-68.5905511811024,1,1,-1
2424,500,150,-10.1510046175414,-67.5905511811024,1,1,1
2424,500,151,-10.7190850993394,-66.5905511811024,1,1,1
2424,500,152,-7.65649003844109,-65.5905511811024,1,1,1
2424,500,153,-8.42185853909659,-64.5905511811024,1,1,1
2424,500,154,-5.23935090906799,-63.5905511811024,1,1,1
2424,1500,155,-11.5718177435293,-62.5905511811024,-1,1,1
2424,500,156,-11.720865113552,-61.5905511811024,1,-1,1
2424,1500,157,-11.7557192775279,-60.5905511811024,-1,1,-1
2424,1500,158,-16.3738310393174,-59.5905511811024,-1,-1,1
2424,1500,159,-20.1392091174336,-58.5905511811024,-1,-1,-1
2424,1500,160,-21.4765077554773,-57.5905511811024,-1,-1,-1
2424,500,161,-20.7845670703524,-56.5905511811024,1,-1,-1
2424,500,162,-10.5486937365018,-55.5905511811024,1,1,-1
2424,500,163,-11.0341267281917,-54.5905511811024,1,1,1
2424,1500,164,-12.5664803952232,-53.5905511811024,-1,1,1
2424,1500,166,-18.3728609874396,-51.5905511811024,-1,-1,-1
2424,500,167,-13.3609106168982,-50.5905511811024,1,-1,-1
2424,1500,168,-16.0900136510887,-49.5905511811024,-1,1,-1
2424,1500,169,-20.4067041830269,-48.5905511811024,-1,-1,1
2424,500,170,-15.1467362697044,-47.5905511811024,1,-1,-1
2424,1500,171,-14.3954913280709,-46.5905511811024,-1,1,-1
2424,1500,172,-22.1733488575205,-45.5905511811024,-1,-1,1
2424,500,173,-15.7267310614534,-44.5905511811024,1,-1,-1
2424,1500,174,-20.3519447863871,-43.5905511811024,-1,1,-1
2424,500,175,-7.27877632226489,-42.5905511811024,1,-1,1
2424,1500,176,-12.4304651598824,-41.5905511811024,-1,1,-1
2424,1500,177,-16.2059498155237,-40.5905511811024,-1,-1,1
2424,500,178,-9.91866584893749,-39.5905511811024,1,-1,-1
2424,500,180,-9.63097324701699,-37.5905511811024,1,-1,1
2424,1500,181,-11.3356387974015,-36.5905511811024,-1,1,-1
2424,500,182,-13.5123124937983,-35.5905511811024,1,-1,1
2424,1500,183,-12.0651900376203,-34.5905511811024,-1,1,-1
2424,1500,184,-13.2146930575678,-33.5905511811024,-1,-1,1
2424,1500,185,-16.1293968707913,-32.5905511811024,-1,-1,-1
2424,1500,186,-22.3575923759048,-31.5905511811024,-1,-1,-1
2424,500,187,-14.2489223528869,-30.5905511811024,1,-1,-1
2424,500,188,-9.66836572713869,-29.5905511811024,1,1,-1
2424,500,189,-16.2297269166995,-28.5905511811024,1,1,1
2424,1500,190,-18.7331101367245,-27.5905511811024,-1,1,1
2424,500,191,-18.1337662688513,-26.5905511811024,1,-1,1
2424,500,192,-11.7057676210209,-25.5905511811024,1,1,-1
2424,1500,193,-11.0050257777791,-24.5905511811024,-1,1,1
2424,500,194,-13.7010159655685,-23.5905511811024,1,-1,1
2424,500,195,-9.66201818191379,-22.5905511811024,1,1,-1
2424,500,196,-8.48558826135119,-21.5905511811024,1,1,1
2424,1500,197,-12.6401070851335,-20.5905511811024,-1,1,1
2424,500,198,-14.5567108467344,-19.5905511811024,1,-1,1
2424,1500,199,-16.1732456805229,-18.5905511811024,-1,1,-1
2424,500,200,-15.0562895379016,-17.5905511811024,1,-1,1
2424,1500,201,-14.5019383996091,-16.5905511811024,-1,1,-1
2424,500,202,-16.3664976208009,-15.5905511811024,1,-1,1
2424,500,203,-6.43603902337119,-14.5905511811024,1,1,-1
2424,1500,204,-16.88634615499,-13.5905511811024,-1,1,1
2424,500,205,-14.3785194930043,-12.5905511811024,1,-1,1
2424,500,206,-7.60592566471079,-11.5905511811024,1,1,-1
2424,1500,207,-15.3389858297791,-10.5905511811024,-1,1,1
2424,500,208,-11.6002075423508,-9.59055118110237,1,-1,1
2424,500,209,-11.9409325745889,-8.59055118110237,1,1,-1
2424,1500,210,-14.7520860065184,-7.59055118110237,-1,1,1
2424,1500,211,-18.7174140370221,-6.59055118110237,-1,-1,1
2424,500,212,-19.2468971635695,-5.59055118110237,1,-1,-1
2424,500,213,-18.4035842509884,-4.59055118110237,1,1,-1
2424,500,214,-13.9257977580936,-3.59055118110237,1,1,1
2424,1500,215,-18.3460874210995,-2.59055118110237,-1,1,1
2424,1500,216,-21.0842504320083,-1.59055118110237,-1,-1,1
2424,500,217,-13.0026895998621,-0.59055118110237,1,-1,-1
2424,1500,218,-12.3461330750066,0.40944881889763,-1,1,-1
2424,1500,219,-21.5445459489299,1.40944881889763,-1,-1,1
2424,500,220,-17.9137944737135,2.40944881889763,1,-1,-1
2424,1500,221,-19.2443928289297,3.40944881889763,-1,1,-1
2424,1500,222,-20.8841563671236,4.40944881889763,-1,-1,1
2424,500,223,-12.8476816677304,5.40944881889763,1,-1,-1
2424,1500,224,-17.3380718721512,6.40944881889763,-1,1,-1
2424,500,225,-10.6587435958188,7.40944881889763,1,-1,1
2424,1500,226,-15.9344808736071,8.40944881889763,-1,1,-1
2424,500,227,-11.2137571963775,9.40944881889763,1,-1,1
2424,1500,228,-17.7806968231408,10.4094488188976,-1,1,-1
2424,500,229,-14.3536944776065,11.4094488188976,1,-1,1
2424,500,230,-9.29697860278809,12.4094488188976,1,1,-1
2424,500,231,-3.90575213132991,13.4094488188976,1,1,1
2424,500,232,-8.15546240197039,14.4094488188976,1,1,1
2424,1500,233,-15.7070046205169,15.4094488188976,-1,1,1
2424,500,234,-11.3415076641354,16.4094488188976,1,-1,1
2424,500,235,-13.7952727285696,17.4094488188976,1,1,-1
2424,500,236,-7.24080883344359,18.4094488188976,1,1,1
2424,1500,237,-8.75588281132695,19.4094488188976,-1,1,1
2424,500,238,-15.7361726620065,20.4094488188976,1,-1,1
2424,1500,239,-12.901955245508,21.4094488188976,-1,1,-1
2424,500,240,-12.9832951051813,22.4094488188976,1,-1,1
2424,500,241,-7.92015289239269,23.4094488188976,1,1,-1
2424,500,242,-7.88824159558029,24.4094488188976,1,1,1
2424,500,243,-9.72984236111339,25.4094488188976,1,1,1
2424,500,244,-12.3260617272241,26.4094488188976,1,1,1
2424,500,245,-10.7407964870018,27.4094488188976,1,1,1
2424,500,246,-18.3422631369812,28.4094488188976,1,1,1
2424,1500,247,-20.4575768018978,29.4094488188976,-1,1,1
2424,1500,248,-22.7804653631826,30.4094488188976,-1,-1,1
2424,500,249,-18.2953973213723,31.4094488188976,1,-1,-1
2424,1500,250,-16.4238192146179,32.4094488188976,-1,1,-1
2424,500,251,-16.4143315251907,33.4094488188976,1,-1,1
2424,1500,252,-19.2741758074585,34.4094488188976,-1,1,-1
2424,500,253,-16.8260093457213,35.4094488188976,1,-1,1
2424,1500,254,-16.9700715723276,36.4094488188976,-1,1,-1
2424,500,255,-16.2750709287937,37.4094488188976,1,-1,1
2424,1500,256,-21.8544398191158,38.4094488188976,-1,1,-1
2424,1500,257,-23.1392102479886,39.4094488188976,-1,-1,1
2424,500,258,-19.1496972181413,40.4094488188976,1,-1,-1
2424,500,259,-15.6615030785536,41.4094488188976,1,1,-1
2424,1500,260,-19.8982226454596,42.4094488188976,-1,1,1
2424,1500,261,-17.4919331380706,43.4094488188976,-1,-1,1
2424,1500,262,-19.4181899289932,44.4094488188976,-1,-1,-1
2424,500,263,-14.8472839066492,45.4094488188976,1,-1,-1
2424,500,264,-17.2143465536378,46.4094488188976,1,1,-1
2424,500,265,-11.1168545582957,47.4094488188976,1,1,1
2424,1500,266,-14.1594001199397,48.4094488188976,-1,1,1
2424,500,267,-9.72840688547639,49.4094488188976,1,-1,1
2424,500,268,-14.3291781224956,50.4094488188976,1,1,-1
2424,500,269,-15.4393249013855,51.4094488188976,1,1,1
2424,500,270,-20.8929161440636,52.4094488188976,1,1,1
2424,1500,271,-13.8273220801703,53.4094488188976,-1,1,1
2424,1500,272,-19.9648618071109,54.4094488188976,-1,-1,1
2424,500,273,-20.81216649307,55.4094488188976,1,-1,-1
2424,500,275,-20.8362408908416,57.4094488188976,1,-1,1
2424,1500,276,-21.8880151302751,58.4094488188976,-1,1,-1
2424,1500,277,-21.1722093275676,59.4094488188976,-1,-1,1
2424,500,278,-16.5643872756007,60.4094488188976,1,-1,-1
2424,1500,279,-15.7632476040838,61.4094488188976,-1,1,-1
2424,500,280,-19.1598771765537,62.4094488188976,1,-1,1
2424,1500,281,-16.8738217794397,63.4094488188976,-1,1,-1
2424,500,282,-19.1010383081958,64.4094488188976,1,-1,1
2424,500,283,-25.574845117169,65.4094488188976,1,1,-1
2424,500,284,-21.452015610463,66.4094488188976,1,1,1
2424,500,285,-22.1917631460348,67.4094488188976,1,1,1
2424,1500,286,-18.6912659533461,68.4094488188976,-1,1,1
2424,500,287,-15.1668726337966,69.4094488188976,1,-1,1
2424,1500,288,-19.4928397598188,70.4094488188976,-1,1,-1
2424,1500,289,-20.0747663104131,71.4094488188976,-1,-1,1
2424,500,290,-17.0018582576944,72.4094488188976,1,-1,-1
2424,1500,291,-17.6153418302034,73.4094488188976,-1,1,-1
2424,1500,292,-20.5835424047485,74.4094488188976,-1,-1,1
2424,1500,293,-23.9959521251611,75.4094488188976,-1,-1,-1
2424,1500,294,-19.8674692075327,76.4094488188976,-1,-1,-1
2424,1500,295,-20.1379491834868,77.4094488188976,-1,-1,-1
2424,1500,296,-19.3388231275006,78.4094488188976,-1,-1,-1
2424,1500,297,-20.1505327955203,79.4094488188976,-1,-1,-1
2424,500,298,-14.2661303799134,80.4094488188976,1,-1,-1
2424,1500,299,-13.0121773007787,81.4094488188976,-1,1,-1
2424,1500,300,-18.4395516635693,82.4094488188976,-1,-1,1
2424,500,301,-15.8532097200834,83.4094488188976,1,-1,-1
2424,500,302,-8.36084985411209,84.4094488188976,1,1,-1
2424,1500,303,-11.9801681960757,85.4094488188976,-1,1,1
2424,1500,304,-15.6425996505129,86.4094488188976,-1,-1,1
2424,1500,305,-15.6542987770851,87.4094488188976,-1,-1,-1
2424,500,306,-14.7026197072171,88.4094488188976,1,-1,-1
2424,500,307,-5.49030540647991,89.4094488188976,1,1,-1
2424,500,308,-10.7065965463439,90.4094488188976,1,1,1
2424,1500,309,-17.2615931011159,91.4094488188976,-1,1,1
2424,500,310,-11.8442069924796,92.4094488188976,1,-1,1
2424,1500,311,-19.8464774958589,93.4094488188976,-1,1,-1
2424,1500,312,-17.462636260513,94.4094488188976,-1,-1,1
2424,500,313,-12.9817892523989,95.4094488188976,1,-1,-1
2424,1500,314,-20.7320882206931,96.4094488188976,-1,1,-1
2424,1500,315,-20.6009819702225,97.4094488188976,-1,-1,1
2424,1500,316,-17.040470434504,98.4094488188976,-1,-1,-1
2424,500,317,-15.9586888106899,99.4094488188976,1,-1,-1
2424,500,318,-18.8164738526279,100.409448818898,1,1,-1
2424,1500,319,-22.486614795627,101.409448818898,-1,1,1
2424,1500,321,-23.1637803101459,103.409448818898,-1,-1,-1
2424,500,322,-15.0902297743219,104.409448818898,1,-1,-1
2424,1500,323,-20.8992556837213,105.409448818898,-1,1,-1
2424,500,324,-15.2098158092181,106.409448818898,1,-1,1
2424,500,325,-12.4835784407065,107.409448818898,1,1,-1
2424,500,326,-9.62630112392269,108.409448818898,1,1,1
2424,500,327,-9.21344692067769,109.409448818898,1,1,1
2424,1500,328,-18.8883025591699,110.409448818898,-1,1,1
2424,500,329,-18.6396995650931,111.409448818898,1,-1,1
2424,1500,330,-22.5825696657602,112.409448818898,-1,1,-1
2424,500,331,-21.934999741566,113.409448818898,1,-1,1
2424,500,332,-23.4813132789145,114.409448818898,1,1,-1
2424,500,333,-16.3620853768409,115.409448818898,1,1,1
2424,500,334,-17.8725347406626,116.409448818898,1,1,1
2424,500,335,-19.9380678040026,117.409448818898,1,1,1
2424,500,336,-22.4132718917597,118.409448818898,1,1,1
2424,500,337,-20.2253462842499,119.409448818898,1,1,1
2424,500,338,-21.185581320259,120.409448818898,1,1,1
2424,500,339,-25.9028684670558,121.409448818898,1,1,1
2424,500,340,-17.7780686281808,122.409448818898,1,1,1
2424,1500,341,-19.3571152393993,123.409448818898,-1,1,1
2424,1500,342,-20.4951214055415,124.409448818898,-1,-1,1
2424,500,343,-20.2828316473632,125.409448818898,1,-1,-1
2424,500,344,-18.5583272342101,126.409448818898,1,1,-1
2424,500,345,-16.2607024575653,127.409448818898,1,1,1
2424,1500,346,-18.5550868719109,128.409448818898,-1,1,1
2424,1500,347,-19.0523025422894,129.409448818898,-1,-1,1
2424,1500,348,-17.9184496317506,130.409448818898,-1,-1,-1
2424,500,349,-15.4276571754297,131.409448818898,1,-1,-1
2424,500,350,-19.720344730155,132.409448818898,1,1,-1
2424,500,351,-19.1107172255748,133.409448818898,1,1,1
2424,1500,352,-21.2138276451843,134.409448818898,-1,1,1
2424,1500,353,-21.318126934443,135.409448818898,-1,-1,1
2424,500,354,-18.9842186352935,136.409448818898,1,-1,-1
2424,1500,355,-22.9291047159657,137.409448818898,-1,1,-1
2424,500,356,-23.0423209246222,138.409448818898,1,-1,1
2424,1500,357,-18.8745312700793,139.409448818898,-1,1,-1
2424,500,358,-21.1440906328819,140.409448818898,1,-1,1
2424,500,359,-18.5874479034377,141.409448818898,1,1,-1
2424,500,360,-17.8878495479989,142.409448818898,1,1,1
2424,500,361,-15.3373317638115,143.409448818898,1,1,1
2424,500,362,-18.9107378094842,144.409448818898,1,1,1
2424,1500,363,-13.6926030480355,145.409448818898,-1,1,1
2424,1500,364,-25.5227327917748,146.409448818898,-1,-1,1
2424,500,368,-22.8503792000683,150.409448818898,1,-1,-1
2424,500,369,-12.1279503117432,151.409448818898,1,1,-1
2424,1500,370,-17.7069059086453,152.409448818898,-1,1,1
2424,1500,371,-18.8391708250093,153.409448818898,-1,-1,1
2424,500,372,-16.6084956714644,154.409448818898,1,-1,-1
2424,500,373,-15.8574540223583,155.409448818898,1,1,-1
2424,500,374,-13.6603464639878,156.409448818898,1,1,1
2424,1500,375,-20.0968459842484,157.409448818898,-1,1,1
2424,1500,376,-23.3444992758019,158.409448818898,-1,-1,1
2424,500,377,-19.5285150119751,159.409448818898,1,-1,-1
2424,500,378,-17.5985894129724,160.409448818898,1,1,-1
2424,1500,379,-23.9578719959209,161.409448818898,-1,1,1
2424,1500,384,-24.155550029115,166.409448818898,-1,1,1
2424,1500,385,-22.351985018633,167.409448818898,-1,-1,1
2424,500,386,-12.8448874531073,168.409448818898,1,-1,-1
2424,1500,388,-23.1384695927442,170.409448818898,-1,-1,1
2424,1500,389,-24.1402238992659,171.409448818898,-1,-1,-1
2424,1500,390,-24.6086963640764,172.409448818898,-1,-1,-1
2424,500,391,-21.1895872599754,173.409448818898,1,-1,-1
2424,1500,392,-21.7977116036463,174.409448818898,-1,1,-1
2424,500,393,-19.1572118651292,175.409448818898,1,-1,1
2424,500,394,-10.4521018813515,176.409448818898,1,1,-1
2424,500,396,-19.1406636672846,178.409448818898,1,-1,1
2424,1500,397,-17.4164146124794,179.409448818898,-1,1,-1
2424,1500,398,-21.0755032076541,180.409448818898,-1,-1,1
2424,500,399,-19.3409287286632,181.409448818898,1,-1,-1
2424,500,400,-17.0335910595823,182.409448818898,1,1,-1
2424,1500,401,-15.6846108949225,183.409448818898,-1,1,1
2424,1500,402,-18.4829547777705,184.409448818898,-1,-1,1
2424,1500,403,-24.9954891994811,185.409448818898,-1,-1,-1
2424,500,404,-22.8170650620375,186.409448818898,1,-1,-1
2424,1500,405,-13.6250156391163,187.409448818898,-1,1,-1
2424,1500,406,-20.2714591075712,188.409448818898,-1,-1,1
2424,1500,407,-21.0904700937248,189.409448818898,-1,-1,-1
2424,1500,408,-22.0766422777143,190.409448818898,-1,-1,-1
2424,1500,409,-23.3906139315008,191.409448818898,-1,-1,-1
2424,500,411,-20.7367787139858,193.409448818898,1,-1,-1
2424,1500,412,-17.6367448934684,194.409448818898,-1,1,-1
2424,500,413,-17.7623337662934,195.409448818898,1,-1,1
2424,500,414,-15.3032287461564,196.409448818898,1,1,-1
2424,500,415,-17.6903974906354,197.409448818898,1,1,1
2424,500,416,-14.6904414470598,198.409448818898,1,1,1
2424,500,418,-18.9035819071469,200.409448818898,1,-1,1
2424,1500,419,-20.791187535402,201.409448818898,-1,1,-1
2424,500,420,-16.8246645161917,202.409448818898,1,-1,1
2425,500,23,8.65330761908213,-201.659685863874,1,1,1
2425,1500,25,1.72651110455895,-199.659685863874,-1,-1,1
2425,500,27,-1.35469507469876,-197.659685863874,1,-1,-1
2425,1500,29,-0.138368340518248,-195.659685863874,-1,-1,1
2425,1500,30,-1.75435239121232,-194.659685863874,-1,-1,-1
2425,500,31,-3.80335824411304,-193.659685863874,1,-1,-1
2425,1500,32,4.89867536459119,-192.659685863874,-1,1,-1
2425,500,33,0.282662500808673,-191.659685863874,1,-1,1
2425,500,34,4.05753019287684,-190.659685863874,1,1,-1
2425,1500,36,7.74594714623235,-188.659685863874,-1,-1,1
2425,1500,37,1.16284371319324,-187.659685863874,-1,-1,-1
2425,500,38,1.12343394580425,-186.659685863874,1,-1,-1
2425,1500,39,3.96677082809575,-185.659685863874,-1,1,-1
2425,500,40,5.26452447879214,-184.659685863874,1,-1,1
2425,500,41,5.53289793256963,-183.659685863874,1,1,-1
2425,500,42,6.80210146382147,-182.659685863874,1,1,1
2425,1500,43,5.65769236569564,-181.659685863874,-1,1,1
2425,500,44,3.12505262616084,-180.659685863874,1,-1,1
2425,500,45,6.88716309658334,-179.659685863874,1,1,-1
2425,1500,47,-2.45436557433678,-177.659685863874,-1,-1,1
2425,1500,49,-6.37692289022883,-175.659685863874,-1,-1,-1
2425,500,50,-1.73435937261841,-174.659685863874,1,-1,-1
2425,1500,51,-1.53214805031884,-173.659685863874,-1,1,-1
2425,500,52,-2.70458270324641,-172.659685863874,1,-1,1
2425,500,53,-2.50390349563169,-171.659685863874,1,1,-1
2425,500,54,6.24318220717789,-170.659685863874,1,1,1
2425,500,55,7.89758561993639,-169.659685863874,1,1,1
2425,1500,56,3.62274521168189,-168.659685863874,-1,1,1
2425,500,57,2.97077501866272,-167.659685863874,1,-1,1
2425,500,58,7.38787307090759,-166.659685863874,1,1,-1
2425,500,59,10.5188185252653,-165.659685863874,1,1,1
2425,1500,60,9.14191604218214,-164.659685863874,-1,1,1
2425,500,61,3.61134981060844,-163.659685863874,1,-1,1
2425,1500,62,5.5128300159395,-162.659685863874,-1,1,-1
2425,1500,64,-3.45104684597222,-160.659685863874,-1,-1,-1
2425,500,65,-2.12249143945539,-159.659685863874,1,-1,-1
2425,1500,66,3.78836176450462,-158.659685863874,-1,1,-1
2425,500,67,2.52014749640795,-157.659685863874,1,-1,1
2425,500,68,11.014387895001,-156.659685863874,1,1,-1
2425,500,69,8.20768513406788,-155.659685863874,1,1,1
2425,500,70,17.1994782396108,-154.659685863874,1,1,1
2425,1500,71,13.2639923361693,-153.659685863874,-1,1,1
2425,500,72,4.92279804153904,-152.659685863874,1,-1,1
2425,1500,73,7.49481707388341,-151.659685863874,-1,1,-1
2425,1500,74,0.432510836425806,-150.659685863874,-1,-1,1
2425,500,75,-1.01564340634678,-149.659685863874,1,-1,-1
2425,500,76,16.509271677653,-148.659685863874,1,1,-1
2425,500,77,12.9526386716321,-147.659685863874,1,1,1
2425,1500,78,9.40877893439684,-146.659685863874,-1,1,1
2425,500,79,5.96108044153022,-145.659685863874,1,-1,1
2425,1500,80,4.31235530962834,-144.659685863874,-1,1,-1
2425,1500,81,0.529327427220586,-143.659685863874,-1,-1,1
2425,500,82,9.65479712635597,-142.659685863874,1,-1,-1
2425,1500,83,3.39025716192176,-141.659685863874,-1,1,-1
2425,500,84,5.87032793741936,-140.659685863874,1,-1,1
2425,500,85,9.32165529807056,-139.659685863874,1,1,-1
2425,1500,86,4.87559544752786,-138.659685863874,-1,1,1
2425,1500,87,1.79279478484138,-137.659685863874,-1,-1,1
2425,1500,88,-0.226523202791912,-136.659685863874,-1,-1,-1
2425,500,89,2.73324480964337,-135.659685863874,1,-1,-1
2425,500,90,6.87558966994433,-134.659685863874,1,1,-1
2425,500,91,16.7731564763896,-133.659685863874,1,1,1
2425,500,92,13.9009690098177,-132.659685863874,1,1,1
2425,500,93,18.3351722191469,-131.659685863874,1,1,1
2425,1500,94,4.04320556782922,-130.659685863874,-1,1,1
2425,1500,95,-1.57325609689384,-129.659685863874,-1,-1,1
2425,1500,96,1.44377900013475,-128.659685863874,-1,-1,-1
2425,500,97,2.94780908121925,-127.659685863874,1,-1,-1
2425,500,98,12.7390881836646,-126.659685863874,1,1,-1
2425,1500,100,1.79484350092753,-124.659685863874,-1,-1,1
2425,500,101,13.7100822385035,-123.659685863874,1,-1,-1
2425,1500,102,7.58940559486363,-122.659685863874,-1,1,-1
2425,500,103,7.65675711699525,-121.659685863874,1,-1,1
2425,1500,104,6.31478781952548,-120.659685863874,-1,1,-1
2425,500,105,6.76897166577546,-119.659685863874,1,-1,1
2425,1500,106,4.644523015043,-118.659685863874,-1,1,-1
2425,1500,107,3.73535359024897,-117.659685863874,-1,-1,1
2425,1500,108,4.73036957149937,-116.659685863874,-1,-1,-1
2425,1500,109,-5.34287040006003,-115.659685863874,-1,-1,-1
2425,500,110,0.589910216430536,-114.659685863874,1,-1,-1
2425,1500,111,2.77960419478142,-113.659685863874,-1,1,-1
2425,500,112,2.88469337811935,-112.659685863874,1,-1,1
2425,500,113,4.66720893814344,-111.659685863874,1,1,-1
2425,500,114,13.2239714361998,-110.659685863874,1,1,1
2425,1500,115,8.03717210777302,-109.659685863874,-1,1,1
2425,1500,116,6.58268697838293,-108.659685863874,-1,-1,1
2425,500,117,3.94919279811995,-107.659685863874,1,-1,-1
2425,1500,118,2.85028511673388,-106.659685863874,-1,1,-1
2425,1500,119,1.35523301837967,-105.659685863874,-1,-1,1
2425,1500,120,-1.11084154204381,-104.659685863874,-1,-1,-1
2425,1500,121,-5.51046283742845,-103.659685863874,-1,-1,-1
2425,500,122,3.90341968660774,-102.659685863874,1,-1,-1
2425,1500,123,5.1181634936938,-101.659685863874,-1,1,-1
2425,1500,124,2.78450119080921,-100.659685863874,-1,-1,1
2425,1500,125,-2.54924767035527,-99.6596858638744,-1,-1,-1
2425,500,126,4.60017466097225,-98.6596858638744,1,-1,-1
2425,500,127,11.4673575153271,-97.6596858638744,1,1,-1
2425,1500,128,9.00955394823083,-96.6596858638744,-1,1,1
2425,500,129,6.96348109290839,-95.6596858638744,1,-1,1
2425,500,130,12.2138972335616,-94.6596858638744,1,1,-1
2425,1500,131,8.62699808191966,-93.6596858638744,-1,1,1
2425,500,132,6.00967655516647,-92.6596858638744,1,-1,1
2425,500,133,9.7612729649002,-91.6596858638744,1,1,-1
2425,1500,134,6.00963462291399,-90.6596858638744,-1,1,1
2425,500,135,15.0707690918842,-89.6596858638744,1,-1,1
2425,1500,136,9.69341255346514,-88.6596858638744,-1,1,-1
2425,1500,137,1.77479465369011,-87.6596858638744,-1,-1,1
2425,1500,138,-17.5723673722133,-86.6596858638744,-1,-1,-1
2425,500,139,3.85072070855652,-85.6596858638744,1,-1,-1
2425,500,140,16.2113626232642,-84.6596858638744,1,1,-1
2425,1500,141,5.02238350693114,-83.6596858638744,-1,1,1
2425,1500,142,0.170091244056856,-82.6596858638744,-1,-1,1
2425,1500,143,0.644923202258486,-81.6596858638744,-1,-1,-1
2425,1500,145,-6.4547200913862,-79.6596858638744,-1,-1,-1
2425,500,146,-0.907140804518024,-78.6596858638744,1,-1,-1
2425,500,147,7.80414648002869,-77.6596858638744,1,1,-1
2425,500,149,0.763829746493194,-75.6596858638744,1,-1,1
2425,500,150,11.8904532036275,-74.6596858638744,1,1,-1
2425,500,151,10.5489018911167,-73.6596858638744,1,1,1
2425,1500,152,12.8417904939842,-72.6596858638744,-1,1,1
2425,1500,153,-13.7620144240304,-71.6596858638744,-1,-1,1
2425,500,154,-2.23700416039793,-70.6596858638744,1,-1,-1
2425,500,155,4.42610179264218,-69.6596858638744,1,1,-1
2425,500,156,9.16713511790514,-68.6596858638744,1,1,1
2425,1500,157,10.5961896750036,-67.6596858638744,-1,1,1
2425,500,158,5.85940903506901,-66.6596858638744,1,-1,1
2425,500,159,10.4872930482556,-65.6596858638744,1,1,-1
2425,1500,160,10.6159635770375,-64.6596858638744,-1,1,1
2425,500,161,5.77262569646044,-63.6596858638744,1,-1,1
2425,500,162,12.5046529654949,-62.6596858638744,1,1,-1
2425,1500,163,8.47428839390991,-61.6596858638744,-1,1,1
2425,1500,164,3.58858691409566,-60.6596858638744,-1,-1,1
2425,1500,165,0.677045469430306,-59.6596858638744,-1,-1,-1
2425,1500,166,-4.21639663907558,-58.6596858638744,-1,-1,-1
2425,500,167,4.65408705808587,-57.6596858638744,1,-1,-1
2425,500,168,9.94246281325113,-56.6596858638744,1,1,-1
2425,1500,169,4.3259808440698,-55.6596858638744,-1,1,1
2425,1500,170,0.640765721483216,-54.6596858638744,-1,-1,1
2425,500,171,9.18725722415068,-53.6596858638744,1,-1,-1
2425,1500,172,7.95305059329893,-52.6596858638744,-1,1,-1
2425,500,173,2.15974062619887,-51.6596858638744,1,-1,1
2425,500,174,14.2927405126082,-50.6596858638744,1,1,-1
2425,500,175,17.8066124454522,-49.6596858638744,1,1,1
2425,500,176,14.4268154569377,-48.6596858638744,1,1,1
2425,500,177,13.1133891751942,-47.6596858638744,1,1,1
2425,1500,179,5.07107220425719,-45.6596858638744,-1,-1,1
2425,1500,180,-0.334650296165051,-44.6596858638744,-1,-1,-1
2425,500,181,8.44304930809279,-43.6596858638744,1,-1,-1
2425,500,182,13.5478960094176,-42.6596858638744,1,1,-1
2425,500,183,18.3737009570474,-41.6596858638744,1,1,1
2425,1500,184,8.81867471094274,-40.6596858638744,-1,1,1
2425,1500,185,2.6894818511988,-39.6596858638744,-1,-1,1
2425,1500,186,0.792732012134316,-38.6596858638744,-1,-1,-1
2425,1500,187,-1.10755766994233,-37.6596858638744,-1,-1,-1
2425,1500,188,-2.6837914775479,-36.6596858638744,-1,-1,-1
2425,500,189,3.75245619508825,-35.6596858638744,1,-1,-1
2425,1500,190,0.708898717035806,-34.6596858638744,-1,1,-1
2425,1500,191,-0.46487926367447,-33.6596858638744,-1,-1,1
2425,1500,192,2.0306102075241,-32.6596858638744,-1,-1,-1
2425,500,193,2.85700877878374,-31.6596858638744,1,-1,-1
2425,1500,194,6.47433030628628,-30.6596858638744,-1,1,-1
2425,500,195,2.49374272090964,-29.6596858638744,1,-1,1
2425,500,196,8.61632527267766,-28.6596858638744,1,1,-1
2425,1500,197,4.63757209010826,-27.6596858638744,-1,1,1
2425,1500,198,4.70332834253851,-26.6596858638744,-1,-1,1
2425,500,199,8.8360668702314,-25.6596858638744,1,-1,-1
2425,500,200,10.2182726171873,-24.6596858638744,1,1,-1
2425,500,201,14.8825157795678,-23.6596858638744,1,1,1
2425,1500,202,7.13080624217703,-22.6596858638744,-1,1,1
2425,1500,203,4.60078698152841,-21.6596858638744,-1,-1,1
2425,1500,204,3.04505914121726,-20.6596858638744,-1,-1,-1
2425,500,205,8.94931823365756,-19.6596858638744,1,-1,-1
2425,1500,206,7.84818867852461,-18.6596858638744,-1,1,-1
2425,500,207,3.55353053925372,-17.6596858638744,1,-1,1
2425,500,208,13.9134628683488,-16.6596858638744,1,1,-1
2425,500,209,11.4819324879069,-15.6596858638744,1,1,1
2425,500,210,14.3731898342574,-14.6596858638744,1,1,1
2425,1500,211,15.5169913004704,-13.6596858638744,-1,1,1
2425,500,212,10.2902746766559,-12.6596858638744,1,-1,1
2425,1500,213,3.5543673136485,-11.6596858638744,-1,1,-1
2425,1500,214,7.35431698312482,-10.6596858638744,-1,-1,1
2425,1500,215,2.82915807910364,-9.65968586387436,-1,-1,-1
2425,500,216,6.74926322417482,-8.65968586387436,1,-1,-1
2425,500,217,16.3447965433062,-7.65968586387436,1,1,-1
2425,500,218,12.7633256886599,-6.65968586387436,1,1,1
2425,500,219,15.7549530805285,-5.65968586387436,1,1,1
2425,500,220,16.3690146005937,-4.65968586387436,1,1,1
2425,500,221,14.2159685858477,-3.65968586387436,1,1,1
2425,1500,222,12.673397521142,-2.65968586387436,-1,1,1
2425,500,223,7.37781016298939,-1.65968586387436,1,-1,1
2425,500,224,16.9522018067409,-0.659685863874358,1,1,-1
2425,500,225,13.6477552050959,0.340314136125642,1,1,1
2425,1500,226,10.7624008298668,1.34031413612564,-1,1,1
2425,1500,227,6.11605591679986,2.34031413612564,-1,-1,1
2425,1500,228,0.382794853170726,3.34031413612564,-1,-1,-1
2425,500,229,9.10165076935424,4.34031413612564,1,-1,-1
2425,500,230,17.4825978553416,5.34031413612564,1,1,-1
2425,500,231,19.1062197949453,6.34031413612564,1,1,1
2425,1500,232,11.1013019803159,7.34031413612564,-1,1,1
2425,500,233,7.14322082372467,8.34031413612564,1,-1,1
2425,500,234,11.0481621971337,9.34031413612564,1,1,-1
2425,500,235,14.1401773676705,10.3403141361256,1,1,1
2425,1500,236,12.3703722287458,11.3403141361256,-1,1,1
2425,1500,237,-0.957069696950267,12.3403141361256,-1,-1,1
2425,1500,238,4.08027382282867,13.3403141361256,-1,-1,-1
2425,1500,239,3.24793816126918,14.3403141361256,-1,-1,-1
2425,500,240,7.63773555805837,15.3403141361256,1,-1,-1
2425,1500,241,-4.30124204853239,16.3403141361256,-1,1,-1
2425,1500,242,-2.35137929233983,17.3403141361256,-1,-1,1
2425,1500,243,0.644904709354396,18.3403141361256,-1,-1,-1
2425,500,244,6.32996640691619,19.3403141361256,1,-1,-1
2425,500,245,12.4801886560622,20.3403141361256,1,1,-1
2425,1500,246,-2.10741193158992,21.3403141361256,-1,1,1
2425,500,247,10.50424176373,22.3403141361256,1,-1,1
2425,1500,248,4.41061454971659,23.3403141361256,-1,1,-1
2425,1500,249,3.79267441532875,24.3403141361256,-1,-1,1
2425,500,250,11.9309594073576,25.3403141361256,1,-1,-1
2425,500,251,14.4675409540825,26.3403141361256,1,1,-1
2425,1500,252,2.92722919799176,27.3403141361256,-1,1,1
2425,1500,253,-0.182874265973632,28.3403141361256,-1,-1,1
2425,1500,254,7.58786646777515,29.3403141361256,-1,-1,-1
2425,1500,255,0.236945515274486,30.3403141361256,-1,-1,-1
2425,1500,256,3.20703811891652,31.3403141361256,-1,-1,-1
2425,1500,257,-3.90603226678049,32.3403141361256,-1,-1,-1
2425,500,258,3.58539223893832,33.3403141361256,1,-1,-1
2425,1500,259,-2.65404359532555,34.3403141361256,-1,1,-1
2425,500,260,7.02325083724546,35.3403141361256,1,-1,1
2425,1500,261,7.04721425683491,36.3403141361256,-1,1,-1
2425,500,262,5.01859169004989,37.3403141361256,1,-1,1
2425,500,263,10.8853497274217,38.3403141361256,1,1,-1
2425,1500,264,0.604997747112146,39.3403141361256,-1,1,1
2425,500,265,8.66167443281328,40.3403141361256,1,-1,1
2425,500,266,10.0614896032875,41.3403141361256,1,1,-1
2425,500,267,12.2856759692715,42.3403141361256,1,1,1
2425,500,268,13.1927237544218,43.3403141361256,1,1,1
2425,1500,269,-0.111501756885601,44.3403141361256,-1,1,1
2425,1500,270,-3.66537583612114,45.3403141361256,-1,-1,1
2425,500,273,8.68819641479026,48.3403141361256,1,-1,1
2425,1500,275,4.8750899237959,50.3403141361256,-1,-1,1
2425,500,276,6.30264053379774,51.3403141361256,1,-1,-1
2425,500,277,10.9990507292783,52.3403141361256,1,1,-1
2425,500,278,14.5666044699387,53.3403141361256,1,1,1
2425,1500,279,5.70530129888314,54.3403141361256,-1,1,1
2425,500,280,7.35419589965316,55.3403141361256,1,-1,1
2425,1500,281,0.495996907844386,56.3403141361256,-1,1,-1
2425,500,282,12.3641851646712,57.3403141361256,1,-1,1
2425,1500,283,9.00019394179414,58.3403141361256,-1,1,-1
2425,500,284,9.00842908046713,59.3403141361256,1,-1,1
2425,1500,285,7.37434505701292,60.3403141361256,-1,1,-1
2425,500,286,18.5283335173673,61.3403141361256,1,-1,1
2425,500,287,16.7355325218207,62.3403141361256,1,1,-1
2425,1500,288,6.22338803844865,63.3403141361256,-1,1,1
2425,500,289,8.40181961698539,64.3403141361256,1,-1,1
2425,1500,290,4.5643781221084,65.3403141361256,-1,1,-1
2425,500,291,9.22617229242012,66.3403141361256,1,-1,1
2425,1500,292,8.24027373370562,67.3403141361256,-1,1,-1
2425,1500,293,0.146297983861136,68.3403141361256,-1,-1,1
2425,1500,294,-1.89960214719074,69.3403141361256,-1,-1,-1
2425,1500,295,1.84490369189847,70.3403141361256,-1,-1,-1
2425,1500,296,-2.49665634793281,71.3403141361256,-1,-1,-1
2425,500,297,8.76500027832976,72.3403141361256,1,-1,-1
2425,500,298,13.8569772008924,73.3403141361256,1,1,-1
2425,1500,299,10.5188807822551,74.3403141361256,-1,1,1
2425,1500,300,6.06816575304266,75.3403141361256,-1,-1,1
2425,500,301,8.32016733092076,76.3403141361256,1,-1,-1
2425,1500,302,5.96274345596251,77.3403141361256,-1,1,-1
2425,500,303,8.10706681272705,78.3403141361256,1,-1,1
2425,1500,304,4.18578442977151,79.3403141361256,-1,1,-1
2425,500,305,9.34532947893774,80.3403141361256,1,-1,1
2425,500,306,14.8191017892233,81.3403141361256,1,1,-1
2425,500,307,17.7365642566697,82.3403141361256,1,1,1
2425,500,308,10.7700612178922,83.3403141361256,1,1,1
2425,1500,309,6.86654188557683,84.3403141361256,-1,1,1
2425,1500,310,1.56357208534773,85.3403141361256,-1,-1,1
2425,1500,311,3.47068976248608,86.3403141361256,-1,-1,-1
2425,500,312,6.45706530995807,87.3403141361256,1,-1,-1
2425,1500,313,3.82324825000764,88.3403141361256,-1,1,-1
2425,500,314,10.1402306802371,89.3403141361256,1,-1,1
2425,1500,315,6.49700922102045,90.3403141361256,-1,1,-1
2425,1500,316,0.372950362201706,91.3403141361256,-1,-1,1
2425,1500,317,-0.181720963292554,92.3403141361256,-1,-1,-1
2425,500,318,1.69079209903681,93.3403141361256,1,-1,-1
2425,500,319,14.6669034452489,94.3403141361256,1,1,-1
2425,1500,320,2.21127962986518,95.3403141361256,-1,1,1
2425,1500,321,0.924318018273556,96.3403141361256,-1,-1,1
2425,500,322,5.93130405720713,97.3403141361256,1,-1,-1
2425,1500,323,9.17832504240653,98.3403141361256,-1,1,-1
2425,500,324,13.9256397100691,99.3403141361256,1,-1,1
2425,1500,325,5.06453198424267,100.340314136126,-1,1,-1
2425,500,326,8.77565937767103,101.340314136126,1,-1,1
2425,1500,327,7.72077101248037,102.340314136126,-1,1,-1
2425,1500,328,6.08062423445063,103.340314136126,-1,-1,1
2425,500,329,12.8448294523191,104.340314136126,1,-1,-1
2425,1500,330,9.24126295977164,105.340314136126,-1,1,-1
2425,1500,331,-2.59020006757031,106.340314136126,-1,-1,1
2425,500,332,10.596006987426,107.340314136126,1,-1,-1
2425,1500,333,1.77692189782747,108.340314136126,-1,1,-1
2425,1500,335,2.99477470018076,110.340314136126,-1,-1,-1
2425,1500,336,-4.82767122512854,111.340314136126,-1,-1,-1
2425,500,337,5.2933610302843,112.340314136126,1,-1,-1
2425,1500,338,3.8006088501435,113.340314136126,-1,1,-1
2425,500,339,10.9058485559035,114.340314136126,1,-1,1
2425,500,340,8.84932856371595,115.340314136126,1,1,-1
2425,500,341,10.7338381432712,116.340314136126,1,1,1
2425,500,342,13.7929146951949,117.340314136126,1,1,1
2425,500,343,14.7566127002178,118.340314136126,1,1,1
2425,500,344,14.7538480215411,119.340314136126,1,1,1
2425,500,345,21.00898066605,120.340314136126,1,1,1
2425,500,346,9.57551088746975,121.340314136126,1,1,1
2425,500,348,8.94935521344459,123.340314136126,1,-1,1
2425,1500,349,9.26996246979533,124.340314136126,-1,1,-1
2425,1500,350,-0.0460818983117112,125.340314136126,-1,-1,1
2425,500,351,7.06573143037489,126.340314136126,1,-1,-1
2425,1500,352,6.54045695682082,127.340314136126,-1,1,-1
2425,1500,353,-2.55735946076273,128.340314136126,-1,-1,1
2425,1500,354,0.752320211563016,129.340314136126,-1,-1,-1
2425,500,355,4.16494373845155,130.340314136126,1,-1,-1
2425,500,356,11.1849267653783,131.340314136126,1,1,-1
2425,500,357,7.27550898501813,132.340314136126,1,1,1
2425,1500,358,7.55965784479406,133.340314136126,-1,1,1
2425,500,359,6.55273419491389,134.340314136126,1,-1,1
2425,500,360,17.5677377185147,135.340314136126,1,1,-1
2425,1500,361,5.33358190137051,136.340314136126,-1,1,1
2425,500,362,9.36771815884331,137.340314136126,1,-1,1
2425,500,363,16.0550112486938,138.340314136126,1,1,-1
2425,1500,364,6.65835610073953,139.340314136126,-1,1,1
2425,500,365,7.118651621718,140.340314136126,1,-1,1
2425,500,366,14.022883299723,141.340314136126,1,1,-1
2425,500,367,15.6048437177054,142.340314136126,1,1,1
2425,1500,368,7.32409883151455,143.340314136126,-1,1,1
2425,1500,369,3.91115977353652,144.340314136126,-1,-1,1
2425,1500,370,4.05448781567408,145.340314136126,-1,-1,-1
2425,1500,371,5.98040838870589,146.340314136126,-1,-1,-1
2425,1500,372,2.98160165738841,147.340314136126,-1,-1,-1
2425,1500,373,-6.09909433909591,148.340314136126,-1,-1,-1
2425,500,374,2.74101366417997,149.340314136126,1,-1,-1
2425,1500,375,-1.27880992955557,150.340314136126,-1,1,-1
2425,500,376,12.6902945698275,151.340314136126,1,-1,1
2425,500,377,20.9517472881938,152.340314136126,1,1,-1
2425,500,378,20.606355688008,153.340314136126,1,1,1
2425,500,379,14.6965099570987,154.340314136126,1,1,1
2425,500,380,17.4309846585884,155.340314136126,1,1,1
2425,1500,381,1.85695227550123,156.340314136126,-1,1,1
2425,500,382,12.3651570808972,157.340314136126,1,-1,1
2425,1500,383,5.61744483055192,158.340314136126,-1,1,-1
2425,500,384,8.58910037144962,159.340314136126,1,-1,1
2425,500,385,16.8151180104444,160.340314136126,1,1,-1
2425,1500,386,12.2935819365573,161.340314136126,-1,1,1
2425,1500,387,6.05572022975984,162.340314136126,-1,-1,1
2425,500,388,8.06684302526783,163.340314136126,1,-1,-1
2425,1500,389,6.61521394406108,164.340314136126,-1,1,-1
2425,1500,390,4.25661858598255,165.340314136126,-1,-1,1
2425,1500,391,2.09255094616389,166.340314136126,-1,-1,-1
2425,1500,392,-3.46602334172407,167.340314136126,-1,-1,-1
2425,1500,393,-4.34024832800525,168.340314136126,-1,-1,-1
2425,1500,394,-2.44388822485147,169.340314136126,-1,-1,-1
2425,500,395,4.77939497609907,170.340314136126,1,-1,-1
2425,1500,396,-0.305505213130588,171.340314136126,-1,1,-1
2425,1500,397,1.51636529389564,172.340314136126,-1,-1,1
2425,1500,398,1.96301799559047,173.340314136126,-1,-1,-1
2425,500,399,4.58776136850167,174.340314136126,1,-1,-1
2425,500,400,14.7654095817909,175.340314136126,1,1,-1
2425,1500,401,0.0568774459965558,176.340314136126,-1,1,1
2425,500,402,6.62147500012433,177.340314136126,1,-1,1
2425,500,403,8.18156871356651,178.340314136126,1,1,-1
2425,500,404,10.1807043234423,179.340314136126,1,1,1
2425,500,405,5.2495145323273,180.340314136126,1,1,1
2425,500,406,12.7321177359651,181.340314136126,1,1,1
2425,1500,407,10.8964857578513,182.340314136126,-1,1,1
2425,1500,408,-0.958437187992553,183.340314136126,-1,-1,1
2425,500,409,3.45353871993501,184.340314136126,1,-1,-1
2425,1500,410,1.34060864798353,185.340314136126,-1,1,-1
2425,1500,411,-2.48969733204682,186.340314136126,-1,-1,1
2425,1500,412,1.34723727589723,187.340314136126,-1,-1,-1
2425,500,413,3.31533671580273,188.340314136126,1,-1,-1
2425,500,414,8.67958915334175,189.340314136126,1,1,-1
2425,500,415,16.2091246634946,190.340314136126,1,1,1
2425,1500,416,0.0888430278882759,191.340314136126,-1,1,1
2425,500,417,2.95518305253779,192.340314136126,1,-1,1
2425,1500,418,-2.86663585754138,193.340314136126,-1,1,-1
2425,500,419,4.71626786492637,194.340314136126,1,-1,1
2425,500,420,9.01212579050342,195.340314136126,1,1,-1
2426,1500,23,-8.40570694986147,-195.368421052632,-1,-1,-1
2426,1500,24,-15.1727096503221,-194.368421052632,-1,-1,-1
2426,500,25,-11.2722879520045,-193.368421052632,1,-1,-1
2426,500,26,-3.13290062013985,-192.368421052632,1,1,-1
2426,1500,27,-1.86898034616736,-191.368421052632,-1,1,1
2426,500,28,-5.48944143945653,-190.368421052632,1,-1,1
2426,1500,29,-3.47573362125189,-189.368421052632,-1,1,-1
2426,1500,30,-8.71219919964557,-188.368421052632,-1,-1,1
2426,500,31,-10.4860802349215,-187.368421052632,1,-1,-1
2426,1500,32,-9.40777104454687,-186.368421052632,-1,1,-1
2426,1500,33,-7.93664581072557,-185.368421052632,-1,-1,1
2426,1500,34,-10.0539550654765,-184.368421052632,-1,-1,-1
2426,500,35,-9.51836319010404,-183.368421052632,1,-1,-1
2426,1500,36,-9.62943109078557,-182.368421052632,-1,1,-1
2426,1500,37,-12.128200196714,-181.368421052632,-1,-1,1
2426,1500,38,-12.4451875202543,-180.368421052632,-1,-1,-1
2426,1500,39,-12.4352002257059,-179.368421052632,-1,-1,-1
2426,1500,40,-13.2198844333305,-178.368421052632,-1,-1,-1
2426,500,41,-9.95703138729564,-177.368421052632,1,-1,-1
2426,500,42,-5.99738575934726,-176.368421052632,1,1,-1
2426,500,43,-3.05646724615643,-175.368421052632,1,1,1
2426,500,44,-7.30843546614614,-174.368421052632,1,1,1
2426,1500,45,-10.3651900935252,-173.368421052632,-1,1,1
2426,1500,46,-9.75848327028017,-172.368421052632,-1,-1,1
2426,500,47,-8.32152035793574,-171.368421052632,1,-1,-1
2426,500,48,-6.48941111421369,-170.368421052632,1,1,-1
2426,500,49,-7.42260102403204,-169.368421052632,1,1,1
2426,1500,50,-9.91823207771407,-168.368421052632,-1,1,1
2426,1500,51,-11.1169705082081,-167.368421052632,-1,-1,1
2426,1500,52,-10.8335272353229,-166.368421052632,-1,-1,-1
2426,500,53,-3.8755137134813,-165.368421052632,1,-1,-1
2426,1500,54,-12.3866837396986,-164.368421052632,-1,1,-1
2426,1500,55,-13.5623273748899,-163.368421052632,-1,-1,1
2426,500,56,-7.80526069492864,-162.368421052632,1,-1,-1
2426,500,57,-7.70626570955664,-161.368421052632,1,1,-1
2426,500,58,-11.832094779136,-160.368421052632,1,1,1
2426,1500,59,-12.781453083885,-159.368421052632,-1,1,1
2426,500,60,-6.62302816351921,-158.368421052632,1,-1,1
2426,1500,61,-11.3027430052654,-157.368421052632,-1,1,-1
2426,500,62,-8.50167576218384,-156.368421052632,1,-1,1
2426,500,63,-9.37485260977984,-155.368421052632,1,1,-1
2426,500,64,-8.59501112798404,-154.368421052632,1,1,1
2426,500,65,-6.52246340933943,-153.368421052632,1,1,1
2426,1500,66,-9.19011508868667,-152.368421052632,-1,1,1
2426,500,67,-11.0863693142012,-151.368421052632,1,-1,1
2426,1500,68,-10.4281156554409,-150.368421052632,-1,1,-1
2426,1500,69,-10.2570390909074,-149.368421052632,-1,-1,1
2426,500,70,-8.22527229385844,-148.368421052632,1,-1,-1
2426,500,71,-5.81393540660264,-147.368421052632,1,1,-1
2426,1500,72,-11.4254465026084,-146.368421052632,-1,1,1
2426,1500,73,-13.2029889742201,-145.368421052632,-1,-1,1
2426,1500,74,-11.975921157134,-144.368421052632,-1,-1,-1
2426,1500,75,-12.4657085953587,-143.368421052632,-1,-1,-1
2426,500,76,-8.69208727080204,-142.368421052632,1,-1,-1
2426,500,77,-4.48483722964139,-141.368421052632,1,1,-1
2426,500,78,-1.6961592344162,-140.368421052632,1,1,1
2426,1500,79,-10.7633569882376,-139.368421052632,-1,1,1
2426,1500,80,-12.0677605071667,-138.368421052632,-1,-1,1
2426,500,81,-9.83152646414864,-137.368421052632,1,-1,-1
2426,1500,82,-9.62037364822657,-136.368421052632,-1,1,-1
2426,500,83,-4.09097995461574,-135.368421052632,1,-1,1
2426,1500,84,-7.51855748299384,-134.368421052632,-1,1,-1
2426,500,85,-2.74500248186744,-133.368421052632,1,-1,1
2426,1500,86,-8.93756679047527,-132.368421052632,-1,1,-1
2426,500,87,-8.36634831957424,-131.368421052632,1,-1,1
2426,500,88,0.0624050885639238,-130.368421052632,1,1,-1
2426,500,89,-1.96490535844057,-129.368421052632,1,1,1
2426,500,90,-2.3711695284554,-128.368421052632,1,1,1
2426,1500,91,-8.92273502229867,-127.368421052632,-1,1,1
2426,1500,92,-9.38276244575217,-126.368421052632,-1,-1,1
2426,1500,93,-9.63194806161577,-125.368421052632,-1,-1,-1
2426,1500,94,-10.5934009555131,-124.368421052632,-1,-1,-1
2426,1500,95,-8.97413124914227,-123.368421052632,-1,-1,-1
2426,1500,96,-9.47284787419527,-122.368421052632,-1,-1,-1
2426,500,97,-9.31856750541464,-121.368421052632,1,-1,-1
2426,500,98,-2.02995973147781,-120.368421052632,1,1,-1
2426,500,99,-0.755032337575666,-119.368421052632,1,1,1
2426,1500,100,-5.50476579307112,-118.368421052632,-1,1,1
2426,500,101,0.173923478705744,-117.368421052632,1,-1,1
2426,500,102,3.55220060867226,-116.368421052632,1,1,-1
2426,500,103,-3.66512617898816,-115.368421052632,1,1,1
2426,500,104,-0.0936663903336665,-114.368421052632,1,1,1
2426,1500,105,-4.85933629219329,-113.368421052632,-1,1,1
2426,500,106,-1.81658326066488,-112.368421052632,1,-1,1
2426,500,107,-5.48478193999436,-111.368421052632,1,1,-1
2426,500,108,-4.21321820163839,-110.368421052632,1,1,1
2426,1500,109,-7.2373207545919,-109.368421052632,-1,1,1
2426,500,110,-2.77855718319912,-108.368421052632,1,-1,1
2426,500,111,-2.14164486028441,-107.368421052632,1,1,-1
2426,1500,112,-8.09235310384277,-106.368421052632,-1,1,1
2426,1500,113,-9.25223054294597,-105.368421052632,-1,-1,1
2426,1500,114,-9.16474197875137,-104.368421052632,-1,-1,-1
2426,1500,115,-8.58305250905797,-103.368421052632,-1,-1,-1
2426,500,116,-6.93977881906154,-102.368421052632,1,-1,-1
2426,500,117,-9.15869465654494,-101.368421052632,1,1,-1
2426,500,118,-5.22072699433748,-100.368421052632,1,1,1
2426,500,120,-10.5995780824166,-98.3684210526316,1,-1,1
2426,500,121,-6.60993037502178,-97.3684210526316,1,1,-1
2426,500,122,0.323294688110204,-96.3684210526316,1,1,1
2426,1500,123,-5.00373272247987,-95.3684210526316,-1,1,1
2426,500,124,-4.14038114305001,-94.3684210526316,1,-1,1
2426,500,125,-3.84414606988099,-93.3684210526316,1,1,-1
2426,500,126,-5.36331759511536,-92.3684210526316,1,1,1
2426,1500,127,-6.51562566379358,-91.3684210526316,-1,1,1
2426,1500,128,-7.48949293723533,-90.3684210526316,-1,-1,1
2426,500,129,-3.0341434377576,-89.3684210526316,1,-1,-1
2426,1500,130,-5.88046282011472,-88.3684210526316,-1,1,-1
2426,500,131,-4.71697731062516,-87.3684210526316,1,-1,1
2426,500,132,-4.30987499819552,-86.3684210526316,1,1,-1
2426,500,133,-4.56499553749024,-85.3684210526316,1,1,1
2426,1500,134,-5.55118474233828,-84.3684210526316,-1,1,1
2426,500,135,-3.41382781722003,-83.3684210526316,1,-1,1
2426,500,136,-0.271292100520146,-82.3684210526316,1,1,-1
2426,500,137,-3.55899316111411,-81.3684210526316,1,1,1
2426,1500,138,-6.70762422063423,-80.3684210526316,-1,1,1
2426,1500,139,-8.08456004525397,-79.3684210526316,-1,-1,1
2426,1500,140,-11.2585763004833,-78.3684210526316,-1,-1,-1
2426,500,141,-9.82589806079364,-77.3684210526316,1,-1,-1
2426,500,142,-6.99189661900684,-76.3684210526316,1,1,-1
2426,1500,143,-6.02235242370447,-75.3684210526316,-1,1,1
2426,1500,144,-6.27683691374976,-74.3684210526316,-1,-1,1
2426,1500,145,-11.4474516560322,-73.3684210526316,-1,-1,-1
2426,1500,146,-12.3635026464166,-72.3684210526316,-1,-1,-1
2426,1500,147,-13.5128128996239,-71.3684210526316,-1,-1,-1
2426,500,148,-8.17081759295634,-70.3684210526316,1,-1,-1
2426,500,149,-7.45267900004194,-69.3684210526316,1,1,-1
2426,1500,150,-10.350107579066,-68.3684210526316,-1,1,1
2426,500,151,-8.06308059961014,-67.3684210526316,1,-1,1
2426,1500,152,-10.6475663510917,-66.3684210526316,-1,1,-1
2426,500,153,-8.01255252580534,-65.3684210526316,1,-1,1
2426,1500,154,-8.83848341633147,-64.3684210526316,-1,1,-1
2426,1500,155,-13.3869889865481,-63.3684210526316,-1,-1,1
2426,1500,156,-9.64644717875097,-62.3684210526316,-1,-1,-1
2426,500,157,-5.02648669389464,-61.3684210526316,1,-1,-1
2426,500,158,-7.54907092165994,-60.3684210526316,1,1,-1
2426,1500,159,-11.5430247065818,-59.3684210526316,-1,1,1
2426,1500,160,-13.4152352556364,-58.3684210526316,-1,-1,1
2426,500,161,-9.64928287453454,-57.3684210526316,1,-1,-1
2426,500,162,-11.2678217678695,-56.3684210526316,1,1,-1
2426,500,163,-0.984742617651446,-55.3684210526316,1,1,1
2426,500,164,-7.02255365972914,-54.3684210526316,1,1,1
2426,500,165,-7.01833830796734,-53.3684210526316,1,1,1
2426,500,166,-6.27647923379825,-52.3684210526316,1,1,1
2426,500,167,-6.88721749293234,-51.3684210526316,1,1,1
2426,1500,169,-9.66581927023707,-49.3684210526316,-1,-1,1
2426,500,170,-9.64211626604884,-48.3684210526316,1,-1,-1
2426,1500,171,-13.6085608456939,-47.3684210526316,-1,1,-1
2426,500,172,-12.6132329793815,-46.3684210526316,1,-1,1
2426,500,173,-9.87936351074204,-45.3684210526316,1,1,-1
2426,1500,174,-14.5101766167925,-44.3684210526316,-1,1,1
2426,500,175,-11.9452067310333,-43.3684210526316,1,-1,1
2426,500,176,-3.45534810033955,-42.3684210526316,1,1,-1
2426,1500,177,-9.23622760555267,-41.3684210526316,-1,1,1
2426,1500,178,-10.2343903429757,-40.3684210526316,-1,-1,1
2426,500,179,-10.1440226243874,-39.3684210526316,1,-1,-1
2426,1500,180,-13.9237226117146,-38.3684210526316,-1,1,-1
2426,1500,181,-14.0979816842129,-37.3684210526316,-1,-1,1
2426,1500,182,-12.9805222057291,-36.3684210526316,-1,-1,-1
2426,500,183,-7.40203275727854,-35.3684210526316,1,-1,-1
2426,500,184,-5.90712906012589,-34.3684210526316,1,1,-1
2426,1500,185,-5.43335728561035,-33.3684210526316,-1,1,1
2426,1500,186,-7.84992224602087,-32.3684210526316,-1,-1,1
2426,500,187,-5.363225302612,-31.3684210526316,1,-1,-1
2426,500,188,-5.08437727735363,-30.3684210526316,1,1,-1
2426,1500,189,-8.31482077906487,-29.3684210526316,-1,1,1
2426,500,191,-8.44537702903604,-27.3684210526316,1,-1,-1
2426,500,192,-14.2653621833965,-26.3684210526316,1,1,-1
2426,500,193,-8.12527156076634,-25.3684210526316,1,1,1
2426,500,194,-8.38989213493004,-24.3684210526316,1,1,1
2426,1500,195,-9.68373854173257,-23.3684210526316,-1,1,1
2426,500,197,-8.42397278028634,-21.3684210526316,1,-1,-1
2426,500,198,-7.28558439925994,-20.3684210526316,1,1,-1
2426,500,199,-10.4889145647673,-19.3684210526316,1,1,1
2426,500,201,-10.2918507849102,-17.3684210526316,1,-1,1
2426,1500,202,-10.6351555518939,-16.3684210526316,-1,1,-1
2426,500,203,-6.68910792288077,-15.3684210526316,1,-1,1
2426,1500,204,-12.7598626056122,-14.3684210526316,-1,1,-1
2426,1500,205,-12.9490101190357,-13.3684210526316,-1,-1,1
2426,500,206,-2.00966949817786,-12.3684210526316,1,-1,-1
2426,1500,207,-5.82363559867098,-11.3684210526316,-1,1,-1
2426,500,208,1.0417114299384,-10.3684210526316,1,-1,1
2426,1500,209,-3.98672198955018,-9.36842105263159,-1,1,-1
2426,1500,210,-5.21060067370044,-8.36842105263159,-1,-1,1
2426,1500,211,-4.26045608134762,-7.36842105263159,-1,-1,-1
2426,500,212,-4.09059648817359,-6.36842105263159,1,-1,-1
2426,1500,213,-7.68714215228586,-5.36842105263159,-1,1,-1
2426,1500,214,-7.28473856852433,-4.36842105263159,-1,-1,1
2426,500,216,-3.99207520665186,-2.36842105263159,1,-1,-1
2426,500,217,-4.27935778838231,-1.36842105263159,1,1,-1
2426,500,218,0.588094470609504,-0.368421052631589,1,1,1
2426,1500,219,-2.31544059074096,0.631578947368411,-1,1,1
2426,500,220,-3.32230861891396,1.63157894736841,1,-1,1
2426,1500,221,-2.12747724259969,2.63157894736841,-1,1,-1
2426,1500,222,-7.6718598431084,3.63157894736841,-1,-1,1
2426,500,223,-5.33337572441639,4.63157894736841,1,-1,-1
2426,1500,224,-6.30898794919076,5.63157894736841,-1,1,-1
2426,1500,225,-6.70185956621532,6.63157894736841,-1,-1,1
2426,1500,226,-7.11666760681633,7.63157894736841,-1,-1,-1
2426,500,227,-4.72872547624607,8.63157894736841,1,-1,-1
2426,1500,228,-9.49498792039687,9.63157894736841,-1,1,-1
2426,1500,229,-6.13847902434224,10.6315789473684,-1,-1,1
2426,500,230,-4.6927777304145,11.6315789473684,1,-1,-1
2426,1500,231,-5.85157927516412,12.6315789473684,-1,1,-1
2426,1500,232,-6.05828905698943,13.6315789473684,-1,-1,1
2426,500,233,-10.623271468191,14.6315789473684,1,-1,-1
2426,1500,234,-14.2968207318512,15.6315789473684,-1,1,-1
2426,1500,235,-13.6878170048805,16.6315789473684,-1,-1,1
2426,500,236,-13.3487863079051,17.6315789473684,1,-1,-1
2426,500,237,-10.8701023599767,18.6315789473684,1,1,-1
2426,500,238,-12.8432910062903,19.6315789473684,1,1,1
2426,500,239,-7.29519970681774,20.6315789473684,1,1,1
2426,1500,240,-11.1835647326806,21.6315789473684,-1,1,1
2426,500,241,-8.97101399500924,22.6315789473684,1,-1,1
2426,1500,242,-11.3882439327355,23.6315789473684,-1,1,-1
2426,1500,243,-12.5783317509158,24.6315789473684,-1,-1,1
2426,1500,244,-11.1786793886943,25.6315789473684,-1,-1,-1
2426,1500,245,-10.5261737449767,26.6315789473684,-1,-1,-1
2426,500,246,-10.429810517839,27.6315789473684,1,-1,-1
2426,500,247,-8.27905326067134,28.6315789473684,1,1,-1
2426,1500,248,-8.31241768831187,29.6315789473684,-1,1,1
2426,1500,249,-11.9552998164883,30.6315789473684,-1,-1,1
2426,1500,250,-8.56353231122187,31.6315789473684,-1,-1,-1
2426,1500,251,-9.42926561768207,32.6315789473684,-1,-1,-1
2426,1500,252,-5.68805322882155,33.6315789473684,-1,-1,-1
2426,500,253,0.0214164208382437,34.6315789473684,1,-1,-1
2426,500,254,1.82624840451717,35.6315789473684,1,1,-1
2426,1500,255,-5.33773059715404,36.6315789473684,-1,1,1
2426,1500,256,-4.35544731671995,37.6315789473684,-1,-1,1
2426,500,257,-3.61198566574936,38.6315789473684,1,-1,-1
2426,1500,258,-7.415044541792,39.6315789473684,-1,1,-1
2426,500,259,-9.40514344902104,40.6315789473684,1,-1,1
2426,1500,260,-8.66380137257177,41.6315789473684,-1,1,-1
2426,500,261,-8.69630951814294,42.6315789473684,1,-1,1
2426,1500,262,-9.16416177593387,43.6315789473684,-1,1,-1
2426,500,263,-4.7593435342399,44.6315789473684,1,-1,1
2426,1500,264,-8.23161690188877,45.6315789473684,-1,1,-1
2426,500,265,-7.85242024290864,46.6315789473684,1,-1,1
2426,500,266,-10.871689893155,47.6315789473684,1,1,-1
2426,500,268,-1.70447164973956,49.6315789473684,1,-1,1
2426,500,269,-1.56464100298078,50.6315789473684,1,1,-1
2426,500,270,-3.38335925880237,51.6315789473684,1,1,1
2426,1500,271,-8.54871911904847,52.6315789473684,-1,1,1
2426,1500,272,-10.542871250942,53.6315789473684,-1,-1,1
2426,500,273,-12.3722168787217,54.6315789473684,1,-1,-1
2426,500,274,-7.01558156839524,55.6315789473684,1,1,-1
2426,1500,275,-11.6837615113774,56.6315789473684,-1,1,1
2426,500,277,-9.93825030032374,58.6315789473684,1,-1,-1
2426,1500,278,-9.94188783931317,59.6315789473684,-1,1,-1
2426,500,279,-5.50961612452826,60.6315789473684,1,-1,1
2426,1500,280,-8.24812956069297,61.6315789473684,-1,1,-1
2426,500,281,-1.64784765606057,62.6315789473684,1,-1,1
2426,500,282,1.58636218257051,63.6315789473684,1,1,-1
2426,1500,283,-4.76666130057954,64.6315789473684,-1,1,1
2426,1500,284,-7.31735855316479,65.6315789473684,-1,-1,1
2426,1500,285,-8.93767592099967,66.6315789473684,-1,-1,-1
2426,500,286,-3.80554923726094,67.6315789473684,1,-1,-1
2426,1500,287,-7.09884505677088,68.6315789473684,-1,1,-1
2426,1500,288,-9.89139363558337,69.6315789473684,-1,-1,1
2426,500,289,-5.48962908585753,70.6315789473684,1,-1,-1
2426,500,290,-3.14103293547154,71.6315789473684,1,1,-1
2426,1500,292,-6.31256169720247,73.6315789473684,-1,-1,1
2426,500,293,-2.65765949956141,74.6315789473684,1,-1,-1
2426,500,294,-3.55965759385868,75.6315789473684,1,1,-1
2426,1500,295,1.81544540482034,76.6315789473684,-1,1,1
2426,500,296,-6.24653584867114,77.6315789473684,1,-1,1
2426,1500,297,-9.49589341316327,78.6315789473684,-1,1,-1
2426,500,298,-7.32688559383034,79.6315789473684,1,-1,1
2426,1500,299,-8.98151171864417,80.6315789473684,-1,1,-1
2426,1500,300,-5.51001628271316,81.6315789473684,-1,-1,1
2426,500,301,-5.03769714972769,82.6315789473684,1,-1,-1
2426,500,302,-2.52470681874947,83.6315789473684,1,1,-1
2426,1500,303,-6.01539728877084,84.6315789473684,-1,1,1
2426,500,304,-5.54322550633242,85.6315789473684,1,-1,1
2426,500,305,-7.09407393234574,86.6315789473684,1,1,-1
2426,1500,306,-7.60778790118823,87.6315789473684,-1,1,1
2426,1500,307,-6.74136491632666,88.6315789473684,-1,-1,1
2426,1500,308,-12.3096601425817,89.6315789473684,-1,-1,-1
2426,1500,309,-15.508022106913,90.6315789473684,-1,-1,-1
2426,1500,310,-15.7710745456306,91.6315789473684,-1,-1,-1
2426,1500,311,-14.9826631877247,92.6315789473684,-1,-1,-1
2426,1500,312,-17.4163908395484,93.6315789473684,-1,-1,-1
2426,500,313,-6.02018262511398,94.6315789473684,1,-1,-1
2426,1500,314,-8.98497412703097,95.6315789473684,-1,1,-1
2426,1500,315,-11.1122457313231,96.6315789473684,-1,-1,1
2426,500,316,-7.68773961366354,97.6315789473684,1,-1,-1
2426,1500,318,-12.6717190688258,99.6315789473684,-1,-1,1
2426,500,319,-10.6698349597194,100.631578947368,1,-1,-1
2426,1500,320,-10.9082717226097,101.631578947368,-1,1,-1
2426,500,321,-8.64623728168634,102.631578947368,1,-1,1
2426,1500,322,-11.5782145241364,103.631578947368,-1,1,-1
2426,1500,323,-14.472384671185,104.631578947368,-1,-1,1
2426,500,324,-11.2536717705953,105.631578947368,1,-1,-1
2426,500,325,-10.6784596556553,106.631578947368,1,1,-1
2426,1500,326,-13.5157990264746,107.631578947368,-1,1,1
2426,500,327,-13.370216151485,108.631578947368,1,-1,1
2426,500,328,-9.26588734582514,109.631578947368,1,1,-1
2426,500,329,-10.1042048659206,110.631578947368,1,1,1
2426,500,332,-8.31743692385534,113.631578947368,1,1,-1
2426,1500,333,-11.758325483456,114.631578947368,-1,1,1
2426,500,334,-9.54458354244444,115.631578947368,1,-1,1
2426,500,335,-9.06432074040584,116.631578947368,1,1,-1
2426,500,337,-11.8410631169244,118.631578947368,1,-1,1
2426,500,338,-9.54060505052834,119.631578947368,1,1,-1
2426,500,339,-2.56059998150198,120.631578947368,1,1,1
2426,1500,340,-9.85294362332107,121.631578947368,-1,1,1
2426,1500,341,-13.7362627742605,122.631578947368,-1,-1,1
2426,1500,342,-11.9848389338991,123.631578947368,-1,-1,-1
2426,500,343,-10.729351472021,124.631578947368,1,-1,-1
2426,500,344,-7.99904494178204,125.631578947368,1,1,-1
2426,500,345,-10.3831128855109,126.631578947368,1,1,1
2426,500,346,-10.0932835640165,127.631578947368,1,1,1
2426,500,347,-7.79155110934734,128.631578947368,1,1,1
2426,500,348,-10.8149541200323,129.631578947368,1,1,1
2426,1500,349,-12.5373269971519,130.631578947368,-1,1,1
2426,1500,350,-13.6366503405168,131.631578947368,-1,-1,1
2426,500,352,3.21508821407888,133.631578947368,1,-1,-1
2426,500,353,-1.38177039781745,134.631578947368,1,1,-1
2426,500,355,-2.82486922132742,136.631578947368,1,-1,1
2426,1500,356,-1.24478530025146,137.631578947368,-1,1,-1
2426,500,357,-6.56458000919837,138.631578947368,1,-1,1
2426,1500,358,-3.57482029472441,139.631578947368,-1,1,-1
2426,500,359,-3.05453925561653,140.631578947368,1,-1,1
2426,500,360,-1.41501563177854,141.631578947368,1,1,-1
2426,500,361,-1.61262674913728,142.631578947368,1,1,1
2426,1500,362,-6.68097473755416,143.631578947368,-1,1,1
2426,1500,363,-8.40529345036567,144.631578947368,-1,-1,1
2426,500,364,-4.6238687148757,145.631578947368,1,-1,-1
2426,500,365,-5.82548726230553,146.631578947368,1,1,-1
2426,500,366,-2.99282022588119,147.631578947368,1,1,1
2426,1500,367,-8.49379360453317,148.631578947368,-1,1,1
2426,1500,368,-9.85025366164777,149.631578947368,-1,-1,1
2426,500,369,-1.61324468140093,150.631578947368,1,-1,-1
2426,1500,370,-12.3144425610412,151.631578947368,-1,1,-1
2426,1500,371,-9.37165099271027,152.631578947368,-1,-1,1
2426,500,372,-7.09601408713024,153.631578947368,1,-1,-1
2426,500,373,-5.35096524021305,154.631578947368,1,1,-1
2426,1500,374,-4.21799679213523,155.631578947368,-1,1,1
2426,500,375,-2.36165501970468,156.631578947368,1,-1,1
2426,1500,376,-9.52405414033737,157.631578947368,-1,1,-1
2426,500,377,-5.16560961151422,158.631578947368,1,-1,1
2426,1500,378,-10.918002896076,159.631578947368,-1,1,-1
2426,1500,379,-9.91719565177357,160.631578947368,-1,-1,1
2426,500,380,-8.50667064685954,161.631578947368,1,-1,-1
2426,500,381,-2.53016487494282,162.631578947368,1,1,-1
2426,1500,382,0.542527991743098,163.631578947368,-1,1,1
2426,1500,383,-7.09365275156679,164.631578947368,-1,-1,1
2426,500,384,-4.50920236192734,165.631578947368,1,-1,-1
2426,1500,385,-10.852740516562,166.631578947368,-1,1,-1
2426,500,386,-8.31864586939344,167.631578947368,1,-1,1
2426,1500,387,-7.66023802239636,168.631578947368,-1,1,-1
2426,500,388,-8.15432558883964,169.631578947368,1,-1,1
2426,500,389,-3.68116349096724,170.631578947368,1,1,-1
2426,1500,390,-8.11768280106147,171.631578947368,-1,1,1
2426,500,391,-6.15360980497659,172.631578947368,1,-1,1
2426,500,392,-3.24967467432687,173.631578947368,1,1,-1
2426,500,393,-4.45393936564236,174.631578947368,1,1,1
2426,1500,394,-6.50851645454889,175.631578947368,-1,1,1
2426,1500,395,-14.3386325002215,176.631578947368,-1,-1,1
2426,1500,396,-10.7297664725352,177.631578947368,-1,-1,-1
2426,1500,397,-16.1171232502749,178.631578947368,-1,-1,-1
2426,1500,398,-21.8911325735191,179.631578947368,-1,-1,-1
2426,1500,399,-6.98053852120925,180.631578947368,-1,-1,-1
2426,500,400,3.70897888865779,181.631578947368,1,-1,-1
2426,500,401,-9.57028461197224,182.631578947368,1,1,-1
2426,1500,402,-13.8461830197673,183.631578947368,-1,1,1
2426,500,403,-6.14886855020208,184.631578947368,1,-1,1
2426,500,404,-16.3432697638186,185.631578947368,1,1,-1
2426,1500,405,-15.4131389723138,186.631578947368,-1,1,1
2426,500,406,-13.5852903654279,187.631578947368,1,-1,1
2426,500,408,-11.0840515367213,189.631578947368,1,-1,1
2426,500,409,-5.44640095831147,190.631578947368,1,1,-1
2426,500,410,-3.59917401368397,191.631578947368,1,1,1
2426,1500,412,-12.4264831463306,193.631578947368,-1,-1,1
2426,1500,413,-11.1769510526567,194.631578947368,-1,-1,-1
2426,500,414,-7.68271459090274,195.631578947368,1,-1,-1
2426,500,415,-7.03290577301794,196.631578947368,1,1,-1
2426,500,416,-11.9615608412487,197.631578947368,1,1,1
2426,1500,417,-13.8482434541944,198.631578947368,-1,1,1
2426,1500,419,-6.75946136514392,200.631578947368,-1,-1,-1
2426,500,420,-5.65745690674694,201.631578947368,1,-1,-1
2427,500,23,12.7724424657755,-200.139841688654,1,1,1
2427,500,24,9.05469091389475,-199.139841688654,1,1,1
2427,500,25,12.1346480680166,-198.139841688654,1,1,1
2427,500,26,12.2819185748621,-197.139841688654,1,1,1
2427,500,28,9.66873773576395,-195.139841688654,1,-1,1
2427,500,29,12.7331543515077,-194.139841688654,1,1,-1
2427,500,30,13.2658409308293,-193.139841688654,1,1,1
2427,500,31,10.6760386118931,-192.139841688654,1,1,1
2427,500,32,13.2784111703414,-191.139841688654,1,1,1
2427,500,33,16.2741715455432,-190.139841688654,1,1,1
2427,500,34,14.6815675590301,-189.139841688654,1,1,1
2427,500,35,11.5102075649019,-188.139841688654,1,1,1
2427,500,36,15.6706160334488,-187.139841688654,1,1,1
2427,1500,37,15.1012775089693,-186.139841688654,-1,1,1
2427,1500,38,11.3747895257253,-185.139841688654,-1,-1,1
2427,500,39,11.7612294070682,-184.139841688654,1,-1,-1
2427,500,40,7.20063858824818,-183.139841688654,1,1,-1
2427,500,42,10.5209771116803,-181.139841688654,1,-1,1
2427,1500,44,6.74769401652037,-179.139841688654,-1,-1,1
2427,1500,45,5.01947653334965,-178.139841688654,-1,-1,-1
2427,1500,46,0.431730322103581,-177.139841688654,-1,-1,-1
2427,1500,47,9.03344222771304,-176.139841688654,-1,-1,-1
2427,1500,48,-2.72130699073098,-175.139841688654,-1,-1,-1
2427,500,49,0.272558087735311,-174.139841688654,1,-1,-1
2427,500,50,4.67940017084854,-173.139841688654,1,1,-1
2427,1500,51,12.3206157992332,-172.139841688654,-1,1,1
2427,1500,52,2.36824645442618,-171.139841688654,-1,-1,1
2427,500,53,-2.79580365737653,-170.139841688654,1,-1,-1
2427,500,54,7.35832957730088,-169.139841688654,1,1,-1
2427,500,55,11.3305591375583,-168.139841688654,1,1,1
2427,500,56,6.52779435408818,-167.139841688654,1,1,1
2427,1500,59,2.05058470365724,-164.139841688654,-1,1,-1
2427,1500,60,-0.0227452268024821,-163.139841688654,-1,-1,1
2427,500,61,-1.76771670648745,-162.139841688654,1,-1,-1
2427,500,62,7.56351326576777,-161.139841688654,1,1,-1
2427,500,63,11.297455376025,-160.139841688654,1,1,1
2427,1500,64,11.3754474665789,-159.139841688654,-1,1,1
2427,500,65,4.98875695198557,-158.139841688654,1,-1,1
2427,1500,66,9.59747242645682,-157.139841688654,-1,1,-1
2427,1500,67,5.30128086030494,-156.139841688654,-1,-1,1
2427,500,68,0.451576145693671,-155.139841688654,1,-1,-1
2427,500,69,5.75084923769353,-154.139841688654,1,1,-1
2427,1500,70,10.5920990741994,-153.139841688654,-1,1,1
2427,500,71,6.60229329158982,-152.139841688654,1,-1,1
2427,1500,72,8.40000317589771,-151.139841688654,-1,1,-1
2427,500,73,2.22253333372767,-150.139841688654,1,-1,1
2427,500,74,7.70356522022738,-149.139841688654,1,1,-1
2427,500,75,10.5421911363201,-148.139841688654,1,1,1
2427,500,77,6.42982068773585,-146.139841688654,1,-1,1
2427,1500,78,8.11748789031209,-145.139841688654,-1,1,-1
2427,500,79,5.79849244509515,-144.139841688654,1,-1,1
2427,1500,80,7.64665942874288,-143.139841688654,-1,1,-1
2427,1500,81,5.15524260917498,-142.139841688654,-1,-1,1
2427,1500,82,2.59508854143426,-141.139841688654,-1,-1,-1
2427,500,83,1.20248760735438,-140.139841688654,1,-1,-1
2427,1500,84,8.50082220490167,-139.139841688654,-1,1,-1
2427,1500,85,2.76486979169263,-138.139841688654,-1,-1,1
2427,1500,86,2.25560610694116,-137.139841688654,-1,-1,-1
2427,1500,87,-0.0778272484157412,-136.139841688654,-1,-1,-1
2427,500,88,-0.515734482291119,-135.139841688654,1,-1,-1
2427,1500,89,3.8451615627116,-134.139841688654,-1,1,-1
2427,500,90,5.91189058986578,-133.139841688654,1,-1,1
2427,500,91,4.56677787100016,-132.139841688654,1,1,-1
2427,500,93,2.84602007626674,-130.139841688654,1,-1,1
2427,500,94,9.21582266542665,-129.139841688654,1,1,-1
2427,1500,95,3.70700098696871,-128.139841688654,-1,1,1
2427,500,96,3.34639784944992,-127.139841688654,1,-1,1
2427,1500,97,3.26692276771835,-126.139841688654,-1,1,-1
2427,1500,98,-3.58425545899188,-125.139841688654,-1,-1,1
2427,1500,99,2.68163966636011,-124.139841688654,-1,-1,-1
2427,1500,100,1.64991649471514,-123.139841688654,-1,-1,-1
2427,500,101,8.22797711712167,-122.139841688654,1,-1,-1
2427,500,102,11.8347159297525,-121.139841688654,1,1,-1
2427,1500,103,4.06257820132128,-120.139841688654,-1,1,1
2427,1500,104,3.32039933954315,-119.139841688654,-1,-1,1
2427,500,105,4.63759219650007,-118.139841688654,1,-1,-1
2427,500,106,6.59382324113472,-117.139841688654,1,1,-1
2427,1500,107,7.28319726535338,-116.139841688654,-1,1,1
2427,500,108,5.0040186414518,-115.139841688654,1,-1,1
2427,500,109,7.39042844894316,-114.139841688654,1,1,-1
2427,500,110,9.77949891273205,-113.139841688654,1,1,1
2427,500,111,8.60798960787905,-112.139841688654,1,1,1
2427,1500,112,8.52321770385646,-111.139841688654,-1,1,1
2427,1500,113,4.67189298978882,-110.139841688654,-1,-1,1
2427,1500,114,0.0711301459331308,-109.139841688654,-1,-1,-1
2427,500,115,2.2485815877649,-108.139841688654,1,-1,-1
2427,1500,116,5.89004645040095,-107.139841688654,-1,1,-1
2427,500,117,3.31421217823376,-106.139841688654,1,-1,1
2427,500,118,6.00098525231336,-105.139841688654,1,1,-1
2427,500,120,0.557268271353421,-103.139841688654,1,-1,1
2427,500,122,0.594137991564701,-101.139841688654,1,-1,1
2427,500,123,7.80513540756701,-100.139841688654,1,1,-1
2427,1500,124,8.32400457839642,-99.1398416886543,-1,1,1
2427,500,125,7.93971245669744,-98.1398416886543,1,-1,1
2427,500,126,10.7453805763153,-97.1398416886543,1,1,-1
2427,500,127,11.6783528461514,-96.1398416886543,1,1,1
2427,1500,128,6.67640210737178,-95.1398416886543,-1,1,1
2427,1500,129,1.11230019124968,-94.1398416886543,-1,-1,1
2427,1500,130,-0.837458139000202,-93.1398416886543,-1,-1,-1
2427,500,131,5.28243632981659,-92.1398416886543,1,-1,-1
2427,500,132,12.6399009437537,-91.1398416886543,1,1,-1
2427,500,133,1.50619632798664,-90.1398416886543,1,1,1
2427,500,134,10.0788103500795,-89.1398416886543,1,1,1
2427,500,135,6.36042861328855,-88.1398416886543,1,1,1
2427,500,136,12.6680476453659,-87.1398416886543,1,1,1
2427,1500,137,6.32700581686009,-86.1398416886543,-1,1,1
2427,500,138,8.83070220693975,-85.1398416886543,1,-1,1
2427,500,139,5.90371043204031,-84.1398416886543,1,1,-1
2427,500,140,6.67156646401333,-83.1398416886543,1,1,1
2427,1500,141,6.02849464998168,-82.1398416886543,-1,1,1
2427,1500,142,2.73036148598308,-81.1398416886543,-1,-1,1
2427,1500,143,0.883425029589191,-80.1398416886543,-1,-1,-1
2427,1500,144,7.1940025424011,-79.1398416886543,-1,-1,-1
2427,500,145,3.57298092689906,-78.1398416886543,1,-1,-1
2427,1500,146,5.27261574155889,-77.1398416886543,-1,1,-1
2427,500,147,7.39245230396411,-76.1398416886543,1,-1,1
2427,1500,148,11.0389388766715,-75.1398416886543,-1,1,-1
2427,500,149,5.76057757032677,-74.1398416886543,1,-1,1
2427,500,150,9.25727332859775,-73.1398416886543,1,1,-1
2427,500,151,14.4008523896855,-72.1398416886543,1,1,1
2427,1500,152,2.157619817159,-71.1398416886543,-1,1,1
2427,1500,153,3.00797280626603,-70.1398416886543,-1,-1,1
2427,1500,154,5.75130976309661,-69.1398416886543,-1,-1,-1
2427,500,155,5.25515027033001,-68.1398416886543,1,-1,-1
2427,1500,156,2.76563400702157,-67.1398416886543,-1,1,-1
2427,1500,157,1.07163192244597,-66.1398416886543,-1,-1,1
2427,500,158,6.26518097360612,-65.1398416886543,1,-1,-1
2427,1500,159,3.89524699119659,-64.1398416886543,-1,1,-1
2427,500,160,4.77462948741503,-63.1398416886543,1,-1,1
2427,1500,161,3.58267283072923,-62.1398416886543,-1,1,-1
2427,1500,162,4.78219949610807,-61.1398416886543,-1,-1,1
2427,1500,163,3.52858133300629,-60.1398416886543,-1,-1,-1
2427,500,164,0.713834495251751,-59.1398416886543,1,-1,-1
2427,1500,165,-0.265216235773819,-58.1398416886543,-1,1,-1
2427,1500,166,1.89268034387941,-57.1398416886543,-1,-1,1
2427,500,167,9.72456303789845,-56.1398416886543,1,-1,-1
2427,500,168,6.85510616698967,-55.1398416886543,1,1,-1
2427,500,169,6.8000025380604,-54.1398416886543,1,1,1
2427,1500,170,4.92214108455098,-53.1398416886543,-1,1,1
2427,500,171,7.72814289736835,-52.1398416886543,1,-1,1
2427,500,172,8.76667549816075,-51.1398416886543,1,1,-1
2427,500,174,9.86271090935375,-49.1398416886543,1,-1,1
2427,1500,175,9.0269437548497,-48.1398416886543,-1,1,-1
2427,500,177,8.94341272223085,-46.1398416886543,1,1,-1
2427,500,178,3.96654641336279,-45.1398416886543,1,1,1
2427,500,179,5.14419760668186,-44.1398416886543,1,1,1
2427,1500,180,6.70293993405542,-43.1398416886543,-1,1,1
2427,1500,181,2.9769691724023,-42.1398416886543,-1,-1,1
2427,500,182,3.78208657802894,-41.1398416886543,1,-1,-1
2427,1500,183,9.20890581426172,-40.1398416886543,-1,1,-1
2427,1500,184,4.45112320639846,-39.1398416886543,-1,-1,1
2427,1500,185,4.94843924693668,-38.1398416886543,-1,-1,-1
2427,500,186,2.61894972548926,-37.1398416886543,1,-1,-1
2427,500,187,5.02232657100468,-36.1398416886543,1,1,-1
2427,500,188,4.83387895661293,-35.1398416886543,1,1,1
2427,500,189,7.28278937164282,-34.1398416886543,1,1,1
2427,1500,190,4.33343606676963,-33.1398416886543,-1,1,1
2427,1500,191,0.958764534263851,-32.1398416886543,-1,-1,1
2427,1500,192,3.92861849316154,-31.1398416886543,-1,-1,-1
2427,1500,193,2.17931377841339,-30.1398416886543,-1,-1,-1
2427,1500,194,-3.25828031343286,-29.1398416886543,-1,-1,-1
2427,1500,195,3.610904084202,-28.1398416886543,-1,-1,-1
2427,500,196,4.50626826020716,-27.1398416886543,1,-1,-1
2427,1500,197,5.43740149480986,-26.1398416886543,-1,1,-1
2427,1500,198,1.44840400910987,-25.1398416886543,-1,-1,1
2427,1500,199,5.66351261238406,-24.1398416886543,-1,-1,-1
2427,500,200,6.25294430977715,-23.1398416886543,1,-1,-1
2427,1500,201,0.574593816679541,-22.1398416886543,-1,1,-1
2427,500,202,7.08989653974347,-21.1398416886543,1,-1,1
2427,500,203,6.13993309193585,-20.1398416886543,1,1,-1
2427,1500,204,5.40279962375606,-19.1398416886543,-1,1,1
2427,1500,205,1.90992581672303,-18.1398416886543,-1,-1,1
2427,500,206,6.96725619509539,-17.1398416886543,1,-1,-1
2427,500,207,9.52729607335595,-16.1398416886543,1,1,-1
2427,500,208,7.05400229766955,-15.1398416886543,1,1,1
2427,500,209,2.14509442186222,-14.1398416886543,1,1,1
2427,500,210,6.83768087752266,-13.1398416886543,1,1,1
2427,500,211,7.44723614422457,-12.1398416886543,1,1,1
2427,1500,212,2.04763850262879,-11.1398416886543,-1,1,1
2427,1500,213,3.42629273236034,-10.1398416886543,-1,-1,1
2427,1500,214,1.80086893536767,-9.13984168865434,-1,-1,-1
2427,500,215,1.64340526200781,-8.13984168865434,1,-1,-1
2427,1500,216,6.48424130755555,-7.13984168865434,-1,1,-1
2427,1500,217,6.3646513427659,-6.13984168865434,-1,-1,1
2427,500,218,5.11767836244272,-5.13984168865434,1,-1,-1
2427,500,219,8.99839808955355,-4.13984168865434,1,1,-1
2427,1500,220,0.664205507511701,-3.13984168865434,-1,1,1
2427,1500,221,6.68369148684442,-2.13984168865434,-1,-1,1
2427,1500,222,1.03998397725932,-1.13984168865434,-1,-1,-1
2427,1500,223,-3.1684544722402,-0.139841688654343,-1,-1,-1
2427,1500,224,-0.647039751356933,0.860158311345657,-1,-1,-1
2427,1500,225,-2.00790621375504,1.86015831134566,-1,-1,-1
2427,500,226,2.29521390469027,2.86015831134566,1,-1,-1
2427,1500,227,2.1379756121659,3.86015831134566,-1,1,-1
2427,500,228,4.60920917092242,4.86015831134566,1,-1,1
2427,500,229,1.9175462003284,5.86015831134566,1,1,-1
2427,500,230,5.32528037341873,6.86015831134566,1,1,1
2427,500,231,5.10276352571019,7.86015831134566,1,1,1
2427,500,232,6.56499799640464,8.86015831134566,1,1,1
2427,1500,233,3.57608381632203,9.86015831134566,-1,1,1
2427,500,234,4.53571478903205,10.8601583113457,1,-1,1
2427,1500,235,8.95406526338968,11.8601583113457,-1,1,-1
2427,1500,236,0.685857788336811,12.8601583113457,-1,-1,1
2427,1500,237,-0.290328779080403,13.8601583113457,-1,-1,-1
2427,500,238,1.22648866639656,14.8601583113457,1,-1,-1
2427,1500,239,8.95701295205121,15.8601583113457,-1,1,-1
2427,1500,240,-0.115697988262628,16.8601583113457,-1,-1,1
2427,500,241,0.992539399475121,17.8601583113457,1,-1,-1
2427,500,242,7.5944519957958,18.8601583113457,1,1,-1
2427,500,243,9.83473437966165,19.8601583113457,1,1,1
2427,500,244,6.74787265433884,20.8601583113457,1,1,1
2427,500,245,7.31189304702425,21.8601583113457,1,1,1
2427,1500,246,4.81204254921503,22.8601583113457,-1,1,1
2427,1500,247,1.18258965544316,23.8601583113457,-1,-1,1
2427,1500,248,-0.736453123363121,24.8601583113457,-1,-1,-1
2427,1500,249,6.77989227878228,25.8601583113457,-1,-1,-1
2427,1500,250,2.28218460296139,26.8601583113457,-1,-1,-1
2427,500,251,6.34680727332283,27.8601583113457,1,-1,-1
2427,500,253,14.9687104061441,29.8601583113457,1,-1,1
2427,500,254,14.2373136920313,30.8601583113457,1,1,-1
2427,1500,255,7.81010330488149,31.8601583113457,-1,1,1
2427,500,256,8.69592656223255,32.8601583113457,1,-1,1
2427,500,257,10.4363548431,33.8601583113457,1,1,-1
2427,1500,258,0.726280042036081,34.8601583113457,-1,1,1
2427,1500,259,8.03324762584836,35.8601583113457,-1,-1,1
2427,1500,260,5.5244135330677,36.8601583113457,-1,-1,-1
2427,500,261,9.83308314586965,37.8601583113457,1,-1,-1
2427,1500,262,4.21837498006328,38.8601583113457,-1,1,-1
2427,500,263,8.62704601613455,39.8601583113457,1,-1,1
2427,1500,265,4.47853853935412,41.8601583113457,-1,-1,1
2427,1500,266,6.22867744341748,42.8601583113457,-1,-1,-1
2427,1500,267,0.303653545921681,43.8601583113457,-1,-1,-1
2427,500,268,5.71704466198756,44.8601583113457,1,-1,-1
2427,500,269,7.67903157327617,45.8601583113457,1,1,-1
2427,1500,270,7.06236117646873,46.8601583113457,-1,1,1
2427,500,271,4.53169885810896,47.8601583113457,1,-1,1
2427,1500,272,6.31883990118237,48.8601583113457,-1,1,-1
2427,500,273,6.06702091860266,49.8601583113457,1,-1,1
2427,1500,274,1.11884499973396,50.8601583113457,-1,1,-1
2427,1500,275,2.11525321391967,51.8601583113457,-1,-1,1
2427,1500,276,-4.24086248434218,52.8601583113457,-1,-1,-1
2427,1500,277,1.73362581355056,53.8601583113457,-1,-1,-1
2427,500,278,3.41170369052092,54.8601583113457,1,-1,-1
2427,1500,279,5.47664399554757,55.8601583113457,-1,1,-1
2427,1500,280,0.299988017803951,56.8601583113457,-1,-1,1
2427,500,281,6.85196106181036,57.8601583113457,1,-1,-1
2427,1500,282,4.71752729867751,58.8601583113457,-1,1,-1
2427,500,283,2.10811150139534,59.8601583113457,1,-1,1
2427,1500,284,6.21277864784761,60.8601583113457,-1,1,-1
2427,500,285,7.33281212590852,61.8601583113457,1,-1,1
2427,1500,286,3.86203953607966,62.8601583113457,-1,1,-1
2427,1500,287,0.291866900068951,63.8601583113457,-1,-1,1
2427,500,289,14.5921428062878,65.8601583113457,1,-1,-1
2427,1500,290,11.091699691519,66.8601583113457,-1,1,-1
2427,500,291,4.70392014148722,67.8601583113457,1,-1,1
2427,1500,292,3.80379921564958,68.8601583113457,-1,1,-1
2427,1500,293,2.65132285718173,69.8601583113457,-1,-1,1
2427,1500,294,5.51780228213098,70.8601583113457,-1,-1,-1
2427,1500,295,-0.292479238403212,71.8601583113457,-1,-1,-1
2427,500,296,6.28733309175264,72.8601583113457,1,-1,-1
2427,1500,297,0.136591079456061,73.8601583113457,-1,1,-1
2427,500,298,7.67999464694943,74.8601583113457,1,-1,1
2427,500,299,5.04890441733679,75.8601583113457,1,1,-1
2427,1500,300,1.44752693750209,76.8601583113457,-1,1,1
2427,500,301,7.39448827756549,77.8601583113457,1,-1,1
2427,1500,302,1.80273856563001,78.8601583113457,-1,1,-1
2427,1500,303,4.55406375435219,79.8601583113457,-1,-1,1
2427,500,304,5.53889102098469,80.8601583113457,1,-1,-1
2427,1500,305,-4.08523778393071,81.8601583113457,-1,1,-1
2427,500,306,1.12557113789412,82.8601583113457,1,-1,1
2427,1500,307,4.32512636619918,83.8601583113457,-1,1,-1
2427,1500,308,1.80917988808092,84.8601583113457,-1,-1,1
2427,1500,309,4.24702555862536,85.8601583113457,-1,-1,-1
2427,500,310,2.66509561379301,86.8601583113457,1,-1,-1
2427,1500,311,-0.0555145497544072,87.8601583113457,-1,1,-1
2427,500,312,5.60074576144568,88.8601583113457,1,-1,1
2427,500,313,6.84667245679101,89.8601583113457,1,1,-1
2427,500,314,5.22801990197412,90.8601583113457,1,1,1
2427,500,315,5.26042542619934,91.8601583113457,1,1,1
2427,500,316,4.99084034879836,92.8601583113457,1,1,1
2427,500,317,1.64944377198556,93.8601583113457,1,1,1
2427,1500,318,2.74782780657131,94.8601583113457,-1,1,1
2427,500,319,2.75559783551059,95.8601583113457,1,-1,1
2427,500,320,2.97580077781709,96.8601583113457,1,1,-1
2427,500,322,17.5697867152082,98.8601583113457,1,-1,1
2427,1500,323,5.8468192331774,99.8601583113457,-1,1,-1
2427,500,324,-1.75881560614519,100.860158311346,1,-1,1
2427,500,325,2.50929278206198,101.860158311346,1,1,-1
2427,1500,326,3.8781077343504,102.860158311346,-1,1,1
2427,1500,327,0.967929312285281,103.860158311346,-1,-1,1
2427,1500,328,-0.870377394523714,104.860158311346,-1,-1,-1
2427,1500,329,-3.71587054891345,105.860158311346,-1,-1,-1
2427,1500,330,-2.26534260937113,106.860158311346,-1,-1,-1
2427,1500,331,-7.31850938437403,107.860158311346,-1,-1,-1
2427,1500,332,1.99156808965134,108.860158311346,-1,-1,-1
2427,1500,333,-4.65989325936568,109.860158311346,-1,-1,-1
2427,500,334,1.55093050222563,110.860158311346,1,-1,-1
2427,500,335,2.96072176970082,111.860158311346,1,1,-1
2427,500,337,5.14854596813027,113.860158311346,1,-1,1
2427,1500,338,2.4055874855478,114.860158311346,-1,1,-1
2427,500,339,2.45683803806039,115.860158311346,1,-1,1
2427,1500,340,6.23941550469663,116.860158311346,-1,1,-1
2427,500,341,2.07205726956161,117.860158311346,1,-1,1
2427,500,342,12.8287111776212,118.860158311346,1,1,-1
2427,500,343,4.1785943630865,119.860158311346,1,1,1
2427,500,344,6.91471950662713,120.860158311346,1,1,1
2427,1500,345,0.435406205414451,121.860158311346,-1,1,1
2427,1500,346,6.47727950230553,122.860158311346,-1,-1,1
2427,1500,347,1.01896844190045,123.860158311346,-1,-1,-1
2427,1500,348,3.39665468043731,124.860158311346,-1,-1,-1
2427,500,349,1.06769327012807,125.860158311346,1,-1,-1
2427,500,350,1.9955180680493,126.860158311346,1,1,-1
2427,1500,351,4.03129251356438,127.860158311346,-1,1,1
2427,1500,352,5.67487848412417,128.860158311346,-1,-1,1
2427,500,353,4.47733943939209,129.860158311346,1,-1,-1
2427,1500,354,2.73526426258855,130.860158311346,-1,1,-1
2427,500,356,3.34976243161701,132.860158311346,1,1,-1
2427,1500,357,3.70541060975633,133.860158311346,-1,1,1
2427,1500,358,2.06402092147712,134.860158311346,-1,-1,1
2427,1500,359,3.39421742728153,135.860158311346,-1,-1,-1
2427,1500,360,1.02147148162148,136.860158311346,-1,-1,-1
2427,1500,361,1.8434329530623,137.860158311346,-1,-1,-1
2427,500,362,5.39723114004558,138.860158311346,1,-1,-1
2427,500,363,5.16236067952144,139.860158311346,1,1,-1
2427,500,364,3.9971753519122,140.860158311346,1,1,1
2427,500,365,2.40311715599538,141.860158311346,1,1,1
2427,500,366,8.65750210023535,142.860158311346,1,1,1
2427,1500,367,8.74784972106639,143.860158311346,-1,1,1
2427,1500,368,3.35652410489859,144.860158311346,-1,-1,1
2427,1500,369,4.04060826790308,145.860158311346,-1,-1,-1
2427,1500,370,1.6003200754492,146.860158311346,-1,-1,-1
2427,500,371,4.54577309829412,147.860158311346,1,-1,-1
2427,500,372,6.94452304724581,148.860158311346,1,1,-1
2427,1500,373,4.68945425723815,149.860158311346,-1,1,1
2427,1500,375,8.37759231603601,151.860158311346,-1,1,-1
2427,500,376,2.28097153209856,152.860158311346,1,-1,1
2427,1500,377,4.45666254702802,153.860158311346,-1,1,-1
2427,500,378,3.74759022811104,154.860158311346,1,-1,1
2427,1500,379,4.3687452331176,155.860158311346,-1,1,-1
2427,1500,380,2.52521960949415,156.860158311346,-1,-1,1
2427,500,381,6.65206681068585,157.860158311346,1,-1,-1
2427,500,382,5.12671799778711,158.860158311346,1,1,-1
2427,1500,383,7.61843138857508,159.860158311346,-1,1,1
2427,1500,384,1.18150098046157,160.860158311346,-1,-1,1
2427,1500,385,2.83864013282523,161.860158311346,-1,-1,-1
2427,1500,386,1.53884906046697,162.860158311346,-1,-1,-1
2427,500,387,8.28024358978131,163.860158311346,1,-1,-1
2427,500,388,3.56986868907925,164.860158311346,1,1,-1
2427,1500,389,2.77891324108013,165.860158311346,-1,1,1
2427,500,390,5.90515111049768,166.860158311346,1,-1,1
2427,1500,391,6.89955109955431,167.860158311346,-1,1,-1
2427,500,392,5.63159083228987,168.860158311346,1,-1,1
2427,1500,393,3.97396101895069,169.860158311346,-1,1,-1
2427,500,394,7.53431492201618,170.860158311346,1,-1,1
2427,500,395,5.90258424675176,171.860158311346,1,1,-1
2427,500,396,7.07617424866437,172.860158311346,1,1,1
2427,1500,397,3.14021342166875,173.860158311346,-1,1,1
2427,1500,398,4.66014750366383,174.860158311346,-1,-1,1
2427,1500,399,-0.820221428958941,175.860158311346,-1,-1,-1
2427,1500,400,1.08735868055733,176.860158311346,-1,-1,-1
2427,1500,401,1.60135710773702,177.860158311346,-1,-1,-1
2427,500,402,7.52513850826253,178.860158311346,1,-1,-1
2427,500,403,3.07780926011612,179.860158311346,1,1,-1
2427,500,404,4.3255462969358,180.860158311346,1,1,1
2427,500,405,9.92653235617895,181.860158311346,1,1,1
2427,500,406,7.88337191499735,182.860158311346,1,1,1
2427,1500,407,5.5385288752843,183.860158311346,-1,1,1
2427,500,408,1.1633271589753,184.860158311346,1,-1,1
2427,500,409,4.31990711424079,185.860158311346,1,1,-1
2427,1500,410,7.71663054861079,186.860158311346,-1,1,1
2427,1500,411,2.96561132762945,187.860158311346,-1,-1,1
2427,500,412,3.42373731178276,188.860158311346,1,-1,-1
2427,500,413,2.4686620974943,189.860158311346,1,1,-1
2427,500,415,9.35462683903235,191.860158311346,1,-1,1
2427,1500,416,-5.17392721090984,192.860158311346,-1,1,-1
2427,500,417,6.85340280865913,193.860158311346,1,-1,1
2427,500,418,4.79490913088209,194.860158311346,1,1,-1
2427,1500,419,-5.31129975270403,195.860158311346,-1,1,1
2427,500,420,6.83940672502163,196.860158311346,1,-1,1
2431,1500,23,-7.93276631671338,-197.559493670886,-1,-1,-1
2431,500,24,-9.98337046595273,-196.559493670886,1,-1,-1
2431,1500,25,-4.80251769853243,-195.559493670886,-1,1,-1
2431,500,26,-5.41862364042146,-194.559493670886,1,-1,1
2431,1500,27,1.61118058044883,-193.559493670886,-1,1,-1
2431,1500,28,1.82100737245512,-192.559493670886,-1,-1,1
2431,1500,29,4.81849149652911,-191.559493670886,-1,-1,-1
2431,1500,30,5.84148262848664,-190.559493670886,-1,-1,-1
2431,1500,31,8.95963571655128,-189.559493670886,-1,-1,-1
2431,500,32,-0.933840900134687,-188.559493670886,1,-1,-1
2431,1500,33,9.85166632830198,-187.559493670886,-1,1,-1
2431,1500,34,5.28944947105767,-186.559493670886,-1,-1,1
2431,1500,35,1.72926514607684,-185.559493670886,-1,-1,-1
2431,1500,36,-0.265223753782779,-184.559493670886,-1,-1,-1
2431,1500,37,-1.93380714619297,-183.559493670886,-1,-1,-1
2431,500,38,-2.41545052057664,-182.559493670886,1,-1,-1
2431,1500,39,0.750281826655861,-181.559493670886,-1,1,-1
2431,1500,40,3.52571859587397,-180.559493670886,-1,-1,1
2431,500,41,-0.00672415114828695,-179.559493670886,1,-1,-1
2431,500,42,5.58628694771084,-178.559493670886,1,1,-1
2431,1500,43,4.98304422452719,-177.559493670886,-1,1,1
2431,500,44,7.81665071946658,-176.559493670886,1,-1,1
2431,500,45,6.82472467303308,-175.559493670886,1,1,-1
2431,1500,46,6.70416346984199,-174.559493670886,-1,1,1
2431,1500,47,7.74915193885478,-173.559493670886,-1,-1,1
2431,500,48,7.29920974772168,-172.559493670886,1,-1,-1
2431,500,49,8.44724828252148,-171.559493670886,1,1,-1
2431,1500,50,6.41739792693299,-170.559493670886,-1,1,1
2431,1500,51,6.55837068527457,-169.559493670886,-1,-1,1
2431,500,52,4.19181975396471,-168.559493670886,1,-1,-1
2431,1500,53,7.03824717420288,-167.559493670886,-1,1,-1
2431,1500,54,8.17027253356128,-166.559493670886,-1,-1,1
2431,500,55,5.59707491790228,-165.559493670886,1,-1,-1
2431,500,56,9.74342344165358,-164.559493670886,1,1,-1
2431,500,57,11.2661149249869,-163.559493670886,1,1,1
2431,500,58,12.9412542671532,-162.559493670886,1,1,1
2431,1500,59,9.80776090841088,-161.559493670886,-1,1,1
2431,500,60,9.47925221543288,-160.559493670886,1,-1,1
2431,500,61,9.28362096149378,-159.559493670886,1,1,-1
2431,500,62,9.02337403258508,-158.559493670886,1,1,1
2431,500,63,6.15037160997078,-157.559493670886,1,1,1
2431,500,64,8.93042588469948,-156.559493670886,1,1,1
2431,500,65,7.59703588330588,-155.559493670886,1,1,1
2431,1500,66,8.79983634833358,-154.559493670886,-1,1,1
2431,500,67,5.92302807691868,-153.559493670886,1,-1,1
2431,1500,68,4.71357606475893,-152.559493670886,-1,1,-1
2431,1500,69,2.45979437504839,-151.559493670886,-1,-1,1
2431,500,70,2.95374396240869,-150.559493670886,1,-1,-1
2431,1500,71,4.64144118977962,-149.559493670886,-1,1,-1
2431,1500,72,-1.86735510846687,-148.559493670886,-1,-1,1
2431,500,73,-1.23260777523834,-147.559493670886,1,-1,-1
2431,500,74,0.876260743414283,-146.559493670886,1,1,-1
2431,1500,75,2.60976820861143,-145.559493670886,-1,1,1
2431,1500,76,3.57942096234016,-144.559493670886,-1,-1,1
2431,1500,77,-6.02930346380728,-143.559493670886,-1,-1,-1
2431,500,78,-2.35245415254585,-142.559493670886,1,-1,-1
2431,1500,79,-0.167993579180779,-141.559493670886,-1,1,-1
2431,1500,80,0.141612850218201,-140.559493670886,-1,-1,1
2431,500,81,2.06025644032195,-139.559493670886,1,-1,-1
2431,500,82,4.44464352530598,-138.559493670886,1,1,-1
2431,500,83,6.40702976635238,-137.559493670886,1,1,1
2431,1500,84,4.59502059304149,-136.559493670886,-1,1,1
2431,500,85,4.142205328205,-135.559493670886,1,-1,1
2431,1500,86,5.90203128497435,-134.559493670886,-1,1,-1
2431,1500,87,2.49995085832551,-133.559493670886,-1,-1,1
2431,1500,88,1.50511853697309,-132.559493670886,-1,-1,-1
2431,1500,89,-3.9532041400943,-131.559493670886,-1,-1,-1
2431,1500,90,-6.64171735792699,-130.559493670886,-1,-1,-1
2431,500,91,-4.23051048101845,-129.559493670886,1,-1,-1
2431,1500,92,0.910304088145291,-128.559493670886,-1,1,-1
2431,1500,93,-1.30700167512847,-127.559493670886,-1,-1,1
2431,500,94,-0.550969726073047,-126.559493670886,1,-1,-1
2431,1500,95,-0.388651088664939,-125.559493670886,-1,1,-1
2431,1500,96,0.737073195253961,-124.559493670886,-1,-1,1
2431,1500,97,0.0251306381169614,-123.559493670886,-1,-1,-1
2431,1500,98,-0.610471301545019,-122.559493670886,-1,-1,-1
2431,1500,99,0.0475365401063015,-121.559493670886,-1,-1,-1
2431,1500,100,0.715436918995781,-120.559493670886,-1,-1,-1
2431,1500,101,-1.70223877349712,-119.559493670886,-1,-1,-1
2431,500,102,1.53529959992763,-118.559493670886,1,-1,-1
2431,1500,103,3.56318973641553,-117.559493670886,-1,1,-1
2431,500,104,2.78176147619253,-116.559493670886,1,-1,1
2431,1500,105,5.65586007966335,-115.559493670886,-1,1,-1
2431,1500,106,5.3645503620702,-114.559493670886,-1,-1,1
2431,500,107,7.35806112595668,-113.559493670886,1,-1,-1
2431,500,108,9.13385320710018,-112.559493670886,1,1,-1
2431,500,109,12.4240875919853,-111.559493670886,1,1,1
2431,500,110,11.8306790572203,-110.559493670886,1,1,1
2431,500,111,12.6746233151859,-109.559493670886,1,1,1
2431,500,112,13.9387450581829,-108.559493670886,1,1,1
2431,1500,113,12.5044894173077,-107.559493670886,-1,1,1
2431,500,114,11.8740296857336,-106.559493670886,1,-1,1
2431,500,115,7.68208385158738,-105.559493670886,1,1,-1
2431,1500,116,7.49886618376198,-104.559493670886,-1,1,1
2431,1500,117,-3.07158440898359,-103.559493670886,-1,-1,1
2431,500,118,0.085916486418653,-102.559493670886,1,-1,-1
2431,1500,119,1.20934064719384,-101.559493670886,-1,1,-1
2431,500,120,6.42262690635228,-100.559493670886,1,-1,1
2431,500,121,5.77908165486098,-99.5594936708861,1,1,-1
2431,500,122,8.67406492614848,-98.5594936708861,1,1,1
2431,500,123,10.4977242505193,-97.5594936708861,1,1,1
2431,500,124,11.7046220549315,-96.5594936708861,1,1,1
2431,1500,125,11.2552542266483,-95.5594936708861,-1,1,1
2431,1500,126,10.6324708534366,-94.5594936708861,-1,-1,1
2431,500,127,13.4696398127179,-93.5594936708861,1,-1,-1
2431,500,128,9.23549499213208,-92.5594936708861,1,1,-1
2431,1500,129,10.525034458638,-91.5594936708861,-1,1,1
2431,500,130,11.9319329635882,-90.5594936708861,1,-1,1
2431,1500,131,6.82047203477528,-89.5594936708861,-1,1,-1
2431,500,132,7.65560420968088,-88.5594936708861,1,-1,1
2431,500,133,11.8054874125993,-87.5594936708861,1,1,-1
2431,500,134,15.3754023098325,-86.5594936708861,1,1,1
2431,1500,135,8.88693945647028,-85.5594936708861,-1,1,1
2431,500,136,8.98169121037798,-84.5594936708861,1,-1,1
2431,1500,137,9.23366829885318,-83.5594936708861,-1,1,-1
2431,1500,138,0.351920377922812,-82.5594936708861,-1,-1,1
2431,500,139,4.3762502413969,-81.5594936708861,1,-1,-1
2431,500,140,4.94986226918326,-80.5594936708861,1,1,-1
2431,500,141,5.25854008950693,-79.5594936708861,1,1,1
2431,500,142,10.0881098473352,-78.5594936708861,1,1,1
2431,500,143,11.9933429706781,-77.5594936708861,1,1,1
2431,500,144,15.1997532419159,-76.5594936708861,1,1,1
2431,500,145,15.0495373155279,-75.5594936708861,1,1,1
2431,500,146,14.8863289630789,-74.5594936708861,1,1,1
2431,500,147,14.3028417021257,-73.5594936708861,1,1,1
2431,1500,148,14.4273125000321,-72.5594936708861,-1,1,1
2431,500,149,14.002219153945,-71.5594936708861,1,-1,1
2431,1500,150,12.6826712926381,-70.5594936708861,-1,1,-1
2431,1500,151,7.24572147773828,-69.5594936708861,-1,-1,1
2431,1500,152,7.93992293388508,-68.5594936708861,-1,-1,-1
2431,500,153,12.6498302283221,-67.5594936708861,1,-1,-1
2431,1500,154,11.0199171533056,-66.5594936708861,-1,1,-1
2431,500,155,11.967994119866,-65.5594936708861,1,-1,1
2431,500,156,12.3323833560445,-64.5594936708861,1,1,-1
2431,1500,157,14.179723278336,-63.5594936708861,-1,1,1
2431,1500,158,14.4911819683258,-62.5594936708861,-1,-1,1
2431,1500,159,15.8897452614695,-61.5594936708861,-1,-1,-1
2431,1500,160,25.3136681354234,-60.5594936708861,-1,-1,-1
2431,1500,161,14.335543769158,-59.5594936708861,-1,-1,-1
2431,1500,162,13.5378223198521,-58.5594936708861,-1,-1,-1
2431,500,163,17.3897613050698,-57.5594936708861,1,-1,-1
2431,1500,164,5.20804982352449,-56.5594936708861,-1,1,-1
2431,500,165,3.90610979508921,-55.5594936708861,1,-1,1
2431,1500,166,5.03931415563862,-54.5594936708861,-1,1,-1
2431,500,167,5.42041498611926,-53.5594936708861,1,-1,1
2431,500,168,8.41616756797338,-52.5594936708861,1,1,-1
2431,1500,169,10.4047132621943,-51.5594936708861,-1,1,1
2431,500,170,9.24418561034428,-50.5594936708861,1,-1,1
2431,500,171,13.9460709906357,-49.5594936708861,1,1,-1
2431,500,172,14.6042619956015,-48.5594936708861,1,1,1
2431,500,173,15.4002503245645,-47.5594936708861,1,1,1
2431,1500,174,11.7774265073366,-46.5594936708861,-1,1,1
2431,1500,175,13.0221604681781,-45.5594936708861,-1,-1,1
2431,500,176,15.3499475227879,-44.5594936708861,1,-1,-1
2431,500,177,15.3293296038027,-43.5594936708861,1,1,-1
2431,500,178,12.9932999215893,-42.5594936708861,1,1,1
2431,500,179,14.8352658828542,-41.5594936708861,1,1,1
2431,500,180,16.7584851247044,-40.5594936708861,1,1,1
2431,1500,181,5.91846103610837,-39.5594936708861,-1,1,1
2431,1500,182,5.44154254037885,-38.5594936708861,-1,-1,1
2431,500,183,9.82686936802088,-37.5594936708861,1,-1,-1
2431,500,184,8.26617632687168,-36.5594936708861,1,1,-1
2431,500,185,4.37505166451895,-35.5594936708861,1,1,1
2431,1500,186,0.373153083662081,-34.5594936708861,-1,1,1
2431,500,187,7.33434243380478,-33.5594936708861,1,-1,1
2431,1500,188,7.98115466380388,-32.5594936708861,-1,1,-1
2431,1500,189,10.7617018039483,-31.5594936708861,-1,-1,1
2431,500,190,14.3401780133323,-30.5594936708861,1,-1,-1
2431,500,191,12.3270368469725,-29.5594936708861,1,1,-1
2431,1500,192,20.2027799827459,-28.5594936708861,-1,1,1
2431,1500,193,17.1201040251585,-27.5594936708861,-1,-1,1
2431,1500,194,18.4812061891208,-26.5594936708861,-1,-1,-1
2431,500,195,17.3259202641362,-25.5594936708861,1,-1,-1
2431,1500,196,10.8574457608505,-24.5594936708861,-1,1,-1
2431,1500,197,12.1084429546606,-23.5594936708861,-1,-1,1
2431,500,198,14.5859506363752,-22.5594936708861,1,-1,-1
2431,1500,199,12.0029268728297,-21.5594936708861,-1,1,-1
2431,1500,200,16.3878261998092,-20.5594936708861,-1,-1,1
2431,500,201,13.2218852563722,-19.5594936708861,1,-1,-1
2431,500,202,5.05590730405795,-18.5594936708861,1,1,-1
2431,500,203,6.72851903439798,-17.5594936708861,1,1,1
2431,1500,204,6.59772183886867,-16.5594936708861,-1,1,1
2431,1500,205,4.15342213129054,-15.5594936708861,-1,-1,1
2431,500,206,5.71942408830072,-14.5594936708861,1,-1,-1
2431,1500,207,11.7895769019872,-13.5594936708861,-1,1,-1
2431,500,208,13.5721271096419,-12.5594936708861,1,-1,1
2431,1500,209,13.1382664713506,-11.5594936708861,-1,1,-1
2431,500,210,16.8275052135381,-10.5594936708861,1,-1,1
2431,1500,211,15.6821197121121,-9.55949367088607,-1,1,-1
2431,1500,212,11.2582312213902,-8.55949367088607,-1,-1,1
2431,1500,213,10.7091016603281,-7.55949367088607,-1,-1,-1
2431,500,214,11.4723632928574,-6.55949367088607,1,-1,-1
2431,1500,215,10.8438432656669,-5.55949367088607,-1,1,-1
2431,500,216,12.6428025484528,-4.55949367088607,1,-1,1
2431,500,217,9.64707547170908,-3.55949367088607,1,1,-1
2431,1500,218,8.53894194889368,-2.55949367088607,-1,1,1
2431,1500,219,7.46619107343428,-1.55949367088607,-1,-1,1
2431,500,220,10.9294141081933,-0.55949367088607,1,-1,-1
2431,1500,221,9.00378153058188,0.44050632911393,-1,1,-1
2431,500,222,11.2647590523203,1.44050632911393,1,-1,1
2431,500,223,11.8757925208656,2.44050632911393,1,1,-1
2431,1500,224,11.5027334956876,3.44050632911393,-1,1,1
2431,500,225,11.5125169291328,4.44050632911393,1,-1,1
2431,1500,226,10.8102460940517,5.44050632911393,-1,1,-1
2431,1500,227,11.9351645824551,6.44050632911393,-1,-1,1
2431,500,228,11.310791983622,7.44050632911393,1,-1,-1
2431,1500,229,12.7969814996634,8.44050632911393,-1,1,-1
2431,1500,230,10.0478588263604,9.44050632911393,-1,-1,1
2431,500,231,10.5237802236077,10.4405063291139,1,-1,-1
2431,500,232,7.41448468347208,11.4405063291139,1,1,-1
2431,1500,233,6.73733310454928,12.4405063291139,-1,1,1
2431,500,234,7.11495582573258,13.4405063291139,1,-1,1
2431,500,235,8.65590689976068,14.4405063291139,1,1,-1
2431,500,236,11.3284588887,15.4405063291139,1,1,1
2431,1500,237,9.82143173565478,16.4405063291139,-1,1,1
2431,1500,238,9.57367769519808,17.4405063291139,-1,-1,1
2431,500,239,11.9772675263,18.4405063291139,1,-1,-1
2431,500,240,10.3540985261859,19.4405063291139,1,1,-1
2431,1500,241,7.40266482754058,20.4405063291139,-1,1,1
2431,500,242,10.4989389076147,21.4405063291139,1,-1,1
2431,500,243,10.834640288389,22.4405063291139,1,1,-1
2431,1500,244,9.43990746477088,23.4405063291139,-1,1,1
2431,500,245,5.17527821490463,24.4405063291139,1,-1,1
2431,1500,246,5.8977265180511,25.4405063291139,-1,1,-1
2431,1500,247,-0.290931307456809,26.4405063291139,-1,-1,1
2431,1500,248,1.56030682276095,27.4405063291139,-1,-1,-1
2431,500,249,2.65487508009297,28.4405063291139,1,-1,-1
2431,500,250,5.80329846510858,29.4405063291139,1,1,-1
2431,1500,251,7.66415303255308,30.4405063291139,-1,1,1
2431,500,252,5.95720071731238,31.4405063291139,1,-1,1
2431,500,253,8.23593728467398,32.4405063291139,1,1,-1
2431,500,254,6.63555313971578,33.4405063291139,1,1,1
2431,1500,255,7.53159874713398,34.4405063291139,-1,1,1
2431,1500,256,7.21168914794938,35.4405063291139,-1,-1,1
2431,500,257,5.64826756860583,36.4405063291139,1,-1,-1
2431,1500,258,0.679469562624121,37.4405063291139,-1,1,-1
2431,1500,259,4.54189145119903,38.4405063291139,-1,-1,1
2431,500,260,6.11022713781848,39.4405063291139,1,-1,-1
2431,500,261,9.56679827149608,40.4405063291139,1,1,-1
2431,500,262,9.13489281719858,41.4405063291139,1,1,1
2431,1500,263,9.36036198169198,42.4405063291139,-1,1,1
2431,1500,265,10.8991754613079,44.4405063291139,-1,-1,-1
2431,500,266,8.34974404246128,45.4405063291139,1,-1,-1
2431,1500,267,4.78057817830913,46.4405063291139,-1,1,-1
2431,500,268,6.35707958712458,47.4405063291139,1,-1,1
2431,500,269,8.11716843871768,48.4405063291139,1,1,-1
2431,1500,270,14.2037094051327,49.4405063291139,-1,1,1
2431,500,271,8.34683634446878,50.4405063291139,1,-1,1
2431,500,272,8.78826225353628,51.4405063291139,1,1,-1
2431,500,273,8.21781961150108,52.4405063291139,1,1,1
2431,500,274,9.57023169033138,53.4405063291139,1,1,1
2431,500,275,11.4122636303779,54.4405063291139,1,1,1
2431,1500,276,8.66309249057418,55.4405063291139,-1,1,1
2431,1500,277,2.37788079906266,56.4405063291139,-1,-1,1
2431,1500,278,3.22211565708995,57.4405063291139,-1,-1,-1
2431,1500,279,5.84397136040771,58.4405063291139,-1,-1,-1
2431,1500,280,4.16264732135168,59.4405063291139,-1,-1,-1
2431,1500,281,5.29699791982546,60.4405063291139,-1,-1,-1
2431,500,282,7.56367587227618,61.4405063291139,1,-1,-1
2431,1500,283,6.51684581303789,62.4405063291139,-1,1,-1
2431,1500,284,10.5774053345865,63.4405063291139,-1,-1,1
2431,500,285,2.80331692438659,64.4405063291139,1,-1,-1
2431,500,286,5.04363570687372,65.4405063291139,1,1,-1
2431,1500,287,6.88036369470208,66.4405063291139,-1,1,1
2431,500,288,4.65777939886672,67.4405063291139,1,-1,1
2431,1500,289,6.1716353337552,68.4405063291139,-1,1,-1
2431,1500,290,5.96698675743038,69.4405063291139,-1,-1,1
2431,1500,291,6.47897800510198,70.4405063291139,-1,-1,-1
2431,1500,292,7.09967367989478,71.4405063291139,-1,-1,-1
2431,500,293,7.85548467781768,72.4405063291139,1,-1,-1
2431,500,294,10.4980894161621,73.4405063291139,1,1,-1
2431,500,295,14.6769079864352,74.4405063291139,1,1,1
2431,500,296,10.5719936585307,75.4405063291139,1,1,1
2431,500,297,10.2509157462517,76.4405063291139,1,1,1
2431,500,298,7.42678459197068,77.4405063291139,1,1,1
2431,500,299,10.9562383889937,78.4405063291139,1,1,1
2431,1500,300,5.91410304157034,79.4405063291139,-1,1,1
2431,500,301,3.64493558711679,80.4405063291139,1,-1,1
2431,500,302,6.00176936427658,81.4405063291139,1,1,-1
2431,500,303,7.49311416200888,82.4405063291139,1,1,1
2431,1500,304,9.44277754367278,83.4405063291139,-1,1,1
2431,500,305,10.5039355683212,84.4405063291139,1,-1,1
2431,1500,306,12.5658705092967,85.4405063291139,-1,1,-1
2431,500,307,6.07496675269228,86.4405063291139,1,-1,1
2431,500,308,10.9386635149409,87.4405063291139,1,1,-1
2431,1500,309,8.42468421698848,88.4405063291139,-1,1,1
2431,1500,310,9.13251963225098,89.4405063291139,-1,-1,1
2431,500,311,10.412949282765,90.4405063291139,1,-1,-1
2431,500,312,11.7036134743027,91.4405063291139,1,1,-1
2431,1500,313,7.30452779195668,92.4405063291139,-1,1,1
2431,500,314,12.4073094214201,93.4405063291139,1,-1,1
2431,500,315,13.5109109215047,94.4405063291139,1,1,-1
2431,500,316,17.2438366685434,95.4405063291139,1,1,1
2431,1500,317,15.6690857440429,96.4405063291139,-1,1,1
2431,1500,318,7.12891149796308,97.4405063291139,-1,-1,1
2431,1500,319,4.99917372002512,98.4405063291139,-1,-1,-1
2431,500,320,7.79267854771858,99.4405063291139,1,-1,-1
2431,500,321,10.5548028071354,100.440506329114,1,1,-1
2431,500,322,14.9313936831489,101.440506329114,1,1,1
2431,1500,323,11.6185378569091,102.440506329114,-1,1,1
2431,500,324,13.0182746863701,103.440506329114,1,-1,1
2431,500,325,16.5787876206842,104.440506329114,1,1,-1
2431,1500,326,14.0333479108722,105.440506329114,-1,1,1
2431,1500,327,10.1940929885586,106.440506329114,-1,-1,1
2431,500,328,9.98415728039518,107.440506329114,1,-1,-1
2431,500,329,13.491931767939,108.440506329114,1,1,-1
2431,1500,330,3.01747685108815,109.440506329114,-1,1,1
2431,1500,331,0.468355630131911,110.440506329114,-1,-1,1
2431,500,332,5.54178172186458,111.440506329114,1,-1,-1
2431,500,333,8.71464053216558,112.440506329114,1,1,-1
2431,500,334,8.73107718048198,113.440506329114,1,1,1
2431,1500,335,2.98432322846414,114.440506329114,-1,1,1
2431,1500,336,7.34392025626988,115.440506329114,-1,-1,1
2431,1500,337,4.7620432304364,116.440506329114,-1,-1,-1
2431,1500,338,7.48950782865438,117.440506329114,-1,-1,-1
2431,500,339,7.12929086406428,118.440506329114,1,-1,-1
2431,500,340,10.3765398701979,119.440506329114,1,1,-1
2431,1500,341,13.5892279732291,120.440506329114,-1,1,1
2431,500,342,16.4896358676507,121.440506329114,1,-1,1
2431,1500,343,10.5318336104494,122.440506329114,-1,1,-1
2431,1500,344,14.3651404135871,123.440506329114,-1,-1,1
2431,1500,345,16.0182276354313,124.440506329114,-1,-1,-1
2431,500,346,14.2034176303631,125.440506329114,1,-1,-1
2431,1500,347,8.30799822283928,126.440506329114,-1,1,-1
2431,500,348,11.0987076085638,127.440506329114,1,-1,1
2431,500,349,12.9555603481101,128.440506329114,1,1,-1
2431,500,350,10.3365967635692,129.440506329114,1,1,1
2431,1500,351,9.58184131049148,130.440506329114,-1,1,1
2431,1500,352,13.8583976864138,131.440506329114,-1,-1,1
2431,1500,353,10.3554920550816,132.440506329114,-1,-1,-1
2431,500,354,10.7540198700233,133.440506329114,1,-1,-1
2431,1500,355,7.63411044169758,134.440506329114,-1,1,-1
2431,500,356,12.5276441074348,135.440506329114,1,-1,1
2431,1500,357,12.3564849046598,136.440506329114,-1,1,-1
2431,1500,359,8.65989565581138,138.440506329114,-1,-1,-1
2431,500,360,8.53961343466818,139.440506329114,1,-1,-1
2431,1500,361,8.41361905040048,140.440506329114,-1,1,-1
2431,1500,362,13.8176900735637,141.440506329114,-1,-1,1
2431,500,363,13.8725961755643,142.440506329114,1,-1,-1
2431,1500,364,14.5289631740298,143.440506329114,-1,1,-1
2431,500,365,13.1695993405034,144.440506329114,1,-1,1
2431,1500,366,13.0667586852504,145.440506329114,-1,1,-1
2431,500,367,16.6726872336375,146.440506329114,1,-1,1
2431,500,368,16.9356810858121,147.440506329114,1,1,-1
2431,1500,369,15.2063250957521,148.440506329114,-1,1,1
2431,1500,370,17.4139428997889,149.440506329114,-1,-1,1
2431,500,371,12.0554656931102,150.440506329114,1,-1,-1
2431,1500,372,11.426482806837,151.440506329114,-1,1,-1
2431,500,373,15.4838252723423,152.440506329114,1,-1,1
2431,1500,374,14.6792552491063,153.440506329114,-1,1,-1
2431,1500,375,13.7408544987799,154.440506329114,-1,-1,1
2431,1500,376,15.5341232246962,155.440506329114,-1,-1,-1
2431,1500,377,11.5625327287791,156.440506329114,-1,-1,-1
2431,1500,378,10.282699866171,157.440506329114,-1,-1,-1
2431,500,379,9.18263836785678,158.440506329114,1,-1,-1
2431,1500,380,9.90126630017888,159.440506329114,-1,1,-1
2431,500,381,9.83231903811018,160.440506329114,1,-1,1
2431,500,382,13.7749394600256,161.440506329114,1,1,-1
2431,500,383,8.11447616749838,162.440506329114,1,1,1
2431,500,384,3.53392122482148,163.440506329114,1,1,1
2431,500,385,5.43985900255427,164.440506329114,1,1,1
2431,1500,386,9.39797511641638,165.440506329114,-1,1,1
2431,1500,387,10.1629203003656,166.440506329114,-1,-1,1
2431,1500,388,13.733393096019,167.440506329114,-1,-1,-1
2431,500,389,12.6086086304076,168.440506329114,1,-1,-1
2431,1500,390,9.39443408235738,169.440506329114,-1,1,-1
2431,1500,391,10.6881677912444,170.440506329114,-1,-1,1
2431,1500,392,9.17804344085508,171.440506329114,-1,-1,-1
2431,500,393,7.35149324508318,172.440506329114,1,-1,-1
2431,500,394,9.99864634901338,173.440506329114,1,1,-1
2431,1500,395,12.5893467921651,174.440506329114,-1,1,1
2431,1500,396,11.8992015064899,175.440506329114,-1,-1,1
2431,500,397,6.39919811741458,176.440506329114,1,-1,-1
2431,1500,398,9.78976703008088,177.440506329114,-1,1,-1
2431,1500,399,9.18675468229368,178.440506329114,-1,-1,1
2431,500,400,4.72573159109093,179.440506329114,1,-1,-1
2431,1500,401,5.37170343661351,180.440506329114,-1,1,-1
2431,500,402,9.38309218395598,181.440506329114,1,-1,1
2431,1500,403,5.01890756617057,182.440506329114,-1,1,-1
2431,1500,404,4.99593043463589,183.440506329114,-1,-1,1
2431,500,405,9.50325177408968,184.440506329114,1,-1,-1
2431,1500,406,2.87504630725826,185.440506329114,-1,1,-1
2431,500,407,4.81814325784352,186.440506329114,1,-1,1
2431,500,408,8.02989653193268,187.440506329114,1,1,-1
2431,500,409,9.02703623876318,188.440506329114,1,1,1
2431,1500,410,5.13771343823838,189.440506329114,-1,1,1
2431,1500,411,1.55045888498857,190.440506329114,-1,-1,1
2431,500,412,3.50956971140672,191.440506329114,1,-1,-1
2431,1500,413,3.3874050073231,192.440506329114,-1,1,-1
2431,500,415,2.85469264769374,194.440506329114,1,-1,-1
2431,500,416,8.78174792899548,195.440506329114,1,1,-1
2431,500,417,11.8926797210161,196.440506329114,1,1,1
2431,1500,418,6.93577372998408,197.440506329114,-1,1,1
2431,500,419,6.19326113965258,198.440506329114,1,-1,1
2431,500,420,11.6061819572923,199.440506329114,1,1,-1
2437,1500,23,-0.640620670983627,-199.255102040816,-1,-1,-1
2437,1500,25,6.67222726318904,-197.255102040816,-1,-1,-1
2437,500,26,4.06136411045748,-196.255102040816,1,-1,-1
2437,500,27,6.23847747790525,-195.255102040816,1,1,-1
2437,1500,28,4.90362860731459,-194.255102040816,-1,1,1
2437,1500,29,5.83633176166983,-193.255102040816,-1,-1,1
2437,500,30,-0.420299570039033,-192.255102040816,1,-1,-1
2437,500,31,0.751346545549546,-191.255102040816,1,1,-1
2437,1500,32,3.97061313148597,-190.255102040816,-1,1,1
2437,500,33,4.53068494959597,-189.255102040816,1,-1,1
2437,1500,34,9.07820364639674,-188.255102040816,-1,1,-1
2437,1500,35,2.03102041707897,-187.255102040816,-1,-1,1
2437,1500,36,5.62106168205214,-186.255102040816,-1,-1,-1
2437,1500,37,8.91252605547914,-185.255102040816,-1,-1,-1
2437,500,38,1.85370768061153,-184.255102040816,1,-1,-1
2437,500,39,16.1292894095359,-183.255102040816,1,1,-1
2437,500,40,16.4212229355245,-182.255102040816,1,1,1
2437,500,41,11.4521626824289,-181.255102040816,1,1,1
2437,500,42,8.41915318901185,-180.255102040816,1,1,1
2437,1500,43,0.966766599537663,-179.255102040816,-1,1,1
2437,500,44,-3.36224389306036,-178.255102040816,1,-1,1
2437,1500,45,2.59518919054934,-177.255102040816,-1,1,-1
2437,500,46,3.57915597010716,-176.255102040816,1,-1,1
2437,500,47,9.11754904501327,-175.255102040816,1,1,-1
2437,500,48,13.9214200817366,-174.255102040816,1,1,1
2437,1500,49,9.54697135085394,-173.255102040816,-1,1,1
2437,1500,50,2.97944263007699,-172.255102040816,-1,-1,1
2437,500,51,8.01335760367927,-171.255102040816,1,-1,-1
2437,500,52,10.2085649978535,-170.255102040816,1,1,-1
2437,500,53,11.8587654458201,-169.255102040816,1,1,1
2437,500,54,7.5325638564539,-168.255102040816,1,1,1
2437,1500,55,-24.6058231199514,-167.255102040816,-1,1,1
2437,500,57,3.86944230291833,-165.255102040816,1,-1,-1
2437,500,58,10.485165040052,-164.255102040816,1,1,-1
2437,1500,59,5.94299116184851,-163.255102040816,-1,1,1
2437,500,60,7.68291377891928,-162.255102040816,1,-1,1
2437,500,61,11.4579393021233,-161.255102040816,1,1,-1
2437,500,62,10.0432652912838,-160.255102040816,1,1,1
2437,500,63,8.75751100285347,-159.255102040816,1,1,1
2437,1500,64,6.17607122278104,-158.255102040816,-1,1,1
2437,1500,65,9.28475277243744,-157.255102040816,-1,-1,1
2437,1500,66,6.14251730022294,-156.255102040816,-1,-1,-1
2437,500,67,12.1140056512893,-155.255102040816,1,-1,-1
2437,1500,68,9.71145681907044,-154.255102040816,-1,1,-1
2437,1500,69,6.68361146442084,-153.255102040816,-1,-1,1
2437,500,70,9.53599017326007,-152.255102040816,1,-1,-1
2437,500,71,8.64332117433607,-151.255102040816,1,1,-1
2437,500,72,12.2290387080964,-150.255102040816,1,1,1
2437,500,73,8.27355826620157,-149.255102040816,1,1,1
2437,1500,74,8.25056161679914,-148.255102040816,-1,1,1
2437,1500,75,9.94166603607974,-147.255102040816,-1,-1,1
2437,1500,76,4.98072663965314,-146.255102040816,-1,-1,-1
2437,500,77,9.36927264321367,-145.255102040816,1,-1,-1
2437,500,78,17.945614862086,-144.255102040816,1,1,-1
2437,500,79,19.5498247822096,-143.255102040816,1,1,1
2437,500,80,15.2771140163994,-142.255102040816,1,1,1
2437,1500,81,14.3479919031924,-141.255102040816,-1,1,1
2437,500,82,13.2714680799582,-140.255102040816,1,-1,1
2437,500,83,18.0351090504424,-139.255102040816,1,1,-1
2437,500,84,19.5295620070953,-138.255102040816,1,1,1
2437,500,85,19.1098141545692,-137.255102040816,1,1,1
2437,500,86,19.6013853256322,-136.255102040816,1,1,1
2437,1500,87,16.5223510528192,-135.255102040816,-1,1,1
2437,1500,88,9.84878842418804,-134.255102040816,-1,-1,1
2437,500,89,11.9369223060224,-133.255102040816,1,-1,-1
2437,1500,90,10.0242302899842,-132.255102040816,-1,1,-1
2437,1500,91,8.69192342101934,-131.255102040816,-1,-1,1
2437,500,92,13.0402446246406,-130.255102040816,1,-1,-1
2437,500,93,13.4270833505889,-129.255102040816,1,1,-1
2437,1500,94,9.54602822465194,-128.255102040816,-1,1,1
2437,500,95,6.40801418619953,-127.255102040816,1,-1,1
2437,1500,96,4.74331638444765,-126.255102040816,-1,1,-1
2437,1500,97,6.46161881918584,-125.255102040816,-1,-1,1
2437,1500,98,3.90975252171829,-124.255102040816,-1,-1,-1
2437,500,99,6.18530102260263,-123.255102040816,1,-1,-1
2437,500,100,10.8502868052144,-122.255102040816,1,1,-1
2437,500,101,5.88406573023248,-121.255102040816,1,1,1
2437,1500,102,5.58723555177549,-120.255102040816,-1,1,1
2437,500,103,6.57499998102785,-119.255102040816,1,-1,1
2437,1500,104,7.52412881188814,-118.255102040816,-1,1,-1
2437,500,105,6.97774366454985,-117.255102040816,1,-1,1
2437,1500,106,8.56413224802524,-116.255102040816,-1,1,-1
2437,500,107,9.65209832843187,-115.255102040816,1,-1,1
2437,500,108,15.8219332347155,-114.255102040816,1,1,-1
2437,1500,111,4.43277704051417,-111.255102040816,-1,1,1
2437,1500,112,5.83121332698118,-110.255102040816,-1,-1,1
2437,500,113,10.2492313664768,-109.255102040816,1,-1,-1
2437,1500,114,6.12584772791384,-108.255102040816,-1,1,-1
2437,500,115,5.91578042984226,-107.255102040816,1,-1,1
2437,500,116,-1.34905306639319,-106.255102040816,1,1,-1
2437,500,117,9.41461226092087,-105.255102040816,1,1,1
2437,500,118,12.871685749833,-104.255102040816,1,1,1
2437,1500,119,9.30038787531044,-103.255102040816,-1,1,1
2437,1500,120,-3.18128552684255,-102.255102040816,-1,-1,1
2437,500,121,11.3891958115466,-101.255102040816,1,-1,-1
2437,500,122,7.35901226893921,-100.255102040816,1,1,-1
2437,500,123,13.4852968120214,-99.2551020408163,1,1,1
2437,1500,124,8.13715481875634,-98.2551020408163,-1,1,1
2437,500,125,6.95715109783633,-97.2551020408163,1,-1,1
2437,1500,126,4.27239265674508,-96.2551020408163,-1,1,-1
2437,500,127,7.84264398931642,-95.2551020408163,1,-1,1
2437,500,128,5.90641584236538,-94.2551020408163,1,1,-1
2437,1500,129,4.23301686132106,-93.2551020408163,-1,1,1
2437,500,130,4.18767659885688,-92.2551020408163,1,-1,1
2437,500,131,11.0451287580034,-91.2551020408163,1,1,-1
2437,1500,132,6.0221599625125,-90.2551020408163,-1,1,1
2437,1500,133,7.07446056681114,-89.2551020408163,-1,-1,1
2437,500,134,13.0665366754361,-88.2551020408163,1,-1,-1
2437,500,135,13.1896109610161,-87.2551020408163,1,1,-1
2437,1500,136,6.71236950525444,-86.2551020408163,-1,1,1
2437,500,137,7.60958474559503,-85.2551020408163,1,-1,1
2437,500,138,8.27522574087664,-84.2551020408163,1,1,-1
2437,1500,139,4.24062124060817,-83.2551020408163,-1,1,1
2437,500,140,6.93326262844246,-82.2551020408163,1,-1,1
2437,500,141,7.24230999570012,-81.2551020408163,1,1,-1
2437,1500,142,1.85658192655402,-80.2551020408163,-1,1,1
2437,1500,143,-1.00278512955576,-79.2551020408163,-1,-1,1
2437,500,144,3.95345654107958,-78.2551020408163,1,-1,-1
2437,500,145,9.42805408574597,-77.2551020408163,1,1,-1
2437,1500,146,0.911030955374683,-76.2551020408163,-1,1,1
2437,500,147,7.26374799012276,-75.2551020408163,1,-1,1
2437,1500,148,1.94687699487963,-74.2551020408163,-1,1,-1
2437,500,149,8.43103566351365,-73.2551020408163,1,-1,1
2437,1500,150,3.47688028953135,-72.2551020408163,-1,1,-1
2437,1500,151,-1.65223038557853,-71.2551020408163,-1,-1,1
2437,500,152,4.45853216313629,-70.2551020408163,1,-1,-1
2437,1500,153,0.116729709624763,-69.2551020408163,-1,1,-1
2437,1500,154,-10.1005449515162,-68.2551020408163,-1,-1,1
2437,1500,155,-1.38647857513763,-67.2551020408163,-1,-1,-1
2437,1500,156,3.71484014464223,-66.2551020408163,-1,-1,-1
2437,500,157,5.73008927400108,-65.2551020408163,1,-1,-1
2437,1500,158,1.74475254606139,-64.2551020408163,-1,1,-1
2437,1500,159,1.41110742111336,-63.2551020408163,-1,-1,1
2437,1500,160,-3.13153301677472,-62.2551020408163,-1,-1,-1
2437,1500,161,-2.03127922037526,-61.2551020408163,-1,-1,-1
2437,500,162,2.34982872879638,-60.2551020408163,1,-1,-1
2437,500,163,1.22972819491168,-59.2551020408163,1,1,-1
2437,500,164,5.87799085427325,-58.2551020408163,1,1,1
2437,500,165,8.24587158430084,-57.2551020408163,1,1,1
2437,1500,166,1.05712349245363,-56.2551020408163,-1,1,1
2437,500,167,7.65923828868115,-55.2551020408163,1,-1,1
2437,500,168,9.26255710051127,-54.2551020408163,1,1,-1
2437,500,169,6.54950280066345,-53.2551020408163,1,1,1
2437,500,170,8.28215343013916,-52.2551020408163,1,1,1
2437,500,171,8.04130485336358,-51.2551020408163,1,1,1
2437,1500,172,2.53238370134823,-50.2551020408163,-1,1,1
2437,1500,173,-3.99434218432963,-49.2551020408163,-1,-1,1
2437,500,174,4.55404264424653,-48.2551020408163,1,-1,-1
2437,500,175,11.7973450331163,-47.2551020408163,1,1,-1
2437,1500,176,6.26819650710144,-46.2551020408163,-1,1,1
2437,1500,177,-1.41090695549538,-45.2551020408163,-1,-1,1
2437,500,178,3.23804307865498,-44.2551020408163,1,-1,-1
2437,500,179,5.02835149632989,-43.2551020408163,1,1,-1
2437,1500,180,8.38949091951834,-42.2551020408163,-1,1,1
2437,1500,181,1.2527796429439,-41.2551020408163,-1,-1,1
2437,1500,182,3.65619169837716,-40.2551020408163,-1,-1,-1
2437,500,183,6.45574230511675,-39.2551020408163,1,-1,-1
2437,500,184,-14.2218349832305,-38.2551020408163,1,1,-1
2437,1500,185,4.12935714298107,-37.2551020408163,-1,1,1
2437,1500,186,-0.445527602945127,-36.2551020408163,-1,-1,1
2437,1500,187,0.495645410804103,-35.2551020408163,-1,-1,-1
2437,500,188,0.0217422882899065,-34.2551020408163,1,-1,-1
2437,1500,189,-2.88908063379924,-33.2551020408163,-1,1,-1
2437,1500,190,-1.54267357139881,-32.2551020408163,-1,-1,1
2437,500,191,0.207701302995917,-31.2551020408163,1,-1,-1
2437,1500,192,4.94956320367251,-30.2551020408163,-1,1,-1
2437,500,193,0.133596406818997,-29.2551020408163,1,-1,1
2437,1500,194,-6.66180822588207,-28.2551020408163,-1,1,-1
2437,500,195,-14.1030769302835,-27.2551020408163,1,-1,1
2437,1500,196,3.43276236478452,-26.2551020408163,-1,1,-1
2437,1500,197,2.8829857602565,-25.2551020408163,-1,-1,1
2437,500,198,7.54117616004762,-24.2551020408163,1,-1,-1
2437,500,199,10.4503196552233,-23.2551020408163,1,1,-1
2437,1500,200,5.80692984016149,-22.2551020408163,-1,1,1
2437,500,201,10.4181441671822,-21.2551020408163,1,-1,1
2437,1500,202,8.00061881318094,-20.2551020408163,-1,1,-1
2437,500,203,6.55699855061409,-19.2551020408163,1,-1,1
2437,1500,204,8.67566020586474,-18.2551020408163,-1,1,-1
2437,500,205,5.96159945839815,-17.2551020408163,1,-1,1
2437,1500,206,5.90481093075065,-16.2551020408163,-1,1,-1
2437,500,207,5.98633105998729,-15.2551020408163,1,-1,1
2437,1500,208,6.04077729215361,-14.2551020408163,-1,1,-1
2437,1500,209,5.11688817276398,-13.2551020408163,-1,-1,1
2437,1500,210,2.08357541052298,-12.2551020408163,-1,-1,-1
2437,1500,211,-0.914042532425107,-11.2551020408163,-1,-1,-1
2437,1500,212,4.0912254527725,-10.2551020408163,-1,-1,-1
2437,1500,213,0.457497145173993,-9.25510204081633,-1,-1,-1
2437,500,214,4.71721401979308,-8.25510204081633,1,-1,-1
2437,1500,215,7.69723156503394,-7.25510204081633,-1,1,-1
2437,500,216,6.61787409730752,-6.25510204081633,1,-1,1
2437,500,217,9.26998181967897,-5.25510204081633,1,1,-1
2437,1500,218,12.241317967262,-4.25510204081633,-1,1,1
2437,1500,219,8.56221273353594,-3.25510204081633,-1,-1,1
2437,1500,220,-1.99242119071734,-2.25510204081633,-1,-1,-1
2437,500,221,4.71516005108693,-1.25510204081633,1,-1,-1
2437,500,222,7.77339422988004,-0.255102040816325,1,1,-1
2437,500,223,8.16389530490975,0.744897959183675,1,1,1
2437,500,224,9.25590521622577,1.74489795918367,1,1,1
2437,500,225,10.9254433318833,2.74489795918367,1,1,1
2437,1500,226,5.63395558986426,3.74489795918367,-1,1,1
2437,500,227,4.55884088059937,4.74489795918367,1,-1,1
2437,1500,228,4.45988522981365,5.74489795918367,-1,1,-1
2437,500,229,6.56141926434056,6.74489795918367,1,-1,1
2437,500,230,7.32827463572282,7.74489795918367,1,1,-1
2437,1500,231,4.47563049996729,8.74489795918367,-1,1,1
2437,500,232,8.71856784874277,9.74489795918367,1,-1,1
2437,500,233,9.12605456944287,10.7448979591837,1,1,-1
2437,500,234,13.2353641295774,11.7448979591837,1,1,1
2437,500,235,13.2775030175417,12.7448979591837,1,1,1
2437,500,236,11.3817687129692,13.7448979591837,1,1,1
2437,500,237,12.0786161268519,14.7448979591837,1,1,1
2437,500,238,14.2098283754349,15.7448979591837,1,1,1
2437,1500,239,6.73878272838014,16.7448979591837,-1,1,1
2437,500,240,5.09760869299988,17.7448979591837,1,-1,1
2437,1500,241,6.86793357950354,18.7448979591837,-1,1,-1
2437,500,242,8.21330222306835,19.7448979591837,1,-1,1
2437,500,243,8.38606488954739,20.7448979591837,1,1,-1
2437,1500,244,5.40801323946971,21.7448979591837,-1,1,1
2437,1500,245,2.45113997881565,22.7448979591837,-1,-1,1
2437,1500,246,-0.414017014013077,23.7448979591837,-1,-1,-1
2437,1500,247,5.85386475607477,24.7448979591837,-1,-1,-1
2437,500,248,6.4928893883375,25.7448979591837,1,-1,-1
2437,1500,249,5.33835849076968,26.7448979591837,-1,1,-1
2437,500,250,5.2044693808867,27.7448979591837,1,-1,1
2437,1500,251,5.24069846891186,28.7448979591837,-1,1,-1
2437,1500,252,-1.17631590186108,29.7448979591837,-1,-1,1
2437,500,253,3.20958006210879,30.7448979591837,1,-1,-1
2437,500,254,7.59700075953592,31.7448979591837,1,1,-1
2437,1500,255,2.74885390369868,32.7448979591837,-1,1,1
2437,1500,256,0.725847395281393,33.7448979591837,-1,-1,1
2437,500,257,3.69457784265099,34.7448979591837,1,-1,-1
2437,500,258,1.03623095262209,35.7448979591837,1,1,-1
2437,500,259,2.25159877172924,36.7448979591837,1,1,1
2437,1500,260,0.391225801392843,37.7448979591837,-1,1,1
2437,500,261,3.01303157076001,38.7448979591837,1,-1,1
2437,500,262,4.31316061005678,39.7448979591837,1,1,-1
2437,500,263,7.36833547821031,40.7448979591837,1,1,1
2437,500,264,6.58221979965894,41.7448979591837,1,1,1
2437,500,265,3.60757586440565,42.7448979591837,1,1,1
2437,500,266,6.0965235720461,43.7448979591837,1,1,1
2437,1500,267,3.41556188019061,44.7448979591837,-1,1,1
2437,1500,268,1.15279920606519,45.7448979591837,-1,-1,1
2437,1500,269,0.740371343949833,46.7448979591837,-1,-1,-1
2437,500,270,7.08755609952649,47.7448979591837,1,-1,-1
2437,500,271,5.03110935731419,48.7448979591837,1,1,-1
2437,500,272,8.63189172692317,49.7448979591837,1,1,1
2437,500,273,8.40536027324876,50.7448979591837,1,1,1
2437,1500,274,2.77668030679824,51.7448979591837,-1,1,1
2437,1500,275,0.268051053469303,52.7448979591837,-1,-1,1
2437,1500,276,0.151482312690733,53.7448979591837,-1,-1,-1
2437,500,277,1.70020915552803,54.7448979591837,1,-1,-1
2437,500,278,1.58469036001573,55.7448979591837,1,1,-1
2437,1500,279,5.56255465553525,56.7448979591837,-1,1,1
2437,500,280,3.91142760728508,57.7448979591837,1,-1,1
2437,500,281,11.2699263814952,58.7448979591837,1,1,-1
2437,1500,282,2.86747952318514,59.7448979591837,-1,1,1
2437,1500,283,2.38460561635375,60.7448979591837,-1,-1,1
2437,1500,284,4.51904882713296,61.7448979591837,-1,-1,-1
2437,1500,285,4.81238494465786,62.7448979591837,-1,-1,-1
2437,500,286,1.98849995287435,63.7448979591837,1,-1,-1
2437,500,287,5.72882642189725,64.7448979591837,1,1,-1
2437,1500,288,2.31249598143706,65.7448979591837,-1,1,1
2437,500,289,3.48858843884886,66.7448979591837,1,-1,1
2437,500,290,4.58583794495647,67.7448979591837,1,1,-1
2437,500,291,7.14821199633352,68.7448979591837,1,1,1
2437,1500,292,-3.27456167535643,69.7448979591837,-1,1,1
2437,1500,293,-1.630249538913,70.7448979591837,-1,-1,1
2437,1500,294,4.99152940341406,71.7448979591837,-1,-1,-1
2437,1500,295,-1.16651262289429,72.7448979591837,-1,-1,-1
2437,500,296,2.6000436218694,73.7448979591837,1,-1,-1
2437,500,297,4.58396935559353,74.7448979591837,1,1,-1
2437,1500,298,0.836881182932633,75.7448979591837,-1,1,1
2437,1500,299,-4.76397952844114,76.7448979591837,-1,-1,1
2437,1500,300,-4.34223041138841,77.7448979591837,-1,-1,-1
2437,1500,301,-2.40036936260933,78.7448979591837,-1,-1,-1
2437,1500,302,-2.73329729181248,79.7448979591837,-1,-1,-1
2437,1500,303,3.81015825616121,80.7448979591837,-1,-1,-1
2437,1500,304,-5.3492435974339,81.7448979591837,-1,-1,-1
2437,1500,305,0.630469640862133,82.7448979591837,-1,-1,-1
2437,1500,306,-3.20406406494547,83.7448979591837,-1,-1,-1
2437,500,307,6.74609762392098,84.7448979591837,1,-1,-1
2437,500,308,5.94245535872096,85.7448979591837,1,1,-1
2437,1500,309,2.41095289996349,86.7448979591837,-1,1,1
2437,1500,310,-0.720793495787777,87.7448979591837,-1,-1,1
2437,1500,311,-9.2851253941937,88.7448979591837,-1,-1,-1
2437,1500,312,-1.90316226285093,89.7448979591837,-1,-1,-1
2437,500,313,3.12767730654965,90.7448979591837,1,-1,-1
2437,1500,314,-0.262433121872097,91.7448979591837,-1,1,-1
2437,1500,315,-0.299033076544657,92.7448979591837,-1,-1,1
2437,500,316,10.0653541025322,93.7448979591837,1,-1,-1
2437,1500,317,2.14269866632852,94.7448979591837,-1,1,-1
2437,1500,318,2.36056486969364,95.7448979591837,-1,-1,1
2437,1500,319,3.09204269143767,96.7448979591837,-1,-1,-1
2437,1500,320,5.54521052730141,97.7448979591837,-1,-1,-1
2437,1500,321,-0.156308896589327,98.7448979591837,-1,-1,-1
2437,500,322,5.96788231262552,99.7448979591837,1,-1,-1
2437,500,323,4.81355599409866,100.744897959184,1,1,-1
2437,1500,324,0.278516546811713,101.744897959184,-1,1,1
2437,500,325,2.33188902946856,102.744897959184,1,-1,1
2437,1500,326,6.89969085030964,103.744897959184,-1,1,-1
2437,1500,327,4.05583583441103,104.744897959184,-1,-1,1
2437,500,328,10.4687317290617,105.744897959184,1,-1,-1
2437,1500,329,-1.20662040325464,106.744897959184,-1,1,-1
2437,1500,330,-2.39541491545419,107.744897959184,-1,-1,1
2437,500,331,-0.330707237981223,108.744897959184,1,-1,-1
2437,500,332,5.71493368995221,109.744897959184,1,1,-1
2437,1500,333,3.62711952537337,110.744897959184,-1,1,1
2437,1500,334,2.05873986228379,111.744897959184,-1,-1,1
2437,500,335,7.17387433507256,112.744897959184,1,-1,-1
2437,1500,336,4.57750523587365,113.744897959184,-1,1,-1
2437,1500,337,3.44040793353091,114.744897959184,-1,-1,1
2437,1500,338,1.71314183436661,115.744897959184,-1,-1,-1
2437,1500,339,-1.70658971994399,116.744897959184,-1,-1,-1
2437,500,340,4.46060217944767,117.744897959184,1,-1,-1
2437,1500,341,-4.99394540491214,118.744897959184,-1,1,-1
2437,500,342,4.07510875181467,119.744897959184,1,-1,1
2437,500,343,-0.676069941419096,120.744897959184,1,1,-1
2437,1500,344,1.69282407826382,121.744897959184,-1,1,1
2437,1500,345,-2.64617874058101,122.744897959184,-1,-1,1
2437,1500,346,-0.693950654362107,123.744897959184,-1,-1,-1
2437,1500,348,1.35110715607917,125.744897959184,-1,-1,-1
2437,1500,349,-0.0259183580135072,126.744897959184,-1,-1,-1
2437,500,350,4.61756541598826,127.744897959184,1,-1,-1
2437,500,351,7.29427120825174,128.744897959184,1,1,-1
2437,1500,352,3.8908006117262,129.744897959184,-1,1,1
2437,500,353,8.36952595567222,130.744897959184,1,-1,1
2437,1500,354,5.46049994096916,131.744897959184,-1,1,-1
2437,1500,355,1.28029285711903,132.744897959184,-1,-1,1
2437,1500,356,-2.11602079287535,133.744897959184,-1,-1,-1
2437,500,357,5.02581748722526,134.744897959184,1,-1,-1
2437,1500,358,6.21155194101394,135.744897959184,-1,1,-1
2437,500,359,7.41804904533706,136.744897959184,1,-1,1
2437,1500,360,3.81324712603958,137.744897959184,-1,1,-1
2437,1500,361,2.78345544864276,138.744897959184,-1,-1,1
2437,500,362,6.71257268716258,139.744897959184,1,-1,-1
2437,1500,363,4.38417732948959,140.744897959184,-1,1,-1
2437,500,364,3.80020381498487,141.744897959184,1,-1,1
2437,500,365,3.83129106282898,142.744897959184,1,1,-1
2437,1500,366,4.69259095186256,143.744897959184,-1,1,1
2437,1500,367,0.937733025558723,144.744897959184,-1,-1,1
2437,500,368,1.54089036798657,145.744897959184,1,-1,-1
2437,500,369,4.60184421706367,146.744897959184,1,1,-1
2437,1500,370,0.341146894194153,147.744897959184,-1,1,1
2437,500,371,0.487086012739437,148.744897959184,1,-1,1
2437,1500,372,-1.99753500309998,149.744897959184,-1,1,-1
2437,1500,373,-5.85275545165782,150.744897959184,-1,-1,1
2437,1500,374,-3.12701864117545,151.744897959184,-1,-1,-1
2437,500,375,-1.9096475087059,152.744897959184,1,-1,-1
2437,500,376,-1.84175252650279,153.744897959184,1,1,-1
2437,500,377,-0.577653809565878,154.744897959184,1,1,1
2437,1500,378,-3.74038351783874,155.744897959184,-1,1,1
2437,500,379,3.13176172919604,156.744897959184,1,-1,1
2437,1500,380,-2.21403282896136,157.744897959184,-1,1,-1
2437,500,381,0.487131347821297,158.744897959184,1,-1,1
2437,500,382,2.52039090962047,159.744897959184,1,1,-1
2437,500,383,4.27138082810058,160.744897959184,1,1,1
2437,500,384,6.76223109317211,161.744897959184,1,1,1
2437,1500,385,-3.394527186526,162.744897959184,-1,1,1
2437,500,386,7.16697386050273,163.744897959184,1,-1,1
2437,1500,388,3.72836471854423,165.744897959184,-1,-1,1
2437,500,389,2.30269634269337,166.744897959184,1,-1,-1
2437,1500,390,-4.19337874374802,167.744897959184,-1,1,-1
2437,500,391,0.757807499553537,168.744897959184,1,-1,1
2437,500,392,2.6942474583361,169.744897959184,1,1,-1
2437,500,393,-3.97369209105026,170.744897959184,1,1,1
2437,1500,394,1.5468222901545,171.744897959184,-1,1,1
2437,500,395,5.2080100184169,172.744897959184,1,-1,1
2437,500,396,5.21684265969447,173.744897959184,1,1,-1
2437,1500,397,0.814031320160113,174.744897959184,-1,1,1
2437,1500,398,-2.51843071602426,175.744897959184,-1,-1,1
2437,500,399,-3.6267255350991,176.744897959184,1,-1,-1
2437,1500,400,0.691169071479303,177.744897959184,-1,1,-1
2437,500,401,3.85712551302763,178.744897959184,1,-1,1
2437,500,402,2.1248150832717,179.744897959184,1,1,-1
2437,1500,403,-1.47820612533957,180.744897959184,-1,1,1
2437,1500,404,-1.67403537945234,181.744897959184,-1,-1,1
2437,1500,405,-4.7863365329528,182.744897959184,-1,-1,-1
2437,500,406,1.99501690010909,183.744897959184,1,-1,-1
2437,500,407,0.210000471808117,184.744897959184,1,1,-1
2437,1500,408,-7.99280133630086,185.744897959184,-1,1,1
2437,1500,409,-0.692351112034777,186.744897959184,-1,-1,1
2437,1500,410,-1.73302316641801,187.744897959184,-1,-1,-1
2437,1500,411,-2.71333834985756,188.744897959184,-1,-1,-1
2437,500,412,0.205612342825097,189.744897959184,1,-1,-1
2437,500,413,-0.216436550881133,190.744897959184,1,1,-1
2437,500,414,1.14851883123142,191.744897959184,1,1,1
2437,500,415,3.28072744227655,192.744897959184,1,1,1
2437,1500,416,-4.6496258693315,193.744897959184,-1,1,1
2437,1500,417,-0.257415665293487,194.744897959184,-1,-1,1
2437,500,418,7.25039282860075,195.744897959184,1,-1,-1
2437,1500,419,1.32377799779498,196.744897959184,-1,1,-1
2437,1500,420,-2.57473648539523,197.744897959184,-1,-1,1
2438,1500,23,3.82658243002543,-197.754521963824,-1,1,-1
2438,1500,24,0.2808675953705,-196.754521963824,-1,-1,1
2438,500,25,2.42396527649174,-195.754521963824,1,-1,-1
2438,500,26,9.22455378112073,-194.754521963824,1,1,-1
2438,500,27,12.9400008431302,-193.754521963824,1,1,1
2438,1500,28,11.7058480597161,-192.754521963824,-1,1,1
2438,500,29,10.1762952405352,-191.754521963824,1,-1,1
2438,500,30,12.7026983048298,-190.754521963824,1,1,-1
2438,500,31,18.0334078488162,-189.754521963824,1,1,1
2438,1500,32,12.4449986821264,-188.754521963824,-1,1,1
2438,500,33,11.0450857963855,-187.754521963824,1,-1,1
2438,1500,34,10.7032897748485,-186.754521963824,-1,1,-1
2438,1500,35,3.57440172660105,-185.754521963824,-1,-1,1
2438,500,36,7.25563397567278,-184.754521963824,1,-1,-1
2438,500,37,10.7652889139318,-183.754521963824,1,1,-1
2438,1500,38,8.9787060116852,-182.754521963824,-1,1,1
2438,500,39,13.2137581336791,-181.754521963824,1,-1,1
2438,500,40,13.6367968759255,-180.754521963824,1,1,-1
2438,500,41,14.0496406948565,-179.754521963824,1,1,1
2438,500,42,15.0556011805555,-178.754521963824,1,1,1
2438,500,43,13.9036970447482,-177.754521963824,1,1,1
2438,1500,44,10.5413680368119,-176.754521963824,-1,1,1
2438,1500,45,7.5810140746842,-175.754521963824,-1,-1,1
2438,1500,46,4.73789200614936,-174.754521963824,-1,-1,-1
2438,500,47,6.72003855166823,-173.754521963824,1,-1,-1
2438,1500,48,4.81010985110857,-172.754521963824,-1,1,-1
2438,500,49,9.78468420475653,-171.754521963824,1,-1,1
2438,1500,50,8.6576607156814,-170.754521963824,-1,1,-1
2438,1500,51,3.28221207558341,-169.754521963824,-1,-1,1
2438,1500,52,-1.61358538003685,-168.754521963824,-1,-1,-1
2438,1500,53,0.8946846242785,-167.754521963824,-1,-1,-1
2438,500,54,3.7144752252153,-166.754521963824,1,-1,-1
2438,500,55,5.13966389939077,-165.754521963824,1,1,-1
2438,500,56,7.29192689625992,-164.754521963824,1,1,1
2438,500,57,9.55737735868533,-163.754521963824,1,1,1
2438,500,58,9.51132673537273,-162.754521963824,1,1,1
2438,1500,59,2.20028459995438,-161.754521963824,-1,1,1
2438,1500,60,4.76501714956902,-160.754521963824,-1,-1,1
2438,500,61,9.14182803786343,-159.754521963824,1,-1,-1
2438,500,62,12.1416919527814,-158.754521963824,1,1,-1
2438,500,63,12.1164769996379,-157.754521963824,1,1,1
2438,1500,64,11.9525475978233,-156.754521963824,-1,1,1
2438,500,65,8.33945862307144,-155.754521963824,1,-1,1
2438,500,66,10.6916538673673,-154.754521963824,1,1,-1
2438,1500,67,1.09691069627403,-153.754521963824,-1,1,1
2438,500,68,8.30111739780822,-152.754521963824,1,-1,1
2438,1500,69,7.0949890209905,-151.754521963824,-1,1,-1
2438,500,70,10.7320220000468,-150.754521963824,1,-1,1
2438,1500,71,1.16610141220475,-149.754521963824,-1,1,-1
2438,1500,72,3.8190478308854,-148.754521963824,-1,-1,1
2438,1500,73,4.30211473626882,-147.754521963824,-1,-1,-1
2438,1500,74,6.83492464354474,-146.754521963824,-1,-1,-1
2438,500,75,6.29304556445892,-145.754521963824,1,-1,-1
2438,1500,76,4.94828434528229,-144.754521963824,-1,1,-1
2438,500,77,8.54635708688424,-143.754521963824,1,-1,1
2438,500,78,13.4450555297222,-142.754521963824,1,1,-1
2438,1500,79,4.44432781530704,-141.754521963824,-1,1,1
2438,1500,80,4.3137010201658,-140.754521963824,-1,-1,1
2438,1500,81,-1.1612698495069,-139.754521963824,-1,-1,-1
2438,500,82,8.44235701460157,-138.754521963824,1,-1,-1
2438,1500,83,2.0554547882225,-137.754521963824,-1,1,-1
2438,1500,84,1.03113385045555,-136.754521963824,-1,-1,1
2438,500,85,9.53791895060453,-135.754521963824,1,-1,-1
2438,1500,86,1.09544774626753,-134.754521963824,-1,1,-1
2438,500,88,8.26110009342879,-132.754521963824,1,-1,-1
2438,1500,89,4.82529474768945,-131.754521963824,-1,1,-1
2438,1500,90,-1.13565085816559,-130.754521963824,-1,-1,1
2438,500,91,4.48777723560908,-129.754521963824,1,-1,-1
2438,1500,92,-0.27029843403019,-128.754521963824,-1,1,-1
2438,1500,93,-2.64567473822675,-127.754521963824,-1,-1,1
2438,1500,94,-8.4330832939827,-126.754521963824,-1,-1,-1
2438,1500,95,1.83672181623002,-125.754521963824,-1,-1,-1
2438,1500,96,-2.65058275498689,-124.754521963824,-1,-1,-1
2438,1500,97,-3.67566785397597,-123.754521963824,-1,-1,-1
2438,500,98,4.99356563545768,-122.754521963824,1,-1,-1
2438,500,99,6.15920790949251,-121.754521963824,1,1,-1
2438,1500,100,-2.1745019771065,-120.754521963824,-1,1,1
2438,1500,101,-1.46318568350533,-119.754521963824,-1,-1,1
2438,1500,102,-1.50465530156072,-118.754521963824,-1,-1,-1
2438,500,103,5.62849640993525,-117.754521963824,1,-1,-1
2438,1500,104,-3.84750610119194,-116.754521963824,-1,1,-1
2438,500,105,5.44022523198309,-115.754521963824,1,-1,1
2438,500,106,8.43312267106925,-114.754521963824,1,1,-1
2438,1500,107,0.42892281915194,-113.754521963824,-1,1,1
2438,500,108,4.19862168893167,-112.754521963824,1,-1,1
2438,500,109,3.79911045422458,-111.754521963824,1,1,-1
2438,500,110,4.77769415306537,-110.754521963824,1,1,1
2438,1500,111,-3.46988146078421,-109.754521963824,-1,1,1
2438,500,112,4.37270398200187,-108.754521963824,1,-1,1
2438,500,113,6.80284531868458,-107.754521963824,1,1,-1
2438,1500,114,-3.37276621594729,-106.754521963824,-1,1,1
2438,500,115,-1.28049625736902,-105.754521963824,1,-1,1
2438,1500,116,-5.15752611643647,-104.754521963824,-1,1,-1
2438,1500,117,-8.65826949260382,-103.754521963824,-1,-1,1
2438,1500,119,-6.54199274745505,-101.754521963824,-1,-1,-1
2438,500,120,-0.73312327377566,-100.754521963824,1,-1,-1
2438,1500,121,-3.31725257799006,-99.7545219638243,-1,1,-1
2438,1500,122,-1.73833715353915,-98.7545219638243,-1,-1,1
2438,1500,123,-4.84073268149702,-97.7545219638243,-1,-1,-1
2438,500,124,1.8407499724506,-96.7545219638243,1,-1,-1
2438,500,125,1.44006669095217,-95.7545219638243,1,1,-1
2438,500,126,0.688046777048515,-94.7545219638243,1,1,1
2438,1500,127,-6.82799940653309,-93.7545219638243,-1,1,1
2438,1500,128,-3.19105206409364,-92.7545219638243,-1,-1,1
2438,1500,129,-2.21070109736606,-91.7545219638243,-1,-1,-1
2438,500,130,3.62131891754578,-90.7545219638243,1,-1,-1
2438,500,131,2.68471255852984,-89.7545219638243,1,1,-1
2438,1500,132,-3.1907447411218,-88.7545219638243,-1,1,1
2438,500,133,4.88713832888535,-87.7545219638243,1,-1,1
2438,1500,134,3.94482722844793,-86.7545219638243,-1,1,-1
2438,500,135,6.25966594866173,-85.7545219638243,1,-1,1
2438,1500,136,1.94506276160565,-84.7545219638243,-1,1,-1
2438,1500,137,0.999447595105511,-83.7545219638243,-1,-1,1
2438,1500,138,0.77148024079738,-82.7545219638243,-1,-1,-1
2438,500,139,6.94412448750472,-81.7545219638243,1,-1,-1
2438,500,140,5.39130819969995,-80.7545219638243,1,1,-1
2438,500,141,7.66231913591486,-79.7545219638243,1,1,1
2438,500,142,7.79387931904677,-78.7545219638243,1,1,1
2438,1500,143,2.40879258389878,-77.7545219638243,-1,1,1
2438,1500,144,4.18134361184499,-76.7545219638243,-1,-1,1
2438,500,145,7.66470112657413,-75.7545219638243,1,-1,-1
2438,1500,146,6.44975744989647,-74.7545219638243,-1,1,-1
2438,1500,147,-3.75943736629302,-73.7545219638243,-1,-1,1
2438,500,148,4.14366389088648,-72.7545219638243,1,-1,-1
2438,1500,149,-2.63032827109597,-71.7545219638243,-1,1,-1
2438,1500,151,-2.35409055353778,-69.7545219638243,-1,-1,-1
2438,1500,152,1.7382114787467,-68.7545219638243,-1,-1,-1
2438,1500,153,2.92111681057381,-67.7545219638243,-1,-1,-1
2438,500,154,5.52689500581386,-66.7545219638243,1,-1,-1
2438,1500,155,0.63965113910574,-65.7545219638243,-1,1,-1
2438,500,156,2.84785468726369,-64.7545219638243,1,-1,1
2438,500,157,5.64599728679846,-63.7545219638243,1,1,-1
2438,500,158,8.89359233926743,-62.7545219638243,1,1,1
2438,1500,159,2.67105037154282,-61.7545219638243,-1,1,1
2438,500,160,5.076750577198,-60.7545219638243,1,-1,1
2438,500,161,8.10733172177713,-59.7545219638243,1,1,-1
2438,1500,162,4.54979850747713,-58.7545219638243,-1,1,1
2438,1500,163,-3.76507210486342,-57.7545219638243,-1,-1,1
2438,1500,164,-5.70041882695091,-56.7545219638243,-1,-1,-1
2438,1500,165,-4.96177900971907,-55.7545219638243,-1,-1,-1
2438,500,166,3.1632817419363,-54.7545219638243,1,-1,-1
2438,500,167,4.73648618216964,-53.7545219638243,1,1,-1
2438,500,168,0.850354437285054,-52.7545219638243,1,1,1
2438,500,169,1.06480702221548,-51.7545219638243,1,1,1
2438,1500,170,-2.74832240767967,-50.7545219638243,-1,1,1
2438,500,171,-1.84610114936969,-49.7545219638243,1,-1,1
2438,1500,172,-9.62945959658266,-48.7545219638243,-1,1,-1
2438,500,173,-4.993545251196,-47.7545219638243,1,-1,1
2438,500,174,-2.72661892558598,-46.7545219638243,1,1,-1
2438,500,175,-2.98925314777578,-45.7545219638243,1,1,1
2438,500,177,3.15050671833622,-43.7545219638243,1,-1,1
2438,500,178,0.749707780397434,-42.7545219638243,1,1,-1
2438,500,179,-0.312235958725926,-41.7545219638243,1,1,1
2438,1500,180,0.97480446964867,-40.7545219638243,-1,1,1
2438,500,181,4.23715537713732,-39.7545219638243,1,-1,1
2438,1500,182,-5.87717766075749,-38.7545219638243,-1,1,-1
2438,500,183,2.15999830912189,-37.7545219638243,1,-1,1
2438,500,184,0.920747038361544,-36.7545219638243,1,1,-1
2438,500,185,0.603343276795294,-35.7545219638243,1,1,1
2438,500,186,-1.80523804593558,-34.7545219638243,1,1,1
2438,500,187,0.761156753683965,-33.7545219638243,1,1,1
2438,1500,188,-8.66782762034239,-32.7545219638243,-1,1,1
2438,1500,189,-5.63490080597067,-31.7545219638243,-1,-1,1
2438,500,190,-0.935873406487532,-30.7545219638243,1,-1,-1
2438,1500,191,-5.74420461219439,-29.7545219638243,-1,1,-1
2438,1500,192,-5.87530237456447,-28.7545219638243,-1,-1,1
2438,500,193,0.109440388513914,-27.7545219638243,1,-1,-1
2438,500,194,-1.1299496639619,-26.7545219638243,1,1,-1
2438,500,195,-6.44518558288821,-25.7545219638243,1,1,1
2438,500,196,1.12099476196607,-24.7545219638243,1,1,1
2438,1500,197,-7.69045891597213,-23.7545219638243,-1,1,1
2438,500,198,-0.595575439007318,-22.7545219638243,1,-1,1
2438,1500,199,-4.61244428118771,-21.7545219638243,-1,1,-1
2438,1500,200,-4.46630735963191,-20.7545219638243,-1,-1,1
2438,1500,201,0.62610480270022,-19.7545219638243,-1,-1,-1
2438,1500,202,-3.29104243662754,-18.7545219638243,-1,-1,-1
2438,1500,203,-5.00677257130134,-17.7545219638243,-1,-1,-1
2438,500,204,4.96876885006521,-16.7545219638243,1,-1,-1
2438,500,205,1.0763129642742,-15.7545219638243,1,1,-1
2438,500,206,2.52114815469535,-14.7545219638243,1,1,1
2438,1500,207,-2.495652887218,-13.7545219638243,-1,1,1
2438,500,208,5.60945122271402,-12.7545219638243,1,-1,1
2438,500,209,8.19394980985018,-11.7545219638243,1,1,-1
2438,500,210,2.66633568908102,-10.7545219638243,1,1,1
2438,1500,211,-2.99089798775599,-9.75452196382429,-1,1,1
2438,1500,212,-9.24638375284287,-8.75452196382429,-1,-1,1
2438,1500,213,-3.83753364671812,-7.75452196382429,-1,-1,-1
2438,1500,214,-3.13631749479187,-6.75452196382429,-1,-1,-1
2438,1500,215,-1.73235482654738,-5.75452196382429,-1,-1,-1
2438,500,216,6.85134850441934,-4.75452196382429,1,-1,-1
2438,1500,217,-1.7714604284161,-3.75452196382429,-1,1,-1
2438,1500,218,-1.73658410163132,-2.75452196382429,-1,-1,1
2438,500,219,2.40911652159117,-1.75452196382429,1,-1,-1
2438,500,220,5.06297956410587,-0.754521963824288,1,1,-1
2438,500,221,3.56381117246378,0.245478036175712,1,1,1
2438,500,222,4.45771455311256,1.24547803617571,1,1,1
2438,500,223,2.97584082575023,2.24547803617571,1,1,1
2438,500,224,4.88783659657456,3.24547803617571,1,1,1
2438,500,225,3.77419154764338,4.24547803617571,1,1,1
2438,1500,226,0.48005395496193,5.24547803617571,-1,1,1
2438,500,227,3.42836198361934,6.24547803617571,1,-1,1
2438,500,228,6.32083543509791,7.24547803617571,1,1,-1
2438,1500,229,0.44247761213171,8.24547803617571,-1,1,1
2438,1500,230,-2.18836812569832,9.24547803617571,-1,-1,1
2438,1500,231,-2.23090313052167,10.2454780361757,-1,-1,-1
2438,500,233,1.66280095210857,12.2454780361757,1,-1,-1
2438,500,234,8.40864348008241,13.2454780361757,1,1,-1
2438,1500,235,4.99620118239335,14.2454780361757,-1,1,1
2438,500,236,8.07873907972131,15.2454780361757,1,-1,1
2438,1500,237,0.41051055957502,16.2454780361757,-1,1,-1
2438,500,238,5.75222953202683,17.2454780361757,1,-1,1
2438,500,239,3.43588416607184,18.2454780361757,1,1,-1
2438,1500,240,-1.59722092201199,19.2454780361757,-1,1,1
2438,1500,241,2.2156352722965,20.2454780361757,-1,-1,1
2438,500,242,2.68370305512161,21.2454780361757,1,-1,-1
2438,1500,243,-3.4380472599405,22.2454780361757,-1,1,-1
2438,1500,244,0.65691148369686,23.2454780361757,-1,-1,1
2438,1500,245,-2.3574108581599,24.2454780361757,-1,-1,-1
2438,500,246,6.01120750533203,25.2454780361757,1,-1,-1
2438,500,247,5.26065996200189,26.2454780361757,1,1,-1
2438,500,248,7.46599516519314,27.2454780361757,1,1,1
2438,1500,249,-2.16429472754883,28.2454780361757,-1,1,1
2438,500,250,2.2773868591507,29.2454780361757,1,-1,1
2438,500,251,4.24888715354112,30.2454780361757,1,1,-1
2438,1500,252,-7.61466675054682,31.2454780361757,-1,1,1
2438,1500,253,-5.42440240797692,32.2454780361757,-1,-1,1
2438,500,254,6.68976131547816,33.2454780361757,1,-1,-1
2438,500,255,5.5724647034424,34.2454780361757,1,1,-1
2438,1500,256,0.36323607913195,35.2454780361757,-1,1,1
2438,500,258,4.91603940919871,37.2454780361757,1,-1,-1
2438,500,259,4.81342042925646,38.2454780361757,1,1,-1
2438,500,260,4.94832195380874,39.2454780361757,1,1,1
2438,500,261,5.04437587574993,40.2454780361757,1,1,1
2438,1500,262,-5.29755229473858,41.2454780361757,-1,1,1
2438,500,263,-0.782931351725357,42.2454780361757,1,-1,1
2438,1500,264,-2.47310931470589,43.2454780361757,-1,1,-1
2438,1500,265,-4.47996478345765,44.2454780361757,-1,-1,1
2438,500,266,-1.89463840774275,45.2454780361757,1,-1,-1
2438,1500,267,-6.92450046834671,46.2454780361757,-1,1,-1
2438,500,268,1.41148330515899,47.2454780361757,1,-1,1
2438,500,270,1.91075258969518,49.2454780361757,1,-1,1
2438,500,271,4.28304617691404,50.2454780361757,1,1,-1
2438,1500,272,-2.27311198922184,51.2454780361757,-1,1,1
2438,500,273,2.42625263628431,52.2454780361757,1,-1,1
2438,1500,274,-3.86889712247205,53.2454780361757,-1,1,-1
2438,1500,275,-7.81297498404428,54.2454780361757,-1,-1,1
2438,500,276,-2.74700238161509,55.2454780361757,1,-1,-1
2438,500,277,2.86688209723946,56.2454780361757,1,1,-1
2438,500,278,-0.596752709966656,57.2454780361757,1,1,1
2438,500,279,4.17635940894776,58.2454780361757,1,1,1
2438,500,280,4.61360137387366,59.2454780361757,1,1,1
2438,500,281,4.0683324024236,60.2454780361757,1,1,1
2438,500,282,-0.174438879978206,61.2454780361757,1,1,1
2438,1500,283,-1.47201557257891,62.2454780361757,-1,1,1
2438,500,284,1.10738241045976,63.2454780361757,1,-1,1
2438,1500,285,-1.88337797772193,64.2454780361757,-1,1,-1
2438,500,286,0.780148109587224,65.2454780361757,1,-1,1
2438,500,287,0.0407146243378045,66.2454780361757,1,1,-1
2438,500,288,-1.08975875408347,67.2454780361757,1,1,1
2438,1500,289,-6.88944432246687,68.2454780361757,-1,1,1
2438,500,290,-2.3269810936912,69.2454780361757,1,-1,1
2438,1500,291,-6.21855609620764,70.2454780361757,-1,1,-1
2438,500,292,-3.34907238124437,71.2454780361757,1,-1,1
2438,1500,293,-9.54974819163619,72.2454780361757,-1,1,-1
2438,500,294,1.73971387704059,73.2454780361757,1,-1,1
2438,1500,295,-6.74372808440813,74.2454780361757,-1,1,-1
2438,1500,296,-10.5665316149706,75.2454780361757,-1,-1,1
2438,1500,297,-7.74459298444668,76.2454780361757,-1,-1,-1
2438,1500,298,-5.39466384458371,77.2454780361757,-1,-1,-1
2438,1500,299,-4.66493557361173,78.2454780361757,-1,-1,-1
2438,1500,300,-2.2007888692241,79.2454780361757,-1,-1,-1
2438,1500,301,-5.90520103149293,80.2454780361757,-1,-1,-1
2438,500,302,2.4935651879684,81.2454780361757,1,-1,-1
2438,500,303,0.925587464869275,82.2454780361757,1,1,-1
2438,1500,304,-1.03723101577897,83.2454780361757,-1,1,1
2438,1500,305,-4.86987167748494,84.2454780361757,-1,-1,1
2438,500,306,2.29981701927661,85.2454780361757,1,-1,-1
2438,1500,307,-6.51892528815581,86.2454780361757,-1,1,-1
2438,500,308,4.98369628406586,87.2454780361757,1,-1,1
2438,1500,309,-4.30560967127632,88.2454780361757,-1,1,-1
2438,1500,310,-4.13893667257397,89.2454780361757,-1,-1,1
2438,1500,311,0.62670230850683,90.2454780361757,-1,-1,-1
2438,500,312,8.94069053978723,91.2454780361757,1,-1,-1
2438,500,313,3.61289768979447,92.2454780361757,1,1,-1
2438,1500,315,-3.0619224240013,94.2454780361757,-1,-1,1
2438,500,316,3.33626494445377,95.2454780361757,1,-1,-1
2438,1500,317,-2.4449091765162,96.2454780361757,-1,1,-1
2438,1500,318,-2.21038647094314,97.2454780361757,-1,-1,1
2438,1500,319,-5.89827219261902,98.2454780361757,-1,-1,-1
2438,500,320,2.62294559525344,99.2454780361757,1,-1,-1
2438,500,321,0.879094650816054,100.245478036176,1,1,-1
2438,1500,322,-4.82507042376805,101.245478036176,-1,1,1
2438,500,323,-2.09650063647875,102.245478036176,1,-1,1
2438,1500,324,-5.08842364773097,103.245478036176,-1,1,-1
2438,500,325,2.98497080579519,104.245478036176,1,-1,1
2438,500,326,0.298220803663295,105.245478036176,1,1,-1
2438,500,327,-2.34271594842364,106.245478036176,1,1,1
2438,1500,328,0.54848790970178,107.245478036176,-1,1,1
2438,1500,329,-5.41110166480936,108.245478036176,-1,-1,1
2438,500,330,3.0096214852437,109.245478036176,1,-1,-1
2438,500,331,-1.27186073884976,110.245478036176,1,1,-1
2438,500,332,-1.2571494362695,111.245478036176,1,1,1
2438,1500,333,-7.20465952143109,112.245478036176,-1,1,1
2438,1500,334,-11.0295601412281,113.245478036176,-1,-1,1
2438,500,335,-2.92751357664785,114.245478036176,1,-1,-1
2438,1500,336,-7.04546869987736,115.245478036176,-1,1,-1
2438,500,337,-2.15957276879382,116.245478036176,1,-1,1
2438,500,338,-3.86100711562863,117.245478036176,1,1,-1
2438,500,339,-2.621266869064,118.245478036176,1,1,1
2438,500,340,-6.59298221794005,119.245478036176,1,1,1
2438,500,341,-1.89392072746123,120.245478036176,1,1,1
2438,500,343,-5.94236848224207,122.245478036176,1,-1,1
2438,500,344,-2.46580508890502,123.245478036176,1,1,-1
2438,1500,345,-11.1188455655703,124.245478036176,-1,1,1
2438,1500,346,-14.4595681424582,125.245478036176,-1,-1,1
2438,500,347,-5.05887218444039,126.245478036176,1,-1,-1
2438,500,348,-5.11455286156007,127.245478036176,1,1,-1
2438,1500,349,-11.3216241629665,128.245478036176,-1,1,1
2438,1500,350,-11.4630921926815,129.245478036176,-1,-1,1
2438,1500,351,-7.34464390829361,130.245478036176,-1,-1,-1
2438,1500,352,-8.27604464340838,131.245478036176,-1,-1,-1
2438,500,353,-2.74262414086394,132.245478036176,1,-1,-1
2438,500,354,-4.24197387817428,133.245478036176,1,1,-1
2438,500,355,-5.05541410819272,134.245478036176,1,1,1
2438,1500,356,-11.0930714314544,135.245478036176,-1,1,1
2438,500,357,-5.7051992456065,136.245478036176,1,-1,1
2438,500,358,-1.46690234572949,137.245478036176,1,1,-1
2438,1500,359,-6.01949594286449,138.245478036176,-1,1,1
2438,500,360,-7.18008962774857,139.245478036176,1,-1,1
2438,500,361,0.948800578955135,140.245478036176,1,1,-1
2438,1500,362,0.14564191931585,141.245478036176,-1,1,1
2438,1500,363,-3.71193955810425,142.245478036176,-1,-1,1
2438,1500,364,-3.4382071252476,143.245478036176,-1,-1,-1
2438,1500,365,-3.84596210731795,144.245478036176,-1,-1,-1
2438,1500,366,-1.94005716517875,145.245478036176,-1,-1,-1
2438,500,368,-1.18999429459083,147.245478036176,1,-1,-1
2438,500,369,3.39402496133286,148.245478036176,1,1,-1
2438,1500,370,-5.12506030188313,149.245478036176,-1,1,1
2438,1500,371,-5.0164583358244,150.245478036176,-1,-1,1
2438,500,372,0.689566267507584,151.245478036176,1,-1,-1
2438,1500,373,-6.16765912892458,152.245478036176,-1,1,-1
2438,1500,374,-6.88895162734777,153.245478036176,-1,-1,1
2438,500,375,-1.79796117437946,154.245478036176,1,-1,-1
2438,500,376,1.92939690300809,155.245478036176,1,1,-1
2438,1500,377,-4.67831535815579,156.245478036176,-1,1,1
2438,1500,378,-7.42079505129475,157.245478036176,-1,-1,1
2438,1500,379,-6.77354837662731,158.245478036176,-1,-1,-1
2438,1500,380,-9.02534883565354,159.245478036176,-1,-1,-1
2438,1500,381,-4.56252108309865,160.245478036176,-1,-1,-1
2438,500,382,5.24365466636166,161.245478036176,1,-1,-1
2438,1500,383,-1.10379158181201,162.245478036176,-1,1,-1
2438,1500,384,-0.0887597580228698,163.245478036176,-1,-1,1
2438,500,385,6.02619155118108,164.245478036176,1,-1,-1
2438,1500,386,-3.13103516206069,165.245478036176,-1,1,-1
2438,500,387,2.32676267966778,166.245478036176,1,-1,1
2438,1500,388,4.32059942601636,167.245478036176,-1,1,-1
2438,1500,389,-7.1258517701691,168.245478036176,-1,-1,1
2438,500,390,1.3320692472484,169.245478036176,1,-1,-1
2438,500,391,6.72219065723812,170.245478036176,1,1,-1
2438,500,392,1.18958967774813,171.245478036176,1,1,1
2438,1500,393,-5.40590786603989,172.245478036176,-1,1,1
2438,500,394,-3.41602440203678,173.245478036176,1,-1,1
2438,1500,395,-11.0415801603895,174.245478036176,-1,1,-1
2438,500,396,-3.42665785809128,175.245478036176,1,-1,1
2438,500,397,-3.11799259155518,176.245478036176,1,1,-1
2438,1500,398,-14.3461505640805,177.245478036176,-1,1,1
2438,1500,399,-10.2295916573751,178.245478036176,-1,-1,1
2438,1500,400,-10.995993091622,179.245478036176,-1,-1,-1
2438,1500,401,-13.346893881694,180.245478036176,-1,-1,-1
2438,1500,402,-10.9984673788556,181.245478036176,-1,-1,-1
2438,1500,403,-11.2946118340422,182.245478036176,-1,-1,-1
2438,1500,404,-14.5657868968752,183.245478036176,-1,-1,-1
2438,500,405,-0.186405356242596,184.245478036176,1,-1,-1
2438,1500,406,-4.68854141898138,185.245478036176,-1,1,-1
2438,500,407,-3.53355730375457,186.245478036176,1,-1,1
2438,500,408,-7.77663509551834,187.245478036176,1,1,-1
2438,500,409,1.53331386949839,188.245478036176,1,1,1
2438,1500,410,-8.15924319412107,189.245478036176,-1,1,1
2438,500,411,1.56838200870978,190.245478036176,1,-1,1
2438,1500,412,-7.28687099001293,191.245478036176,-1,1,-1
2438,500,414,-0.666200661720518,193.245478036176,1,-1,-1
2438,500,415,-7.10459511210516,194.245478036176,1,1,-1
2438,1500,416,-7.3498039319095,195.245478036176,-1,1,1
2438,1500,417,-5.14439723164801,196.245478036176,-1,-1,1
2438,500,418,-0.267057310538026,197.245478036176,1,-1,-1
2438,500,419,-0.826771828121652,198.245478036176,1,1,-1
2438,500,420,3.20548499324605,199.245478036176,1,1,1
2442,1500,23,-5.24938050095922,-198.588235294118,-1,-1,-1
2442,500,24,-10.854086468611,-197.588235294118,1,-1,-1
2442,1500,25,0.34664003475765,-196.588235294118,-1,1,-1
2442,500,26,-7.28661421161705,-195.588235294118,1,-1,1
2442,500,27,3.18595474286312,-194.588235294118,1,1,-1
2442,500,28,-0.0340305642001431,-193.588235294118,1,1,1
2442,500,29,16.0455978702872,-192.588235294118,1,1,1
2442,500,30,4.63181574632484,-191.588235294118,1,1,1
2442,500,31,10.6221927900204,-190.588235294118,1,1,1
2442,1500,32,7.6312732591753,-189.588235294118,-1,1,1
2442,1500,33,3.13982237520338,-188.588235294118,-1,-1,1
2442,500,34,2.0171596894394,-187.588235294118,1,-1,-1
2442,1500,35,11.7125044590838,-186.588235294118,-1,1,-1
2442,1500,36,2.98658068769068,-185.588235294118,-1,-1,1
2442,1500,37,-2.47219860960574,-184.588235294118,-1,-1,-1
2442,1500,38,-0.0210521539989701,-183.588235294118,-1,-1,-1
2442,1500,39,-8.18484355914233,-182.588235294118,-1,-1,-1
2442,1500,40,-5.97425450676808,-181.588235294118,-1,-1,-1
2442,500,41,-10.5635589671724,-180.588235294118,1,-1,-1
2442,1500,42,2.31674885799757,-179.588235294118,-1,1,-1
2442,500,43,-6.13731096315836,-178.588235294118,1,-1,1
2442,1500,44,2.73756742501508,-177.588235294118,-1,1,-1
2442,500,45,-2.08145279697994,-176.588235294118,1,-1,1
2442,500,46,4.10208999523485,-175.588235294118,1,1,-1
2442,500,47,12.3852178756767,-174.588235294118,1,1,1
2442,500,48,14.5939210197212,-173.588235294118,1,1,1
2442,500,49,17.7939344163589,-172.588235294118,1,1,1
2442,1500,50,15.2297200969062,-171.588235294118,-1,1,1
2442,1500,51,-13.2547472233051,-170.588235294118,-1,-1,1
2442,500,52,-2.27052470077839,-169.588235294118,1,-1,-1
2442,1500,53,9.82779188490357,-168.588235294118,-1,1,-1
2442,500,54,0.260488104971297,-167.588235294118,1,-1,1
2442,500,55,12.6759027520997,-166.588235294118,1,1,-1
2442,500,56,9.71808988544929,-165.588235294118,1,1,1
2442,500,57,13.3776100224052,-164.588235294118,1,1,1
2442,500,58,16.3318156207052,-163.588235294118,1,1,1
2442,1500,59,10.613859148621,-162.588235294118,-1,1,1
2442,500,60,3.38785924060778,-161.588235294118,1,-1,1
2442,500,61,2.14449473285688,-160.588235294118,1,1,-1
2442,500,62,10.2212658251139,-159.588235294118,1,1,1
2442,1500,63,9.23838702810397,-158.588235294118,-1,1,1
2442,1500,64,5.90861873119918,-157.588235294118,-1,-1,1
2442,1500,65,-4.68651478683824,-156.588235294118,-1,-1,-1
2442,1500,66,-1.12611724609876,-155.588235294118,-1,-1,-1
2442,500,67,5.811340388252,-154.588235294118,1,-1,-1
2442,1500,68,5.41620473544176,-153.588235294118,-1,1,-1
2442,500,69,2.4002552553746,-152.588235294118,1,-1,1
2442,500,70,13.7414459925942,-151.588235294118,1,1,-1
2442,1500,72,21.2675674261468,-149.588235294118,-1,1,1
2442,500,74,13.8803658746348,-147.588235294118,1,-1,-1
2442,1500,75,7.92164277146645,-146.588235294118,-1,1,-1
2442,1500,76,-5.60541415892575,-145.588235294118,-1,-1,1
2442,1500,77,-5.66701172139764,-144.588235294118,-1,-1,-1
2442,500,78,-5.93892435212994,-143.588235294118,1,-1,-1
2442,1500,80,-6.06324968509729,-141.588235294118,-1,-1,1
2442,500,81,13.832855837139,-140.588235294118,1,-1,-1
2442,1500,82,13.1153938590988,-139.588235294118,-1,1,-1
2442,500,83,9.71499610456149,-138.588235294118,1,-1,1
2442,1500,84,5.09585002152702,-137.588235294118,-1,1,-1
2442,500,85,0.334676820566647,-136.588235294118,1,-1,1
2442,1500,86,13.1305254834709,-135.588235294118,-1,1,-1
2442,1500,87,3.09313376769679,-134.588235294118,-1,-1,1
2442,500,88,-0.531265228793073,-133.588235294118,1,-1,-1
2442,1500,89,12.5384972672681,-132.588235294118,-1,1,-1
2442,500,90,15.2930894333444,-131.588235294118,1,-1,1
2442,1500,91,5.63567079506351,-130.588235294118,-1,1,-1
2442,500,92,-2.67974660240654,-129.588235294118,1,-1,1
2442,500,93,10.4540150195917,-128.588235294118,1,1,-1
2442,1500,94,9.56823825272247,-127.588235294118,-1,1,1
2442,1500,95,8.5998225623025,-126.588235294118,-1,-1,1
2442,1500,96,8.34388217546541,-125.588235294118,-1,-1,-1
2442,1500,97,1.65398270981832,-124.588235294118,-1,-1,-1
2442,1500,98,4.87646990952439,-123.588235294118,-1,-1,-1
2442,500,99,-0.316614246289503,-122.588235294118,1,-1,-1
2442,1500,100,13.4997910605469,-121.588235294118,-1,1,-1
2442,1500,101,2.98774816486073,-120.588235294118,-1,-1,1
2442,500,102,3.32179373478914,-119.588235294118,1,-1,-1
2442,500,103,21.5013547038832,-118.588235294118,1,1,-1
2442,500,104,16.6319668417981,-117.588235294118,1,1,1
2442,1500,105,20.3660071913898,-116.588235294118,-1,1,1
2442,500,106,18.8710643557478,-115.588235294118,1,-1,1
2442,500,107,16.9761304420435,-114.588235294118,1,1,-1
2442,500,108,18.0470435733024,-113.588235294118,1,1,1
2442,500,109,19.2185282074885,-112.588235294118,1,1,1
2442,1500,111,0.6518659231992,-110.588235294118,-1,-1,1
2442,500,112,4.05769998279755,-109.588235294118,1,-1,-1
2442,1500,113,8.20275086028297,-108.588235294118,-1,1,-1
2442,1500,114,6.21085347692713,-107.588235294118,-1,-1,1
2442,1500,115,6.67719803105758,-106.588235294118,-1,-1,-1
2442,500,116,9.20313048397559,-105.588235294118,1,-1,-1
2442,500,117,7.46793511468829,-104.588235294118,1,1,-1
2442,1500,118,11.3113195369088,-103.588235294118,-1,1,1
2442,500,119,6.76690429353189,-102.588235294118,1,-1,1
2442,1500,120,14.9707345521815,-101.588235294118,-1,1,-1
2442,1500,121,11.3221602069833,-100.588235294118,-1,-1,1
2442,500,122,25.7947064652415,-99.5882352941177,1,-1,-1
2442,500,123,14.7199934794309,-98.5882352941177,1,1,-1
2442,500,124,15.6237392560686,-97.5882352941177,1,1,1
2442,500,125,21.5688965978701,-96.5882352941177,1,1,1
2442,500,126,18.7384260145328,-95.5882352941177,1,1,1
2442,1500,127,23.6508655255506,-94.5882352941177,-1,1,1
2442,1500,128,14.7239663054839,-93.5882352941177,-1,-1,1
2442,500,129,8.42592905979729,-92.5882352941177,1,-1,-1
2442,500,130,16.6679774546386,-91.5882352941177,1,1,-1
2442,500,131,13.4310548258984,-90.5882352941177,1,1,1
2442,500,132,14.0859539080757,-89.5882352941177,1,1,1
2442,500,133,14.8179086601977,-88.5882352941177,1,1,1
2442,500,134,14.9905325391309,-87.5882352941177,1,1,1
2442,1500,135,7.58906251074839,-86.5882352941177,-1,1,1
2442,1500,136,5.8606876615039,-85.5882352941177,-1,-1,1
2442,500,137,3.46052711212605,-84.5882352941177,1,-1,-1
2442,500,138,12.0335460800179,-83.5882352941177,1,1,-1
2442,500,139,9.42937931619519,-82.5882352941177,1,1,1
2442,1500,140,14.7266985902716,-81.5882352941177,-1,1,1
2442,1500,141,8.07405498214587,-80.5882352941177,-1,-1,1
2442,500,142,13.8429904397229,-79.5882352941177,1,-1,-1
2442,500,143,13.8609137418627,-78.5882352941177,1,1,-1
2442,1500,144,14.5132878871329,-77.5882352941177,-1,1,1
2442,500,145,15.7547729907332,-76.5882352941177,1,-1,1
2442,1500,146,9.54550228344907,-75.5882352941177,-1,1,-1
2442,1500,149,12.6933928607284,-72.5882352941177,-1,1,-1
2442,1500,150,6.85508334418934,-71.5882352941177,-1,-1,1
2442,500,151,-5.88483529468601,-70.5882352941177,1,-1,-1
2442,500,154,16.3840068344547,-67.5882352941177,1,-1,1
2442,1500,155,-1.97793807756841,-66.5882352941177,-1,1,-1
2442,500,158,2.73977431976428,-63.5882352941177,1,-1,-1
2442,500,159,8.11765877469899,-62.5882352941177,1,1,-1
2442,500,160,14.4203902292688,-61.5882352941177,1,1,1
2442,1500,162,7.29302062250343,-59.5882352941177,-1,-1,1
2442,500,163,0.935534684803677,-58.5882352941177,1,-1,-1
2442,500,164,9.36622176823759,-57.5882352941177,1,1,-1
2442,1500,165,7.16663189674273,-56.5882352941177,-1,1,1
2442,500,166,-0.195365561692243,-55.5882352941177,1,-1,1
2442,1500,167,8.16207519078189,-54.5882352941177,-1,1,-1
2442,500,169,3.24365855211941,-52.5882352941177,1,-1,-1
2442,1500,171,0.39529029630576,-50.5882352941177,-1,-1,1
2442,1500,172,-1.76269482462268,-49.5882352941177,-1,-1,-1
2442,1500,173,5.76676000048441,-48.5882352941177,-1,-1,-1
2442,500,175,6.69070843347529,-46.5882352941177,1,-1,-1
2442,1500,176,7.08124337382903,-45.5882352941177,-1,1,-1
2442,1500,177,6.1724930382678,-44.5882352941177,-1,-1,1
2442,500,178,4.82942288663846,-43.5882352941177,1,-1,-1
2442,500,179,8.24900939227439,-42.5882352941177,1,1,-1
2442,500,180,13.72695283552,-41.5882352941177,1,1,1
2442,1500,181,18.286820904656,-40.5882352941177,-1,1,1
2442,1500,182,9.76313260062367,-39.5882352941177,-1,-1,1
2442,1500,183,9.56575032976517,-38.5882352941177,-1,-1,-1
2442,500,184,14.3455001486427,-37.5882352941177,1,-1,-1
2442,500,185,14.5468152890042,-36.5882352941177,1,1,-1
2442,1500,186,16.1297626623579,-35.5882352941177,-1,1,1
2442,1500,187,12.8171695603155,-34.5882352941177,-1,-1,1
2442,1500,188,6.96139714293125,-33.5882352941177,-1,-1,-1
2442,1500,189,12.8062266716463,-32.5882352941177,-1,-1,-1
2442,1500,190,15.2507374654117,-31.5882352941177,-1,-1,-1
2442,1500,191,4.63966720003482,-30.5882352941177,-1,-1,-1
2442,500,192,-1.41836342399439,-29.5882352941177,1,-1,-1
2442,500,193,15.9842884177549,-28.5882352941177,1,1,-1
2442,1500,194,18.324164220727,-27.5882352941177,-1,1,1
2442,500,195,8.39456169339559,-26.5882352941177,1,-1,1
2442,1500,196,13.4456064396564,-25.5882352941177,-1,1,-1
2442,1500,197,2.63502691132752,-24.5882352941177,-1,-1,1
2442,500,198,12.152021660215,-23.5882352941177,1,-1,-1
2442,500,199,17.1862889371684,-22.5882352941177,1,1,-1
2442,1500,200,13.8117768266516,-21.5882352941177,-1,1,1
2442,500,201,6.50675817104669,-20.5882352941177,1,-1,1
2442,500,202,16.0881982267977,-19.5882352941177,1,1,-1
2442,500,203,12.0112432753008,-18.5882352941177,1,1,1
2442,1500,204,15.3315524145362,-17.5882352941177,-1,1,1
2442,500,205,5.1070689505315,-16.5882352941177,1,-1,1
2442,1500,206,13.7798276510937,-15.5882352941177,-1,1,-1
2442,500,207,10.6078596897055,-14.5882352941177,1,-1,1
2442,500,208,10.8443105185779,-13.5882352941177,1,1,-1
2442,500,209,8.14568899229849,-12.5882352941177,1,1,1
2442,1500,210,10.3157467404086,-11.5882352941177,-1,1,1
2442,1500,211,10.8797396163797,-10.5882352941177,-1,-1,1
2442,500,212,10.7351999468294,-9.58823529411765,1,-1,-1
2442,1500,213,12.3103875842233,-8.58823529411765,-1,1,-1
2442,500,214,5.74073799687896,-7.58823529411765,1,-1,1
2442,1500,215,0.08733601179964,-6.58823529411765,-1,1,-1
2442,500,216,11.8500626737657,-5.58823529411765,1,-1,1
2442,500,217,20.2272108127105,-4.58823529411765,1,1,-1
2442,500,218,12.348718568348,-3.58823529411765,1,1,1
2442,1500,219,10.5724544996842,-2.58823529411765,-1,1,1
2442,1500,220,7.00622877107745,-1.58823529411765,-1,-1,1
2442,500,221,8.37779245968169,-0.588235294117652,1,-1,-1
2442,500,222,12.3813710161775,0.411764705882348,1,1,-1
2442,1500,223,10.6003101972687,1.41176470588235,-1,1,1
2442,1500,224,9.46529296459797,2.41176470588235,-1,-1,1
2442,500,225,7.22636524538709,3.41176470588235,1,-1,-1
2442,500,226,13.9029267361491,4.41176470588235,1,1,-1
2442,1500,227,17.066332840856,5.41176470588235,-1,1,1
2442,500,228,15.5921557654773,6.41176470588235,1,-1,1
2442,1500,229,10.949583537063,7.41176470588235,-1,1,-1
2442,1500,230,9.17251213962107,8.41176470588235,-1,-1,1
2442,500,231,8.19888299649419,9.41176470588235,1,-1,-1
2442,1500,232,10.6522418669548,10.4117647058823,-1,1,-1
2442,1500,233,5.3389891778692,11.4117647058823,-1,-1,1
2442,500,234,-0.529472240248703,12.4117647058823,1,-1,-1
2442,500,235,11.6718219790403,13.4117647058823,1,1,-1
2442,1500,236,13.1185258919934,14.4117647058823,-1,1,1
2442,1500,237,8.90749778345997,15.4117647058823,-1,-1,1
2442,1500,238,7.46529395049136,16.4117647058823,-1,-1,-1
2442,500,239,-1.67863670830608,17.4117647058823,1,-1,-1
2442,1500,240,8.97248744457757,18.4117647058823,-1,1,-1
2442,1500,241,5.54057888533162,19.4117647058823,-1,-1,1
2442,1500,242,-15.7609839309778,20.4117647058823,-1,-1,-1
2442,500,243,4.76142560210336,21.4117647058823,1,-1,-1
2442,500,244,12.6690415071293,22.4117647058823,1,1,-1
2442,1500,245,10.4834912407475,23.4117647058823,-1,1,1
2442,500,246,7.31964646379569,24.4117647058823,1,-1,1
2442,500,247,12.4258912612385,25.4117647058823,1,1,-1
2442,500,248,20.9977469324076,26.4117647058823,1,1,1
2442,1500,249,13.7522298136836,27.4117647058823,-1,1,1
2442,500,250,17.763051866901,28.4117647058823,1,-1,1
2442,1500,251,12.3637785845673,29.4117647058823,-1,1,-1
2442,500,252,14.540071388425,30.4117647058823,1,-1,1
2442,500,254,2.09535395277345,32.4117647058823,1,-1,1
2442,500,255,9.42908945279109,33.4117647058823,1,1,-1
2442,1500,256,10.1282270756189,34.4117647058823,-1,1,1
2442,500,257,6.41298696859609,35.4117647058823,1,-1,1
2442,500,258,10.4900494113333,36.4117647058823,1,1,-1
2442,500,259,8.39203990307649,37.4117647058823,1,1,1
2442,1500,260,10.8537338333939,38.4117647058823,-1,1,1
2442,500,261,4.48475689697116,39.4117647058823,1,-1,1
2442,1500,262,4.15238624497587,40.4117647058823,-1,1,-1
2442,1500,263,8.43105400040471,41.4117647058823,-1,-1,1
2442,1500,264,2.02004353597039,42.4117647058823,-1,-1,-1
2442,500,265,4.93579044110592,43.4117647058823,1,-1,-1
2442,500,266,10.3637851035018,44.4117647058823,1,1,-1
2442,500,267,13.9184363303486,45.4117647058823,1,1,1
2442,1500,268,16.2436197455797,46.4117647058823,-1,1,1
2442,1500,269,5.95407597625727,47.4117647058823,-1,-1,1
2442,500,270,7.66217620992029,48.4117647058823,1,-1,-1
2442,500,271,13.9371872516399,49.4117647058823,1,1,-1
2442,1500,272,15.0036908939508,50.4117647058823,-1,1,1
2442,500,273,11.7457491545253,51.4117647058823,1,-1,1
2442,1500,274,19.3488854105152,52.4117647058823,-1,1,-1
2442,500,275,8.33683097594109,53.4117647058823,1,-1,1
2442,500,276,10.9485371771179,54.4117647058823,1,1,-1
2442,1500,277,14.6289834128972,55.4117647058823,-1,1,1
2442,500,278,14.6628174151108,56.4117647058823,1,-1,1
2442,500,279,19.4291369620326,57.4117647058823,1,1,-1
2442,1500,280,27.9302658291765,58.4117647058823,-1,1,1
2442,1500,281,12.8883119308021,59.4117647058823,-1,-1,1
2442,500,282,12.9380853717274,60.4117647058823,1,-1,-1
2442,500,283,10.7421099580754,61.4117647058823,1,1,-1
2442,1500,285,5.26741720490068,63.4117647058823,-1,-1,1
2442,500,286,8.05471924592929,64.4117647058823,1,-1,-1
2442,1500,287,11.4736548293245,65.4117647058823,-1,1,-1
2442,500,288,5.38943661928996,66.4117647058823,1,-1,1
2442,1500,289,13.195151681195,67.4117647058823,-1,1,-1
2442,500,290,18.1107357306109,68.4117647058823,1,-1,1
2442,500,291,18.2096112082932,69.4117647058823,1,1,-1
2442,500,292,16.2949475067925,70.4117647058823,1,1,1
2442,500,293,18.190872629509,71.4117647058823,1,1,1
2442,1500,294,18.2117987513055,72.4117647058823,-1,1,1
2442,1500,296,6.70933760380322,74.4117647058823,-1,-1,-1
2442,500,297,13.1953228053823,75.4117647058823,1,-1,-1
2442,500,298,18.9182843581695,76.4117647058823,1,1,-1
2442,1500,299,14.7324512338865,77.4117647058823,-1,1,1
2442,500,301,8.11532388289839,79.4117647058823,1,-1,-1
2442,1500,302,11.386445874393,80.4117647058823,-1,1,-1
2442,1500,303,7.20879598669531,81.4117647058823,-1,-1,1
2442,1500,304,13.79199248833,82.4117647058823,-1,-1,-1
2442,1500,305,8.72144037091876,83.4117647058823,-1,-1,-1
2442,500,306,17.958120905062,84.4117647058823,1,-1,-1
2442,1500,307,21.6920299358385,85.4117647058823,-1,1,-1
2442,500,308,25.6395235139488,86.4117647058823,1,-1,1
2442,500,310,23.2877480039379,88.4117647058823,1,-1,1
2442,500,311,14.5915022475412,89.4117647058823,1,1,-1
2442,500,312,19.0016083781987,90.4117647058823,1,1,1
2442,500,313,20.6612840436016,91.4117647058823,1,1,1
2442,1500,314,22.2755763123935,92.4117647058823,-1,1,1
2442,1500,315,6.08878333781334,93.4117647058823,-1,-1,1
2442,1500,316,11.710991483241,94.4117647058823,-1,-1,-1
2442,500,317,8.37203390489279,95.4117647058823,1,-1,-1
2442,500,318,10.04452789852,96.4117647058823,1,1,-1
2442,1500,319,11.1653023788567,97.4117647058823,-1,1,1
2442,500,320,7.73684021023519,98.4117647058823,1,-1,1
2442,500,321,6.91069440602989,99.4117647058823,1,1,-1
2442,1500,322,13.7697240272878,100.411764705882,-1,1,1
2442,1500,323,6.7007035368909,101.411764705882,-1,-1,1
2442,1500,324,0.89680598439411,102.411764705882,-1,-1,-1
2442,1500,325,4.16886151798461,103.411764705882,-1,-1,-1
2442,500,326,7.98795499042169,104.411764705882,1,-1,-1
2442,500,327,12.2424793338532,105.411764705882,1,1,-1
2442,500,328,17.9936277339984,106.411764705882,1,1,1
2442,1500,329,18.7532660462279,107.411764705882,-1,1,1
2442,1500,330,11.7096025498428,108.411764705882,-1,-1,1
2442,1500,331,13.045402474066,109.411764705882,-1,-1,-1
2442,1500,332,10.3757946805446,110.411764705882,-1,-1,-1
2442,500,333,5.21790530123306,111.411764705882,1,-1,-1
2442,500,334,12.111551889561,112.411764705882,1,1,-1
2442,1500,335,10.7305848716063,113.411764705882,-1,1,1
2442,1500,336,7.81903863033472,114.411764705882,-1,-1,1
2442,500,337,2.43213667722104,115.411764705882,1,-1,-1
2442,1500,338,13.3083742081654,116.411764705882,-1,1,-1
2442,500,339,6.56811740427129,117.411764705882,1,-1,1
2442,1500,340,16.3535948545413,118.411764705882,-1,1,-1
2442,1500,341,9.76980041248517,119.411764705882,-1,-1,1
2442,1500,342,8.92677664142807,120.411764705882,-1,-1,-1
2442,500,343,13.0078895981998,121.411764705882,1,-1,-1
2442,500,344,21.2792833830607,122.411764705882,1,1,-1
2442,1500,345,13.0871404278758,123.411764705882,-1,1,1
2442,1500,346,10.5409132818112,124.411764705882,-1,-1,1
2442,1500,347,8.25978258611815,125.411764705882,-1,-1,-1
2442,1500,348,7.65615896072865,126.411764705882,-1,-1,-1
2442,1500,349,10.0445951400858,127.411764705882,-1,-1,-1
2442,1500,350,11.8024330891893,128.411764705882,-1,-1,-1
2442,1500,351,12.4034286376029,129.411764705882,-1,-1,-1
2442,1500,352,11.7413825984415,130.411764705882,-1,-1,-1
2442,1500,353,10.5862988035772,131.411764705882,-1,-1,-1
2442,1500,354,17.2758307307968,132.411764705882,-1,-1,-1
2442,1500,355,17.7721842148507,133.411764705882,-1,-1,-1
2442,500,356,13.6774687127313,134.411764705882,1,-1,-1
2442,1500,357,20.3006112851212,135.411764705882,-1,1,-1
2442,1500,358,15.8749972001329,136.411764705882,-1,-1,1
2442,1500,359,15.2147895118062,137.411764705882,-1,-1,-1
2442,500,360,9.86627714126039,138.411764705882,1,-1,-1
2442,500,361,21.694469981722,139.411764705882,1,1,-1
2442,500,362,21.3226289479294,140.411764705882,1,1,1
2442,1500,363,20.7494008267723,141.411764705882,-1,1,1
2442,1500,364,14.4927513212254,142.411764705882,-1,-1,1
2442,500,365,18.1286597540845,143.411764705882,1,-1,-1
2442,1500,366,19.3221698216097,144.411764705882,-1,1,-1
2442,500,367,12.6136332976069,145.411764705882,1,-1,1
2442,1500,368,21.2938008401399,146.411764705882,-1,1,-1
2442,1500,369,20.4419837737428,147.411764705882,-1,-1,1
2442,1500,371,25.0229145458089,149.411764705882,-1,1,-1
2442,500,372,19.3392118073935,150.411764705882,1,-1,1
2442,500,373,16.056881170662,151.411764705882,1,1,-1
2442,500,374,22.2395171670147,152.411764705882,1,1,1
2442,500,375,15.7414943698372,153.411764705882,1,1,1
2442,1500,376,17.1190799508736,154.411764705882,-1,1,1
2442,500,377,11.3927242005067,155.411764705882,1,-1,1
2442,1500,379,21.6166800145931,157.411764705882,-1,1,1
2442,500,380,9.78360319117069,158.411764705882,1,-1,1
2442,1500,381,15.9564978396899,159.411764705882,-1,1,-1
2442,500,382,8.65352034469849,160.411764705882,1,-1,1
2442,500,384,24.9689130166056,162.411764705882,1,1,1
2442,1500,386,4.45699223298772,164.411764705882,-1,-1,1
2442,500,387,3.95209362005975,165.411764705882,1,-1,-1
2442,500,388,8.55477792309519,166.411764705882,1,1,-1
2442,500,389,19.2373983995592,167.411764705882,1,1,1
2442,1500,390,12.492517764549,168.411764705882,-1,1,1
2442,500,391,6.52526137357629,169.411764705882,1,-1,1
2442,500,392,12.640227276013,170.411764705882,1,1,-1
2442,500,393,15.5994054350295,171.411764705882,1,1,1
2442,1500,394,10.1944189395411,172.411764705882,-1,1,1
2442,500,395,-1.55531167283739,173.411764705882,1,-1,1
2442,500,396,11.22986384863,174.411764705882,1,1,-1
2442,500,397,13.4026942878978,175.411764705882,1,1,1
2442,1500,398,12.3593097187837,176.411764705882,-1,1,1
2442,500,399,16.6530927119789,177.411764705882,1,-1,1
2442,1500,400,11.4965258367888,178.411764705882,-1,1,-1
2442,500,401,8.64852834144339,179.411764705882,1,-1,1
2442,500,402,19.6109248507513,180.411764705882,1,1,-1
2442,500,403,15.8908714270194,181.411764705882,1,1,1
2442,1500,404,18.3899171110915,182.411764705882,-1,1,1
2442,1500,405,7.74506273062456,183.411764705882,-1,-1,1
2442,500,406,9.32289336520229,184.411764705882,1,-1,-1
2442,500,408,3.58159546232939,186.411764705882,1,-1,1
2442,500,409,12.2353827944146,187.411764705882,1,1,-1
2442,500,410,15.3569188165012,188.411764705882,1,1,1
2442,1500,411,15.1055368960189,189.411764705882,-1,1,1
2442,500,412,11.484968656394,190.411764705882,1,-1,1
2442,1500,413,6.88822103585995,191.411764705882,-1,1,-1
2442,500,414,4.96739023504311,192.411764705882,1,-1,1
2442,500,415,11.4454114287953,193.411764705882,1,1,-1
2442,1500,416,14.2759421888284,194.411764705882,-1,1,1
2442,1500,417,8.27323059444224,195.411764705882,-1,-1,1
2442,1500,418,7.43176897720996,196.411764705882,-1,-1,-1
2442,1500,419,4.10669494383235,197.411764705882,-1,-1,-1
2442,500,420,8.01415068979319,198.411764705882,1,-1,-1
2443,1500,23,2.0533140005828,-199.367609254499,-1,-1,1
2443,500,24,0.401300275820061,-198.367609254499,1,-1,-1
2443,500,25,9.39205491986414,-197.367609254499,1,1,-1
2443,1500,26,4.29067530788735,-196.367609254499,-1,1,1
2443,500,27,4.30029111714665,-195.367609254499,1,-1,1
2443,1500,28,3.80449598668956,-194.367609254499,-1,1,-1
2443,1500,29,5.11230240389955,-193.367609254499,-1,-1,1
2443,500,30,3.66245882288745,-192.367609254499,1,-1,-1
2443,1500,31,8.24606800050525,-191.367609254499,-1,1,-1
2443,500,32,9.65496054787744,-190.367609254499,1,-1,1
2443,500,33,11.3766579799544,-189.367609254499,1,1,-1
2443,1500,34,13.0270535064393,-188.367609254499,-1,1,1
2443,1500,35,11.5481723320485,-187.367609254499,-1,-1,1
2443,1500,36,8.79706899934605,-186.367609254499,-1,-1,-1
2443,1500,37,6.50915712275495,-185.367609254499,-1,-1,-1
2443,1500,38,9.22754141358945,-184.367609254499,-1,-1,-1
2443,500,39,12.689245114299,-183.367609254499,1,-1,-1
2443,1500,40,9.89076820773435,-182.367609254499,-1,1,-1
2443,1500,41,8.43501879188075,-181.367609254499,-1,-1,1
2443,1500,42,9.36792971765215,-180.367609254499,-1,-1,-1
2443,500,43,9.69480658390974,-179.367609254499,1,-1,-1
2443,500,44,11.4580131326498,-178.367609254499,1,1,-1
2443,1500,45,15.3808285871098,-177.367609254499,-1,1,1
2443,1500,46,9.29098167845615,-176.367609254499,-1,-1,1
2443,500,47,9.57803167153514,-175.367609254499,1,-1,-1
2443,500,48,13.0621357246433,-174.367609254499,1,1,-1
2443,1500,49,13.995379968401,-173.367609254499,-1,1,1
2443,1500,50,13.9704514508988,-172.367609254499,-1,-1,1
2443,500,51,9.54941307734854,-171.367609254499,1,-1,-1
2443,1500,52,8.97595914280005,-170.367609254499,-1,1,-1
2443,1500,53,11.166504694013,-169.367609254499,-1,-1,1
2443,1500,54,9.03204748716485,-168.367609254499,-1,-1,-1
2443,500,55,10.1760454918149,-167.367609254499,1,-1,-1
2443,1500,56,11.2230981653789,-166.367609254499,-1,1,-1
2443,500,57,7.98255461325514,-165.367609254499,1,-1,1
2443,1500,58,8.15412603163205,-164.367609254499,-1,1,-1
2443,1500,59,7.19648386984705,-163.367609254499,-1,-1,1
2443,1500,60,7.44279737822785,-162.367609254499,-1,-1,-1
2443,500,61,8.00797474053704,-161.367609254499,1,-1,-1
2443,1500,62,10.143100164816,-160.367609254499,-1,1,-1
2443,500,64,12.7810867733104,-158.367609254499,1,-1,-1
2443,1500,65,10.4216528622746,-157.367609254499,-1,1,-1
2443,500,66,11.6337743805446,-156.367609254499,1,-1,1
2443,500,67,15.1441219869795,-155.367609254499,1,1,-1
2443,1500,68,8.79095213060555,-154.367609254499,-1,1,1
2443,1500,69,4.70454769962885,-153.367609254499,-1,-1,1
2443,500,70,8.61059331348834,-152.367609254499,1,-1,-1
2443,500,71,11.2767409242252,-151.367609254499,1,1,-1
2443,1500,72,8.91614119211665,-150.367609254499,-1,1,1
2443,1500,73,6.83077947286235,-149.367609254499,-1,-1,1
2443,500,74,7.68812495623974,-148.367609254499,1,-1,-1
2443,1500,75,6.69005124282585,-147.367609254499,-1,1,-1
2443,500,76,8.93964053015744,-146.367609254499,1,-1,1
2443,500,77,12.0572766213819,-145.367609254499,1,1,-1
2443,1500,78,6.63377718945865,-144.367609254499,-1,1,1
2443,500,79,10.9838322384758,-143.367609254499,1,-1,1
2443,1500,80,8.62466319930525,-142.367609254499,-1,1,-1
2443,500,81,12.7148390715597,-141.367609254499,1,-1,1
2443,1500,82,8.61228299569705,-140.367609254499,-1,1,-1
2443,1500,83,5.69381782177885,-139.367609254499,-1,-1,1
2443,500,84,11.2027861907427,-138.367609254499,1,-1,-1
2443,500,85,12.6511731455399,-137.367609254499,1,1,-1
2443,1500,86,12.0931542490114,-136.367609254499,-1,1,1
2443,1500,87,10.7260816728167,-135.367609254499,-1,-1,1
2443,500,88,10.1943081319078,-134.367609254499,1,-1,-1
2443,1500,89,8.43684577667285,-133.367609254499,-1,1,-1
2443,1500,90,9.92867300206075,-132.367609254499,-1,-1,1
2443,500,91,10.3341416101185,-131.367609254499,1,-1,-1
2443,500,92,10.2708588598944,-130.367609254499,1,1,-1
2443,1500,93,9.45370484742605,-129.367609254499,-1,1,1
2443,500,94,12.4237102589643,-128.367609254499,1,-1,1
2443,500,95,13.3256591068007,-127.367609254499,1,1,-1
2443,500,96,14.1071272690853,-126.367609254499,1,1,1
2443,500,97,11.917250757623,-125.367609254499,1,1,1
2443,500,98,12.930117608387,-124.367609254499,1,1,1
2443,500,99,10.8151445136475,-123.367609254499,1,1,1
2443,500,100,12.1388391609558,-122.367609254499,1,1,1
2443,500,101,10.2024360538705,-121.367609254499,1,1,1
2443,1500,102,12.0377190866669,-120.367609254499,-1,1,1
2443,1500,103,11.1024310047325,-119.367609254499,-1,-1,1
2443,500,104,13.8664763329328,-118.367609254499,1,-1,-1
2443,500,105,12.1138912834637,-117.367609254499,1,1,-1
2443,1500,106,8.14040452821645,-116.367609254499,-1,1,1
2443,1500,108,3.36759567886375,-114.367609254499,-1,-1,-1
2443,500,109,7.07173358873594,-113.367609254499,1,-1,-1
2443,500,110,8.81580213151624,-112.367609254499,1,1,-1
2443,500,111,14.7590091719276,-111.367609254499,1,1,1
2443,1500,112,12.2253774794838,-110.367609254499,-1,1,1
2443,500,113,10.5793983128664,-109.367609254499,1,-1,1
2443,500,114,12.3674239127304,-108.367609254499,1,1,-1
2443,1500,115,16.9927703243018,-107.367609254499,-1,1,1
2443,1500,116,10.5600199895234,-106.367609254499,-1,-1,1
2443,500,117,14.1132551933415,-105.367609254499,1,-1,-1
2443,500,118,19.9046651150139,-104.367609254499,1,1,-1
2443,500,121,9.63462375299034,-101.367609254499,1,-1,-1
2443,1500,122,9.86810123940045,-100.367609254499,-1,1,-1
2443,1500,123,7.85990723509235,-99.3676092544987,-1,-1,1
2443,1500,124,9.85229125801075,-98.3676092544987,-1,-1,-1
2443,1500,125,7.49482088390575,-97.3676092544987,-1,-1,-1
2443,500,126,9.42724160833234,-96.3676092544987,1,-1,-1
2443,500,127,13.8004618635477,-95.3676092544987,1,1,-1
2443,500,129,12.1652332705767,-93.3676092544987,1,-1,1
2443,500,130,13.5944362458138,-92.3676092544987,1,1,-1
2443,1500,131,13.7118710982378,-91.3676092544987,-1,1,1
2443,500,132,10.4018235439778,-90.3676092544987,1,-1,1
2443,500,133,14.7974066691225,-89.3676092544987,1,1,-1
2443,1500,134,13.3577090756829,-88.3676092544987,-1,1,1
2443,1500,135,10.0714482821039,-87.3676092544987,-1,-1,1
2443,500,136,13.6720676336355,-86.3676092544987,1,-1,-1
2443,500,137,12.2276699348053,-85.3676092544987,1,1,-1
2443,500,138,13.9954703436737,-84.3676092544987,1,1,1
2443,500,139,18.2683169058236,-83.3676092544987,1,1,1
2443,500,140,16.0207106220144,-82.3676092544987,1,1,1
2443,1500,141,16.7611284588595,-81.3676092544987,-1,1,1
2443,1500,142,11.3932376848113,-80.3676092544987,-1,-1,1
2443,500,143,11.817961734018,-79.3676092544987,1,-1,-1
2443,500,144,13.0663842642308,-78.3676092544987,1,1,-1
2443,1500,145,13.5548963485907,-77.3676092544987,-1,1,1
2443,500,146,11.7333688280042,-76.3676092544987,1,-1,1
2443,500,147,13.0558631062349,-75.3676092544987,1,1,-1
2443,1500,148,10.1909326469745,-74.3676092544987,-1,1,1
2443,500,149,12.9214938088901,-73.3676092544987,1,-1,1
2443,500,150,14.3512139025547,-72.3676092544987,1,1,-1
2443,500,151,14.0896244625984,-71.3676092544987,1,1,1
2443,500,152,14.8861027820293,-70.3676092544987,1,1,1
2443,1500,153,11.6975097451004,-69.3676092544987,-1,1,1
2443,500,154,13.4583111112544,-68.3676092544987,1,-1,1
2443,1500,155,12.6670522796994,-67.3676092544987,-1,1,-1
2443,1500,156,9.18194067499935,-66.3676092544987,-1,-1,1
2443,1500,157,3.73613060636726,-65.3676092544987,-1,-1,-1
2443,500,158,9.96531439892894,-64.3676092544987,1,-1,-1
2443,500,159,12.0742728656818,-63.3676092544987,1,1,-1
2443,1500,160,8.42799403874435,-62.3676092544987,-1,1,1
2443,1500,161,9.04849281838885,-61.3676092544987,-1,-1,1
2443,500,162,10.7917067827692,-60.3676092544987,1,-1,-1
2443,1500,163,10.1861035139343,-59.3676092544987,-1,1,-1
2443,1500,164,4.83996416750675,-58.3676092544987,-1,-1,1
2443,1500,165,8.01506897316075,-57.3676092544987,-1,-1,-1
2443,1500,166,8.41735000526905,-56.3676092544987,-1,-1,-1
2443,500,167,8.22463784043984,-55.3676092544987,1,-1,-1
2443,1500,168,9.93617540080705,-54.3676092544987,-1,1,-1
2443,500,169,11.6341219276218,-53.3676092544987,1,-1,1
2443,500,170,11.9013465982706,-52.3676092544987,1,1,-1
2443,500,171,13.2507113713222,-51.3676092544987,1,1,1
2443,1500,172,8.61319517448355,-50.3676092544987,-1,1,1
2443,1500,173,7.37808063621915,-49.3676092544987,-1,-1,1
2443,1500,174,11.8342979170488,-48.3676092544987,-1,-1,-1
2443,1500,175,6.32054010207225,-47.3676092544987,-1,-1,-1
2443,1500,176,5.89888950133915,-46.3676092544987,-1,-1,-1
2443,1500,177,2.38977478565802,-45.3676092544987,-1,-1,-1
2443,1500,178,4.48308879827845,-44.3676092544987,-1,-1,-1
2443,500,179,8.79347550643604,-43.3676092544987,1,-1,-1
2443,500,180,11.7993004754267,-42.3676092544987,1,1,-1
2443,500,181,14.3305924320533,-41.3676092544987,1,1,1
2443,1500,182,9.75198391909725,-40.3676092544987,-1,1,1
2443,500,183,12.6424190580672,-39.3676092544987,1,-1,1
2443,500,184,11.0792499239538,-38.3676092544987,1,1,-1
2443,1500,185,7.44427619319185,-37.3676092544987,-1,1,1
2443,500,186,10.9332176151168,-36.3676092544987,1,-1,1
2443,500,187,13.6370666577614,-35.3676092544987,1,1,-1
2443,1500,188,6.92386540036745,-34.3676092544987,-1,1,1
2443,500,189,10.7723138595211,-33.3676092544987,1,-1,1
2443,500,190,15.6885444357561,-32.3676092544987,1,1,-1
2443,1500,191,13.2243250004231,-31.3676092544987,-1,1,1
2443,1500,192,11.2683138652689,-30.3676092544987,-1,-1,1
2443,1500,193,8.67380459884375,-29.3676092544987,-1,-1,-1
2443,1500,194,8.61558158386185,-28.3676092544987,-1,-1,-1
2443,500,195,12.3846312926229,-27.3676092544987,1,-1,-1
2443,500,196,15.63107878425,-26.3676092544987,1,1,-1
2443,1500,197,11.7439099717507,-25.3676092544987,-1,1,1
2443,1500,198,12.456084688834,-24.3676092544987,-1,-1,1
2443,1500,199,8.83594424781215,-23.3676092544987,-1,-1,-1
2443,1500,200,8.37518435131635,-22.3676092544987,-1,-1,-1
2443,500,201,11.0556974350029,-21.3676092544987,1,-1,-1
2443,500,202,11.8700365410469,-20.3676092544987,1,1,-1
2443,1500,203,10.0208177886892,-19.3676092544987,-1,1,1
2443,1500,204,10.1955952788624,-18.3676092544987,-1,-1,1
2443,1500,205,12.376726144303,-17.3676092544987,-1,-1,-1
2443,1500,206,10.0208379892418,-16.3676092544987,-1,-1,-1
2443,500,207,11.4276882274444,-15.3676092544987,1,-1,-1
2443,1500,208,13.3301811173762,-14.3676092544987,-1,1,-1
2443,500,209,14.5300961571174,-13.3676092544987,1,-1,1
2443,500,210,13.8400783286518,-12.3676092544987,1,1,-1
2443,500,211,14.2342812077818,-11.3676092544987,1,1,1
2443,500,212,17.4135917575916,-10.3676092544987,1,1,1
2443,1500,213,14.6969237449386,-9.36760925449872,-1,1,1
2443,500,214,13.9067091228973,-8.36760925449872,1,-1,1
2443,1500,215,15.4070023441405,-7.36760925449872,-1,1,-1
2443,1500,216,14.4449766884129,-6.36760925449872,-1,-1,1
2443,1500,217,9.42274857652285,-5.36760925449872,-1,-1,-1
2443,500,218,17.1396487610745,-4.36760925449872,1,-1,-1
2443,500,220,14.8655422079022,-2.36760925449872,1,-1,1
2443,1500,221,13.9640095049899,-1.36760925449872,-1,1,-1
2443,500,222,13.876438594017,-0.367609254498717,1,-1,1
2443,1500,223,14.5281339858539,0.632390745501283,-1,1,-1
2443,500,224,16.9779674663281,1.63239074550128,1,-1,1
2443,1500,225,11.6101129264678,2.63239074550128,-1,1,-1
2443,1500,226,11.9434944096223,3.63239074550128,-1,-1,1
2443,1500,227,12.4330106209933,4.63239074550128,-1,-1,-1
2443,1500,228,8.79896437309965,5.63239074550128,-1,-1,-1
2443,1500,229,9.93095972546855,6.63239074550128,-1,-1,-1
2443,1500,230,12.0712684980102,7.63239074550128,-1,-1,-1
2443,500,231,12.052465672287,8.63239074550128,1,-1,-1
2443,500,232,16.2289710255866,9.63239074550128,1,1,-1
2443,1500,233,12.0780310225713,10.6323907455013,-1,1,1
2443,500,234,12.743875638413,11.6323907455013,1,-1,1
2443,500,235,16.9858864176772,12.6323907455013,1,1,-1
2443,500,236,21.3091322040495,13.6323907455013,1,1,1
2443,500,237,21.9331449060503,14.6323907455013,1,1,1
2443,1500,238,15.3326014619715,15.6323907455013,-1,1,1
2443,1500,239,10.1281757800244,16.6323907455013,-1,-1,1
2443,1500,240,14.1734260941672,17.6323907455013,-1,-1,-1
2443,1500,241,11.1651188530199,18.6323907455013,-1,-1,-1
2443,1500,242,10.9346715405231,19.6323907455013,-1,-1,-1
2443,500,243,10.1709693467604,20.6323907455013,1,-1,-1
2443,500,244,15.9724400848154,21.6323907455013,1,1,-1
2443,1500,245,13.2979827354474,22.6323907455013,-1,1,1
2443,1500,246,9.32546980566655,23.6323907455013,-1,-1,1
2443,1500,247,9.89476620467235,24.6323907455013,-1,-1,-1
2443,500,248,15.8130807427848,25.6323907455013,1,-1,-1
2443,500,249,19.0270789373872,26.6323907455013,1,1,-1
2443,500,250,19.3488659014205,27.6323907455013,1,1,1
2443,500,251,20.8169294838273,28.6323907455013,1,1,1
2443,1500,252,11.4947180150725,29.6323907455013,-1,1,1
2443,1500,253,12.7453360513726,30.6323907455013,-1,-1,1
2443,500,254,14.9151106171606,31.6323907455013,1,-1,-1
2443,500,255,15.51882220601,32.6323907455013,1,1,-1
2443,1500,256,13.5474427862463,33.6323907455013,-1,1,1
2443,1500,257,13.3966767641938,34.6323907455013,-1,-1,1
2443,1500,258,14.066944880886,35.6323907455013,-1,-1,-1
2443,1500,259,12.2963090464878,36.6323907455013,-1,-1,-1
2443,500,260,14.6980362620743,37.6323907455013,1,-1,-1
2443,500,261,18.9251832010615,38.6323907455013,1,1,-1
2443,1500,262,14.7036600804695,39.6323907455013,-1,1,1
2443,1500,263,15.7739873724999,40.6323907455013,-1,-1,1
2443,1500,264,9.41976827799285,41.6323907455013,-1,-1,-1
2443,1500,265,10.8851213402455,42.6323907455013,-1,-1,-1
2443,1500,266,11.4477489005716,43.6323907455013,-1,-1,-1
2443,1500,267,11.1972512096599,44.6323907455013,-1,-1,-1
2443,500,268,12.9552430549639,45.6323907455013,1,-1,-1
2443,1500,269,10.0227451280216,46.6323907455013,-1,1,-1
2443,500,270,16.0226553252925,47.6323907455013,1,-1,1
2443,1500,271,6.61889593588295,48.6323907455013,-1,1,-1
2443,1500,272,5.06404487189335,49.6323907455013,-1,-1,1
2443,500,274,10.5242779373967,51.6323907455013,1,-1,-1
2443,500,275,10.5266751551998,52.6323907455013,1,1,-1
2443,1500,276,7.47451729368155,53.6323907455013,-1,1,1
2443,1500,277,8.79997778287495,54.6323907455013,-1,-1,1
2443,1500,278,8.85010896589105,55.6323907455013,-1,-1,-1
2443,1500,279,7.13960926424885,56.6323907455013,-1,-1,-1
2443,500,280,6.92987654866664,57.6323907455013,1,-1,-1
2443,500,281,12.3268828657845,58.6323907455013,1,1,-1
2443,500,282,12.3868777409182,59.6323907455013,1,1,1
2443,500,284,13.6418476819845,61.6323907455013,1,-1,1
2443,500,285,14.919241200266,62.6323907455013,1,1,-1
2443,500,286,14.8245299498561,63.6323907455013,1,1,1
2443,1500,287,11.4150026918007,64.6323907455013,-1,1,1
2443,500,288,11.2130125190668,65.6323907455013,1,-1,1
2443,500,289,14.5303722064718,66.6323907455013,1,1,-1
2443,500,290,19.6859320344094,67.6323907455013,1,1,1
2443,1500,291,8.82653417416145,68.6323907455013,-1,1,1
2443,1500,292,7.68000432890935,69.6323907455013,-1,-1,1
2443,500,293,10.3803580546123,70.6323907455013,1,-1,-1
2443,1500,294,7.44537905223985,71.6323907455013,-1,1,-1
2443,500,295,9.05716602284484,72.6323907455013,1,-1,1
2443,1500,296,7.66207482051185,73.6323907455013,-1,1,-1
2443,500,297,11.8819540006564,74.6323907455013,1,-1,1
2443,1500,298,8.09897184126035,75.6323907455013,-1,1,-1
2443,1500,299,5.06031097712395,76.6323907455013,-1,-1,1
2443,500,300,7.41000092799994,77.6323907455013,1,-1,-1
2443,500,301,14.8067064196449,78.6323907455013,1,1,-1
2443,500,302,11.4406629921854,79.6323907455013,1,1,1
2443,500,303,10.4060071533249,80.6323907455013,1,1,1
2443,500,304,7.82250421245484,81.6323907455013,1,1,1
2443,1500,305,6.54241776919885,82.6323907455013,-1,1,1
2443,1500,306,5.36775778792165,83.6323907455013,-1,-1,1
2443,1500,307,4.60259380380145,84.6323907455013,-1,-1,-1
2443,500,308,6.46596057083264,85.6323907455013,1,-1,-1
2443,500,309,12.60538681479,86.6323907455013,1,1,-1
2443,1500,310,9.16926655116105,87.6323907455013,-1,1,1
2443,1500,311,5.92189481816815,88.6323907455013,-1,-1,1
2443,1500,312,8.47818003088975,89.6323907455013,-1,-1,-1
2443,500,313,12.6081238211676,90.6323907455013,1,-1,-1
2443,1500,314,8.97689433844375,91.6323907455013,-1,1,-1
2443,1500,315,14.5486551087567,92.6323907455013,-1,-1,1
2443,500,316,10.8211131491192,93.6323907455013,1,-1,-1
2443,1500,317,13.0033662851557,94.6323907455013,-1,1,-1
2443,500,318,11.8975321919951,95.6323907455013,1,-1,1
2443,1500,319,10.457515713427,96.6323907455013,-1,1,-1
2443,500,320,8.86626823845694,97.6323907455013,1,-1,1
2443,500,321,11.8072959018573,98.6323907455013,1,1,-1
2443,500,322,17.4576214197409,99.6323907455013,1,1,1
2443,500,323,14.2464395348129,100.632390745501,1,1,1
2443,500,324,13.8470909511543,101.632390745501,1,1,1
2443,500,325,19.1080101954145,102.632390745501,1,1,1
2443,1500,326,18.4903122602733,103.632390745501,-1,1,1
2443,500,327,16.7607068420183,104.632390745501,1,-1,1
2443,1500,328,8.96677116631485,105.632390745501,-1,1,-1
2443,500,329,17.0640110264607,106.632390745501,1,-1,1
2443,500,330,16.6431195280353,107.632390745501,1,1,-1
2443,500,331,15.520138993881,108.632390745501,1,1,1
2443,500,332,18.0960995193179,109.632390745501,1,1,1
2443,500,333,16.6985005187901,110.632390745501,1,1,1
2443,1500,334,10.8201606114095,111.632390745501,-1,1,1
2443,500,335,10.826166198208,112.632390745501,1,-1,1
2443,1500,336,1.16342492550806,113.632390745501,-1,1,-1
2443,500,337,7.79730799955004,114.632390745501,1,-1,1
2443,1500,338,4.20787514821405,115.632390745501,-1,1,-1
2443,500,339,6.24314360376514,116.632390745501,1,-1,1
2443,1500,340,5.51798320689025,117.632390745501,-1,1,-1
2443,1500,341,5.95938938381395,118.632390745501,-1,-1,1
2443,500,342,9.03247318138644,119.632390745501,1,-1,-1
2443,500,343,8.12184614715134,120.632390745501,1,1,-1
2443,1500,345,2.19964732862861,122.632390745501,-1,-1,1
2443,1500,346,6.20728894637355,123.632390745501,-1,-1,-1
2443,500,347,10.3433078083305,124.632390745501,1,-1,-1
2443,1500,348,5.72152675961335,125.632390745501,-1,1,-1
2443,1500,349,4.33192071636325,126.632390745501,-1,-1,1
2443,1500,350,5.78494301560835,127.632390745501,-1,-1,-1
2443,1500,351,4.18917376256285,128.632390745501,-1,-1,-1
2443,500,352,8.70809542217614,129.632390745501,1,-1,-1
2443,1500,353,12.2155937236769,130.632390745501,-1,1,-1
2443,500,354,9.11636208825804,131.632390745501,1,-1,1
2443,500,355,15.1779158023945,132.632390745501,1,1,-1
2443,500,356,12.1062441563808,133.632390745501,1,1,1
2443,1500,357,11.5561246664983,134.632390745501,-1,1,1
2443,500,358,8.91483394401664,135.632390745501,1,-1,1
2443,1500,359,11.8509696882033,136.632390745501,-1,1,-1
2443,500,360,12.8067103710751,137.632390745501,1,-1,1
2443,1500,361,11.581191157026,138.632390745501,-1,1,-1
2443,1500,362,7.91098266657295,139.632390745501,-1,-1,1
2443,500,363,11.3115663035124,140.632390745501,1,-1,-1
2443,1500,364,7.57360665410405,141.632390745501,-1,1,-1
2443,500,365,13.1710222200445,142.632390745501,1,-1,1
2443,500,366,13.7437498451672,143.632390745501,1,1,-1
2443,1500,367,7.87098570960325,144.632390745501,-1,1,1
2443,500,368,18.9177958996371,145.632390745501,1,-1,1
2443,500,369,10.3480011829461,146.632390745501,1,1,-1
2443,500,370,15.6178348347373,147.632390745501,1,1,1
2443,1500,371,6.20760679312955,148.632390745501,-1,1,1
2443,1500,372,8.98828504246295,149.632390745501,-1,-1,1
2443,1500,373,3.40425970007689,150.632390745501,-1,-1,-1
2443,1500,374,6.42704751221935,151.632390745501,-1,-1,-1
2443,1500,375,12.5994138150125,152.632390745501,-1,-1,-1
2443,500,376,13.2098837223217,153.632390745501,1,-1,-1
2443,500,377,13.5332980242285,154.632390745501,1,1,-1
2443,500,378,11.608152348502,155.632390745501,1,1,1
2443,1500,379,7.50946979976745,156.632390745501,-1,1,1
2443,500,380,11.148937529579,157.632390745501,1,-1,1
2443,1500,381,6.77570221377045,158.632390745501,-1,1,-1
2443,1500,382,10.8305880286369,159.632390745501,-1,-1,1
2443,1500,383,9.41319549974715,160.632390745501,-1,-1,-1
2443,500,384,12.956422994709,161.632390745501,1,-1,-1
2443,500,385,10.0057558870238,162.632390745501,1,1,-1
2443,500,386,12.3174372013117,163.632390745501,1,1,1
2443,500,387,12.2526176783235,164.632390745501,1,1,1
2443,500,388,17.1909030939834,165.632390745501,1,1,1
2443,500,389,16.9387159610574,166.632390745501,1,1,1
2443,500,390,15.3373578520038,167.632390745501,1,1,1
2443,500,391,15.0082872719109,168.632390745501,1,1,1
2443,500,392,18.1029550188035,169.632390745501,1,1,1
2443,1500,393,11.488939166942,170.632390745501,-1,1,1
2443,1500,394,11.7754534864378,171.632390745501,-1,-1,1
2443,1500,395,10.3310208486487,172.632390745501,-1,-1,-1
2443,1500,396,11.9889982560781,173.632390745501,-1,-1,-1
2443,500,397,14.9054337570528,174.632390745501,1,-1,-1
2443,500,398,15.8694382158672,175.632390745501,1,1,-1
2443,1500,399,14.5024144058459,176.632390745501,-1,1,1
2443,500,400,19.8931431994909,177.632390745501,1,-1,1
2443,1500,401,18.9065441240031,178.632390745501,-1,1,-1
2443,500,402,13.3695631281601,179.632390745501,1,-1,1
2443,500,403,12.0561935789213,180.632390745501,1,1,-1
2443,1500,404,14.3253545809842,181.632390745501,-1,1,1
2443,1500,405,12.7024375503097,182.632390745501,-1,-1,1
2443,500,406,16.7323004493303,183.632390745501,1,-1,-1
2443,500,407,15.9775389873477,184.632390745501,1,1,-1
2443,500,408,19.0436421912331,185.632390745501,1,1,1
2443,500,409,16.4836424024554,186.632390745501,1,1,1
2443,500,410,20.3962799828915,187.632390745501,1,1,1
2443,500,411,16.8898466517967,188.632390745501,1,1,1
2443,1500,412,13.0285299865668,189.632390745501,-1,1,1
2443,500,413,13.3475181019914,190.632390745501,1,-1,1
2443,500,414,17.6165991976425,191.632390745501,1,1,-1
2443,500,415,18.2938313360305,192.632390745501,1,1,1
2443,1500,416,11.3732369586911,193.632390745501,-1,1,1
2443,1500,417,9.57908824880175,194.632390745501,-1,-1,1
2443,1500,418,10.1861020070896,195.632390745501,-1,-1,-1
2443,500,419,14.6351624388843,196.632390745501,1,-1,-1
2443,500,420,14.6244967672223,197.632390745501,1,1,-1
2444,1500,23,15.8641614314316,-198.121951219512,-1,1,1
2444,1500,24,7.1106644321921,-197.121951219512,-1,-1,1
2444,1500,25,2.85580917897966,-196.121951219512,-1,-1,-1
2444,1500,26,2.20506119060378,-195.121951219512,-1,-1,-1
2444,500,27,-0.23174962987255,-194.121951219512,1,-1,-1
2444,1500,28,3.66861040677786,-193.121951219512,-1,1,-1
2444,1500,29,4.09752241733435,-192.121951219512,-1,-1,1
2444,1500,30,-0.893677580694905,-191.121951219512,-1,-1,-1
2444,1500,31,-4.53791106819358,-190.121951219512,-1,-1,-1
2444,500,32,-6.66943712617077,-189.121951219512,1,-1,-1
2444,1500,33,-3.30046111689599,-188.121951219512,-1,1,-1
2444,500,34,2.22295649555828,-187.121951219512,1,-1,1
2444,1500,35,-2.73615907682696,-186.121951219512,-1,1,-1
2444,500,36,0.0962125315467195,-185.121951219512,1,-1,1
2444,1500,37,0.645969824859775,-184.121951219512,-1,1,-1
2444,500,38,-3.6000636692459,-183.121951219512,1,-1,1
2444,500,39,10.8157794000213,-182.121951219512,1,1,-1
2444,500,40,0.33736931887986,-181.121951219512,1,1,1
2444,500,41,7.41269482086566,-180.121951219512,1,1,1
2444,1500,42,4.70002084085835,-179.121951219512,-1,1,1
2444,500,43,2.64989127424938,-178.121951219512,1,-1,1
2444,1500,44,2.22046665327118,-177.121951219512,-1,1,-1
2444,1500,45,1.40899556384913,-176.121951219512,-1,-1,1
2444,1500,46,0.800486424536035,-175.121951219512,-1,-1,-1
2444,500,47,8.28434545317737,-174.121951219512,1,-1,-1
2444,1500,48,4.41705051079991,-173.121951219512,-1,1,-1
2444,500,49,7.4507710084863,-172.121951219512,1,-1,1
2444,1500,50,3.28004475564519,-171.121951219512,-1,1,-1
2444,1500,51,10.7332860777641,-170.121951219512,-1,-1,1
2444,1500,52,-10.3724833268127,-169.121951219512,-1,-1,-1
2444,1500,53,-6.00547286397746,-168.121951219512,-1,-1,-1
2444,500,54,6.97515095782645,-167.121951219512,1,-1,-1
2444,500,56,-3.49162011353769,-165.121951219512,1,-1,1
2444,1500,57,-3.4952887761732,-164.121951219512,-1,1,-1
2444,500,58,-2.00433189542466,-163.121951219512,1,-1,1
2444,1500,59,-1.66853743059645,-162.121951219512,-1,1,-1
2444,500,60,0.149278934223779,-161.121951219512,1,-1,1
2444,500,62,0.0196483262597598,-159.121951219512,1,-1,1
2444,1500,63,2.00970849010073,-158.121951219512,-1,1,-1
2444,1500,64,5.1828425959023,-157.121951219512,-1,-1,1
2444,1500,65,4.13392791668756,-156.121951219512,-1,-1,-1
2444,500,66,6.19863736992602,-155.121951219512,1,-1,-1
2444,1500,67,9.10011564406934,-154.121951219512,-1,1,-1
2444,500,68,8.05209774008897,-153.121951219512,1,-1,1
2444,1500,69,6.71076348965491,-152.121951219512,-1,1,-1
2444,1500,70,2.5342215168658,-151.121951219512,-1,-1,1
2444,500,71,-1.20998794909046,-150.121951219512,1,-1,-1
2444,500,72,6.02385502683878,-149.121951219512,1,1,-1
2444,1500,73,5.36169333036527,-148.121951219512,-1,1,1
2444,1500,74,-6.41465063924044,-147.121951219512,-1,-1,1
2444,500,75,-0.95281490374168,-146.121951219512,1,-1,-1
2444,1500,76,-3.65238049751714,-145.121951219512,-1,1,-1
2444,500,77,2.75177651028205,-144.121951219512,1,-1,1
2444,1500,78,-1.98565446308854,-143.121951219512,-1,1,-1
2444,500,79,-5.88070704945443,-142.121951219512,1,-1,1
2444,1500,80,1.73669956202787,-141.121951219512,-1,1,-1
2444,500,81,6.67934522420147,-140.121951219512,1,-1,1
2444,1500,82,1.16878795207633,-139.121951219512,-1,1,-1
2444,500,83,5.5748461064268,-138.121951219512,1,-1,1
2444,500,84,1.30141462576481,-137.121951219512,1,1,-1
2444,1500,85,6.34620616634357,-136.121951219512,-1,1,1
2444,500,86,2.87330022041549,-135.121951219512,1,-1,1
2444,1500,87,-4.03686506694951,-134.121951219512,-1,1,-1
2444,500,88,1.65429696976463,-133.121951219512,1,-1,1
2444,1500,90,-4.18213423968711,-131.121951219512,-1,-1,1
2444,500,91,-5.06852607093399,-130.121951219512,1,-1,-1
2444,500,92,3.07735925145033,-129.121951219512,1,1,-1
2444,1500,93,-0.778432769894425,-128.121951219512,-1,1,1
2444,500,94,2.6474909870184,-127.121951219512,1,-1,1
2444,500,95,2.3259927971016,-126.121951219512,1,1,-1
2444,500,96,1.99038751269169,-125.121951219512,1,1,1
2444,1500,97,-4.71017490642432,-124.121951219512,-1,1,1
2444,1500,98,2.34002658850604,-123.121951219512,-1,-1,1
2444,500,99,-0.41928822881137,-122.121951219512,1,-1,-1
2444,1500,100,1.59673203499248,-121.121951219512,-1,1,-1
2444,500,101,3.38873643187104,-120.121951219512,1,-1,1
2444,1500,102,-1.05479434922434,-119.121951219512,-1,1,-1
2444,500,103,-3.49962749339276,-118.121951219512,1,-1,1
2444,500,104,3.21946978985846,-117.121951219512,1,1,-1
2444,500,105,-0.0457396902648601,-116.121951219512,1,1,1
2444,1500,106,-4.59508591887688,-115.121951219512,-1,1,1
2444,1500,107,-5.28960190245882,-114.121951219512,-1,-1,1
2444,1500,108,-6.73379154013254,-113.121951219512,-1,-1,-1
2444,500,109,2.37494566110569,-112.121951219512,1,-1,-1
2444,1500,110,-8.04227929469556,-111.121951219512,-1,1,-1
2444,500,111,0.17757541698736,-110.121951219512,1,-1,1
2444,1500,112,-7.56968331891246,-109.121951219512,-1,1,-1
2444,1500,113,-4.27400785170282,-108.121951219512,-1,-1,1
2444,1500,114,-1.49527800131131,-107.121951219512,-1,-1,-1
2444,500,115,-2.93360481565579,-106.121951219512,1,-1,-1
2444,1500,116,-8.12549225610793,-105.121951219512,-1,1,-1
2444,1500,117,-9.6628607463482,-104.121951219512,-1,-1,1
2444,500,118,-5.98671875857319,-103.121951219512,1,-1,-1
2444,1500,119,-0.994580736824874,-102.121951219512,-1,1,-1
2444,1500,120,-11.0401399753263,-101.121951219512,-1,-1,1
2444,1500,121,-4.54088568978043,-100.121951219512,-1,-1,-1
2444,1500,122,-6.3020401748153,-99.1219512195122,-1,-1,-1
2444,1500,123,-6.29532200208009,-98.1219512195122,-1,-1,-1
2444,500,124,-5.57263327427718,-97.1219512195122,1,-1,-1
2444,1500,125,-3.11758718164119,-96.1219512195122,-1,1,-1
2444,1500,126,-1.17646354334538,-95.1219512195122,-1,-1,1
2444,1500,127,-8.32799835044288,-94.1219512195122,-1,-1,-1
2444,500,128,-6.96457643321953,-93.1219512195122,1,-1,-1
2444,1500,130,-0.946328772731269,-91.1219512195122,-1,-1,1
2444,500,131,-3.33267657644675,-90.1219512195122,1,-1,-1
2444,500,132,2.88015727074814,-89.1219512195122,1,1,-1
2444,500,134,-0.92301741391335,-87.1219512195122,1,-1,1
2444,500,135,8.54505526999907,-86.1219512195122,1,1,-1
2444,1500,136,3.70270746630924,-85.1219512195122,-1,1,1
2444,1500,137,-2.90664350682059,-84.1219512195122,-1,-1,1
2444,500,138,7.96152250628677,-83.1219512195122,1,-1,-1
2444,500,139,7.67839767411957,-82.1219512195122,1,1,-1
2444,1500,140,9.48748941065903,-81.1219512195122,-1,1,1
2444,1500,141,3.49229880603937,-80.1219512195122,-1,-1,1
2444,1500,142,9.06953276269923,-79.1219512195122,-1,-1,-1
2444,500,143,-1.25696461174649,-78.1219512195122,1,-1,-1
2444,1500,144,-1.0905567830045,-77.1219512195122,-1,1,-1
2444,500,145,10.2559602444838,-76.1219512195122,1,-1,1
2444,1500,146,1.09364944288161,-75.1219512195122,-1,1,-1
2444,1500,147,7.13678965123222,-74.1219512195122,-1,-1,1
2444,500,148,4.65791451960014,-73.1219512195122,1,-1,-1
2444,1500,149,3.75938628997755,-72.1219512195122,-1,1,-1
2444,1500,150,1.71159334449035,-71.1219512195122,-1,-1,1
2444,500,151,6.75998422192743,-70.1219512195122,1,-1,-1
2444,500,152,9.23010576667587,-69.1219512195122,1,1,-1
2444,1500,153,3.36302099338053,-68.1219512195122,-1,1,1
2444,1500,154,6.72732683840927,-67.1219512195122,-1,-1,1
2444,500,155,15.6218282356381,-66.1219512195122,1,-1,-1
2444,1500,156,19.5955027494762,-65.1219512195122,-1,1,-1
2444,500,157,21.108339887391,-64.1219512195122,1,-1,1
2444,500,158,22.4689519472432,-63.1219512195122,1,1,-1
2444,1500,159,14.6235654302421,-62.1219512195122,-1,1,1
2444,1500,160,6.44657326871688,-61.1219512195122,-1,-1,1
2444,1500,161,7.58209034171536,-60.1219512195122,-1,-1,-1
2444,500,162,8.50000222491117,-59.1219512195122,1,-1,-1
2444,500,163,8.07289540150217,-58.1219512195122,1,1,-1
2444,1500,164,9.55348314380844,-57.1219512195122,-1,1,1
2444,500,165,14.7451838011661,-56.1219512195122,1,-1,1
2444,500,166,12.8405464049596,-55.1219512195122,1,1,-1
2444,1500,167,12.8380264301625,-54.1219512195122,-1,1,1
2444,1500,168,11.2249031914286,-53.1219512195122,-1,-1,1
2444,1500,169,4.40900832002378,-52.1219512195122,-1,-1,-1
2444,500,170,18.9071963360847,-51.1219512195122,1,-1,-1
2444,1500,171,8.30142421714134,-50.1219512195122,-1,1,-1
2444,1500,172,6.76152849285767,-49.1219512195122,-1,-1,1
2444,500,173,14.2696256726087,-48.1219512195122,1,-1,-1
2444,500,174,19.7093671698409,-47.1219512195122,1,1,-1
2444,500,175,20.8597061495688,-46.1219512195122,1,1,1
2444,1500,176,22.526594509497,-45.1219512195122,-1,1,1
2444,500,177,26.5288205046139,-44.1219512195122,1,-1,1
2444,1500,178,16.2128208955036,-43.1219512195122,-1,1,-1
2444,500,179,19.9203036934148,-42.1219512195122,1,-1,1
2444,500,180,20.8800533689347,-41.1219512195122,1,1,-1
2444,1500,181,17.1900930302427,-40.1219512195122,-1,1,1
2444,1500,182,21.9292797808293,-39.1219512195122,-1,-1,1
2444,500,183,18.2472288174512,-38.1219512195122,1,-1,-1
2444,500,184,17.745159979605,-37.1219512195122,1,1,-1
2444,500,185,19.4230176704326,-36.1219512195122,1,1,1
2444,500,186,26.1296216393037,-35.1219512195122,1,1,1
2444,500,188,14.7763754952277,-33.1219512195122,1,1,1
2444,500,189,7.39291054637081,-32.1219512195122,1,1,1
2444,500,190,21.3695513540814,-31.1219512195122,1,1,1
2444,500,191,26.4602944197239,-30.1219512195122,1,1,1
2444,500,192,21.1252570813075,-29.1219512195122,1,1,1
2444,1500,193,16.8025581891081,-28.1219512195122,-1,1,1
2444,1500,195,12.4852029055517,-26.1219512195122,-1,-1,-1
2444,500,196,17.3882992895443,-25.1219512195122,1,-1,-1
2444,500,197,13.6543103250785,-24.1219512195122,1,1,-1
2444,500,198,7.58559355544985,-23.1219512195122,1,1,1
2444,500,200,17.5657873410593,-21.1219512195122,1,-1,1
2444,1500,201,12.0871053555765,-20.1219512195122,-1,1,-1
2444,1500,202,7.49328844294477,-19.1219512195122,-1,-1,1
2444,500,203,12.5622289436598,-18.1219512195122,1,-1,-1
2444,1500,204,14.7208139231085,-17.1219512195122,-1,1,-1
2444,500,205,18.6218521579389,-16.1219512195122,1,-1,1
2444,1500,206,13.2017121844761,-15.1219512195122,-1,1,-1
2444,500,207,12.8093548882011,-14.1219512195122,1,-1,1
2444,500,208,16.5044266672126,-13.1219512195122,1,1,-1
2444,500,209,19.7471308981437,-12.1219512195122,1,1,1
2444,1500,210,14.8020604326691,-11.1219512195122,-1,1,1
2444,500,211,20.1825957607992,-10.1219512195122,1,-1,1
2444,500,212,18.6611082496655,-9.1219512195122,1,1,-1
2444,1500,213,15.4959297830987,-8.1219512195122,-1,1,1
2444,1500,214,9.23425296355193,-7.1219512195122,-1,-1,1
2444,500,215,13.2556023540303,-6.1219512195122,1,-1,-1
2444,500,216,18.0219800507863,-5.1219512195122,1,1,-1
2444,500,217,20.0432763744719,-4.1219512195122,1,1,1
2444,1500,218,16.651552450726,-3.1219512195122,-1,1,1
2444,500,219,20.6691061836898,-2.1219512195122,1,-1,1
2444,500,220,22.0763159620642,-1.1219512195122,1,1,-1
2444,500,221,20.3641269565298,-0.121951219512198,1,1,1
2444,500,222,24.3515052564344,0.878048780487802,1,1,1
2444,500,223,19.2878000919941,1.8780487804878,1,1,1
2444,500,224,22.1594145135532,2.8780487804878,1,1,1
2444,1500,226,25.474683370123,4.8780487804878,-1,-1,1
2444,500,227,24.8775484310444,5.8780487804878,1,-1,-1
2444,500,229,25.1148352809526,7.8780487804878,1,1,1
2444,500,231,16.5603488427848,9.8780487804878,1,1,1
2444,500,233,23.1180496701821,11.8780487804878,1,1,1
2444,500,234,26.1960047134546,12.8780487804878,1,1,1
2444,1500,241,20.5172122831425,19.8780487804878,-1,-1,1
2444,1500,243,26.9944236237605,21.8780487804878,-1,1,-1
2444,1500,247,10.7917613442798,25.8780487804878,-1,1,1
2444,1500,248,6.32473595879774,26.8780487804878,-1,-1,1
2444,1500,249,7.9681671001586,27.8780487804878,-1,-1,-1
2444,500,250,11.4745387509183,28.8780487804878,1,-1,-1
2444,1500,251,14.543268761422,29.8780487804878,-1,1,-1
2444,500,252,14.1583507579558,30.8780487804878,1,-1,1
2444,500,253,13.107674700215,31.8780487804878,1,1,-1
2444,500,254,16.1041481456097,32.8780487804878,1,1,1
2444,1500,255,10.0074648664874,33.8780487804878,-1,1,1
2444,1500,256,13.1427523010508,34.8780487804878,-1,-1,1
2444,500,257,12.3463657932873,35.8780487804878,1,-1,-1
2444,500,258,13.4493670522386,36.8780487804878,1,1,-1
2444,500,259,16.8834246337375,37.8780487804878,1,1,1
2444,1500,260,3.41705884624032,38.8780487804878,-1,1,1
2444,1500,262,5.07830659667134,40.8780487804878,-1,-1,-1
2444,500,263,8.35730514130857,41.8780487804878,1,-1,-1
2444,1500,264,1.63529193425465,42.8780487804878,-1,1,-1
2444,1500,265,7.12866326100047,43.8780487804878,-1,-1,1
2444,500,266,5.05199116863401,44.8780487804878,1,-1,-1
2444,500,267,6.89699908545379,45.8780487804878,1,1,-1
2444,1500,268,3.21537790746724,46.8780487804878,-1,1,1
2444,1500,269,1.85968404853401,47.8780487804878,-1,-1,1
2444,500,270,10.5798958052949,48.8780487804878,1,-1,-1
2444,1500,271,8.03946305058381,49.8780487804878,-1,1,-1
2444,1500,272,9.21039830954273,50.8780487804878,-1,-1,1
2444,500,273,23.7378527722452,51.8780487804878,1,-1,-1
2444,1500,274,10.0770582274537,52.8780487804878,-1,1,-1
2444,1500,275,0.351715710764465,53.8780487804878,-1,-1,1
2444,1500,276,6.10948341667699,54.8780487804878,-1,-1,-1
2444,1500,277,4.40947293393402,55.8780487804878,-1,-1,-1
2444,500,278,11.6705598359479,56.8780487804878,1,-1,-1
2444,1500,280,-6.68514238292783,58.8780487804878,-1,-1,1
2444,500,281,-3.29247495302373,59.8780487804878,1,-1,-1
2444,500,282,9.43277775685107,60.8780487804878,1,1,-1
2444,500,283,11.6013389206891,61.8780487804878,1,1,1
2444,500,284,13.4326713553298,62.8780487804878,1,1,1
2444,500,285,8.36309089696327,63.8780487804878,1,1,1
2444,1500,287,-7.20879869375903,65.8780487804878,-1,-1,1
2444,1500,288,3.5219915797477,66.8780487804878,-1,-1,-1
2444,500,289,2.31441491734358,67.8780487804878,1,-1,-1
2444,1500,290,8.46832859707103,68.8780487804878,-1,1,-1
2444,500,291,17.001639756201,69.8780487804878,1,-1,1
2444,500,292,22.9825484708774,70.8780487804878,1,1,-1
2444,500,293,14.4337537155604,71.8780487804878,1,1,1
2444,1500,294,9.06776327773994,72.8780487804878,-1,1,1
2444,1500,295,10.4391948769341,73.8780487804878,-1,-1,1
2444,500,296,4.87858036818166,74.8780487804878,1,-1,-1
2444,1500,297,4.97562622638254,75.8780487804878,-1,1,-1
2444,500,298,15.3884823944051,76.8780487804878,1,-1,1
2444,500,299,19.7802497913764,77.8780487804878,1,1,-1
2444,1500,300,9.48344477688343,78.8780487804878,-1,1,1
2444,500,301,14.3159421232108,79.8780487804878,1,-1,1
2444,500,302,18.3905426929399,80.8780487804878,1,1,-1
2444,500,303,15.5455947587232,81.8780487804878,1,1,1
2444,500,304,15.4051094995429,82.8780487804878,1,1,1
2444,500,305,17.4345441558287,83.8780487804878,1,1,1
2444,1500,306,11.1049562278687,84.8780487804878,-1,1,1
2444,500,307,17.4385941472404,85.8780487804878,1,-1,1
2444,1500,308,6.05949177830551,86.8780487804878,-1,1,-1
2444,500,309,14.0865164351242,87.8780487804878,1,-1,1
2444,1500,310,4.54816162172105,88.8780487804878,-1,1,-1
2444,500,311,18.9087624208227,89.8780487804878,1,-1,1
2444,500,312,11.0684463134642,90.8780487804878,1,1,-1
2444,500,313,13.8052446327542,91.8780487804878,1,1,1
2444,1500,314,9.30955054492524,92.8780487804878,-1,1,1
2444,1500,315,5.60032171661797,93.8780487804878,-1,-1,1
2444,1500,316,5.06584910610979,94.8780487804878,-1,-1,-1
2444,500,317,14.671863293926,95.8780487804878,1,-1,-1
2444,500,318,9.74760266753597,96.8780487804878,1,1,-1
2444,1500,320,5.35088865164686,98.8780487804878,-1,-1,1
2444,500,321,7.25304548067501,99.8780487804878,1,-1,-1
2444,500,322,8.97746555044537,100.878048780488,1,1,-1
2444,1500,323,1.78038161309136,101.878048780488,-1,1,1
2444,500,324,15.9992885823749,102.878048780488,1,-1,1
2444,500,325,21.6021490541019,103.878048780488,1,1,-1
2444,500,326,16.4975842307236,104.878048780488,1,1,1
2444,1500,327,8.52381575790623,105.878048780488,-1,1,1
2444,1500,328,11.1182595946612,106.878048780488,-1,-1,1
2444,1500,330,6.54407419821255,108.878048780488,-1,-1,-1
2444,500,331,3.21486353681171,109.878048780488,1,-1,-1
2444,1500,332,10.6094811699387,110.878048780488,-1,1,-1
2444,500,333,5.05956001630901,111.878048780488,1,-1,1
2444,500,334,8.04115657101247,112.878048780488,1,1,-1
2444,1500,335,4.94199662004945,113.878048780488,-1,1,1
2444,1500,336,6.69016523628343,114.878048780488,-1,-1,1
2444,500,337,12.52238787584,115.878048780488,1,-1,-1
2444,1500,338,2.61129663101277,116.878048780488,-1,1,-1
2444,1500,340,7.96339825791683,118.878048780488,-1,-1,-1
2444,500,341,19.1148947507974,119.878048780488,1,-1,-1
2444,500,342,15.7199623690033,120.878048780488,1,1,-1
2444,1500,343,7.36311959942092,121.878048780488,-1,1,1
2444,1500,344,9.80854774809893,122.878048780488,-1,-1,1
2444,500,345,19.4045485201968,123.878048780488,1,-1,-1
2444,500,346,22.0640502690502,124.878048780488,1,1,-1
2444,1500,347,11.1339362290985,125.878048780488,-1,1,1
2444,500,348,14.7712925436948,126.878048780488,1,-1,1
2444,1500,349,5.60032325815241,127.878048780488,-1,1,-1
2444,500,350,17.6393026601138,128.878048780488,1,-1,1
2444,500,351,17.5527728838962,129.878048780488,1,1,-1
2444,1500,352,17.756916998954,130.878048780488,-1,1,1
2444,1500,353,4.26429499842742,131.878048780488,-1,-1,1
2444,1500,354,-3.27250587290778,132.878048780488,-1,-1,-1
2444,500,355,0.535665309643309,133.878048780488,1,-1,-1
2444,500,356,4.23074850435201,134.878048780488,1,1,-1
2444,500,357,14.1334721736231,135.878048780488,1,1,1
2444,1500,358,7.6450088730897,136.878048780488,-1,1,1
2444,1500,359,10.1952875910981,137.878048780488,-1,-1,1
2444,500,360,12.6178157666742,138.878048780488,1,-1,-1
2444,1500,361,14.1456416180831,139.878048780488,-1,1,-1
2444,1500,362,15.0981303315965,140.878048780488,-1,-1,1
2444,1500,363,7.89712051269825,141.878048780488,-1,-1,-1
2444,500,364,9.95132168419777,142.878048780488,1,-1,-1
2444,1500,365,15.937535832861,143.878048780488,-1,1,-1
2444,1500,366,3.84237345079306,144.878048780488,-1,-1,1
2444,1500,367,4.6452278140828,145.878048780488,-1,-1,-1
2444,500,368,18.2798522595373,146.878048780488,1,-1,-1
2444,1500,369,11.8186467427582,147.878048780488,-1,1,-1
2444,1500,370,11.0570631885598,148.878048780488,-1,-1,1
2444,1500,371,4.01356393259289,149.878048780488,-1,-1,-1
2444,500,372,12.7087542447413,150.878048780488,1,-1,-1
2444,1500,373,10.6897074330247,151.878048780488,-1,1,-1
2444,500,374,19.0331834000182,152.878048780488,1,-1,1
2444,500,375,14.784188731,153.878048780488,1,1,-1
2444,500,376,25.0473353346199,154.878048780488,1,1,1
2444,1500,377,11.9980431710534,155.878048780488,-1,1,1
2444,500,378,24.1807426790139,156.878048780488,1,-1,1
2444,1500,379,16.4494000015157,157.878048780488,-1,1,-1
2444,1500,380,4.48456525001897,158.878048780488,-1,-1,1
2444,1500,381,2.88208726806526,159.878048780488,-1,-1,-1
2444,500,382,8.94057711893487,160.878048780488,1,-1,-1
2444,1500,383,6.48968331126942,161.878048780488,-1,1,-1
2444,1500,384,3.24519182650457,162.878048780488,-1,-1,1
2444,500,385,12.2985354873412,163.878048780488,1,-1,-1
2444,500,387,8.20241069776587,165.878048780488,1,-1,1
2444,500,388,8.92261207899027,166.878048780488,1,1,-1
2444,500,389,3.1391380334981,167.878048780488,1,1,1
2444,1500,390,7.81775574578283,168.878048780488,-1,1,1
2444,500,391,4.21415237568269,169.878048780488,1,-1,1
2444,500,392,9.29411220463317,170.878048780488,1,1,-1
2444,500,393,3.21458383469099,171.878048780488,1,1,1
2444,500,394,7.83225005740157,172.878048780488,1,1,1
2444,500,395,9.91447219702977,173.878048780488,1,1,1
2444,500,396,20.4549821663124,174.878048780488,1,1,1
2444,1500,397,5.83615381415235,175.878048780488,-1,1,1
2444,500,398,14.8420558882382,176.878048780488,1,-1,1
2444,500,399,16.3488704738401,177.878048780488,1,1,-1
2444,1500,400,3.9686110009338,178.878048780488,-1,1,1
2444,1500,401,9.77128660239543,179.878048780488,-1,-1,1
2444,1500,402,4.99104724867151,180.878048780488,-1,-1,-1
2444,1500,403,6.98261242114842,181.878048780488,-1,-1,-1
2444,500,404,17.0247563483419,182.878048780488,1,-1,-1
2444,500,405,16.2083029413842,183.878048780488,1,1,-1
2444,500,406,13.9972086348095,184.878048780488,1,1,1
2444,1500,407,21.0902502924639,185.878048780488,-1,1,1
2444,1500,408,22.6430936423825,186.878048780488,-1,-1,1
2444,500,409,24.3108399532031,187.878048780488,1,-1,-1
2444,1500,410,11.5870560218276,188.878048780488,-1,1,-1
2444,500,411,21.3142574679237,189.878048780488,1,-1,1
2444,500,412,11.2062186869588,190.878048780488,1,1,-1
2444,1500,413,10.5320419338573,191.878048780488,-1,1,1
2444,1500,414,11.1076792816373,192.878048780488,-1,-1,1
2444,1500,415,10.4521442353604,193.878048780488,-1,-1,-1
2444,1500,416,2.68790633614254,194.878048780488,-1,-1,-1
2444,1500,417,-6.42203952927597,195.878048780488,-1,-1,-1
2444,1500,418,-3.52413480904108,196.878048780488,-1,-1,-1
2444,500,419,5.33970900942889,197.878048780488,1,-1,-1
2444,1500,420,1.30897834600522,198.878048780488,-1,1,-1
2463,1500,23,-1.61475332004826,-196.656593406593,-1,-1,1
2463,500,24,0.977877791838229,-195.656593406593,1,-1,-1
2463,500,25,10.0476416358679,-194.656593406593,1,1,-1
2463,1500,26,1.29213942151481,-193.656593406593,-1,1,1
2463,1500,27,-7.24498247285073,-192.656593406593,-1,-1,1
2463,1500,28,-10.0570636084645,-191.656593406593,-1,-1,-1
2463,500,29,-2.77364833042382,-190.656593406593,1,-1,-1
2463,1500,30,1.56837943793121,-189.656593406593,-1,1,-1
2463,500,31,0.849541039068589,-188.656593406593,1,-1,1
2463,500,33,2.5848529635221,-186.656593406593,1,-1,1
2463,1500,34,3.60237098138666,-185.656593406593,-1,1,-1
2463,1500,35,-5.86427956916049,-184.656593406593,-1,-1,1
2463,1500,36,-5.66877775669081,-183.656593406593,-1,-1,-1
2463,500,37,-4.58056294265627,-182.656593406593,1,-1,-1
2463,1500,38,-0.488370570342077,-181.656593406593,-1,1,-1
2463,1500,39,-3.89066782040695,-180.656593406593,-1,-1,1
2463,1500,40,-3.29218654447766,-179.656593406593,-1,-1,-1
2463,500,41,0.295542599599289,-178.656593406593,1,-1,-1
2463,1500,42,-5.04007062857235,-177.656593406593,-1,1,-1
2463,500,43,1.57391283119989,-176.656593406593,1,-1,1
2463,1500,44,6.19748239090819,-175.656593406593,-1,1,-1
2463,1500,45,-3.52288184228644,-174.656593406593,-1,-1,1
2463,500,46,1.99333776675739,-173.656593406593,1,-1,-1
2463,500,47,8.37827830775178,-172.656593406593,1,1,-1
2463,1500,48,3.77824372916408,-171.656593406593,-1,1,1
2463,1500,49,-6.84509181965221,-170.656593406593,-1,-1,1
2463,500,50,5.7665950844474,-169.656593406593,1,-1,-1
2463,500,51,10.3082177793779,-168.656593406593,1,1,-1
2463,500,52,12.52370854446,-167.656593406593,1,1,1
2463,1500,53,4.27109415816492,-166.656593406593,-1,1,1
2463,500,54,8.81508313323659,-165.656593406593,1,-1,1
2463,1500,55,2.11465366686005,-164.656593406593,-1,1,-1
2463,1500,56,-4.11674437991164,-163.656593406593,-1,-1,1
2463,1500,57,0.2911432848955,-162.656593406593,-1,-1,-1
2463,1500,58,-2.62923235442371,-161.656593406593,-1,-1,-1
2463,500,59,4.95186029068874,-160.656593406593,1,-1,-1
2463,500,60,9.7389382107869,-159.656593406593,1,1,-1
2463,1500,61,2.53849990712152,-158.656593406593,-1,1,1
2463,1500,62,5.13549231383536,-157.656593406593,-1,-1,1
2463,500,63,6.41221470832176,-156.656593406593,1,-1,-1
2463,500,64,9.0776237916697,-155.656593406593,1,1,-1
2463,500,65,15.1846172555052,-154.656593406593,1,1,1
2463,500,66,10.5438033941085,-153.656593406593,1,1,1
2463,500,67,16.7553267163364,-152.656593406593,1,1,1
2463,500,68,14.7302929295748,-151.656593406593,1,1,1
2463,500,69,19.6445002110046,-150.656593406593,1,1,1
2463,500,70,20.0316360065058,-149.656593406593,1,1,1
2463,500,71,25.9557356009184,-148.656593406593,1,1,1
2463,1500,73,4.23550055463452,-146.656593406593,-1,-1,1
2463,500,74,9.77771868326123,-145.656593406593,1,-1,-1
2463,1500,77,-2.97059820934474,-142.656593406593,-1,-1,-1
2463,500,78,-0.711676839776491,-141.656593406593,1,-1,-1
2463,1500,79,2.1428571964706,-140.656593406593,-1,1,-1
2463,500,80,6.86109925421419,-139.656593406593,1,-1,1
2463,500,81,10.8212262162502,-138.656593406593,1,1,-1
2463,1500,82,1.4614484126002,-137.656593406593,-1,1,1
2463,1500,83,-0.014957821743138,-136.656593406593,-1,-1,1
2463,1500,84,-9.86254010298448,-135.656593406593,-1,-1,-1
2463,500,85,5.25513335771335,-134.656593406593,1,-1,-1
2463,1500,86,-7.27059552357338,-133.656593406593,-1,1,-1
2463,1500,87,-3.2801770386075,-132.656593406593,-1,-1,1
2463,1500,88,-4.32672832317718,-131.656593406593,-1,-1,-1
2463,500,89,1.42675139244534,-130.656593406593,1,-1,-1
2463,1500,90,-3.32313139090266,-129.656593406593,-1,1,-1
2463,500,91,3.85111252393847,-128.656593406593,1,-1,1
2463,1500,92,-1.25988771482609,-127.656593406593,-1,1,-1
2463,500,93,4.67020559336726,-126.656593406593,1,-1,1
2463,1500,94,-4.31764163356113,-125.656593406593,-1,1,-1
2463,1500,95,-6.92140184740854,-124.656593406593,-1,-1,1
2463,500,96,0.710299609197009,-123.656593406593,1,-1,-1
2463,500,97,6.45623448733811,-122.656593406593,1,1,-1
2463,500,98,13.573866551086,-121.656593406593,1,1,1
2463,500,99,12.462054123107,-120.656593406593,1,1,1
2463,500,100,15.1951065832002,-119.656593406593,1,1,1
2463,500,101,20.9848504093149,-118.656593406593,1,1,1
2463,1500,102,-0.595321323914454,-117.656593406593,-1,1,1
2463,500,103,10.6464782884572,-116.656593406593,1,-1,1
2463,500,104,11.3165221605676,-115.656593406593,1,1,-1
2463,500,105,19.549055235767,-114.656593406593,1,1,1
2463,500,106,15.7914962698104,-113.656593406593,1,1,1
2463,1500,107,11.0333849427447,-112.656593406593,-1,1,1
2463,500,108,11.2176863861451,-111.656593406593,1,-1,1
2463,1500,109,-0.701038679802369,-110.656593406593,-1,1,-1
2463,1500,110,1.43356434481979,-109.656593406593,-1,-1,1
2463,500,111,5.77533403565123,-108.656593406593,1,-1,-1
2463,1500,112,-5.29932561882318,-107.656593406593,-1,1,-1
2463,500,113,5.10159955799126,-106.656593406593,1,-1,1
2463,500,114,10.9755453391059,-105.656593406593,1,1,-1
2463,1500,115,3.61185747434127,-104.656593406593,-1,1,1
2463,500,116,1.14021231865712,-103.656593406593,1,-1,1
2463,1500,117,4.59028872998529,-102.656593406593,-1,1,-1
2463,1500,118,-2.36094170817841,-101.656593406593,-1,-1,1
2463,500,119,-4.14130549517222,-100.656593406593,1,-1,-1
2463,500,121,3.70614272058916,-98.6565934065934,1,-1,1
2463,500,122,5.27555167321231,-97.6565934065934,1,1,-1
2463,500,124,9.0580787048718,-95.6565934065934,1,-1,1
2463,500,125,6.10910248892914,-94.6565934065934,1,1,-1
2463,500,126,1.77528339586703,-93.6565934065934,1,1,1
2463,500,127,7.72694454913571,-92.6565934065934,1,1,1
2463,500,128,9.93661600815724,-91.6565934065934,1,1,1
2463,500,129,7.65041423014537,-90.6565934065934,1,1,1
2463,500,130,12.1403143661599,-89.6565934065934,1,1,1
2463,1500,131,11.602158915534,-88.6565934065934,-1,1,1
2463,500,132,8.6032008956118,-87.6565934065934,1,-1,1
2463,1500,133,-5.20502207180077,-86.6565934065934,-1,1,-1
2463,1500,134,-1.28908397622257,-85.6565934065934,-1,-1,1
2463,1500,136,-13.246012369167,-83.6565934065934,-1,-1,-1
2463,500,137,-4.26135031199715,-82.6565934065934,1,-1,-1
2463,500,138,3.55725977322594,-81.6565934065934,1,1,-1
2463,500,139,2.53169815080819,-80.6565934065934,1,1,1
2463,1500,140,-0.694432215838712,-79.6565934065934,-1,1,1
2463,1500,141,-2.34219451777824,-78.6565934065934,-1,-1,1
2463,1500,142,-13.4895939295354,-77.6565934065934,-1,-1,-1
2463,500,143,-0.876407043500401,-76.6565934065934,1,-1,-1
2463,500,144,5.46154823333416,-75.6565934065934,1,1,-1
2463,1500,145,3.49652295865606,-74.6565934065934,-1,1,1
2463,500,146,3.26398466256014,-73.6565934065934,1,-1,1
2463,500,147,8.74406961756788,-72.6565934065934,1,1,-1
2463,500,148,10.5494585503115,-71.6565934065934,1,1,1
2463,1500,149,-1.77728994659553,-70.6565934065934,-1,1,1
2463,1500,150,-5.15273211347062,-69.6565934065934,-1,-1,1
2463,500,151,0.544341788298539,-68.6565934065934,1,-1,-1
2463,1500,152,-9.4169966139819,-67.6565934065934,-1,1,-1
2463,1500,153,-16.409093591378,-66.6565934065934,-1,-1,1
2463,1500,154,-12.5490080994816,-65.6565934065934,-1,-1,-1
2463,500,155,-5.33495787996744,-64.6565934065934,1,-1,-1
2463,1500,156,-9.85144805234253,-63.6565934065934,-1,1,-1
2463,1500,157,-12.9196063569967,-62.6565934065934,-1,-1,1
2463,1500,158,-23.6195502778676,-61.6565934065934,-1,-1,-1
2463,500,159,-8.4325324626502,-60.6565934065934,1,-1,-1
2463,500,160,5.73313419739455,-59.6565934065934,1,1,-1
2463,500,161,6.57572072193923,-58.6565934065934,1,1,1
2463,1500,162,-4.59704585770969,-57.6565934065934,-1,1,1
2463,1500,163,-16.445087773353,-56.6565934065934,-1,-1,1
2463,500,167,-15.9079790077631,-52.6565934065934,1,-1,-1
2463,1500,168,-15.1653711853031,-51.6565934065934,-1,1,-1
2463,500,170,-13.5736584597232,-49.6565934065934,1,-1,-1
2463,500,171,-3.20650290087499,-48.6565934065934,1,1,-1
2463,500,175,-6.7476901938959,-44.6565934065934,1,-1,-1
2463,1500,176,-9.92557678212404,-43.6565934065934,-1,1,-1
2463,500,177,-6.44998707665497,-42.6565934065934,1,-1,1
2463,500,178,5.8992202250533,-41.6565934065934,1,1,-1
2463,1500,179,-1.98472605741861,-40.6565934065934,-1,1,1
2463,1500,180,-10.1502694812096,-39.6565934065934,-1,-1,1
2463,500,181,-0.968988168598171,-38.6565934065934,1,-1,-1
2463,500,182,3.31786099690132,-37.6565934065934,1,1,-1
2463,500,183,8.80301542008686,-36.6565934065934,1,1,1
2463,500,184,7.62102974744475,-35.6565934065934,1,1,1
2463,500,185,10.5674366759869,-34.6565934065934,1,1,1
2463,500,186,9.94962825600461,-33.6565934065934,1,1,1
2463,500,187,5.02939850013229,-32.6565934065934,1,1,1
2463,500,188,7.16134177338173,-31.6565934065934,1,1,1
2463,500,189,11.5128689561528,-30.6565934065934,1,1,1
2463,500,190,8.78000570904489,-29.6565934065934,1,1,1
2463,500,191,17.553021375096,-28.6565934065934,1,1,1
2463,500,192,7.36193428919415,-27.6565934065934,1,1,1
2463,500,193,14.3286555288763,-26.6565934065934,1,1,1
2463,500,194,14.0194100101773,-25.6565934065934,1,1,1
2463,1500,195,-4.50472203418582,-24.6565934065934,-1,1,1
2463,500,196,6.29172332229191,-23.6565934065934,1,-1,1
2463,500,197,9.90942021389688,-22.6565934065934,1,1,-1
2463,1500,198,-0.186895888477861,-21.6565934065934,-1,1,1
2463,500,199,0.777621002980129,-20.6565934065934,1,-1,1
2463,500,200,4.2305333955278,-19.6565934065934,1,1,-1
2463,1500,201,-5.75733339030285,-18.6565934065934,-1,1,1
2463,1500,202,-4.26200510589872,-17.6565934065934,-1,-1,1
2463,500,203,6.38199199486649,-16.6565934065934,1,-1,-1
2463,1500,204,-4.14038536317787,-15.6565934065934,-1,1,-1
2463,500,205,0.447536152910009,-14.6565934065934,1,-1,1
2463,1500,206,-11.3758413878942,-13.6565934065934,-1,1,-1
2463,1500,207,-12.5898110130148,-12.6565934065934,-1,-1,1
2463,500,208,0.0861905094332891,-11.6565934065934,1,-1,-1
2463,500,209,-0.076331415557211,-10.6565934065934,1,1,-1
2463,1500,210,-5.8543045147433,-9.6565934065934,-1,1,1
2463,1500,211,-18.9884595939956,-8.6565934065934,-1,-1,1
2463,500,212,-8.6840183989083,-7.6565934065934,1,-1,-1
2463,500,213,1.77258476896537,-6.6565934065934,1,1,-1
2463,500,214,5.95593419912092,-5.6565934065934,1,1,1
2463,500,215,4.43391435799628,-4.6565934065934,1,1,1
2463,500,216,3.31494376994347,-3.6565934065934,1,1,1
2463,1500,217,-7.7923622144115,-2.6565934065934,-1,1,1
2463,1500,218,-19.7062300326304,-1.6565934065934,-1,-1,1
2463,500,219,-1.66540377553987,-0.656593406593402,1,-1,-1
2463,500,220,-1.86633259525175,0.343406593406598,1,1,-1
2463,500,221,4.66821377724641,1.3434065934066,1,1,1
2463,500,222,7.76536133301442,2.3434065934066,1,1,1
2463,500,223,3.24267253089391,3.3434065934066,1,1,1
2463,500,224,4.82616820561449,4.3434065934066,1,1,1
2463,1500,225,-3.79201596864476,5.3434065934066,-1,1,1
2463,1500,226,-19.0612418324335,6.3434065934066,-1,-1,1
2463,1500,227,-26.6900932636881,7.3434065934066,-1,-1,-1
2463,500,228,-10.0480813307256,8.3434065934066,1,-1,-1
2463,1500,229,-18.5519514624841,9.3434065934066,-1,1,-1
2463,500,230,1.55118950771091,10.3434065934066,1,-1,1
2463,1500,231,-14.5281856255193,11.3434065934066,-1,1,-1
2463,500,232,-1.99402366659866,12.3434065934066,1,-1,1
2463,500,233,-2.85270793410457,13.3434065934066,1,1,-1
2463,1500,234,-21.108497084538,14.3434065934066,-1,1,1
2463,500,235,-5.52181605211411,15.3434065934066,1,-1,1
2463,1500,236,-16.6889744274456,16.3434065934066,-1,1,-1
2463,1500,237,-14.3121806036961,17.3434065934066,-1,-1,1
2463,500,238,-5.82605948890211,18.3434065934066,1,-1,-1
2463,1500,239,-12.1476508975169,19.3434065934066,-1,1,-1
2463,1500,240,-15.5497556884212,20.3434065934066,-1,-1,1
2463,500,241,-5.47449200399527,21.3434065934066,1,-1,-1
2463,500,242,-9.3254873847523,22.3434065934066,1,1,-1
2463,500,243,-7.5626322473209,23.3434065934066,1,1,1
2463,1500,244,-9.56222145199449,24.3434065934066,-1,1,1
2463,1500,245,-20.7604484716545,25.3434065934066,-1,-1,1
2463,500,246,-11.117635112494,26.3434065934066,1,-1,-1
2463,1500,247,-12.7721878082641,27.3434065934066,-1,1,-1
2463,500,248,-5.66140363608981,28.3434065934066,1,-1,1
2463,1500,249,-6.10915748518457,29.3434065934066,-1,1,-1
2463,500,250,-2.49240668938132,30.3434065934066,1,-1,1
2463,1500,251,-10.176846728147,31.3434065934066,-1,1,-1
2463,1500,252,-7.17353572376087,32.3434065934066,-1,-1,1
2463,500,255,-3.29719258483485,35.3434065934066,1,-1,-1
2463,500,256,-1.20425194738585,36.3434065934066,1,1,-1
2463,1500,257,-14.7364709621029,37.3434065934066,-1,1,1
2463,1500,258,-14.3215844987961,38.3434065934066,-1,-1,1
2463,500,259,-5.17324954176555,39.3434065934066,1,-1,-1
2463,1500,260,-10.3025874485198,40.3434065934066,-1,1,-1
2463,1500,261,-20.808640626875,41.3434065934066,-1,-1,1
2463,1500,262,-19.8013844484438,42.3434065934066,-1,-1,-1
2463,1500,263,-19.9120527967294,43.3434065934066,-1,-1,-1
2463,500,264,-8.3210768943402,44.3434065934066,1,-1,-1
2463,500,265,-6.5588648492567,45.3434065934066,1,1,-1
2463,500,266,-4.54910533703619,46.3434065934066,1,1,1
2463,500,268,-6.76505017916809,48.3434065934066,1,-1,1
2463,1500,269,-13.445947268115,49.3434065934066,-1,1,-1
2463,1500,270,-20.2074174382106,50.3434065934066,-1,-1,1
2463,1500,271,-23.6147430800195,51.3434065934066,-1,-1,-1
2463,500,272,-13.6321636567279,52.3434065934066,1,-1,-1
2463,1500,273,-17.4804737662783,53.3434065934066,-1,1,-1
2463,1500,274,-25.0222906431814,54.3434065934066,-1,-1,1
2463,1500,276,-27.1299730147687,56.3434065934066,-1,-1,-1
2463,500,277,-15.1114512275796,57.3434065934066,1,-1,-1
2463,500,278,-11.4261583008068,58.3434065934066,1,1,-1
2463,1500,279,-21.5178217495149,59.3434065934066,-1,1,1
2463,500,280,-9.7177603900657,60.3434065934066,1,-1,1
2463,1500,281,-20.598124984918,61.3434065934066,-1,1,-1
2463,1500,282,-27.8222798810419,62.3434065934066,-1,-1,1
2463,500,285,-24.6952448043034,65.3434065934066,1,-1,-1
2463,500,286,-15.3534424818252,66.3434065934066,1,1,-1
2463,500,287,-0.168539887999981,67.3434065934066,1,1,1
2463,500,288,-3.19353456667103,68.3434065934066,1,1,1
2463,500,289,-4.90130136988471,69.3434065934066,1,1,1
2463,1500,290,-12.6074429898126,70.3434065934066,-1,1,1
2463,1500,291,-21.3020963542412,71.3434065934066,-1,-1,1
2463,500,292,-11.6277633275673,72.3434065934066,1,-1,-1
2463,1500,293,-16.8849654984755,73.3434065934066,-1,1,-1
2463,1500,294,-27.8308359933448,74.3434065934066,-1,-1,1
2463,500,296,-6.4631820199848,76.3434065934066,1,-1,-1
2463,500,297,-13.2161440275545,77.3434065934066,1,1,-1
2463,500,298,-10.8868871590255,78.3434065934066,1,1,1
2463,500,299,-6.87551129923643,79.3434065934066,1,1,1
2463,1500,300,-19.5398955068946,80.3434065934066,-1,1,1
2463,500,301,-11.8955038401884,81.3434065934066,1,-1,1
2463,1500,302,-28.7398505272064,82.3434065934066,-1,1,-1
2463,1500,303,-28.7461702734844,83.3434065934066,-1,-1,1
2463,500,304,-8.5188240430433,84.3434065934066,1,-1,-1
2463,500,305,-9.7633223759153,85.3434065934066,1,1,-1
2463,1500,306,-15.9269375178093,86.3434065934066,-1,1,1
2463,500,307,2.20520853937239,87.3434065934066,1,-1,1
2463,500,308,-4.67610902247557,88.3434065934066,1,1,-1
2463,500,309,-9.8392436499003,89.3434065934066,1,1,1
2463,500,310,-2.70015549756778,90.3434065934066,1,1,1
2463,1500,311,-15.3243949141262,91.3434065934066,-1,1,1
2463,1500,312,-21.1262816631639,92.3434065934066,-1,-1,1
2463,500,313,-8.846847280244,93.3434065934066,1,-1,-1
2463,500,314,-12.4398128449302,94.3434065934066,1,1,-1
2463,1500,315,-27.4399397612568,95.3434065934066,-1,1,1
2463,500,316,-17.3743218813054,96.3434065934066,1,-1,1
2463,1500,317,-28.5261753335081,97.3434065934066,-1,1,-1
2463,500,318,-17.1738627411663,98.3434065934066,1,-1,1
2463,1500,319,-22.9425947311737,99.3434065934066,-1,1,-1
2463,1500,320,-29.026591622182,100.343406593407,-1,-1,1
2463,500,322,-21.4687140791843,102.343406593407,1,-1,-1
2463,500,323,-10.959045015807,103.343406593407,1,1,-1
2463,1500,324,-24.7085549558131,104.343406593407,-1,1,1
2463,1500,325,-24.4481216486667,105.343406593407,-1,-1,1
2463,500,329,-11.8583971648396,109.343406593407,1,-1,-1
2463,1500,330,-29.6585321521623,110.343406593407,-1,1,-1
2463,500,331,-18.411957157495,111.343406593407,1,-1,1
2463,500,332,-15.2483322760596,112.343406593407,1,1,-1
2463,1500,333,-25.762324050074,113.343406593407,-1,1,1
2463,500,334,-19.5464926414521,114.343406593407,1,-1,1
2463,1500,335,-23.3629867600242,115.343406593407,-1,1,-1
2463,500,336,-13.7536639823566,116.343406593407,1,-1,1
2463,500,339,-19.3796474554254,119.343406593407,1,-1,-1
2463,1500,340,-23.496253160566,120.343406593407,-1,1,-1
2463,500,342,-22.2202784325812,122.343406593407,1,-1,-1
2463,500,343,-14.7580331365937,123.343406593407,1,1,-1
2463,1500,344,-27.0672598459123,124.343406593407,-1,1,1
2463,500,346,-20.1365546577534,126.343406593407,1,-1,-1
2463,1500,347,-28.7860347673007,127.343406593407,-1,1,-1
2463,500,349,-23.0101503627725,129.343406593407,1,-1,-1
2463,500,353,-22.5717308479812,133.343406593407,1,-1,-1
2463,500,354,-7.13557832662327,134.343406593407,1,1,-1
2463,1500,355,-23.6859103739176,135.343406593407,-1,1,1
2463,1500,356,-28.645940760083,136.343406593407,-1,-1,1
2463,500,357,-8.5235245726601,137.343406593407,1,-1,-1
2463,500,358,-12.1535493079132,138.343406593407,1,1,-1
2463,1500,359,-23.6553596309249,139.343406593407,-1,1,1
2463,500,360,-9.5165577160526,140.343406593407,1,-1,1
2463,1500,361,-21.4251278182421,141.343406593407,-1,1,-1
2463,500,362,-6.96524048594219,142.343406593407,1,-1,1
2463,1500,363,-20.2774567346943,143.343406593407,-1,1,-1
2463,1500,364,-25.1679402024053,144.343406593407,-1,-1,1
2463,1500,365,-28.6633171332435,145.343406593407,-1,-1,-1
2463,500,366,-16.9899654891121,146.343406593407,1,-1,-1
2463,500,367,-13.1389841122289,147.343406593407,1,1,-1
2463,500,368,-8.2871337065874,148.343406593407,1,1,1
2463,1500,369,-18.1019118751422,149.343406593407,-1,1,1
2463,500,370,-15.0261254059636,150.343406593407,1,-1,1
2463,500,371,-10.3431334534354,151.343406593407,1,1,-1
2463,1500,372,-21.2802212055676,152.343406593407,-1,1,1
2463,1500,373,-18.6858937816391,153.343406593407,-1,-1,1
2463,500,374,-9.5319580507302,154.343406593407,1,-1,-1
2463,1500,375,-23.6570453167271,155.343406593407,-1,1,-1
2463,500,376,-10.6189963059657,156.343406593407,1,-1,1
2463,500,377,-5.11038740553129,157.343406593407,1,1,-1
2463,500,378,-2.11024154959211,158.343406593407,1,1,1
2463,1500,379,-13.5942523747042,159.343406593407,-1,1,1
2463,500,380,-1.65995129857617,160.343406593407,1,-1,1
2463,1500,381,-18.4623070511768,161.343406593407,-1,1,-1
2463,500,382,-5.81624915665816,162.343406593407,1,-1,1
2463,1500,383,-14.035289957454,163.343406593407,-1,1,-1
2463,1500,384,-22.4259147749556,164.343406593407,-1,-1,1
2463,500,385,-3.35939846718656,165.343406593407,1,-1,-1
2463,1500,386,-19.3075845076777,166.343406593407,-1,1,-1
2463,1500,387,-21.8942956416658,167.343406593407,-1,-1,1
2463,500,388,-11.3242699760379,168.343406593407,1,-1,-1
2463,1500,389,-19.8792170219569,169.343406593407,-1,1,-1
2463,500,390,-10.0859711551955,170.343406593407,1,-1,1
2463,500,391,-2.13723719098913,171.343406593407,1,1,-1
2463,500,392,-0.268537973634801,172.343406593407,1,1,1
2463,500,393,0.191525910607179,173.343406593407,1,1,1
2463,1500,394,-12.9383625214259,174.343406593407,-1,1,1
2463,500,395,0.682369660020739,175.343406593407,1,-1,1
2463,1500,396,-12.7323817876998,176.343406593407,-1,1,-1
2463,1500,397,-16.7984504808718,177.343406593407,-1,-1,1
2463,1500,398,-25.5526824154222,178.343406593407,-1,-1,-1
2463,1500,399,-16.9620718430405,179.343406593407,-1,-1,-1
2463,500,400,-2.07439759555016,180.343406593407,1,-1,-1
2463,500,401,5.62692532245145,181.343406593407,1,1,-1
2463,1500,402,-21.1946987005417,182.343406593407,-1,1,1
2463,1500,403,-23.1202529950294,183.343406593407,-1,-1,1
2463,1500,404,-25.4198222521699,184.343406593407,-1,-1,-1
2463,500,405,-7.3893606425359,185.343406593407,1,-1,-1
2463,1500,406,-19.2756996630565,186.343406593407,-1,1,-1
2463,500,407,-5.996669737885,187.343406593407,1,-1,1
2463,1500,408,-16.5580569067184,188.343406593407,-1,1,-1
2463,1500,409,-22.1795247496272,189.343406593407,-1,-1,1
2463,500,410,-6.26294372694304,190.343406593407,1,-1,-1
2463,1500,412,-15.5683886898403,192.343406593407,-1,-1,1
2463,1500,413,-17.6856285905901,193.343406593407,-1,-1,-1
2463,1500,414,-19.4579315882961,194.343406593407,-1,-1,-1
2463,500,415,-6.85228010050701,195.343406593407,1,-1,-1
2463,1500,416,-16.7612112128657,196.343406593407,-1,1,-1
2463,500,417,2.02419449679379,197.343406593407,1,-1,1
2463,1500,418,-16.2282404165226,198.343406593407,-1,1,-1
2463,1500,419,-6.34649703392035,199.343406593407,-1,-1,1
2463,500,420,3.9547596558113,200.343406593407,1,-1,-1
2465,1500,23,-4.97783642397391,-195.649484536082,-1,-1,1
2465,500,24,-3.27959240562414,-194.649484536082,1,-1,-1
2465,1500,25,8.70335915773215,-193.649484536082,-1,1,-1
2465,500,26,0.580592829785888,-192.649484536082,1,-1,1
2465,1500,27,5.53427749557001,-191.649484536082,-1,1,-1
2465,1500,28,0.108283021049798,-190.649484536082,-1,-1,1
2465,1500,29,-2.80702781831507,-189.649484536082,-1,-1,-1
2465,1500,30,-9.14569589096839,-188.649484536082,-1,-1,-1
2465,500,31,-3.78652930182646,-187.649484536082,1,-1,-1
2465,1500,32,-1.22202155153513,-186.649484536082,-1,1,-1
2465,500,33,-2.54374274289227,-185.649484536082,1,-1,1
2465,500,34,6.65183150950479,-184.649484536082,1,1,-1
2465,500,35,7.06861740481827,-183.649484536082,1,1,1
2465,500,36,5.4193895396459,-182.649484536082,1,1,1
2465,1500,37,3.98299563568728,-181.649484536082,-1,1,1
2465,500,38,2.21805001704275,-180.649484536082,1,-1,1
2465,1500,39,2.50735999791454,-179.649484536082,-1,1,-1
2465,1500,40,-1.76395585392843,-178.649484536082,-1,-1,1
2465,500,41,2.33605007863884,-177.649484536082,1,-1,-1
2465,1500,42,4.51935079771403,-176.649484536082,-1,1,-1
2465,1500,43,1.21126578494806,-175.649484536082,-1,-1,1
2465,500,44,-0.764897314928252,-174.649484536082,1,-1,-1
2465,1500,45,1.03718174675427,-173.649484536082,-1,1,-1
2465,1500,46,-1.65393226733178,-172.649484536082,-1,-1,1
2465,500,47,4.16969445865871,-171.649484536082,1,-1,-1
2465,1500,48,4.86315895674636,-170.649484536082,-1,1,-1
2465,1500,49,0.979359278352348,-169.649484536082,-1,-1,1
2465,1500,50,-2.67129625916684,-168.649484536082,-1,-1,-1
2465,1500,51,-6.41146741885698,-167.649484536082,-1,-1,-1
2465,1500,52,-3.0603375099995,-166.649484536082,-1,-1,-1
2465,1500,53,-1.11038230956407,-165.649484536082,-1,-1,-1
2465,500,54,2.07992531436715,-164.649484536082,1,-1,-1
2465,500,55,4.52421006927536,-163.649484536082,1,1,-1
2465,1500,56,4.25862803294127,-162.649484536082,-1,1,1
2465,1500,57,-3.48599344635413,-161.649484536082,-1,-1,1
2465,500,58,3.75049261512809,-160.649484536082,1,-1,-1
2465,1500,59,-1.30187318455522,-159.649484536082,-1,1,-1
2465,1500,60,-1.47641885850984,-158.649484536082,-1,-1,1
2465,500,61,-1.7541191673286,-157.649484536082,1,-1,-1
2465,1500,62,1.14453784114598,-156.649484536082,-1,1,-1
2465,500,63,-3.04695601324046,-155.649484536082,1,-1,1
2465,1500,64,3.41746845879013,-154.649484536082,-1,1,-1
2465,500,65,6.01632180682425,-153.649484536082,1,-1,1
2465,500,66,4.10291427449214,-152.649484536082,1,1,-1
2465,500,67,12.1584951343139,-151.649484536082,1,1,1
2465,1500,68,7.89686102734695,-150.649484536082,-1,1,1
2465,500,69,7.9149094407324,-149.649484536082,1,-1,1
2465,1500,70,10.0264868701619,-148.649484536082,-1,1,-1
2465,1500,71,1.13873822850031,-147.649484536082,-1,-1,1
2465,500,72,-0.316876895896932,-146.649484536082,1,-1,-1
2465,500,73,9.29551814452477,-145.649484536082,1,1,-1
2465,500,74,16.0533474177295,-144.649484536082,1,1,1
2465,500,75,16.2035166150941,-143.649484536082,1,1,1
2465,1500,76,11.2760803616426,-142.649484536082,-1,1,1
2465,1500,77,7.69849252391175,-141.649484536082,-1,-1,1
2465,1500,78,7.68978554674885,-140.649484536082,-1,-1,-1
2465,500,79,8.01208070769361,-139.649484536082,1,-1,-1
2465,500,80,12.6686180830878,-138.649484536082,1,1,-1
2465,500,81,12.2693096928706,-137.649484536082,1,1,1
2465,500,82,4.69428392563915,-136.649484536082,1,1,1
2465,500,83,8.05102277515207,-135.649484536082,1,1,1
2465,1500,84,6.52867253785205,-134.649484536082,-1,1,1
2465,1500,85,1.00783697430667,-133.649484536082,-1,-1,1
2465,500,86,0.863332390299878,-132.649484536082,1,-1,-1
2465,1500,87,-2.61760638669163,-131.649484536082,-1,1,-1
2465,500,88,-0.151816587767262,-130.649484536082,1,-1,1
2465,1500,89,1.96830656964146,-129.649484536082,-1,1,-1
2465,1500,90,-2.84883825415814,-128.649484536082,-1,-1,1
2465,500,91,2.87812891375115,-127.649484536082,1,-1,-1
2465,500,92,7.28635983215838,-126.649484536082,1,1,-1
2465,1500,93,9.91427734452875,-125.649484536082,-1,1,1
2465,500,94,4.52915693997593,-124.649484536082,1,-1,1
2465,1500,95,1.90771539138375,-123.649484536082,-1,1,-1
2465,1500,96,-3.50969290124174,-122.649484536082,-1,-1,1
2465,1500,97,-1.76123497319026,-121.649484536082,-1,-1,-1
2465,1500,98,-3.36281697225283,-120.649484536082,-1,-1,-1
2465,1500,99,-7.5688614187151,-119.649484536082,-1,-1,-1
2465,500,100,-6.2395466996601,-118.649484536082,1,-1,-1
2465,1500,101,1.76216192102916,-117.649484536082,-1,1,-1
2465,1500,102,-1.47911508819139,-116.649484536082,-1,-1,1
2465,500,103,-0.669460314666942,-115.649484536082,1,-1,-1
2465,500,104,11.4217796646244,-114.649484536082,1,1,-1
2465,500,105,9.69988712925017,-113.649484536082,1,1,1
2465,500,106,13.2704889183109,-112.649484536082,1,1,1
2465,1500,107,3.09426233886117,-111.649484536082,-1,1,1
2465,1500,108,0.103618112662798,-110.649484536082,-1,-1,1
2465,500,109,-0.415270042312602,-109.649484536082,1,-1,-1
2465,500,110,10.6494271996481,-108.649484536082,1,1,-1
2465,1500,111,1.08098589072259,-107.649484536082,-1,1,1
2465,1500,112,-1.16450255552881,-106.649484536082,-1,-1,1
2465,500,113,2.20218859939809,-105.649484536082,1,-1,-1
2465,500,114,7.00413115202555,-104.649484536082,1,1,-1
2465,1500,115,6.51760046423925,-103.649484536082,-1,1,1
2465,1500,116,-3.00544832174729,-102.649484536082,-1,-1,1
2465,500,117,-2.964445331236,-101.649484536082,1,-1,-1
2465,1500,118,4.19331620852251,-100.649484536082,-1,1,-1
2465,500,119,4.95246514715063,-99.6494845360825,1,-1,1
2465,1500,120,5.7439078969222,-98.6494845360825,-1,1,-1
2465,500,121,4.99168986813895,-97.6494845360825,1,-1,1
2465,1500,122,1.81585975238957,-96.6494845360825,-1,1,-1
2465,1500,123,-3.52472922493329,-95.6494845360825,-1,-1,1
2465,500,124,2.23063168838665,-94.6494845360825,1,-1,-1
2465,500,125,5.191098231855,-93.6494845360825,1,1,-1
2465,500,126,4.71061673759145,-92.6494845360825,1,1,1
2465,500,127,15.220465422129,-91.6494845360825,1,1,1
2465,500,128,14.9559833951591,-90.6494845360825,1,1,1
2465,1500,129,7.99001488509685,-89.6494845360825,-1,1,1
2465,500,130,7.41091802915863,-88.6494845360825,1,-1,1
2465,500,131,15.3706192307825,-87.6494845360825,1,1,-1
2465,1500,132,6.37028344262773,-86.6494845360825,-1,1,1
2465,500,133,7.66802881955917,-85.6494845360825,1,-1,1
2465,500,134,12.2723047907858,-84.6494845360825,1,1,-1
2465,1500,135,4.33768716809559,-83.6494845360825,-1,1,1
2465,1500,136,-2.77164981438954,-82.6494845360825,-1,-1,1
2465,1500,137,-5.88116175728168,-81.6494845360825,-1,-1,-1
2465,1500,138,-0.474298123821132,-80.6494845360825,-1,-1,-1
2465,1500,139,-5.43323799008178,-79.6494845360825,-1,-1,-1
2465,500,140,-0.680489149559772,-78.6494845360825,1,-1,-1
2465,1500,141,1.44883253069804,-77.6494845360825,-1,1,-1
2465,1500,142,-4.70630267347724,-76.6494845360825,-1,-1,1
2465,1500,143,-4.49859364759265,-75.6494845360825,-1,-1,-1
2465,500,144,-4.66177087882409,-74.6494845360825,1,-1,-1
2465,1500,145,-3.65320346999385,-73.6494845360825,-1,1,-1
2465,1500,146,-5.02526605009336,-72.6494845360825,-1,-1,1
2465,1500,147,-2.2799180518639,-71.6494845360825,-1,-1,-1
2465,500,148,-3.54567818924381,-70.6494845360825,1,-1,-1
2465,500,149,10.0395363552768,-69.6494845360825,1,1,-1
2465,500,150,-0.468458402723542,-68.6494845360825,1,1,1
2465,1500,151,0.749096167022338,-67.6494845360825,-1,1,1
2465,500,152,4.8964344101443,-66.6494845360825,1,-1,1
2465,1500,153,2.04766263570117,-65.6494845360825,-1,1,-1
2465,500,154,8.87055888346387,-64.6494845360825,1,-1,1
2465,1500,155,-0.182029021617542,-63.6494845360825,-1,1,-1
2465,500,156,2.78667621650567,-62.6494845360825,1,-1,1
2465,500,157,6.78629611858469,-61.6494845360825,1,1,-1
2465,1500,158,-1.32412622035104,-60.6494845360825,-1,1,1
2465,500,159,6.33812468232289,-59.6494845360825,1,-1,1
2465,500,160,7.21009196711094,-58.6494845360825,1,1,-1
2465,500,161,5.12683494216733,-57.6494845360825,1,1,1
2465,500,162,4.70998743758162,-56.6494845360825,1,1,1
2465,500,163,14.0363359836108,-55.6494845360825,1,1,1
2465,500,164,8.20383648348067,-54.6494845360825,1,1,1
2465,500,165,10.1647974734617,-53.6494845360825,1,1,1
2465,1500,166,12.5623233571008,-52.6494845360825,-1,1,1
2465,500,167,9.74592154327697,-51.6494845360825,1,-1,1
2465,500,168,11.1829796657938,-50.6494845360825,1,1,-1
2465,500,169,4.71183369894013,-49.6494845360825,1,1,1
2465,1500,170,10.7200268776521,-48.6494845360825,-1,1,1
2465,500,171,10.533678301796,-47.6494845360825,1,-1,1
2465,500,172,19.7855615161629,-46.6494845360825,1,1,-1
2465,1500,173,-2.84772641415491,-45.6494845360825,-1,1,1
2465,1500,175,2.78013124086255,-43.6494845360825,-1,-1,-1
2465,1500,176,-6.22063259451442,-42.6494845360825,-1,-1,-1
2465,1500,177,-4.61771240666613,-41.6494845360825,-1,-1,-1
2465,500,178,3.90726365409695,-40.6494845360825,1,-1,-1
2465,1500,179,9.54528785677505,-39.6494845360825,-1,1,-1
2465,1500,180,-3.04439140280234,-38.6494845360825,-1,-1,1
2465,500,181,0.740243347740498,-37.6494845360825,1,-1,-1
2465,1500,182,-10.9671833178048,-36.6494845360825,-1,1,-1
2465,500,183,7.25128574822167,-35.6494845360825,1,-1,1
2465,500,184,7.07409999172829,-34.6494845360825,1,1,-1
2465,1500,185,2.46435558612561,-33.6494845360825,-1,1,1
2465,1500,186,-2.13814055141324,-32.6494845360825,-1,-1,1
2465,500,187,3.79877054081097,-31.6494845360825,1,-1,-1
2465,500,188,7.5414713363444,-30.6494845360825,1,1,-1
2465,1500,189,2.45326806768413,-29.6494845360825,-1,1,1
2465,500,190,4.27133449998836,-28.6494845360825,1,-1,1
2465,1500,191,0.249357403048518,-27.6494845360825,-1,1,-1
2465,500,192,8.15042052256817,-26.6494845360825,1,-1,1
2465,500,193,5.08664313712521,-25.6494845360825,1,1,-1
2465,500,194,10.534423459303,-24.6494845360825,1,1,1
2465,1500,195,0.508921529380808,-23.6494845360825,-1,1,1
2465,1500,196,-2.56858294243895,-22.6494845360825,-1,-1,1
2465,500,197,11.2168769252524,-21.6494845360825,1,-1,-1
2465,1500,198,-2.34411481017208,-20.6494845360825,-1,1,-1
2465,500,199,3.79651525824397,-19.6494845360825,1,-1,1
2465,1500,200,-0.773274887351882,-18.6494845360825,-1,1,-1
2465,500,201,-3.27549291510139,-17.6494845360825,1,-1,1
2465,500,202,2.99802519790696,-16.6494845360825,1,1,-1
2465,1500,203,5.25844303697324,-15.6494845360825,-1,1,1
2465,1500,204,1.54209328182418,-14.6494845360825,-1,-1,1
2465,1500,205,5.66535000354954,-13.6494845360825,-1,-1,-1
2465,500,206,5.82845308281002,-12.6494845360825,1,-1,-1
2465,500,207,7.56915772745953,-11.6494845360825,1,1,-1
2465,500,208,12.0423875831829,-10.6494845360825,1,1,1
2465,1500,209,7.26314205789205,-9.64948453608247,-1,1,1
2465,500,210,4.5456678416419,-8.64948453608247,1,-1,1
2465,500,211,13.3441495999771,-7.64948453608247,1,1,-1
2465,1500,212,1.13725528549996,-6.64948453608247,-1,1,1
2465,1500,213,-0.176775856836712,-5.64948453608247,-1,-1,1
2465,500,214,6.86645508129148,-4.64948453608247,1,-1,-1
2465,500,215,13.4991827204312,-3.64948453608247,1,1,-1
2465,1500,216,4.09525108128108,-2.64948453608247,-1,1,1
2465,500,217,9.83655847415237,-1.64948453608247,1,-1,1
2465,1500,218,6.76589353607575,-0.649484536082468,-1,1,-1
2465,1500,219,2.1615232357317,0.350515463917532,-1,-1,1
2465,500,220,5.4070622056835,1.35051546391753,1,-1,-1
2465,500,221,17.1348476877049,2.35051546391753,1,1,-1
2465,500,222,18.2420200749661,3.35051546391753,1,1,1
2465,500,223,9.59511483100257,4.35051546391753,1,1,1
2465,500,224,11.3798941276159,5.35051546391753,1,1,1
2465,1500,225,-5.72880895682601,6.35051546391753,-1,1,1
2465,500,226,2.82327542411559,7.35051546391753,1,-1,1
2465,500,227,9.52775999279267,8.35051546391753,1,1,-1
2465,500,228,14.1190290917179,9.35051546391753,1,1,1
2465,500,229,2.20309442845887,10.3505154639175,1,1,1
2465,1500,230,3.79346616077158,11.3505154639175,-1,1,1
2465,500,231,5.72312786683809,12.3505154639175,1,-1,1
2465,1500,233,-3.58838486350261,14.3505154639175,-1,-1,1
2465,1500,234,-4.36991441995859,15.3505154639175,-1,-1,-1
2465,500,235,3.38870228579541,16.3505154639175,1,-1,-1
2465,1500,236,3.63763979006348,17.3505154639175,-1,1,-1
2465,1500,237,-1.05397312483852,18.3505154639175,-1,-1,1
2465,500,238,-0.149816979168522,19.3505154639175,1,-1,-1
2465,1500,239,7.09448161313235,20.3505154639175,-1,1,-1
2465,1500,240,-3.95728726058485,21.3505154639175,-1,-1,1
2465,500,241,8.36509327336427,22.3505154639175,1,-1,-1
2465,1500,242,-2.83128358817368,23.3505154639175,-1,1,-1
2465,1500,243,-0.968790221167752,24.3505154639175,-1,-1,1
2465,1500,244,-5.16259442970972,25.3505154639175,-1,-1,-1
2465,500,245,3.5188804338724,26.3505154639175,1,-1,-1
2465,500,246,6.4567735902169,27.3505154639175,1,1,-1
2465,500,247,9.70919730973707,28.3505154639175,1,1,1
2465,500,248,9.91150714004577,29.3505154639175,1,1,1
2465,1500,249,2.87128564501063,30.3505154639175,-1,1,1
2465,500,250,8.01385902007948,31.3505154639175,1,-1,1
2465,1500,251,3.05882989897188,32.3505154639175,-1,1,-1
2465,1500,252,-2.22231653005398,33.3505154639175,-1,-1,1
2465,1500,253,-3.60827526634406,34.3505154639175,-1,-1,-1
2465,1500,254,-5.58385795871327,35.3505154639175,-1,-1,-1
2465,1500,255,-4.64797038102639,36.3505154639175,-1,-1,-1
2465,500,256,-1.53395085323082,37.3505154639175,1,-1,-1
2465,500,257,8.88174627363927,38.3505154639175,1,1,-1
2465,500,258,6.22357825384599,39.3505154639175,1,1,1
2465,500,259,7.3012821250514,40.3505154639175,1,1,1
2465,500,260,8.26113328266717,41.3505154639175,1,1,1
2465,1500,261,5.64045456054759,42.3505154639175,-1,1,1
2465,500,262,6.64087930078563,43.3505154639175,1,-1,1
2465,500,263,9.68204896470997,44.3505154639175,1,1,-1
2465,500,264,10.6601886651895,45.3505154639175,1,1,1
2465,500,265,7.14893849533153,46.3505154639175,1,1,1
2465,500,266,9.32107322953907,47.3505154639175,1,1,1
2465,500,267,10.3294184133413,48.3505154639175,1,1,1
2465,1500,268,8.74185165258345,49.3505154639175,-1,1,1
2465,1500,269,1.42213442623652,50.3505154639175,-1,-1,1
2465,1500,270,0.798659943951438,51.3505154639175,-1,-1,-1
2465,1500,271,-3.74464351014042,52.3505154639175,-1,-1,-1
2465,500,272,1.07368603076284,53.3505154639175,1,-1,-1
2465,1500,273,-3.00506407898731,54.3505154639175,-1,1,-1
2465,1500,274,-5.47525131020679,55.3505154639175,-1,-1,1
2465,1500,275,-5.33215248070788,56.3505154639175,-1,-1,-1
2465,1500,276,-8.39239303003226,57.3505154639175,-1,-1,-1
2465,1500,277,-9.31644937454251,58.3505154639175,-1,-1,-1
2465,500,278,-2.55805248780577,59.3505154639175,1,-1,-1
2465,1500,279,2.27672008781014,60.3505154639175,-1,1,-1
2465,500,280,0.719639135738978,61.3505154639175,1,-1,1
2465,1500,281,1.53926521940446,62.3505154639175,-1,1,-1
2465,1500,282,-4.13241206139727,63.3505154639175,-1,-1,1
2465,1500,283,-7.12233610815465,64.3505154639175,-1,-1,-1
2465,500,284,2.25505527403552,65.3505154639175,1,-1,-1
2465,500,285,9.69915986371987,66.3505154639175,1,1,-1
2465,500,286,8.61564733630607,67.3505154639175,1,1,1
2465,1500,287,0.0375937063618279,68.3505154639175,-1,1,1
2465,500,288,3.45024065859293,69.3505154639175,1,-1,1
2465,1500,289,-2.05284451429816,70.3505154639175,-1,1,-1
2465,1500,290,-1.3840876374633,71.3505154639175,-1,-1,1
2465,500,291,4.98715538162589,72.3505154639175,1,-1,-1
2465,500,292,7.43915852388191,73.3505154639175,1,1,-1
2465,1500,293,5.07434085117452,74.3505154639175,-1,1,1
2465,1500,294,-2.73361112511675,75.3505154639175,-1,-1,1
2465,500,295,2.41920668624385,76.3505154639175,1,-1,-1
2465,500,296,9.86156478683687,77.3505154639175,1,1,-1
2465,1500,297,1.23986188283754,78.3505154639175,-1,1,1
2465,1500,298,-7.44700745463293,79.3505154639175,-1,-1,1
2465,1500,299,-5.30716421728317,80.3505154639175,-1,-1,-1
2465,500,300,3.38384596029717,81.3505154639175,1,-1,-1
2465,500,301,8.79264888764487,82.3505154639175,1,1,-1
2465,1500,302,5.75122121162059,83.3505154639175,-1,1,1
2465,1500,303,-0.881392834236962,84.3505154639175,-1,-1,1
2465,500,304,7.62530062739785,85.3505154639175,1,-1,-1
2465,500,305,11.1475409485956,86.3505154639175,1,1,-1
2465,500,306,0.187075865703747,87.3505154639175,1,1,1
2465,1500,307,-2.90875015680131,88.3505154639175,-1,1,1
2465,500,308,4.29294207427966,89.3505154639175,1,-1,1
2465,500,309,2.5800503014036,90.3505154639175,1,1,-1
2465,500,310,3.29604114942535,91.3505154639175,1,1,1
2465,1500,311,0.462059589652968,92.3505154639175,-1,1,1
2465,500,312,0.972562044328478,93.3505154639175,1,-1,1
2465,500,313,3.40617311794797,94.3505154639175,1,1,-1
2465,500,314,8.91939536484447,95.3505154639175,1,1,1
2465,500,315,14.0257831289372,96.3505154639175,1,1,1
2465,500,316,7.32163083228535,97.3505154639175,1,1,1
2465,1500,317,7.13943158842005,98.3505154639175,-1,1,1
2465,500,318,6.10170597087531,99.3505154639175,1,-1,1
2465,500,319,9.82973264316457,100.350515463918,1,1,-1
2465,1500,320,4.47508536347069,101.350515463918,-1,1,1
2465,1500,321,-3.93160004212994,102.350515463918,-1,-1,1
2465,500,322,3.77635027313241,103.350515463918,1,-1,-1
2465,500,323,12.5142064189083,104.350515463918,1,1,-1
2465,1500,324,-1.64804491554328,105.350515463918,-1,1,1
2465,500,325,9.03286292213407,106.350515463918,1,-1,1
2465,500,326,12.2004171871621,107.350515463918,1,1,-1
2465,500,327,10.3932642062111,108.350515463918,1,1,1
2465,1500,328,4.35209509878782,109.350515463918,-1,1,1
2465,500,329,7.2577755898939,110.350515463918,1,-1,1
2465,1500,330,5.86937174225736,111.350515463918,-1,1,-1
2465,1500,331,-1.23732889544278,112.350515463918,-1,-1,1
2465,500,332,5.10757672616574,113.350515463918,1,-1,-1
2465,500,333,8.99753134933297,114.350515463918,1,1,-1
2465,500,334,4.16585802928057,115.350515463918,1,1,1
2465,500,335,11.9851686009371,116.350515463918,1,1,1
2465,500,336,7.02196764668998,117.350515463918,1,1,1
2465,500,337,12.3920736297703,118.350515463918,1,1,1
2465,1500,338,2.47601491350855,119.350515463918,-1,1,1
2465,1500,339,4.279616862147,120.350515463918,-1,-1,1
2465,1500,341,-0.982268206387882,122.350515463918,-1,-1,-1
2465,500,342,2.17955371275684,123.350515463918,1,-1,-1
2465,500,343,5.08046575595586,124.350515463918,1,1,-1
2465,1500,344,2.42881276267346,125.350515463918,-1,1,1
2465,500,345,1.99268867099154,126.350515463918,1,-1,1
2465,1500,346,0.990364785548558,127.350515463918,-1,1,-1
2465,500,347,6.07336856825356,128.350515463918,1,-1,1
2465,500,348,3.45470708348775,129.350515463918,1,1,-1
2465,500,350,3.14300264995271,131.350515463918,1,-1,1
2465,1500,351,-0.559471007510652,132.350515463918,-1,1,-1
2465,500,353,1.43131552405732,134.350515463918,1,-1,-1
2465,1500,354,2.10206316848183,135.350515463918,-1,1,-1
2465,1500,357,-5.10170272357774,138.350515463918,-1,-1,-1
2465,1500,358,-7.82730015252165,139.350515463918,-1,-1,-1
2465,500,359,3.24582995044808,140.350515463918,1,-1,-1
2465,1500,360,2.52272177410077,141.350515463918,-1,1,-1
2465,500,361,5.82811162670189,142.350515463918,1,-1,1
2465,1500,362,3.52281873191581,143.350515463918,-1,1,-1
2465,500,363,1.73755438881224,144.350515463918,1,-1,1
2465,1500,364,-1.20158843864029,145.350515463918,-1,1,-1
2465,1500,365,0.582211779676828,146.350515463918,-1,-1,1
2465,1500,366,-1.64501650825576,147.350515463918,-1,-1,-1
2465,500,367,3.61178361074406,148.350515463918,1,-1,-1
2465,1500,368,6.33247690163329,149.350515463918,-1,1,-1
2465,500,369,6.76047802235509,150.350515463918,1,-1,1
2465,500,370,7.93663269088839,151.350515463918,1,1,-1
2465,500,371,11.8595959655484,152.350515463918,1,1,1
2465,500,372,18.2313450491596,153.350515463918,1,1,1
2465,1500,373,5.07399268607546,154.350515463918,-1,1,1
2465,500,375,0.834619695130318,156.350515463918,1,-1,-1
2465,1500,376,-0.345202996267652,157.350515463918,-1,1,-1
2465,500,377,5.16416276329359,158.350515463918,1,-1,1
2465,500,378,8.19419999300357,159.350515463918,1,1,-1
2465,1500,379,6.54836198987145,160.350515463918,-1,1,1
2465,1500,380,-3.60050144351123,161.350515463918,-1,-1,1
2465,1500,381,-7.44338422569457,162.350515463918,-1,-1,-1
2465,500,382,-1.39627852002963,163.350515463918,1,-1,-1
2465,1500,383,2.62274848083103,164.350515463918,-1,1,-1
2465,1500,384,-4.37619157895895,165.350515463918,-1,-1,1
2465,1500,385,-8.51213585549484,166.350515463918,-1,-1,-1
2465,1500,386,-6.40885976149281,167.350515463918,-1,-1,-1
2465,1500,387,-12.9898911716754,168.350515463918,-1,-1,-1
2465,500,388,-4.20809787945754,169.350515463918,1,-1,-1
2465,1500,389,-6.25416843650913,170.350515463918,-1,1,-1
2465,500,391,-4.03136645409941,172.350515463918,1,-1,-1
2465,1500,392,-1.29834153072008,173.350515463918,-1,1,-1
2465,1500,393,2.06973831861479,174.350515463918,-1,-1,1
2465,500,394,7.97777023318572,175.350515463918,1,-1,-1
2465,500,395,1.22006368173192,176.350515463918,1,1,-1
2465,500,396,2.12816523372249,177.350515463918,1,1,1
2465,1500,397,-0.150862544232772,178.350515463918,-1,1,1
2465,1500,398,-4.1899310395587,179.350515463918,-1,-1,1
2465,500,400,-5.21332924914907,181.350515463918,1,-1,-1
2465,500,401,2.10323678729458,182.350515463918,1,1,-1
2465,1500,402,-2.58613289253839,183.350515463918,-1,1,1
2465,1500,403,-6.45161618616943,184.350515463918,-1,-1,1
2465,1500,404,-2.24985174694007,185.350515463918,-1,-1,-1
2465,500,405,-2.15239605934918,186.350515463918,1,-1,-1
2465,500,406,2.79341157302174,187.350515463918,1,1,-1
2465,500,407,-2.43486460124392,188.350515463918,1,1,1
2465,500,408,7.61167479292604,189.350515463918,1,1,1
2465,1500,409,5.11535625941008,190.350515463918,-1,1,1
2465,500,410,2.08290992513903,191.350515463918,1,-1,1
2465,500,411,4.5565318645961,192.350515463918,1,1,-1
2465,1500,412,6.25765417844339,193.350515463918,-1,1,1
2465,500,413,6.97885210089128,194.350515463918,1,-1,1
2465,500,414,6.59151453927521,195.350515463918,1,1,-1
2465,1500,415,-2.2191887014599,196.350515463918,-1,1,1
2465,1500,416,-2.94307678011195,197.350515463918,-1,-1,1
2465,1500,417,-9.77613348757494,198.350515463918,-1,-1,-1
2465,1500,418,-7.86638082869335,199.350515463918,-1,-1,-1
2465,1500,419,-10.5196551311336,200.350515463918,-1,-1,-1
2465,1500,420,-7.50241308505935,201.350515463918,-1,-1,-1
2475,500,23,-1.34304096806127,-198.410994764398,1,1,-1
2475,1500,24,-4.6457094761204,-197.410994764398,-1,1,1
2475,1500,25,-6.54820989410777,-196.410994764398,-1,-1,1
2475,500,26,-3.71340106131142,-195.410994764398,1,-1,-1
2475,500,27,3.24998522822564,-194.410994764398,1,1,-1
2475,1500,28,7.70712380778655,-193.410994764398,-1,1,1
2475,500,29,3.34820647212631,-192.410994764398,1,-1,1
2475,500,30,6.27633149916526,-191.410994764398,1,1,-1
2475,500,31,9.51102746643939,-190.410994764398,1,1,1
2475,1500,33,6.53376377289191,-188.410994764398,-1,-1,1
2475,500,34,8.68415163370078,-187.410994764398,1,-1,-1
2475,500,35,11.7416916309807,-186.410994764398,1,1,-1
2475,1500,36,9.09589444523536,-185.410994764398,-1,1,1
2475,1500,37,5.1407407799077,-184.410994764398,-1,-1,1
2475,500,38,7.55787194909997,-183.410994764398,1,-1,-1
2475,1500,40,8.72391850179636,-181.410994764398,-1,-1,1
2475,500,41,7.05697349148961,-180.410994764398,1,-1,-1
2475,1500,42,6.17807654519608,-179.410994764398,-1,1,-1
2475,500,43,11.0436897173551,-178.410994764398,1,-1,1
2475,1500,44,11.055917612546,-177.410994764398,-1,1,-1
2475,1500,45,7.62977490815641,-176.410994764398,-1,-1,1
2475,500,46,10.7787434545513,-175.410994764398,1,-1,-1
2475,500,47,11.4046362813936,-174.410994764398,1,1,-1
2475,500,48,14.6218364611903,-173.410994764398,1,1,1
2475,500,49,16.9395294293575,-172.410994764398,1,1,1
2475,1500,50,11.4951761196331,-171.410994764398,-1,1,1
2475,500,51,13.9820955977493,-170.410994764398,1,-1,1
2475,1500,52,5.66406863642881,-169.410994764398,-1,1,-1
2475,500,53,12.0729908951396,-168.410994764398,1,-1,1
2475,500,54,9.96407242438243,-167.410994764398,1,1,-1
2475,1500,55,11.8885631809558,-166.410994764398,-1,1,1
2475,1500,56,8.14318341734844,-165.410994764398,-1,-1,1
2475,1500,57,7.40272109647261,-164.410994764398,-1,-1,-1
2475,1500,58,5.94287931475853,-163.410994764398,-1,-1,-1
2475,500,59,9.974302902692,-162.410994764398,1,-1,-1
2475,1500,60,7.95842250250378,-161.410994764398,-1,1,-1
2475,1500,61,8.76146589813061,-160.410994764398,-1,-1,1
2475,1500,62,4.82082310907084,-159.410994764398,-1,-1,-1
2475,1500,63,2.44908291038545,-158.410994764398,-1,-1,-1
2475,1500,64,0.78012653109668,-157.410994764398,-1,-1,-1
2475,500,65,4.11271048797018,-156.410994764398,1,-1,-1
2475,500,66,10.3637403915301,-155.410994764398,1,1,-1
2475,1500,67,6.1021097167412,-154.410994764398,-1,1,1
2475,500,68,5.06844923401634,-153.410994764398,1,-1,1
2475,1500,69,7.6031520106302,-152.410994764398,-1,1,-1
2475,1500,70,6.05403422373027,-151.410994764398,-1,-1,1
2475,1500,71,0.585697664395258,-150.410994764398,-1,-1,-1
2475,500,72,5.91038716474055,-149.410994764398,1,-1,-1
2475,1500,73,3.7395147579381,-148.410994764398,-1,1,-1
2475,500,74,3.83436530291182,-147.410994764398,1,-1,1
2475,1500,75,3.27662193961354,-146.410994764398,-1,1,-1
2475,500,76,7.94138374860586,-145.410994764398,1,-1,1
2475,500,77,11.9813680886023,-144.410994764398,1,1,-1
2475,500,78,9.75675105093215,-143.410994764398,1,1,1
2475,500,79,8.81994378720116,-142.410994764398,1,1,1
2475,1500,80,5.20871204386889,-141.410994764398,-1,1,1
2475,1500,81,9.561596158611,-140.410994764398,-1,-1,1
2475,500,82,7.83509586721351,-139.410994764398,1,-1,-1
2475,1500,83,5.67171552881978,-138.410994764398,-1,1,-1
2475,1500,84,2.37305121821436,-137.410994764398,-1,-1,1
2475,1500,85,5.94578227900739,-136.410994764398,-1,-1,-1
2475,500,86,6.04902834758333,-135.410994764398,1,-1,-1
2475,1500,87,8.46630233543989,-134.410994764398,-1,1,-1
2475,500,88,7.99062299801202,-133.410994764398,1,-1,1
2475,500,89,10.3683699159577,-132.410994764398,1,1,-1
2475,1500,90,7.94252047414323,-131.410994764398,-1,1,1
2475,1500,91,7.54071801414428,-130.410994764398,-1,-1,1
2475,1500,92,1.15099236191012,-129.410994764398,-1,-1,-1
2475,1500,93,5.42733027670859,-128.410994764398,-1,-1,-1
2475,1500,94,2.72594023292427,-127.410994764398,-1,-1,-1
2475,1500,95,-0.179013554181396,-126.410994764398,-1,-1,-1
2475,500,96,6.85857801649754,-125.410994764398,1,-1,-1
2475,500,97,7.96967946681556,-124.410994764398,1,1,-1
2475,500,98,7.58525839306428,-123.410994764398,1,1,1
2475,500,99,11.7345966425167,-122.410994764398,1,1,1
2475,500,100,9.65755509444171,-121.410994764398,1,1,1
2475,500,101,11.435513329796,-120.410994764398,1,1,1
2475,500,102,15.9093835439828,-119.410994764398,1,1,1
2475,1500,103,10.6302634993781,-118.410994764398,-1,1,1
2475,500,104,15.1072556054646,-117.410994764398,1,-1,1
2475,500,105,11.6680871503688,-116.410994764398,1,1,-1
2475,1500,107,-0.999404835990695,-114.410994764398,-1,-1,1
2475,500,108,3.86646641425661,-113.410994764398,1,-1,-1
2475,1500,109,4.6371292953452,-112.410994764398,-1,1,-1
2475,1500,110,3.44721771139874,-111.410994764398,-1,-1,1
2475,500,111,7.51880790911005,-110.410994764398,1,-1,-1
2475,500,112,11.3475443700029,-109.410994764398,1,1,-1
2475,500,113,15.129685619934,-108.410994764398,1,1,1
2475,500,115,0.445828021897717,-106.410994764398,1,-1,1
2475,1500,116,-1.5234129742719,-105.410994764398,-1,1,-1
2475,1500,117,-1.35811019780091,-104.410994764398,-1,-1,1
2475,1500,118,-1.90368470749504,-103.410994764398,-1,-1,-1
2475,500,119,-0.265226230799543,-102.410994764398,1,-1,-1
2475,500,120,0.0650453304838865,-101.410994764398,1,1,-1
2475,500,121,6.97711322606128,-100.410994764398,1,1,1
2475,1500,122,5.8522901946663,-99.4109947643979,-1,1,1
2475,500,123,8.07826316699607,-98.4109947643979,1,-1,1
2475,1500,124,2.17092179799814,-97.4109947643979,-1,1,-1
2475,1500,125,-0.622634101930195,-96.4109947643979,-1,-1,1
2475,500,126,4.75767422985997,-95.4109947643979,1,-1,-1
2475,500,127,8.13857842794714,-94.4109947643979,1,1,-1
2475,1500,128,5.88995552597935,-93.4109947643979,-1,1,1
2475,1500,129,8.27756051540626,-92.4109947643979,-1,-1,1
2475,1500,130,-0.360166093778085,-91.4109947643979,-1,-1,-1
2475,1500,131,-1.70975021204384,-90.4109947643979,-1,-1,-1
2475,1500,132,5.52644097325987,-89.4109947643979,-1,-1,-1
2475,500,133,9.60911004278573,-88.4109947643979,1,-1,-1
2475,1500,134,5.04512560293509,-87.4109947643979,-1,1,-1
2475,1500,135,8.45626431044496,-86.4109947643979,-1,-1,1
2475,1500,136,7.27735131448584,-85.4109947643979,-1,-1,-1
2475,1500,137,0.172266804077964,-84.4109947643979,-1,-1,-1
2475,500,138,1.6781577597121,-83.4109947643979,1,-1,-1
2475,1500,139,-1.17693773688531,-82.4109947643979,-1,1,-1
2475,500,140,3.5900372028965,-81.4109947643979,1,-1,1
2475,500,141,6.40339729462689,-80.4109947643979,1,1,-1
2475,1500,142,5.69481555734277,-79.4109947643979,-1,1,1
2475,500,143,13.0158147976603,-78.4109947643979,1,-1,1
2475,500,144,14.4325512584628,-77.4109947643979,1,1,-1
2475,500,145,11.9973835765594,-76.4109947643979,1,1,1
2475,1500,146,9.7583983321163,-75.4109947643979,-1,1,1
2475,500,147,19.7102957684812,-74.4109947643979,1,-1,1
2475,500,148,21.238840199373,-73.4109947643979,1,1,-1
2475,500,149,22.2335704164666,-72.4109947643979,1,1,1
2475,500,150,17.5280202132024,-71.4109947643979,1,1,1
2475,1500,152,5.58970163060916,-69.4109947643979,-1,-1,1
2475,1500,154,0.583350502742021,-67.4109947643979,-1,-1,-1
2475,500,155,6.02790577848555,-66.4109947643979,1,-1,-1
2475,500,156,10.7715580058478,-65.4109947643979,1,1,-1
2475,500,157,11.8728562487392,-64.4109947643979,1,1,1
2475,500,158,15.3505210049465,-63.4109947643979,1,1,1
2475,1500,159,10.6950715136102,-62.4109947643979,-1,1,1
2475,1500,160,8.50357948104476,-61.4109947643979,-1,-1,1
2475,1500,161,2.41313098453919,-60.4109947643979,-1,-1,-1
2475,500,162,4.15717664693537,-59.4109947643979,1,-1,-1
2475,1500,163,5.94206698700188,-58.4109947643979,-1,1,-1
2475,1500,164,0.847281696002174,-57.4109947643979,-1,-1,1
2475,1500,165,0.642411230512365,-56.4109947643979,-1,-1,-1
2475,1500,166,2.66873967819308,-55.4109947643979,-1,-1,-1
2475,500,167,2.35454903024593,-54.4109947643979,1,-1,-1
2475,500,168,4.31550361759133,-53.4109947643979,1,1,-1
2475,500,169,8.53902115619813,-52.4109947643979,1,1,1
2475,1500,171,-0.782908939240585,-50.4109947643979,-1,-1,1
2475,1500,173,-4.51472920052239,-48.4109947643979,-1,-1,-1
2475,500,174,5.33484572970887,-47.4109947643979,1,-1,-1
2475,1500,175,-3.50405909164575,-46.4109947643979,-1,1,-1
2475,1500,176,5.21093041312712,-45.4109947643979,-1,-1,1
2475,1500,177,-2.53373183116276,-44.4109947643979,-1,-1,-1
2475,500,178,6.48658593263275,-43.4109947643979,1,-1,-1
2475,500,179,11.2726336533985,-42.4109947643979,1,1,-1
2475,500,180,8.36553772177187,-41.4109947643979,1,1,1
2475,500,181,19.7308706240144,-40.4109947643979,1,1,1
2475,1500,182,4.64215042012005,-39.4109947643979,-1,1,1
2475,500,183,12.5374774713821,-38.4109947643979,1,-1,1
2475,500,184,12.8422698686871,-37.4109947643979,1,1,-1
2475,500,185,16.1532351560022,-36.4109947643979,1,1,1
2475,1500,186,10.7598792412677,-35.4109947643979,-1,1,1
2475,500,187,9.68936637586046,-34.4109947643979,1,-1,1
2475,500,188,13.0060221577995,-33.4109947643979,1,1,-1
2475,1500,189,9.54179597472868,-32.4109947643979,-1,1,1
2475,500,190,9.89385735385065,-31.4109947643979,1,-1,1
2475,500,191,10.4236206905087,-30.4109947643979,1,1,-1
2475,1500,192,7.94542967041393,-29.4109947643979,-1,1,1
2475,1500,193,11.111346365504,-28.4109947643979,-1,-1,1
2475,500,194,8.66990811296163,-27.4109947643979,1,-1,-1
2475,500,195,17.1354547733855,-26.4109947643979,1,1,-1
2475,500,196,15.004582263738,-25.4109947643979,1,1,1
2475,500,197,14.5756419220654,-24.4109947643979,1,1,1
2475,1500,198,10.8243863781796,-23.4109947643979,-1,1,1
2475,500,199,9.91627043054947,-22.4109947643979,1,-1,1
2475,500,200,8.77939153212798,-21.4109947643979,1,1,-1
2475,1500,201,4.28742595408861,-20.4109947643979,-1,1,1
2475,500,202,8.12861817288422,-19.4109947643979,1,-1,1
2475,500,203,11.1631820657776,-18.4109947643979,1,1,-1
2475,500,204,5.29210037436879,-17.4109947643979,1,1,1
2475,1500,205,4.90188425016837,-16.4109947643979,-1,1,1
2475,1500,206,8.23021579114226,-15.4109947643979,-1,-1,1
2475,500,207,15.3997029773492,-14.4109947643979,1,-1,-1
2475,1500,208,11.6456721732185,-13.4109947643979,-1,1,-1
2475,1500,209,10.1161221032311,-12.4109947643979,-1,-1,1
2475,500,210,9.40695995196076,-11.4109947643979,1,-1,-1
2475,500,211,11.4427681922976,-10.4109947643979,1,1,-1
2475,500,212,16.0551725409033,-9.41099476439791,1,1,1
2475,1500,213,11.0949422709267,-8.41099476439791,-1,1,1
2475,1500,214,9.96035023604617,-7.41099476439791,-1,-1,1
2475,500,215,12.6107558213793,-6.41099476439791,1,-1,-1
2475,500,216,13.9257948924587,-5.41099476439791,1,1,-1
2475,1500,217,6.55081610503929,-4.41099476439791,-1,1,1
2475,1500,218,9.56897097148515,-3.41099476439791,-1,-1,1
2475,1500,219,3.18256641365714,-2.41099476439791,-1,-1,-1
2475,1500,220,2.27062474336358,-1.41099476439791,-1,-1,-1
2475,1500,221,8.87791624401484,-0.410994764397913,-1,-1,-1
2475,500,222,10.1533777587917,0.589005235602087,1,-1,-1
2475,500,223,13.4119760006707,1.58900523560209,1,1,-1
2475,500,224,9.27466965213349,2.58900523560209,1,1,1
2475,500,225,17.4037974559994,3.58900523560209,1,1,1
2475,1500,226,13.0721416938344,4.58900523560209,-1,1,1
2475,1500,227,6.04324701928102,5.58900523560209,-1,-1,1
2475,500,228,8.97563846441759,6.58900523560209,1,-1,-1
2475,500,229,7.49564816881702,7.58900523560209,1,1,-1
2475,500,230,11.9785788781827,8.58900523560209,1,1,1
2475,500,231,13.5533986096696,9.58900523560209,1,1,1
2475,500,232,14.268837866877,10.5890052356021,1,1,1
2475,1500,233,7.36350004720699,11.5890052356021,-1,1,1
2475,500,234,14.9001270066077,12.5890052356021,1,-1,1
2475,500,235,12.9512802688348,13.5890052356021,1,1,-1
2475,1500,236,5.49481246056988,14.5890052356021,-1,1,1
2475,1500,237,6.32542433468365,15.5890052356021,-1,-1,1
2475,500,238,4.62495562494572,16.5890052356021,1,-1,-1
2475,1500,240,2.68040705867003,18.5890052356021,-1,-1,1
2475,1500,241,3.39215119424419,19.5890052356021,-1,-1,-1
2475,500,242,4.46543146122306,20.5890052356021,1,-1,-1
2475,500,243,7.56177131493861,21.5890052356021,1,1,-1
2475,500,244,6.23735174246502,22.5890052356021,1,1,1
2475,1500,245,3.78374932742209,23.5890052356021,-1,1,1
2475,500,246,9.04211074165414,24.5890052356021,1,-1,1
2475,1500,247,3.02763787980703,25.5890052356021,-1,1,-1
2475,1500,248,2.76403491083237,26.5890052356021,-1,-1,1
2475,1500,249,-0.666757944814635,27.5890052356021,-1,-1,-1
2475,1500,250,2.48287205232161,28.5890052356021,-1,-1,-1
2475,500,251,6.9712350792688,29.5890052356021,1,-1,-1
2475,500,252,11.0401205787222,30.5890052356021,1,1,-1
2475,1500,253,4.95639183509901,31.5890052356021,-1,1,1
2475,500,254,9.59183076389467,32.5890052356021,1,-1,1
2475,1500,255,1.77340422136581,33.5890052356021,-1,1,-1
2475,500,256,7.57248944926897,34.5890052356021,1,-1,1
2475,1500,257,1.9098840373539,35.5890052356021,-1,1,-1
2475,500,258,7.47741028272958,36.5890052356021,1,-1,1
2475,1500,259,-1.60640499326456,37.5890052356021,-1,1,-1
2475,1500,260,-3.16946357088579,38.5890052356021,-1,-1,1
2475,1500,261,-1.13165417271267,39.5890052356021,-1,-1,-1
2475,1500,262,-5.33179683549126,40.5890052356021,-1,-1,-1
2475,1500,263,-0.552047601694066,41.5890052356021,-1,-1,-1
2475,500,264,11.0758836691185,42.5890052356021,1,-1,-1
2475,1500,265,6.93924783108609,43.5890052356021,-1,1,-1
2475,1500,266,5.6476799946353,44.5890052356021,-1,-1,1
2475,500,267,8.59643396702832,45.5890052356021,1,-1,-1
2475,1500,268,1.2221217754848,46.5890052356021,-1,1,-1
2475,500,269,9.09181785016829,47.5890052356021,1,-1,1
2475,500,270,10.7625553071887,48.5890052356021,1,1,-1
2475,500,271,11.5131405411705,49.5890052356021,1,1,1
2475,1500,272,1.26748777065422,50.5890052356021,-1,1,1
2475,1500,273,1.27239762042474,51.5890052356021,-1,-1,1
2475,500,274,8.39216525300823,52.5890052356021,1,-1,-1
2475,500,275,7.38591120928595,53.5890052356021,1,1,-1
2475,1500,276,2.0169589776783,54.5890052356021,-1,1,1
2475,500,277,8.67242742492428,55.5890052356021,1,-1,1
2475,500,278,10.7125113200646,56.5890052356021,1,1,-1
2475,500,279,9.667441632805,57.5890052356021,1,1,1
2475,500,280,11.0447901168999,58.5890052356021,1,1,1
2475,500,281,10.7861234336208,59.5890052356021,1,1,1
2475,1500,282,3.82002023357126,60.5890052356021,-1,1,1
2475,500,284,9.82741346597647,62.5890052356021,1,-1,-1
2475,500,285,12.2567863731255,63.5890052356021,1,1,-1
2475,1500,286,6.06633893667939,64.5890052356021,-1,1,1
2475,500,287,11.3024143108986,65.5890052356021,1,-1,1
2475,1500,288,6.12569459345413,66.5890052356021,-1,1,-1
2475,500,289,6.87809465795241,67.5890052356021,1,-1,1
2475,1500,290,2.66732384225827,68.5890052356021,-1,1,-1
2475,500,291,9.28261901084539,69.5890052356021,1,-1,1
2475,1500,292,4.52872701257042,70.5890052356021,-1,1,-1
2475,500,294,11.9947001629121,72.5890052356021,1,-1,-1
2475,500,295,8.56402872218269,73.5890052356021,1,1,-1
2475,500,296,1.2537402549397,74.5890052356021,1,1,1
2475,500,297,6.81549603801,75.5890052356021,1,1,1
2475,1500,298,1.89539799538645,76.5890052356021,-1,1,1
2475,1500,299,-3.69349901342061,77.5890052356021,-1,-1,1
2475,1500,300,0.36067901231124,78.5890052356021,-1,-1,-1
2475,1500,301,3.92779631837523,79.5890052356021,-1,-1,-1
2475,1500,302,5.74057819175323,80.5890052356021,-1,-1,-1
2475,1500,303,6.16159652499607,81.5890052356021,-1,-1,-1
2475,1500,304,0.656888597461068,82.5890052356021,-1,-1,-1
2475,1500,305,5.145471930217,83.5890052356021,-1,-1,-1
2475,500,306,6.46484523165847,84.5890052356021,1,-1,-1
2475,500,307,8.5650317800084,85.5890052356021,1,1,-1
2475,500,308,10.6874801162637,86.5890052356021,1,1,1
2475,1500,309,6.71820672997378,87.5890052356021,-1,1,1
2475,500,310,12.8850070204161,88.5890052356021,1,-1,1
2475,500,312,11.0795187545664,90.5890052356021,1,-1,1
2475,500,313,9.17864878451346,91.5890052356021,1,1,-1
2475,500,314,9.28218871710531,92.5890052356021,1,1,1
2475,500,315,9.22699232000275,93.5890052356021,1,1,1
2475,500,316,14.391999792575,94.5890052356021,1,1,1
2475,1500,317,2.8767274021839,95.5890052356021,-1,1,1
2475,1500,318,4.08752054192209,96.5890052356021,-1,-1,1
2475,1500,319,4.34635993896912,97.5890052356021,-1,-1,-1
2475,500,320,8.320664006861,98.5890052356021,1,-1,-1
2475,500,321,8.17476131715019,99.5890052356021,1,1,-1
2475,500,322,10.6255359074324,100.589005235602,1,1,1
2475,1500,323,3.62292778698958,101.589005235602,-1,1,1
2475,500,324,12.6021795188626,102.589005235602,1,-1,1
2475,1500,325,2.18146786639098,103.589005235602,-1,1,-1
2475,1500,326,-1.78646171995811,104.589005235602,-1,-1,1
2475,500,327,3.58736119762075,105.589005235602,1,-1,-1
2475,1500,328,0.743466880643586,106.589005235602,-1,1,-1
2475,500,329,7.07034311728977,107.589005235602,1,-1,1
2475,500,330,10.6971425501031,108.589005235602,1,1,-1
2475,500,331,6.98056691512641,109.589005235602,1,1,1
2475,500,332,-0.109186383676334,110.589005235602,1,1,1
2475,500,333,6.23242465104265,111.589005235602,1,1,1
2475,1500,334,-1.46827748773342,112.589005235602,-1,1,1
2475,500,335,5.7979971772855,113.589005235602,1,-1,1
2475,500,336,2.57748373035302,114.589005235602,1,1,-1
2475,1500,337,2.73513496098328,115.589005235602,-1,1,1
2475,500,338,4.62207480221954,116.589005235602,1,-1,1
2475,1500,340,-3.56610701771847,118.589005235602,-1,-1,1
2475,500,341,2.82497990366618,119.589005235602,1,-1,-1
2475,1500,342,-0.0294148286233095,120.589005235602,-1,1,-1
2475,1500,343,-2.74663285840722,121.589005235602,-1,-1,1
2475,1500,344,-4.29986215652385,122.589005235602,-1,-1,-1
2475,1500,345,-5.64561843148695,123.589005235602,-1,-1,-1
2475,500,346,2.01421370388814,124.589005235602,1,-1,-1
2475,500,347,5.91202486880072,125.589005235602,1,1,-1
2475,1500,348,-0.574155687473155,126.589005235602,-1,1,1
2475,500,349,4.37000994902478,127.589005235602,1,-1,1
2475,1500,350,1.77619138613023,128.589005235602,-1,1,-1
2475,1500,351,0.103723833571008,129.589005235602,-1,-1,1
2475,500,352,6.8480143329233,130.589005235602,1,-1,-1
2475,1500,353,0.0983594592955066,131.589005235602,-1,1,-1
2475,1500,354,-3.81771117855918,132.589005235602,-1,-1,1
2475,1500,355,-1.86508202430211,133.589005235602,-1,-1,-1
2475,1500,356,-0.918712050586375,134.589005235602,-1,-1,-1
2475,500,357,2.87253861036397,135.589005235602,1,-1,-1
2475,1500,358,-2.06511122273949,136.589005235602,-1,1,-1
2475,500,359,0.359493255949967,137.589005235602,1,-1,1
2475,500,360,4.40188635326568,138.589005235602,1,1,-1
2475,1500,361,-0.336540470529605,139.589005235602,-1,1,1
2475,1500,362,-3.20183711476277,140.589005235602,-1,-1,1
2475,500,363,1.54244172548598,141.589005235602,1,-1,-1
2475,500,364,2.30429635335995,142.589005235602,1,1,-1
2475,1500,365,0.231312975610866,143.589005235602,-1,1,1
2475,1500,366,-2.71510510111634,144.589005235602,-1,-1,1
2475,500,367,3.50492604074075,145.589005235602,1,-1,-1
2475,500,368,7.65110957586724,146.589005235602,1,1,-1
2475,500,369,1.23112406304817,147.589005235602,1,1,1
2475,500,370,5.66548549986552,148.589005235602,1,1,1
2475,500,371,4.65727676954848,149.589005235602,1,1,1
2475,1500,372,2.57760379307949,150.589005235602,-1,1,1
2475,500,373,9.80297386467225,151.589005235602,1,-1,1
2475,1500,374,3.19462759468979,152.589005235602,-1,1,-1
2475,500,375,5.48386242250108,153.589005235602,1,-1,1
2475,500,376,6.29173184364875,154.589005235602,1,1,-1
2475,500,377,5.9592734377946,155.589005235602,1,1,1
2475,500,378,10.8790364805041,156.589005235602,1,1,1
2475,1500,379,4.40908115552122,157.589005235602,-1,1,1
2475,1500,380,0.805199112984022,158.589005235602,-1,-1,1
2475,1500,381,-0.846108989204835,159.589005235602,-1,-1,-1
2475,500,383,9.31777350695118,161.589005235602,1,-1,-1
2475,1500,384,5.6035752632982,162.589005235602,-1,1,-1
2475,1500,385,-1.11269600454713,163.589005235602,-1,-1,1
2475,500,386,8.95613848561123,164.589005235602,1,-1,-1
2475,1500,387,-2.3895250686964,165.589005235602,-1,1,-1
2475,1500,388,-1.80542128286466,166.589005235602,-1,-1,1
2475,500,389,8.97253498285029,167.589005235602,1,-1,-1
2475,500,390,12.9504800234148,168.589005235602,1,1,-1
2475,1500,391,-1.31765964320871,169.589005235602,-1,1,1
2475,1500,392,-1.69756027871894,170.589005235602,-1,-1,1
2475,500,393,10.790646996338,171.589005235602,1,-1,-1
2475,1500,394,3.52330383118158,172.589005235602,-1,1,-1
2475,1500,395,0.256107311473545,173.589005235602,-1,-1,1
2475,500,397,8.44668718495137,175.589005235602,1,-1,-1
2475,1500,399,3.02958358510092,177.589005235602,-1,-1,1
2475,500,400,12.4386188154024,178.589005235602,1,-1,-1
2475,500,401,12.9668683938407,179.589005235602,1,1,-1
2475,1500,402,-4.94349294407673,180.589005235602,-1,1,1
2475,500,403,10.9944592059335,181.589005235602,1,-1,1
2475,500,404,2.42164577591202,182.589005235602,1,1,-1
2475,1500,405,-0.274718409218871,183.589005235602,-1,1,1
2475,500,406,2.2358135216279,184.589005235602,1,-1,1
2475,1500,407,1.9522864539073,185.589005235602,-1,1,-1
2475,1500,408,-8.38670834147585,186.589005235602,-1,-1,1
2475,1500,409,1.70233819073276,187.589005235602,-1,-1,-1
2475,500,410,4.59387918137648,188.589005235602,1,-1,-1
2475,500,411,3.42843630322027,189.589005235602,1,1,-1
2475,1500,412,-2.19872812420384,190.589005235602,-1,1,1
2475,1500,413,-3.37187386510154,191.589005235602,-1,-1,1
2475,500,414,3.83743578673243,192.589005235602,1,-1,-1
2475,500,415,8.85925607710093,193.589005235602,1,1,-1
2475,500,416,4.79821404072541,194.589005235602,1,1,1
2475,1500,417,-0.895340069269205,195.589005235602,-1,1,1
2475,1500,418,6.99017262789727,196.589005235602,-1,-1,1
2475,1500,419,1.72165979118788,197.589005235602,-1,-1,-1
2475,500,420,11.4159276463753,198.589005235602,1,-1,-1
2476,500,23,-1.5010618688874,-198.582051282051,1,1,-1
2476,500,24,5.58470009081681,-197.582051282051,1,1,1
2476,1500,25,3.50839221763548,-196.582051282051,-1,1,1
2476,500,26,2.37287672450913,-195.582051282051,1,-1,1
2476,500,27,6.53013607659501,-194.582051282051,1,1,-1
2476,1500,28,8.26673273894663,-193.582051282051,-1,1,1
2476,1500,29,-5.48564087504241,-192.582051282051,-1,-1,1
2476,1500,30,-10.5478723722029,-191.582051282051,-1,-1,-1
2476,1500,31,-8.76605416747729,-190.582051282051,-1,-1,-1
2476,1500,32,-11.540821056583,-189.582051282051,-1,-1,-1
2476,500,33,-7.03960519207422,-188.582051282051,1,-1,-1
2476,1500,34,-2.88949109647773,-187.582051282051,-1,1,-1
2476,1500,35,-11.0001830032934,-186.582051282051,-1,-1,1
2476,1500,36,-14.0185640500725,-185.582051282051,-1,-1,-1
2476,500,37,-16.1474879968362,-184.582051282051,1,-1,-1
2476,500,38,-2.26820632713979,-183.582051282051,1,1,-1
2476,1500,39,-7.66294812939364,-182.582051282051,-1,1,1
2476,500,40,-6.04665368012967,-181.582051282051,1,-1,1
2476,500,41,-1.5049989272024,-180.582051282051,1,1,-1
2476,500,43,-7.30614796131427,-178.582051282051,1,-1,1
2476,1500,44,-4.58416915444105,-177.582051282051,-1,1,-1
2476,500,45,-6.50044821807643,-176.582051282051,1,-1,1
2476,500,46,4.32720530581308,-175.582051282051,1,1,-1
2476,500,47,1.3510301339576,-174.582051282051,1,1,1
2476,1500,48,0.125328582620168,-173.582051282051,-1,1,1
2476,500,49,-0.148270558833356,-172.582051282051,1,-1,1
2476,1500,50,-0.206810607623071,-171.582051282051,-1,1,-1
2476,1500,51,-12.1933932275699,-170.582051282051,-1,-1,1
2476,500,52,-5.55476855291779,-169.582051282051,1,-1,-1
2476,500,53,0.272279196382368,-168.582051282051,1,1,-1
2476,1500,54,-2.36084689817152,-167.582051282051,-1,1,1
2476,500,55,-0.211011647759646,-166.582051282051,1,-1,1
2476,1500,56,-7.333956821375,-165.582051282051,-1,1,-1
2476,500,57,-5.87067325937676,-164.582051282051,1,-1,1
2476,500,58,2.36957707779146,-163.582051282051,1,1,-1
2476,500,59,-0.213807108560836,-162.582051282051,1,1,1
2476,1500,60,-3.9148327090284,-161.582051282051,-1,1,1
2476,1500,61,-7.71822004920466,-160.582051282051,-1,-1,1
2476,500,62,-2.64285847651263,-159.582051282051,1,-1,-1
2476,1500,63,-2.23723661701281,-158.582051282051,-1,1,-1
2476,500,64,-0.710968455389396,-157.582051282051,1,-1,1
2476,500,65,5.2948285628491,-156.582051282051,1,1,-1
2476,1500,66,2.65885840479846,-155.582051282051,-1,1,1
2476,500,67,-6.71864291219745,-154.582051282051,1,-1,1
2476,1500,68,-6.32939830306249,-153.582051282051,-1,1,-1
2476,500,69,2.42391800749529,-152.582051282051,1,-1,1
2476,500,70,6.92146123900398,-151.582051282051,1,1,-1
2476,1500,71,3.69656367503481,-150.582051282051,-1,1,1
2476,500,72,6.32778289593594,-149.582051282051,1,-1,1
2476,500,73,11.4083046178313,-148.582051282051,1,1,-1
2476,1500,74,2.25106291104575,-147.582051282051,-1,1,1
2476,500,75,6.93625857914319,-146.582051282051,1,-1,1
2476,1500,76,2.14835888554907,-145.582051282051,-1,1,-1
2476,500,77,5.7684102580132,-144.582051282051,1,-1,1
2476,500,78,6.72651739742087,-143.582051282051,1,1,-1
2476,500,79,14.5468897436873,-142.582051282051,1,1,1
2476,1500,80,6.20391407393542,-141.582051282051,-1,1,1
2476,500,81,-3.91639266775893,-140.582051282051,1,-1,1
2476,1500,82,7.18059987999585,-139.582051282051,-1,1,-1
2476,1500,83,2.64492693675724,-138.582051282051,-1,-1,1
2476,500,84,2.65233221802094,-137.582051282051,1,-1,-1
2476,500,85,7.5602988935539,-136.582051282051,1,1,-1
2476,1500,86,1.90938216077979,-135.582051282051,-1,1,1
2476,1500,87,-3.08212943083579,-134.582051282051,-1,-1,1
2476,1500,88,-8.70993303599652,-133.582051282051,-1,-1,-1
2476,1500,89,-8.27017952747113,-132.582051282051,-1,-1,-1
2476,1500,90,-5.15464176971588,-131.582051282051,-1,-1,-1
2476,500,91,-5.34244499939534,-130.582051282051,1,-1,-1
2476,1500,92,-3.38018534065096,-129.582051282051,-1,1,-1
2476,1500,93,-8.78588695427196,-128.582051282051,-1,-1,1
2476,500,94,-0.623872569569006,-127.582051282051,1,-1,-1
2476,1500,95,-2.30823398095071,-126.582051282051,-1,1,-1
2476,500,96,-1.9647673926821,-125.582051282051,1,-1,1
2476,1500,97,-3.33813524715069,-124.582051282051,-1,1,-1
2476,1500,98,-4.08743657643439,-123.582051282051,-1,-1,1
2476,500,99,1.52392931784008,-122.582051282051,1,-1,-1
2476,1500,100,-1.17610383433801,-121.582051282051,-1,1,-1
2476,1500,101,-6.53709286738768,-120.582051282051,-1,-1,1
2476,500,102,-7.50804031905638,-119.582051282051,1,-1,-1
2476,1500,103,-2.08037602892357,-118.582051282051,-1,1,-1
2476,1500,104,-5.76907920985471,-117.582051282051,-1,-1,1
2476,500,105,0.371695581837225,-116.582051282051,1,-1,-1
2476,500,106,5.13169550684769,-115.582051282051,1,1,-1
2476,1500,107,-6.47919948703111,-114.582051282051,-1,1,1
2476,500,108,-2.43664463838039,-113.582051282051,1,-1,1
2476,1500,109,-7.57491535814811,-112.582051282051,-1,1,-1
2476,1500,110,-9.87032206112266,-111.582051282051,-1,-1,1
2476,500,111,-6.17462148856537,-110.582051282051,1,-1,-1
2476,500,112,-0.475163145719836,-109.582051282051,1,1,-1
2476,500,113,4.57649795782771,-108.582051282051,1,1,1
2476,500,114,5.83085440940927,-107.582051282051,1,1,1
2476,1500,115,4.18175691334147,-106.582051282051,-1,1,1
2476,1500,116,-0.613099254205365,-105.582051282051,-1,-1,1
2476,1500,117,-8.41949821946888,-104.582051282051,-1,-1,-1
2476,500,118,-3.03923732961043,-103.582051282051,1,-1,-1
2476,500,119,-0.710282364869676,-102.582051282051,1,1,-1
2476,1500,120,-4.23230143241534,-101.582051282051,-1,1,1
2476,1500,121,-7.26761786038213,-100.582051282051,-1,-1,1
2476,1500,122,-3.90781671810213,-99.5820512820513,-1,-1,-1
2476,500,123,-0.770298003032526,-98.5820512820513,1,-1,-1
2476,500,124,1.81897527975053,-97.5820512820513,1,1,-1
2476,1500,125,1.57657303874522,-96.5820512820513,-1,1,1
2476,1500,126,-11.3437616924334,-95.5820512820513,-1,-1,1
2476,500,127,-4.63942498381404,-94.5820512820513,1,-1,-1
2476,1500,128,-8.31825670579079,-93.5820512820513,-1,1,-1
2476,1500,129,-9.1494371254413,-92.5820512820513,-1,-1,1
2476,1500,130,-10.950049177776,-91.5820512820513,-1,-1,-1
2476,1500,131,-12.7387806282785,-90.5820512820513,-1,-1,-1
2476,500,132,-10.5812157839049,-89.5820512820513,1,-1,-1
2476,500,133,-4.96440788404163,-88.5820512820513,1,1,-1
2476,500,134,-2.66283256061484,-87.5820512820513,1,1,1
2476,1500,135,-0.413352530385518,-86.5820512820513,-1,1,1
2476,1500,136,-4.26894295232052,-85.5820512820513,-1,-1,1
2476,500,137,-2.29846889378382,-84.5820512820513,1,-1,-1
2476,500,138,-2.88848285427539,-83.5820512820513,1,1,-1
2476,500,139,6.02453131498649,-82.5820512820513,1,1,1
2476,1500,140,-0.185853466121474,-81.5820512820513,-1,1,1
2476,1500,141,-8.7845654759261,-80.5820512820513,-1,-1,1
2476,1500,142,-16.1972949702975,-79.5820512820513,-1,-1,-1
2476,1500,143,-5.14271438918531,-78.5820512820513,-1,-1,-1
2476,500,144,-8.09823970594365,-77.5820512820513,1,-1,-1
2476,500,145,-8.63680404573974,-76.5820512820513,1,1,-1
2476,1500,146,-6.92104842207751,-75.5820512820513,-1,1,1
2476,500,148,-5.38529282260562,-73.5820512820513,1,-1,-1
2476,1500,149,-8.0667216461832,-72.5820512820513,-1,1,-1
2476,1500,151,-13.1235534179816,-70.5820512820513,-1,-1,-1
2476,500,152,-10.470797125177,-69.5820512820513,1,-1,-1
2476,1500,153,-6.85103077958293,-68.5820512820513,-1,1,-1
2476,1500,154,-6.44950475495119,-67.5820512820513,-1,-1,1
2476,500,155,-7.37653335083473,-66.5820512820513,1,-1,-1
2476,1500,156,-6.88171349956484,-65.5820512820513,-1,1,-1
2476,500,157,-5.43190455145375,-64.5820512820513,1,-1,1
2476,1500,158,-9.99004545917986,-63.5820512820513,-1,1,-1
2476,500,159,-4.016124374034,-62.5820512820513,1,-1,1
2476,1500,160,-8.72811949857904,-61.5820512820513,-1,1,-1
2476,500,161,-7.68681656883856,-60.5820512820513,1,-1,1
2476,1500,162,-7.67248694364801,-59.5820512820513,-1,1,-1
2476,1500,163,-13.7451957016374,-58.5820512820513,-1,-1,1
2476,500,164,-8.68936601902477,-57.5820512820513,1,-1,-1
2476,500,165,-3.10734707936612,-56.5820512820513,1,1,-1
2476,500,166,-1.59686277564672,-55.5820512820513,1,1,1
2476,1500,167,-4.95866045543785,-54.5820512820513,-1,1,1
2476,1500,168,-8.57713549051615,-53.5820512820513,-1,-1,1
2476,1500,169,-15.495577954214,-52.5820512820513,-1,-1,-1
2476,500,170,-14.7433416576493,-51.5820512820513,1,-1,-1
2476,500,171,-9.3988210425272,-50.5820512820513,1,1,-1
2476,1500,172,-6.634991141261,-49.5820512820513,-1,1,1
2476,1500,173,-7.25584068986804,-48.5820512820513,-1,-1,1
2476,1500,174,-16.0961859014845,-47.5820512820513,-1,-1,-1
2476,1500,175,-14.180504452199,-46.5820512820513,-1,-1,-1
2476,1500,176,-13.7712072843828,-45.5820512820513,-1,-1,-1
2476,1500,177,-22.1437070976514,-44.5820512820513,-1,-1,-1
2476,500,178,-20.2551520330013,-43.5820512820513,1,-1,-1
2476,1500,179,-7.18997669526854,-42.5820512820513,-1,1,-1
2476,500,180,-12.7968249481318,-41.5820512820513,1,-1,1
2476,1500,181,-11.2991784739363,-40.5820512820513,-1,1,-1
2476,1500,182,-12.7821970452821,-39.5820512820513,-1,-1,1
2476,500,183,-12.6413371686964,-38.5820512820513,1,-1,-1
2476,500,184,-6.46488593110826,-37.5820512820513,1,1,-1
2476,500,185,-6.05622354706033,-36.5820512820513,1,1,1
2476,500,186,-4.53075781165215,-35.5820512820513,1,1,1
2476,500,187,-1.91899474945123,-34.5820512820513,1,1,1
2476,1500,188,-5.01859780619647,-33.5820512820513,-1,1,1
2476,500,189,-1.15925210238921,-32.5820512820513,1,-1,1
2476,500,190,-1.45988505550805,-31.5820512820513,1,1,-1
2476,1500,191,-5.33651848865669,-30.5820512820513,-1,1,1
2476,1500,192,-4.61038615261478,-29.5820512820513,-1,-1,1
2476,1500,193,-9.91728233682606,-28.5820512820513,-1,-1,-1
2476,500,194,-5.61755600925436,-27.5820512820513,1,-1,-1
2476,500,195,-4.12955422967805,-26.5820512820513,1,1,-1
2476,1500,196,-2.81421746977081,-25.5820512820513,-1,1,1
2476,500,197,-4.9011907559678,-24.5820512820513,1,-1,1
2476,500,198,1.95557013996938,-23.5820512820513,1,1,-1
2476,1500,200,-4.82210902152891,-21.5820512820513,-1,-1,1
2476,500,201,-4.87723705716978,-20.5820512820513,1,-1,-1
2476,500,202,7.07134203278391,-19.5820512820513,1,1,-1
2476,1500,203,-1.20083255187564,-18.5820512820513,-1,1,1
2476,1500,204,-5.7584287775086,-17.5820512820513,-1,-1,1
2476,500,205,-4.01250241796807,-16.5820512820513,1,-1,-1
2476,500,206,4.38207467112997,-15.5820512820513,1,1,-1
2476,1500,207,6.64450347796558,-14.5820512820513,-1,1,1
2476,1500,208,-7.16808767191517,-13.5820512820513,-1,-1,1
2476,500,209,-6.44515381707254,-12.5820512820513,1,-1,-1
2476,500,210,-0.0571800134106862,-11.5820512820513,1,1,-1
2476,1500,211,-2.72199819155313,-10.5820512820513,-1,1,1
2476,1500,212,-0.904033103016305,-9.58205128205128,-1,-1,1
2476,1500,213,-4.61941996697302,-8.58205128205128,-1,-1,-1
2476,500,214,-1.39330744404471,-7.58205128205128,1,-1,-1
2476,500,215,0.910732700799589,-6.58205128205128,1,1,-1
2476,1500,216,1.66793085482669,-5.58205128205128,-1,1,1
2476,1500,218,-9.53262814634996,-3.58205128205128,-1,-1,-1
2476,500,219,-0.127006870438848,-2.58205128205128,1,-1,-1
2476,500,220,1.14849646477457,-1.58205128205128,1,1,-1
2476,1500,221,-0.745387285832985,-0.582051282051282,-1,1,1
2476,1500,222,-7.83166633783937,0.417948717948718,-1,-1,1
2476,1500,223,-10.1497522745919,1.41794871794872,-1,-1,-1
2476,1500,224,-9.67186384377266,2.41794871794872,-1,-1,-1
2476,1500,225,-14.1738763715926,3.41794871794872,-1,-1,-1
2476,1500,226,-11.3260933809582,4.41794871794872,-1,-1,-1
2476,500,227,-8.43690808375467,5.41794871794872,1,-1,-1
2476,500,228,2.13979498235089,6.41794871794872,1,1,-1
2476,1500,229,-4.59319718179329,7.41794871794872,-1,1,1
2476,1500,230,-8.9510633291125,8.41794871794872,-1,-1,1
2476,500,231,-3.32717412483074,9.41794871794872,1,-1,-1
2476,500,232,-0.911501671808926,10.4179487179487,1,1,-1
2476,500,233,3.10185373720022,11.4179487179487,1,1,1
2476,500,234,2.76273928603557,12.4179487179487,1,1,1
2476,500,235,0.655896545800145,13.4179487179487,1,1,1
2476,1500,236,-1.45059394384917,14.4179487179487,-1,1,1
2476,1500,237,-7.75362220013595,15.4179487179487,-1,-1,1
2476,1500,238,-9.66794250759425,16.4179487179487,-1,-1,-1
2476,500,239,-2.85094948562703,17.4179487179487,1,-1,-1
2476,1500,240,-3.50330865713036,18.4179487179487,-1,1,-1
2476,500,241,-3.92782399909699,19.4179487179487,1,-1,1
2476,1500,242,-4.01210560116238,20.4179487179487,-1,1,-1
2476,500,243,-4.01018217849855,21.4179487179487,1,-1,1
2476,500,244,2.3660853706025,22.4179487179487,1,1,-1
2476,500,245,3.10354180248408,23.4179487179487,1,1,1
2476,1500,246,-7.4343069245893,24.4179487179487,-1,1,1
2476,1500,247,-9.22189441660217,25.4179487179487,-1,-1,1
2476,1500,248,-8.87664969407082,26.4179487179487,-1,-1,-1
2476,500,249,-5.32786968745565,27.4179487179487,1,-1,-1
2476,500,250,2.49585852994407,28.4179487179487,1,1,-1
2476,500,251,-2.64042472571458,29.4179487179487,1,1,1
2476,500,252,4.23678299503227,30.4179487179487,1,1,1
2476,1500,253,0.618303422044066,31.4179487179487,-1,1,1
2476,500,254,3.41991055024958,32.4179487179487,1,-1,1
2476,500,255,2.23296800778695,33.4179487179487,1,1,-1
2476,500,256,3.51581030825091,34.4179487179487,1,1,1
2476,1500,257,0.503540200153486,35.4179487179487,-1,1,1
2476,1500,258,-2.37996198973948,36.4179487179487,-1,-1,1
2476,1500,259,-1.98467871773765,37.4179487179487,-1,-1,-1
2476,500,260,-7.45152047518215,38.4179487179487,1,-1,-1
2476,500,261,2.94318602618787,39.4179487179487,1,1,-1
2476,1500,262,-1.02632680360627,40.4179487179487,-1,1,1
2476,500,263,1.7689349487491,41.4179487179487,1,-1,1
2476,1500,264,-0.772987033423625,42.4179487179487,-1,1,-1
2476,500,265,-4.08059331867513,43.4179487179487,1,-1,1
2476,500,266,4.53096792519002,44.4179487179487,1,1,-1
2476,1500,267,-6.08594548683431,45.4179487179487,-1,1,1
2476,500,268,2.93724435084348,46.4179487179487,1,-1,1
2476,500,269,2.73760392009774,47.4179487179487,1,1,-1
2476,1500,270,5.0664017498509,48.4179487179487,-1,1,1
2476,500,271,-3.47278513028268,49.4179487179487,1,-1,1
2476,1500,272,-0.235808931677631,50.4179487179487,-1,1,-1
2476,1500,273,-3.93341198791776,51.4179487179487,-1,-1,1
2476,500,274,-6.18714830847472,52.4179487179487,1,-1,-1
2476,500,275,4.29722525320561,53.4179487179487,1,1,-1
2476,500,276,3.83038513315614,54.4179487179487,1,1,1
2476,1500,277,1.57047028157623,55.4179487179487,-1,1,1
2476,1500,278,7.20512538910877,56.4179487179487,-1,-1,1
2476,500,279,-0.948660130519566,57.4179487179487,1,-1,-1
2476,1500,280,-1.98091953939399,58.4179487179487,-1,1,-1
2476,1500,281,-4.02226770475542,59.4179487179487,-1,-1,1
2476,500,282,-4.76982810929856,60.4179487179487,1,-1,-1
2476,1500,283,0.779351056821824,61.4179487179487,-1,1,-1
2476,500,284,3.73092867452794,62.4179487179487,1,-1,1
2476,500,285,8.77202245476677,63.4179487179487,1,1,-1
2476,1500,286,-0.854386074805755,64.4179487179487,-1,1,1
2476,1500,287,-5.56411763353583,65.4179487179487,-1,-1,1
2476,1500,288,-8.28623794265303,66.4179487179487,-1,-1,-1
2476,1500,289,-11.3929361174521,67.4179487179487,-1,-1,-1
2476,1500,290,-11.7498650165866,68.4179487179487,-1,-1,-1
2476,500,291,-2.47242936773427,69.4179487179487,1,-1,-1
2476,1500,292,-6.8690907243166,70.4179487179487,-1,1,-1
2476,500,293,-4.83792847319067,71.4179487179487,1,-1,1
2476,500,294,4.99616210794386,72.4179487179487,1,1,-1
2476,500,295,8.70302073928467,73.4179487179487,1,1,1
2476,1500,296,-1.15108146211713,74.4179487179487,-1,1,1
2476,1500,297,-5.14695971807681,75.4179487179487,-1,-1,1
2476,500,298,1.98498254644515,76.4179487179487,1,-1,-1
2476,500,299,6.12341603222792,77.4179487179487,1,1,-1
2476,500,300,3.9750760773506,78.4179487179487,1,1,1
2476,500,301,2.99402928820242,79.4179487179487,1,1,1
2476,500,302,3.20208710393506,80.4179487179487,1,1,1
2476,1500,303,-0.567728456462495,81.4179487179487,-1,1,1
2476,500,304,1.12638093992743,82.4179487179487,1,-1,1
2476,500,305,1.86338295785783,83.4179487179487,1,1,-1
2476,1500,306,1.72689616693075,84.4179487179487,-1,1,1
2476,500,307,1.8986089290063,85.4179487179487,1,-1,1
2476,500,308,1.27407570013207,86.4179487179487,1,1,-1
2476,500,309,7.36463925373365,87.4179487179487,1,1,1
2476,500,310,0.928850054696609,88.4179487179487,1,1,1
2476,500,311,10.4791987920639,89.4179487179487,1,1,1
2476,500,312,10.7653403770702,90.4179487179487,1,1,1
2476,1500,313,-3.51161820482579,91.4179487179487,-1,1,1
2476,1500,314,-1.43131282426196,92.4179487179487,-1,-1,1
2476,1500,315,0.513006790975054,93.4179487179487,-1,-1,-1
2476,1500,316,-10.0047400964488,94.4179487179487,-1,-1,-1
2476,1500,318,-14.2957959432326,96.4179487179487,-1,-1,-1
2476,1500,319,-4.84456501876543,97.4179487179487,-1,-1,-1
2476,1500,320,-7.13893873274913,98.4179487179487,-1,-1,-1
2476,500,321,-2.49823494235982,99.4179487179487,1,-1,-1
2476,1500,322,-6.48434859969194,100.417948717949,-1,1,-1
2476,1500,323,-8.07465540012366,101.417948717949,-1,-1,1
2476,1500,324,-10.886763931376,102.417948717949,-1,-1,-1
2476,1500,325,-8.31502235616741,103.417948717949,-1,-1,-1
2476,1500,327,-16.5098270122301,105.417948717949,-1,-1,-1
2476,500,328,-4.30613415492962,106.417948717949,1,-1,-1
2476,500,329,1.09987691965474,107.417948717949,1,1,-1
2476,1500,330,-2.50192236325395,108.417948717949,-1,1,1
2476,500,331,-5.44476263332332,109.417948717949,1,-1,1
2476,500,332,0.339250158381511,110.417948717949,1,1,-1
2476,1500,333,-6.37193768635179,111.417948717949,-1,1,1
2476,500,334,-5.64739152991323,112.417948717949,1,-1,1
2476,1500,335,-3.27181767375101,113.417948717949,-1,1,-1
2476,500,336,-0.552327415147656,114.417948717949,1,-1,1
2476,1500,337,-8.69756302269468,115.417948717949,-1,1,-1
2476,1500,338,-8.8818790406303,116.417948717949,-1,-1,1
2476,1500,339,-19.6425473494765,117.417948717949,-1,-1,-1
2476,1500,340,-8.52687723523841,118.417948717949,-1,-1,-1
2476,500,341,-8.14731098714697,119.417948717949,1,-1,-1
2476,500,343,-6.28061918183323,121.417948717949,1,-1,1
2476,1500,344,-7.28916063240137,122.417948717949,-1,1,-1
2476,500,345,-1.85806466893387,123.417948717949,1,-1,1
2476,1500,346,-6.24121086583351,124.417948717949,-1,1,-1
2476,1500,347,-12.2102540338003,125.417948717949,-1,-1,1
2476,500,348,-4.35337135099508,126.417948717949,1,-1,-1
2476,1500,349,-11.3130532899485,127.417948717949,-1,1,-1
2476,1500,350,-14.4580055974511,128.417948717949,-1,-1,1
2476,1500,351,-13.6507135404961,129.417948717949,-1,-1,-1
2476,500,352,-0.471031160627176,130.417948717949,1,-1,-1
2476,500,353,-3.17606745106515,131.417948717949,1,1,-1
2476,500,354,1.8668053177382,132.417948717949,1,1,1
2476,1500,355,-8.72831416644373,133.417948717949,-1,1,1
2476,1500,356,-17.4318274717357,134.417948717949,-1,-1,1
2476,1500,357,-15.0671751573766,135.417948717949,-1,-1,-1
2476,500,358,-6.97679517556703,136.417948717949,1,-1,-1
2476,500,359,1.45549487331645,137.417948717949,1,1,-1
2476,500,360,-2.19614876136388,138.417948717949,1,1,1
2476,1500,361,-7.89886312896916,139.417948717949,-1,1,1
2476,1500,362,-7.44904890982697,140.417948717949,-1,-1,1
2476,1500,363,-9.41642673528137,141.417948717949,-1,-1,-1
2476,500,364,-4.04279741072314,142.417948717949,1,-1,-1
2476,500,365,1.67244605088592,143.417948717949,1,1,-1
2476,500,366,10.1608575188839,144.417948717949,1,1,1
2476,1500,367,-6.83163967379171,145.417948717949,-1,1,1
2476,500,368,3.00704254216009,146.417948717949,1,-1,1
2476,1500,369,-0.249702900574277,147.417948717949,-1,1,-1
2476,500,370,4.78586384672799,148.417948717949,1,-1,1
2476,1500,371,1.42903571585665,149.417948717949,-1,1,-1
2476,500,372,-2.09925520836608,150.417948717949,1,-1,1
2476,500,373,4.9313543647908,151.417948717949,1,1,-1
2476,500,374,2.79157279297989,152.417948717949,1,1,1
2476,500,375,5.36443660286376,153.417948717949,1,1,1
2476,1500,376,1.78159590462553,154.417948717949,-1,1,1
2476,1500,377,-5.22923491019403,155.417948717949,-1,-1,1
2476,1500,378,-10.8924769944436,156.417948717949,-1,-1,-1
2476,1500,379,-8.8450218952389,157.417948717949,-1,-1,-1
2476,1500,380,-9.67687236610836,158.417948717949,-1,-1,-1
2476,1500,381,-8.75309135624267,159.417948717949,-1,-1,-1
2476,500,382,-6.35299771689543,160.417948717949,1,-1,-1
2476,500,383,2.4677818506351,161.417948717949,1,1,-1
2476,1500,384,-5.02961586122897,162.417948717949,-1,1,1
2476,500,385,8.39607442936982,163.417948717949,1,-1,1
2476,500,386,7.73486757114865,164.417948717949,1,1,-1
2476,1500,387,-2.5521249459914,165.417948717949,-1,1,1
2476,500,388,4.92301331735218,166.417948717949,1,-1,1
2476,500,389,10.8641575062614,167.417948717949,1,1,-1
2476,1500,390,2.85848221768107,168.417948717949,-1,1,1
2476,1500,391,-0.977575949932735,169.417948717949,-1,-1,1
2476,500,392,5.69505935035695,170.417948717949,1,-1,-1
2476,500,393,8.95188249631799,171.417948717949,1,1,-1
2476,500,394,6.22504300287444,172.417948717949,1,1,1
2476,500,395,9.42026032965076,173.417948717949,1,1,1
2476,500,396,7.4309602921546,174.417948717949,1,1,1
2476,500,397,15.0207285891912,175.417948717949,1,1,1
2476,500,398,1.20176989029626,176.417948717949,1,1,1
2476,500,399,2.68269304968232,177.417948717949,1,1,1
2476,500,400,4.47960879236393,178.417948717949,1,1,1
2476,500,401,10.0875119804842,179.417948717949,1,1,1
2476,1500,402,0.95232469071944,180.417948717949,-1,1,1
2476,500,403,4.55244995344257,181.417948717949,1,-1,1
2476,500,404,5.89955373471742,182.417948717949,1,1,-1
2476,500,405,8.44565403701483,183.417948717949,1,1,1
2476,500,406,5.51728155862473,184.417948717949,1,1,1
2476,1500,407,4.79453829909886,185.417948717949,-1,1,1
2476,1500,408,1.83424938804954,186.417948717949,-1,-1,1
2476,500,409,3.93354153497017,187.417948717949,1,-1,-1
2476,1500,410,3.7952004629444,188.417948717949,-1,1,-1
2476,500,411,6.22634706435725,189.417948717949,1,-1,1
2476,500,412,10.5953193014369,190.417948717949,1,1,-1
2476,500,413,7.79496134230777,191.417948717949,1,1,1
2476,1500,414,2.74957013513829,192.417948717949,-1,1,1
2476,500,415,10.5830277873444,193.417948717949,1,-1,1
2476,500,416,10.101398885228,194.417948717949,1,1,-1
2476,1500,417,6.34163186525431,195.417948717949,-1,1,1
2476,500,418,6.22878774733158,196.417948717949,1,-1,1
2476,500,419,9.60820061915129,197.417948717949,1,1,-1
2476,1500,420,3.01557954075275,198.417948717949,-1,1,1
2477,1500,23,-10.9494360965109,-207.182336182336,-1,1,-1
2477,1500,25,-24.7858467105013,-205.182336182336,-1,-1,-1
2477,1500,36,-23.8591248789357,-194.182336182336,-1,1,1
2477,500,43,-25.1797681275978,-187.182336182336,1,-1,-1
2477,500,44,-18.2907050545021,-186.182336182336,1,1,-1
2477,1500,45,-11.4359874438876,-185.182336182336,-1,1,1
2477,500,46,-9.90466039045768,-184.182336182336,1,-1,1
2477,500,47,-0.77565375601212,-183.182336182336,1,1,-1
2477,500,48,4.47086512287827,-182.182336182336,1,1,1
2477,1500,50,-9.32707862162556,-180.182336182336,-1,-1,1
2477,500,51,0.4596305758007,-179.182336182336,1,-1,-1
2477,1500,52,-14.555519864457,-178.182336182336,-1,1,-1
2477,500,53,-10.0420409772248,-177.182336182336,1,-1,1
2477,1500,54,-16.2632600653493,-176.182336182336,-1,1,-1
2477,500,55,-6.61840100457515,-175.182336182336,1,-1,1
2477,500,56,-2.71130481343453,-174.182336182336,1,1,-1
2477,500,57,11.0792803600784,-173.182336182336,1,1,1
2477,500,58,16.0905052237696,-172.182336182336,1,1,1
2477,1500,59,-0.146911129201743,-171.182336182336,-1,1,1
2477,1500,60,-13.3153757780296,-170.182336182336,-1,-1,1
2477,1500,61,-12.8443475309907,-169.182336182336,-1,-1,-1
2477,1500,62,-12.3565072777701,-168.182336182336,-1,-1,-1
2477,500,63,-8.18445725970098,-167.182336182336,1,-1,-1
2477,1500,64,-7.47809941844227,-166.182336182336,-1,1,-1
2477,1500,65,-7.34455711610265,-165.182336182336,-1,-1,1
2477,500,66,-0.98541828794189,-164.182336182336,1,-1,-1
2477,1500,67,-14.1952425296221,-163.182336182336,-1,1,-1
2477,500,68,-2.73749101666432,-162.182336182336,1,-1,1
2477,500,70,8.48088292711024,-160.182336182336,1,-1,1
2477,1500,71,-2.1835653260982,-159.182336182336,-1,1,-1
2477,1500,72,-5.75943004835364,-158.182336182336,-1,-1,1
2477,500,73,8.5223746780083,-157.182336182336,1,-1,-1
2477,500,74,9.21685151312858,-156.182336182336,1,1,-1
2477,500,75,13.3034087026349,-155.182336182336,1,1,1
2477,1500,76,16.12299294115,-154.182336182336,-1,1,1
2477,1500,77,13.0019833528207,-153.182336182336,-1,-1,1
2477,500,78,11.1539166346952,-152.182336182336,1,-1,-1
2477,500,79,21.2711671542701,-151.182336182336,1,1,-1
2477,500,81,21.1310156647951,-149.182336182336,1,-1,1
2477,1500,82,7.33685028559458,-148.182336182336,-1,1,-1
2477,1500,83,6.26565298436642,-147.182336182336,-1,-1,1
2477,1500,84,3.58129984947523,-146.182336182336,-1,-1,-1
2477,1500,85,0.898090817829825,-145.182336182336,-1,-1,-1
2477,500,86,9.89790802105643,-144.182336182336,1,-1,-1
2477,1500,87,-5.08349925736124,-143.182336182336,-1,1,-1
2477,500,88,9.56194749106902,-142.182336182336,1,-1,1
2477,1500,89,7.14226565556038,-141.182336182336,-1,1,-1
2477,1500,90,-1.60989284375342,-140.182336182336,-1,-1,1
2477,500,91,1.40789941477613,-139.182336182336,1,-1,-1
2477,1500,92,-6.29727164540508,-138.182336182336,-1,1,-1
2477,500,93,-9.63200647302768,-137.182336182336,1,-1,1
2477,1500,94,-4.08312695585597,-136.182336182336,-1,1,-1
2477,500,95,5.85114025299093,-135.182336182336,1,-1,1
2477,500,96,10.7710650461554,-134.182336182336,1,1,-1
2477,1500,97,4.57107249544642,-133.182336182336,-1,1,1
2477,500,98,8.8614542134582,-132.182336182336,1,-1,1
2477,500,99,17.3263688498395,-131.182336182336,1,1,-1
2477,1500,100,-2.06740527787929,-130.182336182336,-1,1,1
2477,1500,101,-2.40723456081227,-129.182336182336,-1,-1,1
2477,1500,102,-17.656119030091,-128.182336182336,-1,-1,-1
2477,500,103,-6.29747189178605,-127.182336182336,1,-1,-1
2477,1500,104,-13.3459716176901,-126.182336182336,-1,1,-1
2477,1500,105,-15.8548585832671,-125.182336182336,-1,-1,1
2477,1500,107,-15.9785134436737,-123.182336182336,-1,-1,-1
2477,1500,108,-20.1848613117824,-122.182336182336,-1,-1,-1
2477,500,109,0.31244411052035,-121.182336182336,1,-1,-1
2477,500,110,3.2304939121148,-120.182336182336,1,1,-1
2477,500,111,8.84965070688509,-119.182336182336,1,1,1
2477,500,112,13.1362005966192,-118.182336182336,1,1,1
2477,1500,114,-11.0716901191192,-116.182336182336,-1,-1,1
2477,500,115,2.41106809207866,-115.182336182336,1,-1,-1
2477,1500,116,-12.1720840915533,-114.182336182336,-1,1,-1
2477,500,117,-6.7291405483014,-113.182336182336,1,-1,1
2477,500,118,4.15373435920085,-112.182336182336,1,1,-1
2477,1500,119,-16.7603539190283,-111.182336182336,-1,1,1
2477,1500,120,-19.2356318013534,-110.182336182336,-1,-1,1
2477,500,122,-2.16663290002895,-108.182336182336,1,-1,-1
2477,500,123,3.66285975156932,-107.182336182336,1,1,-1
2477,500,124,13.3065753592064,-106.182336182336,1,1,1
2477,500,125,9.69951157044238,-105.182336182336,1,1,1
2477,500,127,5.45979888308569,-103.182336182336,1,-1,1
2477,500,129,-0.19739610359174,-101.182336182336,1,-1,1
2477,500,130,12.9015722691543,-100.182336182336,1,1,-1
2477,500,131,10.0597121823757,-99.1823361823362,1,1,1
2477,1500,132,-7.89205051711081,-98.1823361823362,-1,1,1
2477,500,133,10.6218152781842,-97.1823361823362,1,-1,1
2477,500,134,14.1876324893362,-96.1823361823362,1,1,-1
2477,500,135,17.6868057605713,-95.1823361823362,1,1,1
2477,1500,136,-12.1287443522936,-94.1823361823362,-1,1,1
2477,500,137,8.00293865441912,-93.1823361823362,1,-1,1
2477,1500,138,-9.14427315851926,-92.1823361823362,-1,1,-1
2477,500,139,-4.31556615332303,-91.1823361823362,1,-1,1
2477,500,140,4.8857193551997,-90.1823361823362,1,1,-1
2477,500,141,6.44995792280859,-89.1823361823362,1,1,1
2477,1500,142,-22.3870019584626,-88.1823361823362,-1,1,1
2477,1500,145,-12.0484534454025,-85.1823361823362,-1,-1,1
2477,1500,146,-21.6271666628072,-84.1823361823362,-1,-1,-1
2477,500,147,-6.57063287304805,-83.1823361823362,1,-1,-1
2477,500,148,-0.67158366714879,-82.1823361823362,1,1,-1
2477,500,150,1.08482879826183,-80.1823361823362,1,-1,1
2477,500,151,-1.24152948897509,-79.1823361823362,1,1,-1
2477,1500,152,-9.22465345715986,-78.1823361823362,-1,1,1
2477,500,153,7.66734820415802,-77.1823361823362,1,-1,1
2477,1500,154,-28.4451291023137,-76.1823361823362,-1,1,-1
2477,500,155,1.31391357842699,-75.1823361823362,1,-1,1
2477,500,156,-7.30094893026188,-74.1823361823362,1,1,-1
2477,500,157,9.46251873066094,-73.1823361823362,1,1,1
2477,500,158,-2.78789050519611,-72.1823361823362,1,1,1
2477,500,159,-1.81664208025631,-71.1823361823362,1,1,1
2477,1500,160,-16.1735165130399,-70.1823361823362,-1,1,1
2477,1500,161,-25.062543509937,-69.1823361823362,-1,-1,1
2477,500,163,-4.34187893590235,-67.1823361823362,1,-1,-1
2477,1500,164,-14.6423107391636,-66.1823361823362,-1,1,-1
2477,500,165,5.96942282756538,-65.1823361823362,1,-1,1
2477,500,166,5.74222246503648,-64.1823361823362,1,1,-1
2477,500,167,5.80236941138874,-63.1823361823362,1,1,1
2477,1500,168,-11.6144671050784,-62.1823361823362,-1,1,1
2477,1500,169,-10.8743741270987,-61.1823361823362,-1,-1,1
2477,1500,170,-7.90546558663533,-60.1823361823362,-1,-1,-1
2477,500,171,-9.00304489896398,-59.1823361823362,1,-1,-1
2477,1500,172,-2.69192204078892,-58.1823361823362,-1,1,-1
2477,1500,173,-27.4582832366091,-57.1823361823362,-1,-1,1
2477,500,174,5.56083254291034,-56.1823361823362,1,-1,-1
2477,500,175,22.0144840612248,-55.1823361823362,1,1,-1
2477,1500,176,0.501165270959855,-54.1823361823362,-1,1,1
2477,500,178,-1.80090653340288,-52.1823361823362,1,-1,-1
2477,500,179,17.5172426847433,-51.1823361823362,1,1,-1
2477,1500,180,-1.95300890574827,-50.1823361823362,-1,1,1
2477,500,181,14.9036950849628,-49.1823361823362,1,-1,1
2477,500,182,18.778120087592,-48.1823361823362,1,1,-1
2477,500,183,19.6510329960676,-47.1823361823362,1,1,1
2477,500,184,20.5300389768011,-46.1823361823362,1,1,1
2477,1500,185,-21.1096742230649,-45.1823361823362,-1,1,1
2477,500,187,0.81638492813488,-43.1823361823362,1,-1,-1
2477,500,189,9.03802567323714,-41.1823361823362,1,1,1
2477,1500,190,-2.80086527372111,-40.1823361823362,-1,1,1
2477,1500,191,-12.208401667126,-39.1823361823362,-1,-1,1
2477,500,192,13.3358746257348,-38.1823361823362,1,-1,-1
2477,1500,193,-6.60325284554236,-37.1823361823362,-1,1,-1
2477,1500,194,6.75033195524956,-36.1823361823362,-1,-1,1
2477,500,195,8.36685737474081,-35.1823361823362,1,-1,-1
2477,500,196,18.9312088173446,-34.1823361823362,1,1,-1
2477,1500,197,6.44312019700194,-33.1823361823362,-1,1,1
2477,500,198,21.4094549337814,-32.1823361823362,1,-1,1
2477,500,199,27.6349757878375,-31.1823361823362,1,1,-1
2477,500,200,24.4760912974134,-30.1823361823362,1,1,1
2477,1500,201,8.4864504509694,-29.1823361823362,-1,1,1
2477,1500,202,7.32096241178792,-28.1823361823362,-1,-1,1
2477,1500,203,0.138755776173113,-27.1823361823362,-1,-1,-1
2477,500,204,10.1233179154202,-26.1823361823362,1,-1,-1
2477,1500,205,8.3887925065798,-25.1823361823362,-1,1,-1
2477,1500,206,-5.12928041392553,-24.1823361823362,-1,-1,1
2477,500,207,12.1884963434461,-23.1823361823362,1,-1,-1
2477,1500,208,2.6585692152123,-22.1823361823362,-1,1,-1
2477,1500,209,-4.2488439880227,-21.1823361823362,-1,-1,1
2477,500,210,8.10556065946689,-20.1823361823362,1,-1,-1
2477,500,211,12.3479612069902,-19.1823361823362,1,1,-1
2477,1500,212,-5.99672305733017,-18.1823361823362,-1,1,1
2477,500,213,8.79424583271344,-17.1823361823362,1,-1,1
2477,500,214,-1.86934050101064,-16.1823361823362,1,1,-1
2477,500,215,17.3737301109354,-15.1823361823362,1,1,1
2477,500,216,3.12889336096662,-14.1823361823362,1,1,1
2477,500,217,9.70753578780177,-13.1823361823362,1,1,1
2477,500,218,14.1749441406549,-12.1823361823362,1,1,1
2477,1500,219,-15.4275398739287,-11.1823361823362,-1,1,1
2477,1500,220,0.513989728030621,-10.1823361823362,-1,-1,1
2477,500,221,1.88388535738089,-9.18233618233617,1,-1,-1
2477,500,222,9.54353388494874,-8.18233618233617,1,1,-1
2477,500,223,10.992373780065,-7.18233618233617,1,1,1
2477,1500,224,-15.1918364748058,-6.18233618233617,-1,1,1
2477,500,225,14.0775841614374,-5.18233618233617,1,-1,1
2477,500,226,9.17230028151224,-4.18233618233617,1,1,-1
2477,1500,227,-10.5353833878225,-3.18233618233617,-1,1,1
2477,1500,229,-16.1047018403107,-1.18233618233617,-1,-1,-1
2477,1500,230,-6.06154280240411,-0.182336182336172,-1,-1,-1
2477,1500,231,0.172842379031398,0.817663817663828,-1,-1,-1
2477,1500,232,-22.0602891941249,1.81766381766383,-1,-1,-1
2477,1500,234,-25.0987256944917,3.81766381766383,-1,-1,-1
2477,500,235,9.62313843849813,4.81766381766383,1,-1,-1
2477,1500,236,-0.0299838886911732,5.81766381766383,-1,1,-1
2477,1500,237,-0.358531400565943,6.81766381766383,-1,-1,1
2477,1500,239,-5.59658046331347,8.81766381766383,-1,-1,-1
2477,500,240,2.63618152852116,9.81766381766383,1,-1,-1
2477,1500,241,-5.64152788925192,10.8176638176638,-1,1,-1
2477,500,242,4.37764463799599,11.8176638176638,1,-1,1
2477,1500,243,-1.90138270858104,12.8176638176638,-1,1,-1
2477,500,244,10.2140978642835,13.8176638176638,1,-1,1
2477,500,245,11.9632421386789,14.8176638176638,1,1,-1
2477,500,246,17.816276880799,15.8176638176638,1,1,1
2477,500,247,12.2003230908518,16.8176638176638,1,1,1
2477,500,248,9.00688293693035,17.8176638176638,1,1,1
2477,1500,249,1.26183702066365,18.8176638176638,-1,1,1
2477,500,250,7.85767263976206,19.8176638176638,1,-1,1
2477,1500,251,-3.89475407052801,20.8176638176638,-1,1,-1
2477,1500,253,-28.6038743532503,22.8176638176638,-1,-1,-1
2477,500,254,4.90997378775054,23.8176638176638,1,-1,-1
2477,1500,255,-19.8757305003457,24.8176638176638,-1,1,-1
2477,500,256,0.84698666928454,25.8176638176638,1,-1,1
2477,1500,257,-1.66914290298276,26.8176638176638,-1,1,-1
2477,500,258,9.00391298720177,27.8176638176638,1,-1,1
2477,1500,259,-0.996148879710223,28.8176638176638,-1,1,-1
2477,500,260,9.01332246170273,29.8176638176638,1,-1,1
2477,1500,261,-3.91851325924454,30.8176638176638,-1,1,-1
2477,500,262,9.38488366297066,31.8176638176638,1,-1,1
2477,1500,263,-12.5208257577759,32.8176638176638,-1,1,-1
2477,500,264,5.18623595328033,33.8176638176638,1,-1,1
2477,1500,265,-18.5160110402669,34.8176638176638,-1,1,-1
2477,500,266,3.32138223325156,35.8176638176638,1,-1,1
2477,500,267,10.9459682099295,36.8176638176638,1,1,-1
2477,500,268,13.9334380274693,37.8176638176638,1,1,1
2477,500,269,6.66507273260623,38.8176638176638,1,1,1
2477,500,270,18.7721072309878,39.8176638176638,1,1,1
2477,500,271,10.4063942136917,40.8176638176638,1,1,1
2477,500,272,19.5838207043447,41.8176638176638,1,1,1
2477,500,273,12.8947212133011,42.8176638176638,1,1,1
2477,1500,274,-9.03071473729496,43.8176638176638,-1,1,1
2477,500,276,6.62247862129494,45.8176638176638,1,-1,-1
2477,500,277,9.73087965053337,46.8176638176638,1,1,-1
2477,500,278,6.95706258452448,47.8176638176638,1,1,1
2477,500,279,10.3431727371193,48.8176638176638,1,1,1
2477,500,280,8.55432938847805,49.8176638176638,1,1,1
2477,1500,281,-10.1386609586916,50.8176638176638,-1,1,1
2477,1500,282,-9.82605939970596,51.8176638176638,-1,-1,1
2477,500,283,19.9476330704756,52.8176638176638,1,-1,-1
2477,500,285,11.3254571518736,54.8176638176638,1,-1,1
2477,1500,286,-12.3561497866581,55.8176638176638,-1,1,-1
2477,500,287,16.7263464239998,56.8176638176638,1,-1,1
2477,500,288,11.3318105042702,57.8176638176638,1,1,-1
2477,1500,289,-19.8498468239414,58.8176638176638,-1,1,1
2477,1500,290,-6.69389437446872,59.8176638176638,-1,-1,1
2477,500,291,6.68846069843432,60.8176638176638,1,-1,-1
2477,500,292,22.7574979291342,61.8176638176638,1,1,-1
2477,500,293,14.9432527381009,62.8176638176638,1,1,1
2477,1500,294,1.65774481275499,63.8176638176638,-1,1,1
2477,500,295,13.5579629898929,64.8176638176638,1,-1,1
2477,1500,296,-19.3745654239953,65.8176638176638,-1,1,-1
2477,1500,297,-27.4431571512898,66.8176638176638,-1,-1,1
2477,1500,298,-1.98792363380908,67.8176638176638,-1,-1,-1
2477,1500,299,-9.69440259654856,68.8176638176638,-1,-1,-1
2477,500,300,4.34616512512404,69.8176638176638,1,-1,-1
2477,500,301,10.707135420267,70.8176638176638,1,1,-1
2477,1500,302,-9.35170378302586,71.8176638176638,-1,1,1
2477,500,303,22.5856028305911,72.8176638176638,1,-1,1
2477,1500,304,-14.1048683945776,73.8176638176638,-1,1,-1
2477,500,305,20.3397048162892,74.8176638176638,1,-1,1
2477,500,306,5.68721111105926,75.8176638176638,1,1,-1
2477,500,307,15.3408482776306,76.8176638176638,1,1,1
2477,500,308,21.9094921262515,77.8176638176638,1,1,1
2477,1500,309,0.582006203356058,78.8176638176638,-1,1,1
2477,1500,310,4.5193765785151,79.8176638176638,-1,-1,1
2477,500,311,13.7247252019653,80.8176638176638,1,-1,-1
2477,1500,312,-15.6849770274766,81.8176638176638,-1,1,-1
2477,500,313,17.8110005239758,82.8176638176638,1,-1,1
2477,500,314,15.5694779655908,83.8176638176638,1,1,-1
2477,500,315,5.68402864321087,84.8176638176638,1,1,1
2477,500,316,10.7326812905384,85.8176638176638,1,1,1
2477,500,317,17.8728182721579,86.8176638176638,1,1,1
2477,1500,318,-6.39192488894386,87.8176638176638,-1,1,1
2477,500,319,23.578705366218,88.8176638176638,1,-1,1
2477,500,320,15.3789733470301,89.8176638176638,1,1,-1
2477,500,321,19.6305165468356,90.8176638176638,1,1,1
2477,500,322,19.6557818778832,91.8176638176638,1,1,1
2477,1500,323,8.49390331925088,92.8176638176638,-1,1,1
2477,1500,324,0.179324006183708,93.8176638176638,-1,-1,1
2477,500,325,19.4406351039473,94.8176638176638,1,-1,-1
2477,500,327,11.5837016486362,96.8176638176638,1,-1,1
2477,500,328,19.4700384822992,97.8176638176638,1,1,-1
2477,1500,329,-8.81619506299566,98.8176638176638,-1,1,1
2477,1500,330,1.83634838633853,99.8176638176638,-1,-1,1
2477,1500,332,1.16892016653633,101.817663817664,-1,-1,-1
2477,1500,333,1.31192788459586,102.817663817664,-1,-1,-1
2477,500,334,11.5278614140409,103.817663817664,1,-1,-1
2477,1500,335,-24.8239623519924,104.817663817664,-1,1,-1
2477,500,336,26.8654707133803,105.817663817664,1,-1,1
2477,1500,337,-13.2877696429663,106.817663817664,-1,1,-1
2477,1500,338,0.840301153416551,107.817663817664,-1,-1,1
2477,500,339,5.78511195153191,108.817663817664,1,-1,-1
2477,500,340,17.2639415974047,109.817663817664,1,1,-1
2477,500,341,20.2187215490261,110.817663817664,1,1,1
2477,500,342,22.0456377020999,111.817663817664,1,1,1
2477,1500,343,3.47818155933154,112.817663817664,-1,1,1
2477,500,344,27.8115860987926,113.817663817664,1,-1,1
2477,1500,345,8.58647104391563,114.817663817664,-1,1,-1
2477,500,346,19.3113692972473,115.817663817664,1,-1,1
2477,1500,347,-12.0960396460345,116.817663817664,-1,1,-1
2477,500,348,21.8224919848524,117.817663817664,1,-1,1
2477,500,349,12.2055650841253,118.817663817664,1,1,-1
2477,1500,350,-0.617432519843043,119.817663817664,-1,1,1
2477,1500,351,-8.10202873777942,120.817663817664,-1,-1,1
2477,500,352,19.5865474005588,121.817663817664,1,-1,-1
2477,500,353,6.40819353503195,122.817663817664,1,1,-1
2477,500,354,22.5915428937796,123.817663817664,1,1,1
2477,1500,355,5.66454183425146,124.817663817664,-1,1,1
2477,1500,356,-3.32368311575768,125.817663817664,-1,-1,1
2477,1500,357,-0.782948893906413,126.817663817664,-1,-1,-1
2477,500,358,14.0841443013747,127.817663817664,1,-1,-1
2477,1500,359,-9.91953586924916,128.817663817664,-1,1,-1
2477,1500,360,-2.72385379107585,129.817663817664,-1,-1,1
2477,1500,361,0.606994767371379,130.817663817664,-1,-1,-1
2477,1500,362,-16.4560097254622,131.817663817664,-1,-1,-1
2477,500,364,16.3766631254698,133.817663817664,1,-1,-1
2477,500,365,3.93135435216271,134.817663817664,1,1,-1
2477,500,367,27.3022882610668,136.817663817664,1,-1,1
2477,500,368,15.7358009068034,137.817663817664,1,1,-1
2477,500,369,13.9395490128462,138.817663817664,1,1,1
2477,1500,370,-3.75183808960816,139.817663817664,-1,1,1
2477,1500,371,-3.4717064381564,140.817663817664,-1,-1,1
2477,1500,372,-7.63089964956337,141.817663817664,-1,-1,-1
2477,1500,373,-19.7305200353309,142.817663817664,-1,-1,-1
2477,1500,374,-4.98520031893586,143.817663817664,-1,-1,-1
2477,500,375,15.6388923858353,144.817663817664,1,-1,-1
2477,500,376,20.581600315573,145.817663817664,1,1,-1
2477,1500,377,-19.5549568651573,146.817663817664,-1,1,1
2477,1500,378,-26.9381755055377,147.817663817664,-1,-1,1
2477,500,379,17.4201042345191,148.817663817664,1,-1,-1
2477,1500,380,-19.9116223430493,149.817663817664,-1,1,-1
2477,1500,381,-24.8395495622666,150.817663817664,-1,-1,1
2477,500,382,1.43819130824214,151.817663817664,1,-1,-1
2477,1500,385,-10.0323206943695,154.817663817664,-1,-1,-1
2477,1500,386,-14.75155998481,155.817663817664,-1,-1,-1
2477,500,387,9.70563748088094,156.817663817664,1,-1,-1
2477,1500,389,-10.5867934016959,158.817663817664,-1,-1,1
2477,500,390,19.1560237978266,159.817663817664,1,-1,-1
2477,1500,391,-1.70191652086499,160.817663817664,-1,1,-1
2477,1500,392,-3.80992069156818,161.817663817664,-1,-1,1
2477,500,393,15.8991811519706,162.817663817664,1,-1,-1
2477,500,394,1.58348164936298,163.817663817664,1,1,-1
2477,1500,395,-15.5624981683528,164.817663817664,-1,1,1
2477,500,397,8.101009815801,166.817663817664,1,-1,-1
2477,500,398,4.37383540595618,167.817663817664,1,1,-1
2477,500,399,2.02970998172898,168.817663817664,1,1,1
2477,500,400,7.07773753583509,169.817663817664,1,1,1
2477,1500,401,-14.2768124305466,170.817663817664,-1,1,1
2477,500,402,12.2629432798188,171.817663817664,1,-1,1
2477,500,403,-2.39314224860202,172.817663817664,1,1,-1
2477,1500,404,-0.690245422430843,173.817663817664,-1,1,1
2477,1500,405,-16.9716312740272,174.817663817664,-1,-1,1
2477,1500,406,-4.27726655163258,175.817663817664,-1,-1,-1
2477,500,407,12.3281657304071,176.817663817664,1,-1,-1
2477,1500,408,-17.4211331554689,177.817663817664,-1,1,-1
2477,1500,410,-12.2026138161983,179.817663817664,-1,-1,-1
2477,500,411,16.1874532436807,180.817663817664,1,-1,-1
2477,1500,412,-15.4917429944533,181.817663817664,-1,1,-1
2477,1500,413,-18.7721650438924,182.817663817664,-1,-1,1
2477,500,414,17.4450465802866,183.817663817664,1,-1,-1
2477,1500,415,-5.10993670676877,184.817663817664,-1,1,-1
2477,500,416,12.8931372128995,185.817663817664,1,-1,1
2477,500,417,2.34492111345127,186.817663817664,1,1,-1
2477,500,418,11.4831775010712,187.817663817664,1,1,1
2477,500,419,8.68581094449122,188.817663817664,1,1,1
2477,1500,420,-2.14760405677613,189.817663817664,-1,1,1
2481,500,23,15.8125581841642,-199.713917525773,1,1,1
2481,1500,24,19.9221025530469,-198.713917525773,-1,1,1
2481,500,25,12.3595649305374,-197.713917525773,1,-1,1
2481,500,26,16.1607838139645,-196.713917525773,1,1,-1
2481,1500,27,16.5875609271563,-195.713917525773,-1,1,1
2481,500,28,6.37960172155336,-194.713917525773,1,-1,1
2481,1500,29,9.39685103392275,-193.713917525773,-1,1,-1
2481,1500,30,5.65677980132737,-192.713917525773,-1,-1,1
2481,1500,31,-0.417953402097851,-191.713917525773,-1,-1,-1
2481,1500,32,-1.86391457116931,-190.713917525773,-1,-1,-1
2481,500,33,-5.48466397362956,-189.713917525773,1,-1,-1
2481,500,34,3.81481592024094,-188.713917525773,1,1,-1
2481,500,35,9.34229468664579,-187.713917525773,1,1,1
2481,1500,37,-3.22688532863638,-185.713917525773,-1,-1,1
2481,1500,38,-4.63390563617046,-184.713917525773,-1,-1,-1
2481,1500,39,2.65883632348378,-183.713917525773,-1,-1,-1
2481,1500,40,-0.527897199055846,-182.713917525773,-1,-1,-1
2481,1500,41,-1.77917801498565,-181.713917525773,-1,-1,-1
2481,1500,42,-2.83475100761959,-180.713917525773,-1,-1,-1
2481,500,43,-1.48577681181738,-179.713917525773,1,-1,-1
2481,1500,44,1.38680162599763,-178.713917525773,-1,1,-1
2481,1500,45,-0.242624053316833,-177.713917525773,-1,-1,1
2481,1500,46,-2.36711778827037,-176.713917525773,-1,-1,-1
2481,500,47,1.86730535598662,-175.713917525773,1,-1,-1
2481,1500,48,3.11177112858158,-174.713917525773,-1,1,-1
2481,1500,49,-2.05677069874066,-173.713917525773,-1,-1,1
2481,500,50,-0.35736016119948,-172.713917525773,1,-1,-1
2481,500,51,4.05149106845743,-171.713917525773,1,1,-1
2481,500,52,8.44855712794981,-170.713917525773,1,1,1
2481,1500,53,8.91303319344092,-169.713917525773,-1,1,1
2481,1500,54,-2.31993941835084,-168.713917525773,-1,-1,1
2481,500,55,-3.99113556309255,-167.713917525773,1,-1,-1
2481,500,56,-4.00486384536577,-166.713917525773,1,1,-1
2481,500,57,-0.0367128534464898,-165.713917525773,1,1,1
2481,1500,58,-0.224243966334356,-164.713917525773,-1,1,1
2481,1500,59,-2.84436767769805,-163.713917525773,-1,-1,1
2481,500,60,-1.86552702615194,-162.713917525773,1,-1,-1
2481,500,61,2.07932730347901,-161.713917525773,1,1,-1
2481,1500,62,-3.69480530242814,-160.713917525773,-1,1,1
2481,500,63,-1.19990864587143,-159.713917525773,1,-1,1
2481,1500,64,-6.50542357233029,-158.713917525773,-1,1,-1
2481,1500,65,-5.70283951013105,-157.713917525773,-1,-1,1
2481,500,66,-5.82757303315319,-156.713917525773,1,-1,-1
2481,500,67,-1.63585019236105,-155.713917525773,1,1,-1
2481,1500,68,-1.24966892686623,-154.713917525773,-1,1,1
2481,500,69,-3.20886748342898,-153.713917525773,1,-1,1
2481,1500,70,-0.543395745348639,-152.713917525773,-1,1,-1
2481,1500,71,-5.91292703277241,-151.713917525773,-1,-1,1
2481,1500,72,-8.55689337629878,-150.713917525773,-1,-1,-1
2481,500,73,-4.34460870153907,-149.713917525773,1,-1,-1
2481,500,74,2.21757851875973,-148.713917525773,1,1,-1
2481,500,75,2.02914053785749,-147.713917525773,1,1,1
2481,500,76,3.62763280893642,-146.713917525773,1,1,1
2481,500,77,9.85995034005969,-145.713917525773,1,1,1
2481,500,78,0.0894669355741404,-144.713917525773,1,1,1
2481,500,79,0.815712671993601,-143.713917525773,1,1,1
2481,500,80,1.12918831824069,-142.713917525773,1,1,1
2481,1500,81,1.33578587270639,-141.713917525773,-1,1,1
2481,1500,82,-4.3107001155122,-140.713917525773,-1,-1,1
2481,500,83,-5.71252715563103,-139.713917525773,1,-1,-1
2481,500,84,-4.55267450300263,-138.713917525773,1,1,-1
2481,1500,85,1.52039947017943,-137.713917525773,-1,1,1
2481,1500,86,-4.46735523582064,-136.713917525773,-1,-1,1
2481,500,87,-4.22086588145024,-135.713917525773,1,-1,-1
2481,1500,88,-3.04847707569711,-134.713917525773,-1,1,-1
2481,500,89,2.00277044440914,-133.713917525773,1,-1,1
2481,1500,90,-6.00836883198905,-132.713917525773,-1,1,-1
2481,500,91,-10.0104581657207,-131.713917525773,1,-1,1
2481,500,92,-7.96098203723029,-130.713917525773,1,1,-1
2481,500,94,-3.52077009172479,-128.713917525773,1,-1,1
2481,1500,95,2.70709597550381,-127.713917525773,-1,1,-1
2481,1500,96,-8.82464078184116,-126.713917525773,-1,-1,1
2481,1500,97,-6.5013791315053,-125.713917525773,-1,-1,-1
2481,500,98,-8.85883378771114,-124.713917525773,1,-1,-1
2481,1500,99,-6.04648201815843,-123.713917525773,-1,1,-1
2481,1500,100,-3.35903045256601,-122.713917525773,-1,-1,1
2481,1500,101,-2.47929465841339,-121.713917525773,-1,-1,-1
2481,500,102,-9.11305785966246,-120.713917525773,1,-1,-1
2481,500,103,-3.15754504600889,-119.713917525773,1,1,-1
2481,1500,104,-0.990636381199534,-118.713917525773,-1,1,1
2481,1500,105,-4.70502107145013,-117.713917525773,-1,-1,1
2481,500,106,-0.29692715767247,-116.713917525773,1,-1,-1
2481,1500,107,0.796158565112309,-115.713917525773,-1,1,-1
2481,500,109,-4.00354088783718,-113.713917525773,1,-1,-1
2481,1500,110,-0.966142253665288,-112.713917525773,-1,1,-1
2481,1500,111,-6.69551321167994,-111.713917525773,-1,-1,1
2481,500,112,1.61106898665087,-110.713917525773,1,-1,-1
2481,500,113,3.38650755998684,-109.713917525773,1,1,-1
2481,500,114,8.27468838738349,-108.713917525773,1,1,1
2481,500,115,13.7135840410988,-107.713917525773,1,1,1
2481,1500,116,10.912651206538,-106.713917525773,-1,1,1
2481,1500,117,2.28480178230029,-105.713917525773,-1,-1,1
2481,500,118,3.98819515469443,-104.713917525773,1,-1,-1
2481,500,119,13.4594112687804,-103.713917525773,1,1,-1
2481,1500,120,10.9900440779174,-102.713917525773,-1,1,1
2481,1500,121,4.43985502592292,-101.713917525773,-1,-1,1
2481,1500,122,-0.460483215052256,-100.713917525773,-1,-1,-1
2481,500,123,-0.28036311330373,-99.7139175257732,1,-1,-1
2481,500,124,6.33581583841298,-98.7139175257732,1,1,-1
2481,1500,125,6.36090143999744,-97.7139175257732,-1,1,1
2481,1500,126,-4.32741268014381,-96.7139175257732,-1,-1,1
2481,500,127,1.38030868778409,-95.7139175257732,1,-1,-1
2481,1500,128,7.5665933023415,-94.7139175257732,-1,1,-1
2481,500,129,3.45740201948108,-93.7139175257732,1,-1,1
2481,500,130,15.1980832694655,-92.7139175257732,1,1,-1
2481,500,131,2.506994612548,-91.7139175257732,1,1,1
2481,500,132,-1.98042331866675,-90.7139175257732,1,1,1
2481,1500,133,-0.866230811800471,-89.7139175257732,-1,1,1
2481,500,134,4.38539197289062,-88.7139175257732,1,-1,1
2481,1500,135,8.79498830618174,-87.7139175257732,-1,1,-1
2481,1500,136,2.76235684069624,-86.7139175257732,-1,-1,1
2481,1500,137,3.35675647105971,-85.7139175257732,-1,-1,-1
2481,500,138,7.42152356403723,-84.7139175257732,1,-1,-1
2481,1500,139,5.92459124350869,-83.7139175257732,-1,1,-1
2481,500,140,5.20829334625451,-82.7139175257732,1,-1,1
2481,500,141,10.5093178810895,-81.7139175257732,1,1,-1
2481,500,142,13.2028370373195,-80.7139175257732,1,1,1
2481,1500,143,15.9666120297941,-79.7139175257732,-1,1,1
2481,1500,144,6.07218902972082,-78.7139175257732,-1,-1,1
2481,500,145,9.48958185619719,-77.7139175257732,1,-1,-1
2481,1500,146,6.24453354792747,-76.7139175257732,-1,1,-1
2481,500,147,6.33442028309858,-75.7139175257732,1,-1,1
2481,1500,148,3.16728989787764,-74.7139175257732,-1,1,-1
2481,500,149,5.24738998663109,-73.7139175257732,1,-1,1
2481,1500,150,7.5440112343235,-72.7139175257732,-1,1,-1
2481,1500,151,2.67256313386278,-71.7139175257732,-1,-1,1
2481,1500,152,-1.81876356435661,-70.7139175257732,-1,-1,-1
2481,500,153,6.27343380939595,-69.7139175257732,1,-1,-1
2481,1500,154,7.78233070618386,-68.7139175257732,-1,1,-1
2481,500,155,6.651165563228,-67.7139175257732,1,-1,1
2481,1500,156,7.02108409425186,-66.7139175257732,-1,1,-1
2481,500,157,5.79250350530954,-65.7139175257732,1,-1,1
2481,1500,158,5.35647890871559,-64.7139175257732,-1,1,-1
2481,1500,159,0.0219757699196987,-63.7139175257732,-1,-1,1
2481,500,160,5.51344487186205,-62.7139175257732,1,-1,-1
2481,500,161,10.2408297526013,-61.7139175257732,1,1,-1
2481,500,162,11.1685082791072,-60.7139175257732,1,1,1
2481,1500,163,6.1769208336968,-59.7139175257732,-1,1,1
2481,500,164,10.9652869235859,-58.7139175257732,1,-1,1
2481,1500,165,8.12939981459814,-57.7139175257732,-1,1,-1
2481,500,166,9.23157547522039,-56.7139175257732,1,-1,1
2481,500,167,11.8599815648858,-55.7139175257732,1,1,-1
2481,1500,168,10.8706942242654,-54.7139175257732,-1,1,1
2481,500,169,10.1520816799096,-53.7139175257732,1,-1,1
2481,500,171,9.22788412766639,-51.7139175257732,1,-1,1
2481,500,172,17.1839305303982,-50.7139175257732,1,1,-1
2481,500,174,3.38109580895117,-48.7139175257732,1,-1,1
2481,1500,175,11.5030768831261,-47.7139175257732,-1,1,-1
2481,500,176,13.3574887102409,-46.7139175257732,1,-1,1
2481,500,177,17.2974246838544,-45.7139175257732,1,1,-1
2481,1500,178,14.9242681316219,-44.7139175257732,-1,1,1
2481,500,179,8.96714828346539,-43.7139175257732,1,-1,1
2481,500,180,13.0256197203847,-42.7139175257732,1,1,-1
2481,500,181,13.0990934544871,-41.7139175257732,1,1,1
2481,500,182,15.9741576208576,-40.7139175257732,1,1,1
2481,500,183,17.1775969065495,-39.7139175257732,1,1,1
2481,500,185,8.85910693474729,-37.7139175257732,1,-1,1
2481,500,186,16.361736908757,-36.7139175257732,1,1,-1
2481,1500,187,15.6440470952771,-35.7139175257732,-1,1,1
2481,500,188,14.2721285588187,-34.7139175257732,1,-1,1
2481,500,189,21.2947517453504,-33.7139175257732,1,1,-1
2481,500,190,21.4151752761871,-32.7139175257732,1,1,1
2481,500,191,21.4812139493166,-31.7139175257732,1,1,1
2481,500,192,24.1749516694256,-30.7139175257732,1,1,1
2481,1500,193,23.1299099170728,-29.7139175257732,-1,1,1
2481,1500,194,16.4682791005952,-28.7139175257732,-1,-1,1
2481,1500,195,12.5762979801984,-27.7139175257732,-1,-1,-1
2481,1500,196,1.52557814558896,-26.7139175257732,-1,-1,-1
2481,500,197,4.92874629113911,-25.7139175257732,1,-1,-1
2481,500,198,12.0709406750711,-24.7139175257732,1,1,-1
2481,1500,199,13.4553844926187,-23.7139175257732,-1,1,1
2481,500,200,15.2863418384503,-22.7139175257732,1,-1,1
2481,1500,201,12.7127709864934,-21.7139175257732,-1,1,-1
2481,1500,202,10.7005476900745,-20.7139175257732,-1,-1,1
2481,500,203,15.309941311462,-19.7139175257732,1,-1,-1
2481,500,204,22.4023854517153,-18.7139175257732,1,1,-1
2481,1500,205,15.483061943428,-17.7139175257732,-1,1,1
2481,500,206,18.1570774339313,-16.7139175257732,1,-1,1
2481,500,207,27.5708566893453,-15.7139175257732,1,1,-1
2481,500,208,23.3853012338892,-14.7139175257732,1,1,1
2481,500,209,23.5676975917602,-13.7139175257732,1,1,1
2481,500,210,21.4366043031703,-12.7139175257732,1,1,1
2481,500,212,18.6522695442872,-10.7139175257732,1,-1,1
2481,1500,213,13.018453314086,-9.71391752577318,-1,1,-1
2481,1500,214,10.2613315023379,-8.71391752577318,-1,-1,1
2481,1500,215,8.97703176707885,-7.71391752577318,-1,-1,-1
2481,500,216,16.9139275155442,-6.71391752577318,1,-1,-1
2481,500,217,16.5042955572583,-5.71391752577318,1,1,-1
2481,1500,218,16.6236631938954,-4.71391752577318,-1,1,1
2481,500,219,16.9984930280496,-3.71391752577318,1,-1,1
2481,1500,220,13.9787405724982,-2.71391752577318,-1,1,-1
2481,500,221,12.3833198358294,-1.71391752577318,1,-1,1
2481,1500,222,8.03972656016766,-0.713917525773184,-1,1,-1
2481,1500,223,4.01983870519737,0.286082474226816,-1,-1,1
2481,500,224,8.75181886564379,1.28608247422682,1,-1,-1
2481,500,225,3.70684924557925,2.28608247422682,1,1,-1
2481,500,226,5.07199840053098,3.28608247422682,1,1,1
2481,500,227,13.8602933980679,4.28608247422682,1,1,1
2481,1500,228,4.58066186541987,5.28608247422682,-1,1,1
2481,500,229,11.1232635953701,6.28608247422682,1,-1,1
2481,1500,230,9.24112767967735,7.28608247422682,-1,1,-1
2481,1500,231,5.31322038723403,8.28608247422682,-1,-1,1
2481,1500,232,4.56221505289022,9.28608247422682,-1,-1,-1
2481,500,233,9.58051343987429,10.2860824742268,1,-1,-1
2481,500,234,14.8298895766264,11.2860824742268,1,1,-1
2481,500,235,15.2712045251519,12.2860824742268,1,1,1
2481,1500,236,11.1732350220046,13.2860824742268,-1,1,1
2481,1500,237,8.77795905049376,14.2860824742268,-1,-1,1
2481,500,238,23.1648455007111,15.2860824742268,1,-1,-1
2481,1500,239,-2.46303399674118,16.2860824742268,-1,1,-1
2481,1500,240,2.69470850711472,17.2860824742268,-1,-1,1
2481,500,241,3.30137878107926,18.2860824742268,1,-1,-1
2481,500,243,2.29903658147407,20.2860824742268,1,-1,1
2481,1500,244,6.13778332243178,21.2860824742268,-1,1,-1
2481,500,245,3.39008318007411,22.2860824742268,1,-1,1
2481,500,246,6.73537097093603,23.2860824742268,1,1,-1
2481,500,248,3.61286653511034,25.2860824742268,1,-1,1
2481,500,249,6.98870913534084,26.2860824742268,1,1,-1
2481,500,250,5.92750216958458,27.2860824742268,1,1,1
2481,1500,251,6.44575191889803,28.2860824742268,-1,1,1
2481,1500,252,-1.93193702519674,29.2860824742268,-1,-1,1
2481,1500,253,-5.17318888687618,30.2860824742268,-1,-1,-1
2481,1500,254,-5.64476058427974,31.2860824742268,-1,-1,-1
2481,1500,255,-4.20278223038431,32.2860824742268,-1,-1,-1
2481,500,256,1.53954647891394,33.2860824742268,1,-1,-1
2481,1500,257,-0.834521773504036,34.2860824742268,-1,1,-1
2481,1500,258,4.3182740254017,35.2860824742268,-1,-1,1
2481,500,259,6.49346704872311,36.2860824742268,1,-1,-1
2481,500,260,4.86948405252155,37.2860824742268,1,1,-1
2481,500,261,8.26224467579421,38.2860824742268,1,1,1
2481,1500,262,3.88362678794958,39.2860824742268,-1,1,1
2481,1500,263,2.90640428370577,40.2860824742268,-1,-1,1
2481,500,264,6.39678916896661,41.2860824742268,1,-1,-1
2481,1500,265,2.28102328692877,42.2860824742268,-1,1,-1
2481,500,266,5.40260352065942,43.2860824742268,1,-1,1
2481,1500,267,5.25596167985623,44.2860824742268,-1,1,-1
2481,1500,268,2.43006597705476,45.2860824742268,-1,-1,1
2481,1500,269,4.68147110903021,46.2860824742268,-1,-1,-1
2481,500,270,8.02732891644685,47.2860824742268,1,-1,-1
2481,500,271,8.43583784442195,48.2860824742268,1,1,-1
2481,500,272,12.5472183062392,49.2860824742268,1,1,1
2481,1500,273,8.94346231611379,50.2860824742268,-1,1,1
2481,1500,274,0.531238742618609,51.2860824742268,-1,-1,1
2481,1500,275,-0.426326857531301,52.2860824742268,-1,-1,-1
2481,500,276,8.15388713474712,53.2860824742268,1,-1,-1
2481,1500,277,2.66473548926324,54.2860824742268,-1,1,-1
2481,500,278,8.16613772895044,55.2860824742268,1,-1,1
2481,1500,279,3.86903276547807,56.2860824742268,-1,1,-1
2481,500,281,1.43717315058061,58.2860824742268,1,-1,-1
2481,500,282,6.02033461371153,59.2860824742268,1,1,-1
2481,1500,283,-3.17035815158057,60.2860824742268,-1,1,1
2481,500,284,-0.37104455653409,61.2860824742268,1,-1,1
2481,1500,285,1.14542659255829,62.2860824742268,-1,1,-1
2481,1500,286,-2.5947599138758,63.2860824742268,-1,-1,1
2481,1500,287,-1.79843016340627,64.2860824742268,-1,-1,-1
2481,1500,288,-8.49225328036083,65.2860824742268,-1,-1,-1
2481,1500,289,-1.57036304675503,66.2860824742268,-1,-1,-1
2481,1500,290,-2.94853117241927,67.2860824742268,-1,-1,-1
2481,1500,291,-4.57649675101682,68.2860824742268,-1,-1,-1
2481,1500,292,-0.451499507362327,69.2860824742268,-1,-1,-1
2481,500,293,4.80943698858533,70.2860824742268,1,-1,-1
2481,500,294,2.87346945338913,71.2860824742268,1,1,-1
2481,1500,295,-0.640390823855868,72.2860824742268,-1,1,1
2481,500,296,4.92556514516119,73.2860824742268,1,-1,1
2481,1500,297,7.92866353861297,74.2860824742268,-1,1,-1
2481,500,298,4.51084617427972,75.2860824742268,1,-1,1
2481,500,299,7.8543097188679,76.2860824742268,1,1,-1
2481,500,300,8.90964539545929,77.2860824742268,1,1,1
2481,500,301,2.83256982042311,78.2860824742268,1,1,1
2481,500,302,9.95513226472919,79.2860824742268,1,1,1
2481,500,303,6.87024125841565,80.2860824742268,1,1,1
2481,1500,304,2.18056672956372,81.2860824742268,-1,1,1
2481,500,305,7.78231582210337,82.2860824742268,1,-1,1
2481,500,306,10.1755929374866,83.2860824742268,1,1,-1
2481,500,307,9.10383274062869,84.2860824742268,1,1,1
2481,500,308,4.15215348164926,85.2860824742268,1,1,1
2481,1500,309,4.51288814604855,86.2860824742268,-1,1,1
2481,1500,310,0.109420553642479,87.2860824742268,-1,-1,1
2481,500,311,3.97940560548788,88.2860824742268,1,-1,-1
2481,500,312,10.9428886756667,89.2860824742268,1,1,-1
2481,500,313,11.7211079374178,90.2860824742268,1,1,1
2481,500,314,18.7010142567697,91.2860824742268,1,1,1
2481,1500,315,11.6583911257337,92.2860824742268,-1,1,1
2481,1500,316,11.3847676699865,93.2860824742268,-1,-1,1
2481,1500,317,2.43646393427594,94.2860824742268,-1,-1,-1
2481,1500,318,1.02086058125829,95.2860824742268,-1,-1,-1
2481,1500,319,3.32578849167733,96.2860824742268,-1,-1,-1
2481,1500,320,-3.59707457348559,97.2860824742268,-1,-1,-1
2481,500,321,-2.16024948498604,98.2860824742268,1,-1,-1
2481,500,322,8.20730704646142,99.2860824742268,1,1,-1
2481,1500,323,1.03949561130885,100.286082474227,-1,1,1
2481,500,324,-1.95449993719654,101.286082474227,1,-1,1
2481,1500,325,-2.40317852243946,102.286082474227,-1,1,-1
2481,500,326,-0.3609653265596,103.286082474227,1,-1,1
2481,500,327,4.88048266199016,104.286082474227,1,1,-1
2481,1500,328,6.04233746152547,105.286082474227,-1,1,1
2481,1500,329,-1.76627599868029,106.286082474227,-1,-1,1
2481,500,330,4.1647782202655,107.286082474227,1,-1,-1
2481,1500,331,1.4405593552765,108.286082474227,-1,1,-1
2481,500,332,8.428315696842,109.286082474227,1,-1,1
2481,500,333,11.3705183106822,110.286082474227,1,1,-1
2481,1500,334,8.97188289608795,111.286082474227,-1,1,1
2481,1500,335,2.77350178861679,112.286082474227,-1,-1,1
2481,1500,336,5.22013075878648,113.286082474227,-1,-1,-1
2481,1500,337,-2.85477866429839,114.286082474227,-1,-1,-1
2481,1500,338,-4.33997581908925,115.286082474227,-1,-1,-1
2481,1500,339,-5.43968993793644,116.286082474227,-1,-1,-1
2481,500,340,0.41211229470195,117.286082474227,1,-1,-1
2481,1500,341,-2.47282756075342,118.286082474227,-1,1,-1
2481,1500,342,-5.05303648782412,119.286082474227,-1,-1,1
2481,1500,343,-2.70811107285813,120.286082474227,-1,-1,-1
2481,1500,344,-0.82100058115579,121.286082474227,-1,-1,-1
2481,1500,345,-10.6077768525803,122.286082474227,-1,-1,-1
2481,500,346,-2.64490048978581,123.286082474227,1,-1,-1
2481,1500,347,-9.21956910504523,124.286082474227,-1,1,-1
2481,1500,348,-13.4354111219565,125.286082474227,-1,-1,1
2481,500,349,4.56712178823073,126.286082474227,1,-1,-1
2481,1500,350,-3.74337267676299,127.286082474227,-1,1,-1
2481,1500,351,-1.83123067120964,128.286082474227,-1,-1,1
2481,500,352,0.38879003383157,129.286082474227,1,-1,-1
2481,1500,353,-4.88102180731247,130.286082474227,-1,1,-1
2481,1500,354,-8.40042707180745,131.286082474227,-1,-1,1
2481,500,355,6.55839371696063,132.286082474227,1,-1,-1
2481,500,356,-0.965796641727943,133.286082474227,1,1,-1
2481,1500,357,-5.66130566381659,134.286082474227,-1,1,1
2481,500,358,5.62868626999501,135.286082474227,1,-1,1
2481,1500,359,0.426271297485519,136.286082474227,-1,1,-1
2481,1500,360,-6.1372453607657,137.286082474227,-1,-1,1
2481,1500,361,-17.0302116231009,138.286082474227,-1,-1,-1
2481,1500,362,-1.06081753752514,139.286082474227,-1,-1,-1
2481,500,363,-5.1784919987657,140.286082474227,1,-1,-1
2481,1500,364,-4.80875246194399,141.286082474227,-1,1,-1
2481,1500,365,-16.9649981780161,142.286082474227,-1,-1,1
2481,500,366,1.09301823164618,143.286082474227,1,-1,-1
2481,1500,367,-6.44972188388519,144.286082474227,-1,1,-1
2481,1500,368,-8.13509119499785,145.286082474227,-1,-1,1
2481,500,369,-2.81507448713752,146.286082474227,1,-1,-1
2481,500,370,3.33919631019465,147.286082474227,1,1,-1
2481,500,371,0.58200115823898,148.286082474227,1,1,1
2481,500,372,3.00988150216322,149.286082474227,1,1,1
2481,500,373,4.97426050960797,150.286082474227,1,1,1
2481,1500,374,4.30118140565683,151.286082474227,-1,1,1
2481,500,375,-3.87352280144462,152.286082474227,1,-1,1
2481,1500,376,4.16854372082645,153.286082474227,-1,1,-1
2481,1500,377,-3.98886275847912,154.286082474227,-1,-1,1
2481,500,378,2.78681811170808,155.286082474227,1,-1,-1
2481,1500,379,0.935728486982799,156.286082474227,-1,1,-1
2481,500,380,6.505160114713,157.286082474227,1,-1,1
2481,500,381,4.63111862505673,158.286082474227,1,1,-1
2481,1500,382,2.59241155302815,159.286082474227,-1,1,1
2481,500,383,6.63540092006382,160.286082474227,1,-1,1
2481,500,384,7.28840221548976,161.286082474227,1,1,-1
2481,500,385,7.6847936650126,162.286082474227,1,1,1
2481,1500,386,5.37419631102507,163.286082474227,-1,1,1
2481,500,387,4.60029405978199,164.286082474227,1,-1,1
2481,500,388,4.24222441895248,165.286082474227,1,1,-1
2481,1500,389,1.37186586547699,166.286082474227,-1,1,1
2481,500,390,6.27383558556765,167.286082474227,1,-1,1
2481,1500,391,0.897785801627759,168.286082474227,-1,1,-1
2481,1500,392,-4.66546819692501,169.286082474227,-1,-1,1
2481,500,393,1.52234709520231,170.286082474227,1,-1,-1
2481,500,394,8.67289265805219,171.286082474227,1,1,-1
2481,1500,395,5.95178724787562,172.286082474227,-1,1,1
2481,500,396,7.98191796604987,173.286082474227,1,-1,1
2481,500,397,14.435469479593,174.286082474227,1,1,-1
2481,500,398,10.5302193775937,175.286082474227,1,1,1
2481,1500,399,5.13183192364489,176.286082474227,-1,1,1
2481,500,400,9.69012094626529,177.286082474227,1,-1,1
2481,1500,401,1.64179080267596,178.286082474227,-1,1,-1
2481,500,402,1.81245150754788,179.286082474227,1,-1,1
2481,1500,403,-0.821765136664365,180.286082474227,-1,1,-1
2481,1500,404,-2.06461515185314,181.286082474227,-1,-1,1
2481,1500,405,-1.5205816850464,182.286082474227,-1,-1,-1
2481,1500,406,-5.54531168004723,183.286082474227,-1,-1,-1
2481,500,407,0.0352678153663903,184.286082474227,1,-1,-1
2481,500,408,7.51627246568081,185.286082474227,1,1,-1
2481,500,409,11.1101971092038,186.286082474227,1,1,1
2481,1500,410,4.19814324569799,187.286082474227,-1,1,1
2481,1500,411,2.77579180709123,188.286082474227,-1,-1,1
2481,1500,412,-3.0528870480637,189.286082474227,-1,-1,-1
2481,1500,413,-1.33678178504169,190.286082474227,-1,-1,-1
2481,500,414,7.73990553607165,191.286082474227,1,-1,-1
2481,1500,415,1.92419951927828,192.286082474227,-1,1,-1
2481,500,416,8.36213025272227,193.286082474227,1,-1,1
2481,500,417,13.8591769505728,194.286082474227,1,1,-1
2481,500,418,13.607037727462,195.286082474227,1,1,1
2481,500,419,9.17403452042309,196.286082474227,1,1,1
2481,1500,420,4.23928236946365,197.286082474227,-1,1,1
2488,1500,23,0.217135047642908,-198.240932642487,-1,1,1
2488,500,24,3.05405774561464,-197.240932642487,1,-1,1
2488,500,25,5.45875789859164,-196.240932642487,1,1,-1
2488,500,26,-10.6990261919635,-195.240932642487,1,1,1
2488,500,27,8.74289260090963,-194.240932642487,1,1,1
2488,1500,28,6.11246978969101,-193.240932642487,-1,1,1
2488,500,29,10.8289480787248,-192.240932642487,1,-1,1
2488,500,30,10.6124268361247,-191.240932642487,1,1,-1
2488,1500,31,7.10030753288055,-190.240932642487,-1,1,1
2488,500,32,3.41860791663693,-189.240932642487,1,-1,1
2488,500,33,8.25747287347179,-188.240932642487,1,1,-1
2488,1500,34,5.82702975996517,-187.240932642487,-1,1,1
2488,500,35,7.47351239616825,-186.240932642487,1,-1,1
2488,1500,36,0.533589081847818,-185.240932642487,-1,1,-1
2488,1500,37,-1.50258387650445,-184.240932642487,-1,-1,1
2488,500,38,0.28642002704013,-183.240932642487,1,-1,-1
2488,1500,39,3.20381828800105,-182.240932642487,-1,1,-1
2488,1500,40,2.50185494825938,-181.240932642487,-1,-1,1
2488,500,41,0.315157581912491,-180.240932642487,1,-1,-1
2488,1500,42,5.30731860771953,-179.240932642487,-1,1,-1
2488,500,43,0.0136985166066453,-178.240932642487,1,-1,1
2488,500,44,6.94344051535051,-177.240932642487,1,1,-1
2488,500,45,11.4842619759759,-176.240932642487,1,1,1
2488,1500,46,6.67964118069349,-175.240932642487,-1,1,1
2488,500,47,9.49012285585036,-174.240932642487,1,-1,1
2488,500,48,8.430136018852,-173.240932642487,1,1,-1
2488,1500,49,-3.22108820409449,-172.240932642487,-1,1,1
2488,1500,50,1.50771209717029,-171.240932642487,-1,-1,1
2488,500,51,2.34601805308263,-170.240932642487,1,-1,-1
2488,500,52,3.9374210210075,-169.240932642487,1,1,-1
2488,1500,53,6.65117383081068,-168.240932642487,-1,1,1
2488,1500,54,5.72915834697056,-167.240932642487,-1,-1,1
2488,500,55,8.8435282162557,-166.240932642487,1,-1,-1
2488,1500,56,9.2691684912097,-165.240932642487,-1,1,-1
2488,500,57,4.9246712935097,-164.240932642487,1,-1,1
2488,1500,58,5.32262815247878,-163.240932642487,-1,1,-1
2488,1500,59,0.453340912426738,-162.240932642487,-1,-1,1
2488,500,60,0.19167086820176,-161.240932642487,1,-1,-1
2488,1500,61,-1.04135218026385,-160.240932642487,-1,1,-1
2488,500,62,4.00471370139255,-159.240932642487,1,-1,1
2488,500,63,1.32681660969365,-158.240932642487,1,1,-1
2488,500,64,7.51060242108237,-157.240932642487,1,1,1
2488,1500,66,3.25736178989648,-155.240932642487,-1,-1,1
2488,1500,67,-1.03005284228443,-154.240932642487,-1,-1,-1
2488,500,68,0.0103979223607193,-153.240932642487,1,-1,-1
2488,1500,69,7.96325398814041,-152.240932642487,-1,1,-1
2488,1500,70,-1.83726643106911,-151.240932642487,-1,-1,1
2488,500,71,7.88779058597153,-150.240932642487,1,-1,-1
2488,1500,72,13.9415470348949,-149.240932642487,-1,1,-1
2488,500,73,15.5956667898873,-148.240932642487,1,-1,1
2488,1500,74,19.2338858988218,-147.240932642487,-1,1,-1
2488,1500,75,-2.68519041788376,-146.240932642487,-1,-1,1
2488,1500,76,2.65233685913206,-145.240932642487,-1,-1,-1
2488,500,77,2.43313545158478,-144.240932642487,1,-1,-1
2488,500,78,7.24209705788124,-143.240932642487,1,1,-1
2488,500,79,7.4792427010631,-142.240932642487,1,1,1
2488,500,80,5.7040431609934,-141.240932642487,1,1,1
2488,500,81,9.19991756987814,-140.240932642487,1,1,1
2488,1500,82,8.14628658125337,-139.240932642487,-1,1,1
2488,500,83,2.51046552728526,-138.240932642487,1,-1,1
2488,500,84,2.49683449073959,-137.240932642487,1,1,-1
2488,1500,85,-4.41893209461988,-136.240932642487,-1,1,1
2488,1500,86,10.0510583570293,-135.240932642487,-1,-1,1
2488,500,87,14.9791206033512,-134.240932642487,1,-1,-1
2488,500,88,6.75386961591395,-133.240932642487,1,1,-1
2488,1500,89,13.1941066371733,-132.240932642487,-1,1,1
2488,500,90,6.11193973927692,-131.240932642487,1,-1,1
2488,500,91,0.851044906688815,-130.240932642487,1,1,-1
2488,500,92,8.64596172705766,-129.240932642487,1,1,1
2488,1500,93,0.464737552943148,-128.240932642487,-1,1,1
2488,1500,94,9.7668138758385,-127.240932642487,-1,-1,1
2488,1500,95,14.3948289009556,-126.240932642487,-1,-1,-1
2488,500,96,13.7134480718598,-125.240932642487,1,-1,-1
2488,500,97,9.09016539817767,-124.240932642487,1,1,-1
2488,1500,98,5.54720891446124,-123.240932642487,-1,1,1
2488,500,99,4.87149063200287,-122.240932642487,1,-1,1
2488,500,100,4.70119924740802,-121.240932642487,1,1,-1
2488,1500,101,2.14920718501884,-120.240932642487,-1,1,1
2488,500,102,0.54395886547533,-119.240932642487,1,-1,1
2488,1500,103,2.54843638410268,-118.240932642487,-1,1,-1
2488,500,104,5.98945634073452,-117.240932642487,1,-1,1
2488,1500,105,13.7766252048145,-116.240932642487,-1,1,-1
2488,500,106,9.05619593622053,-115.240932642487,1,-1,1
2488,1500,107,0.440327176666698,-114.240932642487,-1,1,-1
2488,1500,108,5.12502761151471,-113.240932642487,-1,-1,1
2488,500,109,8.70820893835768,-112.240932642487,1,-1,-1
2488,1500,110,10.1913474232236,-111.240932642487,-1,1,-1
2488,500,113,16.1044169901987,-108.240932642487,1,-1,1
2488,1500,114,5.46043643694085,-107.240932642487,-1,1,-1
2488,1500,115,13.8675703314361,-106.240932642487,-1,-1,1
2488,1500,116,12.3052291113843,-105.240932642487,-1,-1,-1
2488,500,117,10.0867892799122,-104.240932642487,1,-1,-1
2488,1500,118,9.7555546523452,-103.240932642487,-1,1,-1
2488,1500,119,7.75284921493723,-102.240932642487,-1,-1,1
2488,500,120,9.68386592641624,-101.240932642487,1,-1,-1
2488,500,121,4.57060134292153,-100.240932642487,1,1,-1
2488,1500,122,3.93768134935017,-99.2409326424871,-1,1,1
2488,500,123,4.9525525965161,-98.2409326424871,1,-1,1
2488,500,124,4.91909994413618,-97.2409326424871,1,1,-1
2488,500,126,7.81841197087421,-95.2409326424871,1,-1,1
2488,500,127,16.9625364492871,-94.2409326424871,1,1,-1
2488,1500,128,3.68551011319852,-93.2409326424871,-1,1,1
2488,500,129,3.9636593814541,-92.2409326424871,1,-1,1
2488,500,130,2.53234393520986,-91.2409326424871,1,1,-1
2488,500,131,1.61624248783093,-90.2409326424871,1,1,1
2488,1500,132,-0.579483885871733,-89.2409326424871,-1,1,1
2488,1500,133,-6.93310599775014,-88.2409326424871,-1,-1,1
2488,500,134,6.56806579215079,-87.2409326424871,1,-1,-1
2488,1500,135,5.20697202760586,-86.2409326424871,-1,1,-1
2488,500,136,9.07734615201142,-85.2409326424871,1,-1,1
2488,500,137,3.89732318128891,-84.2409326424871,1,1,-1
2488,500,138,11.8919992375639,-83.2409326424871,1,1,1
2488,500,140,2.67597502431213,-81.2409326424871,1,1,1
2488,1500,141,10.4897528671296,-80.2409326424871,-1,1,1
2488,500,142,4.00956128240824,-79.2409326424871,1,-1,1
2488,500,143,3.39898263406422,-78.2409326424871,1,1,-1
2488,500,144,4.02242312734823,-77.2409326424871,1,1,1
2488,500,145,8.05969782163499,-76.2409326424871,1,1,1
2488,500,146,11.3563233185296,-75.2409326424871,1,1,1
2488,500,147,2.90733843226118,-74.2409326424871,1,1,1
2488,500,148,6.24478048602116,-73.2409326424871,1,1,1
2488,1500,149,6.13176659827398,-72.2409326424871,-1,1,1
2488,500,150,4.07731150674392,-71.2409326424871,1,-1,1
2488,1500,151,-0.0649986225436187,-70.2409326424871,-1,1,-1
2488,500,152,7.66243225919346,-69.2409326424871,1,-1,1
2488,1500,153,6.49073272888161,-68.2409326424871,-1,1,-1
2488,1500,154,-0.199445428160628,-67.2409326424871,-1,-1,1
2488,500,155,1.42199577065561,-66.2409326424871,1,-1,-1
2488,1500,156,-4.60390712813261,-65.2409326424871,-1,1,-1
2488,500,157,5.47937191402907,-64.2409326424871,1,-1,1
2488,1500,158,2.83784662904559,-63.2409326424871,-1,1,-1
2488,500,159,6.59198888687973,-62.2409326424871,1,-1,1
2488,1500,160,6.21774853074875,-61.2409326424871,-1,1,-1
2488,1500,161,10.1270114479376,-60.2409326424871,-1,-1,1
2488,500,162,11.0383920421368,-59.2409326424871,1,-1,-1
2488,500,163,6.10880208433541,-58.2409326424871,1,1,-1
2488,1500,164,11.7993395284884,-57.2409326424871,-1,1,1
2488,500,165,9.44965783032809,-56.2409326424871,1,-1,1
2488,500,166,11.4696106670806,-55.2409326424871,1,1,-1
2488,500,167,4.28615437010822,-54.2409326424871,1,1,1
2488,1500,168,1.66477431698899,-53.2409326424871,-1,1,1
2488,500,169,0.503980440417644,-52.2409326424871,1,-1,1
2488,500,170,7.52121260613744,-51.2409326424871,1,1,-1
2488,500,171,4.95617158580463,-50.2409326424871,1,1,1
2488,1500,172,3.61074283490702,-49.2409326424871,-1,1,1
2488,1500,173,1.51195178735981,-48.2409326424871,-1,-1,1
2488,1500,174,-1.18156861063922,-47.2409326424871,-1,-1,-1
2488,500,175,-0.532845979411941,-46.2409326424871,1,-1,-1
2488,1500,176,-1.38152728900433,-45.2409326424871,-1,1,-1
2488,500,177,4.43907628893216,-44.2409326424871,1,-1,1
2488,1500,178,2.289971878482,-43.2409326424871,-1,1,-1
2488,500,179,9.51824504874348,-42.2409326424871,1,-1,1
2488,500,180,3.31435714053696,-41.2409326424871,1,1,-1
2488,500,181,8.61480065471751,-40.2409326424871,1,1,1
2488,1500,182,0.390851974761748,-39.2409326424871,-1,1,1
2488,1500,183,2.62455848176371,-38.2409326424871,-1,-1,1
2488,1500,184,5.43351897277849,-37.2409326424871,-1,-1,-1
2488,500,185,10.3778800301793,-36.2409326424871,1,-1,-1
2488,1500,186,16.1267608970075,-35.2409326424871,-1,1,-1
2488,1500,187,5.95334040156255,-34.2409326424871,-1,-1,1
2488,1500,188,9.3388206199063,-33.2409326424871,-1,-1,-1
2488,1500,189,7.21480631164757,-32.2409326424871,-1,-1,-1
2488,500,190,7.3778533944453,-31.2409326424871,1,-1,-1
2488,1500,191,13.3908848788489,-30.2409326424871,-1,1,-1
2488,1500,192,8.19024839461306,-29.2409326424871,-1,-1,1
2488,1500,193,10.0231242907393,-28.2409326424871,-1,-1,-1
2488,1500,194,8.31524225069581,-27.2409326424871,-1,-1,-1
2488,1500,195,4.48115122334326,-26.2409326424871,-1,-1,-1
2488,500,196,7.51319124869308,-25.2409326424871,1,-1,-1
2488,500,197,6.86098226226324,-24.2409326424871,1,1,-1
2488,500,198,7.32346758719904,-23.2409326424871,1,1,1
2488,500,199,10.7121727146286,-22.2409326424871,1,1,1
2488,1500,200,10.954438977638,-21.2409326424871,-1,1,1
2488,1500,201,6.41668110470003,-20.2409326424871,-1,-1,1
2488,500,202,3.38393465561621,-19.2409326424871,1,-1,-1
2488,500,203,4.07016438808995,-18.2409326424871,1,1,-1
2488,1500,204,20.2726270302468,-17.2409326424871,-1,1,1
2488,500,205,13.1811068282077,-16.2409326424871,1,-1,1
2488,500,206,14.6774015152604,-15.2409326424871,1,1,-1
2488,500,207,21.557765011297,-14.2409326424871,1,1,1
2488,500,208,26.4075528692782,-13.2409326424871,1,1,1
2488,1500,209,15.8046014681643,-12.2409326424871,-1,1,1
2488,1500,210,22.3573739803747,-11.2409326424871,-1,-1,1
2488,500,211,9.5978091699592,-10.2409326424871,1,-1,-1
2488,1500,212,4.546033626732,-9.24093264248705,-1,1,-1
2488,500,213,5.50707128508559,-8.24093264248705,1,-1,1
2488,1500,214,5.71158845105163,-7.24093264248705,-1,1,-1
2488,1500,215,9.9344533180662,-6.24093264248705,-1,-1,1
2488,1500,216,2.70763428053148,-5.24093264248705,-1,-1,-1
2488,1500,217,7.44049542976952,-4.24093264248705,-1,-1,-1
2488,500,218,6.65726305032939,-3.24093264248705,1,-1,-1
2488,1500,219,8.87092449545037,-2.24093264248705,-1,1,-1
2488,500,220,4.22650002057208,-1.24093264248705,1,-1,1
2488,500,221,9.36830098297935,-0.240932642487053,1,1,-1
2488,1500,222,8.3001088191563,0.759067357512947,-1,1,1
2488,500,223,7.85019087209899,1.75906735751295,1,-1,1
2488,1500,224,2.02559010288458,2.75906735751295,-1,1,-1
2488,1500,225,7.45890033877754,3.75906735751295,-1,-1,1
2488,1500,226,1.31789070286643,4.75906735751295,-1,-1,-1
2488,500,227,7.39715553870461,5.75906735751295,1,-1,-1
2488,500,228,8.4742955543751,6.75906735751295,1,1,-1
2488,1500,229,9.8536190069685,7.75906735751295,-1,1,1
2488,500,230,6.1758543733094,8.75906735751295,1,-1,1
2488,1500,231,6.65311659839663,9.75906735751295,-1,1,-1
2488,500,232,10.0723689941418,10.7590673575129,1,-1,1
2488,1500,234,9.8920761249314,12.7590673575129,-1,-1,1
2488,1500,235,12.5840051969528,13.7590673575129,-1,-1,-1
2488,1500,236,3.72121179383271,14.7590673575129,-1,-1,-1
2488,1500,237,6.36213869188552,15.7590673575129,-1,-1,-1
2488,500,238,7.39462178451427,16.7590673575129,1,-1,-1
2488,1500,239,5.56958642990382,17.7590673575129,-1,1,-1
2488,1500,240,7.3415261066479,18.7590673575129,-1,-1,1
2488,1500,241,3.7223374816071,19.7590673575129,-1,-1,-1
2488,500,242,5.34158149960239,20.7590673575129,1,-1,-1
2488,500,243,7.76743605330275,21.7590673575129,1,1,-1
2488,1500,244,6.17620922601034,22.7590673575129,-1,1,1
2488,1500,245,3.65789429223404,23.7590673575129,-1,-1,1
2488,500,246,2.27941788909416,24.7590673575129,1,-1,-1
2488,500,247,5.15387497226074,25.7590673575129,1,1,-1
2488,500,248,4.77978639557075,26.7590673575129,1,1,1
2488,1500,249,3.98678523632452,27.7590673575129,-1,1,1
2488,500,250,8.41508410144767,28.7590673575129,1,-1,1
2488,1500,251,0.539291187234718,29.7590673575129,-1,1,-1
2488,500,252,8.74690772459577,30.7590673575129,1,-1,1
2488,500,253,16.1929781594957,31.7590673575129,1,1,-1
2488,1500,254,2.09144635165265,32.7590673575129,-1,1,1
2488,1500,256,6.24941206648167,34.7590673575129,-1,-1,-1
2488,1500,257,3.63800178784211,35.7590673575129,-1,-1,-1
2488,500,258,1.38788104230352,36.7590673575129,1,-1,-1
2488,1500,259,5.23189182453204,37.7590673575129,-1,1,-1
2488,500,260,9.89376719654775,38.7590673575129,1,-1,1
2488,1500,261,6.53956245964399,39.7590673575129,-1,1,-1
2488,1500,262,7.2007097004047,40.7590673575129,-1,-1,1
2488,1500,263,5.57705800405409,41.7590673575129,-1,-1,-1
2488,500,264,4.81678587587727,42.7590673575129,1,-1,-1
2488,1500,265,8.59856682639126,43.7590673575129,-1,1,-1
2488,500,266,4.47044733534332,44.7590673575129,1,-1,1
2488,1500,267,1.46068920383032,45.7590673575129,-1,1,-1
2488,1500,268,0.421674459799228,46.7590673575129,-1,-1,1
2488,1500,269,2.4931651758449,47.7590673575129,-1,-1,-1
2488,1500,270,3.832163462965,48.7590673575129,-1,-1,-1
2488,500,271,0.396660718666199,49.7590673575129,1,-1,-1
2488,1500,272,-2.4589299148185,50.7590673575129,-1,1,-1
2488,500,273,-2.66464764622868,51.7590673575129,1,-1,1
2488,1500,274,-4.55623856265086,52.7590673575129,-1,1,-1
2488,500,275,8.61111980225278,53.7590673575129,1,-1,1
2488,1500,276,-1.0541055382337,54.7590673575129,-1,1,-1
2488,500,277,2.2455071530068,55.7590673575129,1,-1,1
2488,1500,278,4.93517927263373,56.7590673575129,-1,1,-1
2488,1500,279,1.28647459654909,57.7590673575129,-1,-1,1
2488,1500,280,2.30187856229454,58.7590673575129,-1,-1,-1
2488,500,281,2.31805704817653,59.7590673575129,1,-1,-1
2488,500,282,5.60021441444713,60.7590673575129,1,1,-1
2488,1500,283,4.15944007918545,61.7590673575129,-1,1,1
2488,500,284,4.52541992021834,62.7590673575129,1,-1,1
2488,1500,285,-1.92122586877718,63.7590673575129,-1,1,-1
2488,1500,286,2.53439165524926,64.7590673575129,-1,-1,1
2488,500,287,15.1893545539068,65.7590673575129,1,-1,-1
2488,1500,288,2.93023353675016,66.7590673575129,-1,1,-1
2488,1500,289,7.69690634520047,67.7590673575129,-1,-1,1
2488,500,290,14.3508885351628,68.7590673575129,1,-1,-1
2488,500,291,7.72378327627173,69.7590673575129,1,1,-1
2488,1500,292,4.61485613007826,70.7590673575129,-1,1,1
2488,500,293,12.2490739978404,71.7590673575129,1,-1,1
2488,500,294,8.6453938651843,72.7590673575129,1,1,-1
2488,500,295,13.326983580992,73.7590673575129,1,1,1
2488,1500,296,7.3680070020878,74.7590673575129,-1,1,1
2488,500,297,8.33786582128611,75.7590673575129,1,-1,1
2488,1500,298,4.66941721733165,76.7590673575129,-1,1,-1
2488,500,299,8.96736705218669,77.7590673575129,1,-1,1
2488,1500,300,-3.42159144555398,78.7590673575129,-1,1,-1
2488,500,301,2.19684862282158,79.7590673575129,1,-1,1
2488,500,302,-4.23779941597738,80.7590673575129,1,1,-1
2488,500,303,8.41607341859606,81.7590673575129,1,1,1
2488,1500,304,19.3542181630258,82.7590673575129,-1,1,1
2488,500,305,9.89347360485872,83.7590673575129,1,-1,1
2488,1500,306,8.0987275275162,84.7590673575129,-1,1,-1
2488,1500,307,0.407892146910058,85.7590673575129,-1,-1,1
2488,500,309,5.07469766242711,87.7590673575129,1,-1,-1
2488,500,310,3.26894050630388,88.7590673575129,1,1,-1
2488,500,311,5.68803150654911,89.7590673575129,1,1,1
2488,500,312,7.52315249778209,90.7590673575129,1,1,1
2488,500,313,11.2660975979081,91.7590673575129,1,1,1
2488,500,314,4.36118201973651,92.7590673575129,1,1,1
2488,500,315,14.6300687641612,93.7590673575129,1,1,1
2488,500,316,10.7090295964617,94.7590673575129,1,1,1
2488,1500,318,6.4439014504708,96.7590673575129,-1,-1,1
2488,500,319,-0.0840934811658376,97.7590673575129,1,-1,-1
2488,1500,320,4.55759773530446,98.7590673575129,-1,1,-1
2488,500,321,6.69507468424861,99.7590673575129,1,-1,1
2488,500,322,6.22407210684403,100.759067357513,1,1,-1
2488,1500,323,-0.535286772640752,101.759067357513,-1,1,1
2488,1500,324,-6.84240332897051,102.759067357513,-1,-1,1
2488,1500,325,2.09804865728655,103.759067357513,-1,-1,-1
2488,1500,326,1.27444959333617,104.759067357513,-1,-1,-1
2488,500,327,4.38948978561535,105.759067357513,1,-1,-1
2488,1500,329,0.244181294012668,107.759067357513,-1,-1,1
2488,500,330,2.36553217819319,108.759067357513,1,-1,-1
2488,500,331,4.52884239219117,109.759067357513,1,1,-1
2488,1500,332,4.04187391062874,110.759067357513,-1,1,1
2488,500,333,4.18781838597636,111.759067357513,1,-1,1
2488,500,334,1.97380515367151,112.759067357513,1,1,-1
2488,1500,335,4.81648527800224,113.759067357513,-1,1,1
2488,1500,336,0.479757217168578,114.759067357513,-1,-1,1
2488,500,337,1.87458193342736,115.759067357513,1,-1,-1
2488,500,338,10.363875437738,116.759067357513,1,1,-1
2488,1500,339,7.4439952481857,117.759067357513,-1,1,1
2488,1500,340,0.414276529383158,118.759067357513,-1,-1,1
2488,1500,341,-2.85550493727881,119.759067357513,-1,-1,-1
2488,1500,342,4.2258286322625,120.759067357513,-1,-1,-1
2488,500,343,9.02702824668779,121.759067357513,1,-1,-1
2488,500,344,15.1396454063182,122.759067357513,1,1,-1
2488,500,345,11.6179619269366,123.759067357513,1,1,1
2488,1500,346,3.12514421049297,124.759067357513,-1,1,1
2488,1500,347,3.99224229418789,125.759067357513,-1,-1,1
2488,500,348,6.69480742602705,126.759067357513,1,-1,-1
2488,500,349,8.27999413552651,127.759067357513,1,1,-1
2488,1500,350,8.26306487675013,128.759067357513,-1,1,1
2488,500,351,6.38689999605379,129.759067357513,1,-1,1
2488,500,352,10.9021324539503,130.759067357513,1,1,-1
2488,500,353,9.15897510686362,131.759067357513,1,1,1
2488,1500,354,7.93800269049894,132.759067357513,-1,1,1
2488,500,355,2.09941028173764,133.759067357513,1,-1,1
2488,500,356,3.10103927114124,134.759067357513,1,1,-1
2488,1500,357,1.17503750580761,135.759067357513,-1,1,1
2488,1500,358,3.54115581864851,136.759067357513,-1,-1,1
2488,500,359,8.16190263174777,137.759067357513,1,-1,-1
2488,500,360,6.02452279625751,138.759067357513,1,1,-1
2488,1500,361,4.06260733451925,139.759067357513,-1,1,1
2488,1500,362,5.10490740867026,140.759067357513,-1,-1,1
2488,1500,363,7.74667359709676,141.759067357513,-1,-1,-1
2488,500,364,10.1280495390162,142.759067357513,1,-1,-1
2488,1500,365,3.61987007583035,143.759067357513,-1,1,-1
2488,1500,366,3.17910081570847,144.759067357513,-1,-1,1
2488,500,367,8.36002619356092,145.759067357513,1,-1,-1
2488,1500,368,4.91960198174337,146.759067357513,-1,1,-1
2488,1500,369,10.2809178417754,147.759067357513,-1,-1,1
2488,1500,370,3.6051450506413,148.759067357513,-1,-1,-1
2488,1500,371,3.38995391312528,149.759067357513,-1,-1,-1
2488,1500,372,1.58815542552123,150.759067357513,-1,-1,-1
2488,1500,373,-1.32731772956041,151.759067357513,-1,-1,-1
2488,500,374,1.42388029374477,152.759067357513,1,-1,-1
2488,500,375,14.6376514317619,153.759067357513,1,1,-1
2488,500,377,7.29157399875487,155.759067357513,1,-1,1
2488,500,378,16.473701440273,156.759067357513,1,1,-1
2488,1500,379,8.4075557032976,157.759067357513,-1,1,1
2488,500,380,11.2293505998339,158.759067357513,1,-1,1
2488,1500,381,3.52518304222423,159.759067357513,-1,1,-1
2488,1500,382,3.42906750677131,160.759067357513,-1,-1,1
2488,1500,383,4.59277854495213,161.759067357513,-1,-1,-1
2488,500,384,14.2568916131022,162.759067357513,1,-1,-1
2488,1500,385,-1.4047993857644,163.759067357513,-1,1,-1
2488,500,386,6.08877807036326,164.759067357513,1,-1,1
2488,1500,387,4.00686248664712,165.759067357513,-1,1,-1
2488,500,388,3.859259127162,166.759067357513,1,-1,1
2488,500,390,10.1945827422488,168.759067357513,1,1,1
2488,500,391,10.9843976565286,169.759067357513,1,1,1
2488,500,392,1.02970406383998,170.759067357513,1,1,1
2488,500,393,7.36821941309116,171.759067357513,1,1,1
2488,1500,394,1.22889494931383,172.759067357513,-1,1,1
2488,500,395,5.68177868331333,173.759067357513,1,-1,1
2488,1500,396,8.1558313811887,174.759067357513,-1,1,-1
2488,1500,397,-0.0143924616560986,175.759067357513,-1,-1,1
2488,1500,398,1.20455125209034,176.759067357513,-1,-1,-1
2488,1500,399,6.92613457186944,177.759067357513,-1,-1,-1
2488,500,400,4.35550738492249,178.759067357513,1,-1,-1
2488,1500,401,2.53647482847612,179.759067357513,-1,1,-1
2488,1500,402,2.12768840121144,180.759067357513,-1,-1,1
2488,1500,403,-1.72268701333768,181.759067357513,-1,-1,-1
2488,1500,404,-2.76788186246205,182.759067357513,-1,-1,-1
2488,1500,405,0.0592724524904094,183.759067357513,-1,-1,-1
2488,1500,406,-2.53709587647116,184.759067357513,-1,-1,-1
2488,1500,407,2.33908644196134,185.759067357513,-1,-1,-1
2488,500,408,-2.43906343766365,186.759067357513,1,-1,-1
2488,500,409,0.577542456867711,187.759067357513,1,1,-1
2488,500,410,7.4996254251386,188.759067357513,1,1,1
2488,500,411,4.42747974632587,189.759067357513,1,1,1
2488,1500,412,5.35143573342749,190.759067357513,-1,1,1
2488,1500,413,3.12590844535894,191.759067357513,-1,-1,1
2488,1500,414,3.01003408182361,192.759067357513,-1,-1,-1
2488,1500,415,8.63017501706851,193.759067357513,-1,-1,-1
2488,1500,416,0.970238798961158,194.759067357513,-1,-1,-1
2488,500,417,1.90504090183352,195.759067357513,1,-1,-1
2488,1500,418,-1.87571985518123,196.759067357513,-1,1,-1
2488,500,419,0.857820978525967,197.759067357513,1,-1,1
2488,500,420,6.5308749657054,198.759067357513,1,1,-1
2489,500,23,0.502472674700934,-198.230964467005,1,-1,-1
2489,1500,24,6.83598080902749,-197.230964467005,-1,1,-1
2489,500,25,-3.19107381913263,-196.230964467005,1,-1,1
2489,1500,26,0.227778028528314,-195.230964467005,-1,1,-1
2489,1500,27,-4.15245566727974,-194.230964467005,-1,-1,1
2489,500,28,-3.3559473518709,-193.230964467005,1,-1,-1
2489,500,29,-0.953435125608031,-192.230964467005,1,1,-1
2489,500,30,7.62086088799203,-191.230964467005,1,1,1
2489,500,31,2.32583089062246,-190.230964467005,1,1,1
2489,500,32,5.18690548165923,-189.230964467005,1,1,1
2489,1500,33,6.40339433733339,-188.230964467005,-1,1,1
2489,1500,34,4.11892255354156,-187.230964467005,-1,-1,1
2489,500,35,-1.60955591637065,-186.230964467005,1,-1,-1
2489,1500,36,2.43562649592528,-185.230964467005,-1,1,-1
2489,1500,37,3.41560774838493,-184.230964467005,-1,-1,1
2489,500,38,6.18737122002818,-183.230964467005,1,-1,-1
2489,500,39,10.8628415471685,-182.230964467005,1,1,-1
2489,1500,40,9.10804505482238,-181.230964467005,-1,1,1
2489,500,41,9.41369423230173,-180.230964467005,1,-1,1
2489,500,42,15.8445905608267,-179.230964467005,1,1,-1
2489,500,43,17.8024279035128,-178.230964467005,1,1,1
2489,500,44,16.5214375167396,-177.230964467005,1,1,1
2489,1500,45,8.26997512242579,-176.230964467005,-1,1,1
2489,500,46,10.4929380158513,-175.230964467005,1,-1,1
2489,500,47,9.88639880299663,-174.230964467005,1,1,-1
2489,1500,48,1.44044436280103,-173.230964467005,-1,1,1
2489,500,49,4.15568696202981,-172.230964467005,1,-1,1
2489,1500,50,3.94307573399964,-171.230964467005,-1,1,-1
2489,500,51,6.49266190632957,-170.230964467005,1,-1,1
2489,1500,52,10.6046976494648,-169.230964467005,-1,1,-1
2489,500,53,13.4179901443368,-168.230964467005,1,-1,1
2489,1500,54,13.8092938531039,-167.230964467005,-1,1,-1
2489,500,55,16.1216442136734,-166.230964467005,1,-1,1
2489,500,56,18.2047271314983,-165.230964467005,1,1,-1
2489,1500,57,14.3930639874467,-164.230964467005,-1,1,1
2489,1500,58,17.5796576339055,-163.230964467005,-1,-1,1
2489,1500,59,11.0423527241772,-162.230964467005,-1,-1,-1
2489,1500,60,7.4061467602473,-161.230964467005,-1,-1,-1
2489,500,61,15.6958858134391,-160.230964467005,1,-1,-1
2489,500,62,14.6724819657392,-159.230964467005,1,1,-1
2489,1500,63,24.4877549449523,-158.230964467005,-1,1,1
2489,1500,64,17.9739786492621,-157.230964467005,-1,-1,1
2489,1500,65,10.6305209319468,-156.230964467005,-1,-1,-1
2489,500,66,12.1043550353644,-155.230964467005,1,-1,-1
2489,1500,67,11.5329818824103,-154.230964467005,-1,1,-1
2489,1500,68,10.9007127303534,-153.230964467005,-1,-1,1
2489,1500,69,7.01699756608635,-152.230964467005,-1,-1,-1
2489,500,70,14.3836675829709,-151.230964467005,1,-1,-1
2489,500,71,18.8828472835899,-150.230964467005,1,1,-1
2489,1500,72,11.2915862074419,-149.230964467005,-1,1,1
2489,1500,73,15.6794160103714,-148.230964467005,-1,-1,1
2489,1500,74,4.3298259834049,-147.230964467005,-1,-1,-1
2489,1500,75,2.96786123293063,-146.230964467005,-1,-1,-1
2489,1500,76,-3.06308441759316,-145.230964467005,-1,-1,-1
2489,1500,77,-4.51080294766093,-144.230964467005,-1,-1,-1
2489,1500,78,1.21565377124183,-143.230964467005,-1,-1,-1
2489,1500,79,4.77876930490767,-142.230964467005,-1,-1,-1
2489,500,80,5.260413688741,-141.230964467005,1,-1,-1
2489,500,81,16.9041112206711,-140.230964467005,1,1,-1
2489,500,82,5.70413303242588,-139.230964467005,1,1,1
2489,1500,83,11.0305272009878,-138.230964467005,-1,1,1
2489,1500,84,2.14227131952002,-137.230964467005,-1,-1,1
2489,500,85,3.73162965344668,-136.230964467005,1,-1,-1
2489,1500,86,2.62669794493291,-135.230964467005,-1,1,-1
2489,1500,87,-0.292898534644966,-134.230964467005,-1,-1,1
2489,500,88,2.77873202439961,-133.230964467005,1,-1,-1
2489,500,89,11.5942586717095,-132.230964467005,1,1,-1
2489,500,90,12.8421358151204,-131.230964467005,1,1,1
2489,1500,91,7.31207581117482,-130.230964467005,-1,1,1
2489,1500,92,-3.94163160085662,-129.230964467005,-1,-1,1
2489,500,93,0.960607302596695,-128.230964467005,1,-1,-1
2489,500,95,2.27438491068121,-126.230964467005,1,-1,1
2489,500,96,6.63531995762822,-125.230964467005,1,1,-1
2489,500,97,8.99937533772612,-124.230964467005,1,1,1
2489,1500,98,8.25636097639106,-123.230964467005,-1,1,1
2489,1500,99,5.19503989942859,-122.230964467005,-1,-1,1
2489,500,100,9.51801620142163,-121.230964467005,1,-1,-1
2489,1500,101,7.39324669738004,-120.230964467005,-1,1,-1
2489,1500,102,5.82011918684348,-119.230964467005,-1,-1,1
2489,1500,103,1.08668683455161,-118.230964467005,-1,-1,-1
2489,500,104,2.4469641405984,-117.230964467005,1,-1,-1
2489,1500,105,0.773149575351114,-116.230964467005,-1,1,-1
2489,500,106,10.3047198206446,-115.230964467005,1,-1,1
2489,1500,107,4.96002583157381,-114.230964467005,-1,1,-1
2489,500,108,2.36323528810153,-113.230964467005,1,-1,1
2489,1500,109,0.722908237497424,-112.230964467005,-1,1,-1
2489,500,110,-3.00940230349194,-111.230964467005,1,-1,1
2489,500,111,5.2567952853227,-110.230964467005,1,1,-1
2489,1500,112,8.89843299962038,-109.230964467005,-1,1,1
2489,500,113,-2.18695242693542,-108.230964467005,1,-1,1
2489,1500,114,11.5265967104942,-107.230964467005,-1,1,-1
2489,1500,115,7.19655926092657,-106.230964467005,-1,-1,1
2489,1500,116,2.18470636497893,-105.230964467005,-1,-1,-1
2489,500,117,6.78246813580479,-104.230964467005,1,-1,-1
2489,500,118,17.0246319296607,-103.230964467005,1,1,-1
2489,500,119,14.9644545123708,-102.230964467005,1,1,1
2489,500,120,16.477928979741,-101.230964467005,1,1,1
2489,500,121,11.2216618513419,-100.230964467005,1,1,1
2489,500,122,10.3507684018657,-99.2309644670051,1,1,1
2489,1500,123,5.74368555545542,-98.2309644670051,-1,1,1
2489,1500,124,6.3865342405226,-97.2309644670051,-1,-1,1
2489,1500,125,1.30933050793008,-96.2309644670051,-1,-1,-1
2489,500,126,2.09564346497891,-95.2309644670051,1,-1,-1
2489,1500,127,3.59664725217787,-94.2309644670051,-1,1,-1
2489,1500,128,-0.999703945660178,-93.2309644670051,-1,-1,1
2489,500,129,3.86875434643797,-92.2309644670051,1,-1,-1
2489,1500,130,9.60877226011348,-91.2309644670051,-1,1,-1
2489,1500,131,9.21494882921228,-90.2309644670051,-1,-1,1
2489,500,132,1.49392294953268,-89.2309644670051,1,-1,-1
2489,1500,133,3.62506366365182,-88.2309644670051,-1,1,-1
2489,500,134,7.94998924698525,-87.2309644670051,1,-1,1
2489,500,135,14.7904382222101,-86.2309644670051,1,1,-1
2489,1500,136,6.46223016151317,-85.2309644670051,-1,1,1
2489,1500,137,7.67055198419613,-84.2309644670051,-1,-1,1
2489,500,138,3.85101138548789,-83.2309644670051,1,-1,-1
2489,1500,139,4.15585089463098,-82.2309644670051,-1,1,-1
2489,1500,140,5.88926675697384,-81.2309644670051,-1,-1,1
2489,500,141,1.68886582188518,-80.2309644670051,1,-1,-1
2489,1500,142,4.25946917209453,-79.2309644670051,-1,1,-1
2489,1500,143,1.53827139103919,-78.2309644670051,-1,-1,1
2489,1500,144,-0.680852378984826,-77.2309644670051,-1,-1,-1
2489,500,145,7.40669884492472,-76.2309644670051,1,-1,-1
2489,1500,146,3.12991957091081,-75.2309644670051,-1,1,-1
2489,500,147,6.84107153144039,-74.2309644670051,1,-1,1
2489,500,148,11.6199197036222,-73.2309644670051,1,1,-1
2489,1500,149,10.6187848238195,-72.2309644670051,-1,1,1
2489,1500,150,8.46844818330888,-71.2309644670051,-1,-1,1
2489,500,151,2.61855734511973,-70.2309644670051,1,-1,-1
2489,500,152,4.76810007003296,-69.2309644670051,1,1,-1
2489,500,153,5.80071028864106,-68.2309644670051,1,1,1
2489,1500,154,7.4297126774078,-67.2309644670051,-1,1,1
2489,500,155,6.52200853442964,-66.2309644670051,1,-1,1
2489,1500,156,6.18616148855242,-65.2309644670051,-1,1,-1
2489,1500,157,3.97838337418381,-64.2309644670051,-1,-1,1
2489,500,158,1.48972005902243,-63.2309644670051,1,-1,-1
2489,500,159,14.2954350655867,-62.2309644670051,1,1,-1
2489,1500,160,17.4299170378403,-61.2309644670051,-1,1,1
2489,1500,161,8.07054478264263,-60.2309644670051,-1,-1,1
2489,500,162,4.70455994253058,-59.2309644670051,1,-1,-1
2489,500,163,6.43523743085045,-58.2309644670051,1,1,-1
2489,500,164,15.4808798481948,-57.2309644670051,1,1,1
2489,1500,165,4.26982312812066,-56.2309644670051,-1,1,1
2489,500,166,5.05168383055277,-55.2309644670051,1,-1,1
2489,500,167,10.0590984143511,-54.2309644670051,1,1,-1
2489,1500,168,8.55913947190648,-53.2309644670051,-1,1,1
2489,1500,169,3.88150204981624,-52.2309644670051,-1,-1,1
2489,500,170,6.94228110873093,-51.2309644670051,1,-1,-1
2489,500,171,6.63439434107554,-50.2309644670051,1,1,-1
2489,500,172,13.0482119161622,-49.2309644670051,1,1,1
2489,1500,173,7.40769607922019,-48.2309644670051,-1,1,1
2489,1500,174,4.36389238536309,-47.2309644670051,-1,-1,1
2489,500,175,7.77159435294599,-46.2309644670051,1,-1,-1
2489,1500,176,1.35819932472517,-45.2309644670051,-1,1,-1
2489,1500,177,2.88082647228875,-44.2309644670051,-1,-1,1
2489,1500,178,5.37442448021049,-43.2309644670051,-1,-1,-1
2489,500,179,6.34024443056973,-42.2309644670051,1,-1,-1
2489,500,180,14.8718957428901,-41.2309644670051,1,1,-1
2489,1500,181,9.21467613109408,-40.2309644670051,-1,1,1
2489,1500,182,9.70584241643128,-39.2309644670051,-1,-1,1
2489,1500,183,-0.108562182393206,-38.2309644670051,-1,-1,-1
2489,1500,184,-3.74972905528078,-37.2309644670051,-1,-1,-1
2489,500,185,3.03999640854054,-36.2309644670051,1,-1,-1
2489,1500,186,2.29109663667216,-35.2309644670051,-1,1,-1
2489,500,187,0.236550708881985,-34.2309644670051,1,-1,1
2489,500,188,6.59088179034144,-33.2309644670051,1,1,-1
2489,1500,189,3.02878554804466,-32.2309644670051,-1,1,1
2489,1500,190,-3.01548107771696,-31.2309644670051,-1,-1,1
2489,1500,191,-6.47563632535738,-30.2309644670051,-1,-1,-1
2489,1500,192,1.91864958498722,-29.2309644670051,-1,-1,-1
2489,500,193,7.00315968703659,-28.2309644670051,1,-1,-1
2489,500,194,3.63925424391562,-27.2309644670051,1,1,-1
2489,1500,195,1.1001322119144,-26.2309644670051,-1,1,1
2489,500,196,5.13080974415318,-25.2309644670051,1,-1,1
2489,500,197,7.14903700673063,-24.2309644670051,1,1,-1
2489,500,198,5.37695383582578,-23.2309644670051,1,1,1
2489,500,199,6.90944049095349,-22.2309644670051,1,1,1
2489,1500,200,3.15120376746414,-21.2309644670051,-1,1,1
2489,1500,201,-0.0167844101385262,-20.2309644670051,-1,-1,1
2489,500,202,2.72050178399174,-19.2309644670051,1,-1,-1
2489,1500,203,4.50046958746807,-18.2309644670051,-1,1,-1
2489,1500,204,1.61634849147582,-17.2309644670051,-1,-1,1
2489,1500,205,3.68530796675801,-16.2309644670051,-1,-1,-1
2489,1500,206,3.89421696239925,-15.2309644670051,-1,-1,-1
2489,500,208,5.50015522345275,-13.2309644670051,1,-1,-1
2489,1500,209,2.20661542116808,-12.2309644670051,-1,1,-1
2489,1500,210,-2.61107257947531,-11.2309644670051,-1,-1,1
2489,1500,211,-1.29142480046816,-10.2309644670051,-1,-1,-1
2489,500,212,0.891681073196245,-9.23096446700507,1,-1,-1
2489,500,213,4.81641754095727,-8.23096446700507,1,1,-1
2489,500,214,1.70125505992625,-7.23096446700507,1,1,1
2489,1500,215,4.06923483145127,-6.23096446700507,-1,1,1
2489,1500,216,-3.29220872588156,-5.23096446700507,-1,-1,1
2489,1500,217,-0.412495186090216,-4.23096446700507,-1,-1,-1
2489,1500,218,-5.01803017681862,-3.23096446700507,-1,-1,-1
2489,500,219,5.1461841420008,-2.23096446700507,1,-1,-1
2489,500,220,2.17266107295495,-1.23096446700507,1,1,-1
2489,500,221,7.76308156878708,-0.230964467005066,1,1,1
2489,1500,222,1.66897264273047,0.769035532994934,-1,1,1
2489,500,223,-1.54195025669627,1.76903553299493,1,-1,1
2489,1500,224,2.55649224430738,2.76903553299493,-1,1,-1
2489,500,225,-0.540085716901045,3.76903553299493,1,-1,1
2489,1500,226,-2.59605797019932,4.76903553299493,-1,1,-1
2489,500,227,3.88737852657359,5.76903553299493,1,-1,1
2489,500,228,7.96063461893538,6.76903553299493,1,1,-1
2489,1500,229,4.7983251012436,7.76903553299493,-1,1,1
2489,500,230,4.93375186354682,8.76903553299493,1,-1,1
2489,1500,231,5.1013988221156,9.76903553299493,-1,1,-1
2489,1500,232,-4.77744480795999,10.7690355329949,-1,-1,1
2489,500,233,0.388706746213465,11.7690355329949,1,-1,-1
2489,500,234,5.98269793561131,12.7690355329949,1,1,-1
2489,500,235,6.97546681806943,13.7690355329949,1,1,1
2489,500,236,12.0180615275761,14.7690355329949,1,1,1
2489,1500,237,1.55073758137868,15.7690355329949,-1,1,1
2489,1500,238,2.23657892917678,16.7690355329949,-1,-1,1
2489,500,239,6.16163040354066,17.7690355329949,1,-1,-1
2489,1500,240,-7.73247728152644,18.7690355329949,-1,1,-1
2489,500,241,1.99026116287273,19.7690355329949,1,-1,1
2489,1500,242,-0.144531896732976,20.7690355329949,-1,1,-1
2489,1500,243,-3.16395501921418,21.7690355329949,-1,-1,1
2489,500,244,-3.30555825508448,22.7690355329949,1,-1,-1
2489,1500,245,-2.68168705370843,23.7690355329949,-1,1,-1
2489,500,246,-0.246495374321485,24.7690355329949,1,-1,1
2489,1500,247,-4.50377503279672,25.7690355329949,-1,1,-1
2489,500,248,0.516332289050024,26.7690355329949,1,-1,1
2489,1500,249,-2.83156512058717,27.7690355329949,-1,1,-1
2489,1500,250,0.446149856963664,28.7690355329949,-1,-1,1
2489,1500,251,-5.76505979556591,29.7690355329949,-1,-1,-1
2489,500,252,-3.88450671169058,30.7690355329949,1,-1,-1
2489,500,253,-6.17307026743453,31.7690355329949,1,1,-1
2489,500,254,-1.71779864689588,32.7690355329949,1,1,1
2489,1500,255,-1.63991042909305,33.7690355329949,-1,1,1
2489,500,256,-4.28667326614026,34.7690355329949,1,-1,1
2489,1500,257,-2.68777609586941,35.7690355329949,-1,1,-1
2489,500,258,1.65410101849126,36.7690355329949,1,-1,1
2489,500,259,1.14461043808941,37.7690355329949,1,1,-1
2489,1500,260,-3.31432357004317,38.7690355329949,-1,1,1
2489,500,261,-4.28675573193849,39.7690355329949,1,-1,1
2489,500,262,-2.34355502708865,40.7690355329949,1,1,-1
2489,500,263,-2.0350506056914,41.7690355329949,1,1,1
2489,1500,264,-5.88909996520571,42.7690355329949,-1,1,1
2489,500,265,1.04749295779627,43.7690355329949,1,-1,1
2489,500,266,3.24625010330773,44.7690355329949,1,1,-1
2489,1500,267,-3.0417601179612,45.7690355329949,-1,1,1
2489,500,268,0.166998727442375,46.7690355329949,1,-1,1
2489,500,269,0.912735219653804,47.7690355329949,1,1,-1
2489,1500,270,-3.91615461447481,48.7690355329949,-1,1,1
2489,500,271,-1.89423402725454,49.7690355329949,1,-1,1
2489,500,272,3.76902299403533,50.7690355329949,1,1,-1
2489,500,273,-3.68854326010912,51.7690355329949,1,1,1
2489,1500,274,-1.56296725833401,52.7690355329949,-1,1,1
2489,1500,275,-4.67544351447635,53.7690355329949,-1,-1,1
2489,1500,276,-7.60117552902601,54.7690355329949,-1,-1,-1
2489,500,277,-5.16909053272638,55.7690355329949,1,-1,-1
2489,1500,278,-1.77297255020172,56.7690355329949,-1,1,-1
2489,500,279,6.58392427500486,57.7690355329949,1,-1,1
2489,500,280,5.42682718135547,58.7690355329949,1,1,-1
2489,500,281,0.332715536669925,59.7690355329949,1,1,1
2489,500,282,-1.46913392983007,60.7690355329949,1,1,1
2489,1500,283,-5.44478740094455,61.7690355329949,-1,1,1
2489,500,284,3.85160912081478,62.7690355329949,1,-1,1
2489,1500,285,-6.02227497517462,63.7690355329949,-1,1,-1
2489,1500,286,-5.33250407752187,64.7690355329949,-1,-1,1
2489,500,287,0.917341701794845,65.7690355329949,1,-1,-1
2489,1500,288,-3.56846005391101,66.7690355329949,-1,1,-1
2489,500,289,0.643094901215465,67.7690355329949,1,-1,1
2489,1500,290,-4.7822798979066,68.7690355329949,-1,1,-1
2489,500,291,-1.82318336678458,69.7690355329949,1,-1,1
2489,500,292,-0.790202874838905,70.7690355329949,1,1,-1
2489,1500,293,-3.28454950107651,71.7690355329949,-1,1,1
2489,1500,294,-1.99469584700472,72.7690355329949,-1,-1,1
2489,500,295,7.94463072430621,73.7690355329949,1,-1,-1
2489,500,296,4.12879760932259,74.7690355329949,1,1,-1
2489,500,298,-0.250705457052145,76.7690355329949,1,-1,1
2489,500,299,1.52421159828738,77.7690355329949,1,1,-1
2489,1500,300,-2.38243368913198,78.7690355329949,-1,1,1
2489,500,301,2.17108233998286,79.7690355329949,1,-1,1
2489,1500,302,-1.1338122560326,80.7690355329949,-1,1,-1
2489,500,303,-3.36292390942171,81.7690355329949,1,-1,1
2489,1500,304,-1.12094553360081,82.7690355329949,-1,1,-1
2489,500,305,1.65868361528902,83.7690355329949,1,-1,1
2489,500,306,4.2862020842019,84.7690355329949,1,1,-1
2489,500,307,5.80309084745601,85.7690355329949,1,1,1
2489,1500,308,1.38183628630901,86.7690355329949,-1,1,1
2489,500,309,3.26171528320219,87.7690355329949,1,-1,1
2489,1500,310,5.06424742095137,88.7690355329949,-1,1,-1
2489,500,311,-1.39409240116859,89.7690355329949,1,-1,1
2489,1500,312,2.70153349437028,90.7690355329949,-1,1,-1
2489,500,313,2.33742191076769,91.7690355329949,1,-1,1
2489,500,314,-4.67791846226208,92.7690355329949,1,1,-1
2489,500,315,2.83218002861203,93.7690355329949,1,1,1
2489,500,316,2.56756966792614,94.7690355329949,1,1,1
2489,1500,317,-1.45729480041477,95.7690355329949,-1,1,1
2489,1500,318,-7.25500471033141,96.7690355329949,-1,-1,1
2489,1500,319,-6.63152682575603,97.7690355329949,-1,-1,-1
2489,1500,320,-6.32355905084708,98.7690355329949,-1,-1,-1
2489,500,321,-2.67934499860004,99.7690355329949,1,-1,-1
2489,500,322,6.03009119818904,100.769035532995,1,1,-1
2489,500,323,4.53069075464799,101.769035532995,1,1,1
2489,1500,324,-1.23110579801723,102.769035532995,-1,1,1
2489,1500,325,-6.87810558015202,103.769035532995,-1,-1,1
2489,500,326,-1.45150214311318,104.769035532995,1,-1,-1
2489,1500,327,-2.39558064103914,105.769035532995,-1,1,-1
2489,500,328,2.5890381813354,106.769035532995,1,-1,1
2489,500,329,-0.428382300515056,107.769035532995,1,1,-1
2489,1500,330,-3.52955003506672,108.769035532995,-1,1,1
2489,500,331,5.2614104097603,109.769035532995,1,-1,1
2489,1500,332,0.604929966499524,110.769035532995,-1,1,-1
2489,1500,333,6.62599703986983,111.769035532995,-1,-1,1
2489,1500,334,0.350544994124854,112.769035532995,-1,-1,-1
2489,500,335,4.06273985265433,113.769035532995,1,-1,-1
2489,500,336,3.67922636135257,114.769035532995,1,1,-1
2489,1500,337,-2.05128668677581,115.769035532995,-1,1,1
2489,1500,338,-4.27154542249955,116.769035532995,-1,-1,1
2489,500,339,-6.2444031992055,117.769035532995,1,-1,-1
2489,1500,340,-5.76254870230565,118.769035532995,-1,1,-1
2489,1500,341,-1.88900776627065,119.769035532995,-1,-1,1
2489,500,342,-3.25014422596891,120.769035532995,1,-1,-1
2489,500,343,1.57291121968458,121.769035532995,1,1,-1
2489,1500,344,-8.72950852016343,122.769035532995,-1,1,1
2489,1500,345,-9.11142574671404,123.769035532995,-1,-1,1
2489,1500,346,-6.07590753607114,124.769035532995,-1,-1,-1
2489,1500,347,-4.68575004412439,125.769035532995,-1,-1,-1
2489,500,348,3.36649187131825,126.769035532995,1,-1,-1
2489,500,349,-2.02791191793746,127.769035532995,1,1,-1
2489,500,350,2.52556206811621,128.769035532995,1,1,1
2489,500,351,0.341751986685245,129.769035532995,1,1,1
2489,500,352,16.5025654493381,130.769035532995,1,1,1
2489,500,353,9.43193846411113,131.769035532995,1,1,1
2489,1500,354,-1.84897217961804,132.769035532995,-1,1,1
2489,500,355,-1.55330030577217,133.769035532995,1,-1,1
2489,500,356,0.279458655961515,134.769035532995,1,1,-1
2489,1500,357,-3.71249610878331,135.769035532995,-1,1,1
2489,500,358,-2.28397352264599,136.769035532995,1,-1,1
2489,1500,359,-3.35981675963325,137.769035532995,-1,1,-1
2489,1500,360,-10.6180714214488,138.769035532995,-1,-1,1
2489,500,361,1.09531422057609,139.769035532995,1,-1,-1
2489,500,362,6.07615119106306,140.769035532995,1,1,-1
2489,1500,363,-3.79433730610461,141.769035532995,-1,1,1
2489,500,364,-5.15474239030804,142.769035532995,1,-1,1
2489,500,365,3.17296826056265,143.769035532995,1,1,-1
2489,1500,366,1.34051820413256,144.769035532995,-1,1,1
2489,500,367,-2.59349462666926,145.769035532995,1,-1,1
2489,500,368,2.84398359707738,146.769035532995,1,1,-1
2489,500,369,0.953523980531855,147.769035532995,1,1,1
2489,1500,370,-2.23273847253549,148.769035532995,-1,1,1
2489,1500,371,-3.53540598463103,149.769035532995,-1,-1,1
2489,500,372,-9.35711366965183,150.769035532995,1,-1,-1
2489,1500,373,-3.24199287000833,151.769035532995,-1,1,-1
2489,1500,374,-6.56413686881781,152.769035532995,-1,-1,1
2489,500,375,-1.3150892171272,153.769035532995,1,-1,-1
2489,1500,376,-1.42666957825938,154.769035532995,-1,1,-1
2489,1500,377,-1.14945179405261,155.769035532995,-1,-1,1
2489,500,378,4.55690282716106,156.769035532995,1,-1,-1
2489,1500,379,-1.37693285933095,157.769035532995,-1,1,-1
2489,500,380,3.46072316387311,158.769035532995,1,-1,1
2489,1500,381,-4.49242999903526,159.769035532995,-1,1,-1
2489,1500,382,-5.8493579277328,160.769035532995,-1,-1,1
2489,1500,383,-6.1935848785971,161.769035532995,-1,-1,-1
2489,500,384,-0.902033893475716,162.769035532995,1,-1,-1
2489,1500,385,-4.17308746846101,163.769035532995,-1,1,-1
2489,1500,386,-0.590558848315786,164.769035532995,-1,-1,1
2489,500,387,2.1178617453979,165.769035532995,1,-1,-1
2489,500,388,-0.358296648079935,166.769035532995,1,1,-1
2489,500,389,1.35737807791036,167.769035532995,1,1,1
2489,500,390,-7.76123112687997,168.769035532995,1,1,1
2489,1500,391,-2.21167143435904,169.769035532995,-1,1,1
2489,1500,392,-0.176415588475826,170.769035532995,-1,-1,1
2489,1500,393,-1.45884490958649,171.769035532995,-1,-1,-1
2489,500,395,4.56051008065701,173.769035532995,1,-1,-1
2489,1500,396,-3.26904687905533,174.769035532995,-1,1,-1
2489,500,397,7.26660756663039,175.769035532995,1,-1,1
2489,500,398,7.63443692268322,176.769035532995,1,1,-1
2489,1500,399,-0.211205912530026,177.769035532995,-1,1,1
2489,1500,400,0.312035756441874,178.769035532995,-1,-1,1
2489,1500,401,-7.04227745545694,179.769035532995,-1,-1,-1
2489,500,402,-1.93097704984103,180.769035532995,1,-1,-1
2489,1500,403,0.911643556287114,181.769035532995,-1,1,-1
2489,1500,404,1.1178654073188,182.769035532995,-1,-1,1
2489,1500,405,-1.07676003572418,183.769035532995,-1,-1,-1
2489,1500,406,-3.12963963121248,184.769035532995,-1,-1,-1
2489,500,407,1.415753652637,185.769035532995,1,-1,-1
2489,500,408,2.22984584147508,186.769035532995,1,1,-1
2489,500,409,-0.691624766423705,187.769035532995,1,1,1
2489,1500,410,-6.65254116023083,188.769035532995,-1,1,1
2489,500,411,-6.67599818752828,189.769035532995,1,-1,1
2489,500,412,0.574080004157205,190.769035532995,1,1,-1
2489,500,413,-0.0732134973709455,191.769035532995,1,1,1
2489,1500,414,-4.51175247223571,192.769035532995,-1,1,1
2489,500,415,-2.53000504423708,193.769035532995,1,-1,1
2489,500,416,1.97352270673501,194.769035532995,1,1,-1
2489,500,417,-0.678987850263866,195.769035532995,1,1,1
2489,1500,418,-4.51228989725889,196.769035532995,-1,1,1
2489,1500,419,-3.28402121175491,197.769035532995,-1,-1,1
2489,500,420,2.03029832056348,198.769035532995,1,-1,-1
2490,1500,23,10.5113429458611,-208.650289017341,-1,1,-1
2490,500,24,17.2896406835821,-207.650289017341,1,-1,1
2490,1500,25,12.1469692142226,-206.650289017341,-1,1,-1
2490,1500,26,6.67641628296903,-205.650289017341,-1,-1,1
2490,500,27,8.89004640300467,-204.650289017341,1,-1,-1
2490,1500,28,6.5927716430258,-203.650289017341,-1,1,-1
2490,500,29,7.04611655120289,-202.650289017341,1,-1,1
2490,1500,30,8.51805443816244,-201.650289017341,-1,1,-1
2490,1500,31,7.04294468587146,-200.650289017341,-1,-1,1
2490,1500,32,2.3857488933812,-199.650289017341,-1,-1,-1
2490,1500,33,3.28539294186401,-198.650289017341,-1,-1,-1
2490,500,34,2.80496239856871,-197.650289017341,1,-1,-1
2490,1500,35,1.5825029459893,-196.650289017341,-1,1,-1
2490,1500,36,1.58757727206339,-195.650289017341,-1,-1,1
2490,500,37,0.970135366041702,-194.650289017341,1,-1,-1
2490,1500,38,-1.19772227016357,-193.650289017341,-1,1,-1
2490,500,39,2.31218235439068,-192.650289017341,1,-1,1
2490,1500,40,1.4505560160204,-191.650289017341,-1,1,-1
2490,1500,41,0.714671792797051,-190.650289017341,-1,-1,1
2490,500,42,0.935503343060442,-189.650289017341,1,-1,-1
2490,500,43,7.52003247036605,-188.650289017341,1,1,-1
2490,1500,44,4.8126236103276,-187.650289017341,-1,1,1
2490,500,45,3.85676435465964,-186.650289017341,1,-1,1
2490,500,47,9.4186541692072,-184.650289017341,1,-1,1
2490,1500,48,11.1173430914026,-183.650289017341,-1,1,-1
2490,500,49,10.1221956225584,-182.650289017341,1,-1,1
2490,1500,50,6.48308932225576,-181.650289017341,-1,1,-1
2490,1500,51,0.91124212154922,-180.650289017341,-1,-1,1
2490,500,52,3.31545600271162,-179.650289017341,1,-1,-1
2490,1500,53,8.84967104789,-178.650289017341,-1,1,-1
2490,1500,54,5.2028293806327,-177.650289017341,-1,-1,1
2490,500,55,8.6129889076931,-176.650289017341,1,-1,-1
2490,1500,57,1.98498188629821,-174.650289017341,-1,-1,1
2490,1500,58,0.34399005529929,-173.650289017341,-1,-1,-1
2490,500,59,0.123991078819072,-172.650289017341,1,-1,-1
2490,500,60,4.04800462021871,-171.650289017341,1,1,-1
2490,1500,61,8.87712294478822,-170.650289017341,-1,1,1
2490,500,62,11.6333379905388,-169.650289017341,1,-1,1
2490,500,63,12.5998042376728,-168.650289017341,1,1,-1
2490,1500,64,5.52535493000494,-167.650289017341,-1,1,1
2490,1500,66,-0.698299187780992,-165.650289017341,-1,-1,-1
2490,1500,67,-0.992316833279183,-164.650289017341,-1,-1,-1
2490,500,68,1.44437106212832,-163.650289017341,1,-1,-1
2490,1500,69,2.85069014907036,-162.650289017341,-1,1,-1
2490,1500,70,4.77717355678531,-161.650289017341,-1,-1,1
2490,1500,71,2.48285081100604,-160.650289017341,-1,-1,-1
2490,1500,73,-0.804483448318819,-158.650289017341,-1,1,-1
2490,500,74,8.77535545157312,-157.650289017341,1,-1,1
2490,500,75,14.1478683796709,-156.650289017341,1,1,-1
2490,1500,76,13.146150751583,-155.650289017341,-1,1,1
2490,500,79,8.88714054466089,-152.650289017341,1,-1,-1
2490,1500,80,11.0710393419625,-151.650289017341,-1,1,-1
2490,1500,81,10.3045935545294,-150.650289017341,-1,-1,1
2490,500,82,9.6508992443351,-149.650289017341,1,-1,-1
2490,500,84,9.2367149968046,-147.650289017341,1,-1,1
2490,1500,85,15.0207355900937,-146.650289017341,-1,1,-1
2490,1500,86,13.659908630731,-145.650289017341,-1,-1,1
2490,500,87,17.1111160935956,-144.650289017341,1,-1,-1
2490,1500,88,12.6572026806582,-143.650289017341,-1,1,-1
2490,500,89,12.479517147345,-142.650289017341,1,-1,1
2490,500,91,17.9455327978525,-140.650289017341,1,-1,1
2490,500,92,18.1290750257452,-139.650289017341,1,1,-1
2490,500,93,24.1044945408732,-138.650289017341,1,1,1
2490,1500,94,20.2756994589674,-137.650289017341,-1,1,1
2490,1500,95,19.5964067574927,-136.650289017341,-1,-1,1
2490,500,96,24.5988257513129,-135.650289017341,1,-1,-1
2490,1500,97,26.8555863831301,-134.650289017341,-1,1,-1
2490,500,98,28.7147451341279,-133.650289017341,1,-1,1
2490,1500,108,27.0824767171727,-123.650289017341,-1,-1,-1
2490,1500,112,28.5749281236155,-119.650289017341,-1,1,1
2490,1500,113,27.5982824197834,-118.650289017341,-1,-1,1
2490,1500,114,21.3161591968234,-117.650289017341,-1,-1,-1
2490,1500,115,17.0255051677277,-116.650289017341,-1,-1,-1
2490,1500,116,19.3207222466104,-115.650289017341,-1,-1,-1
2490,1500,117,16.9442329626487,-114.650289017341,-1,-1,-1
2490,500,118,19.6619745046351,-113.650289017341,1,-1,-1
2490,1500,121,26.440595513042,-110.650289017341,-1,1,1
2490,1500,122,24.5894068493377,-109.650289017341,-1,-1,1
2490,1500,123,24.8445728294377,-108.650289017341,-1,-1,-1
2490,1500,124,23.479005444112,-107.650289017341,-1,-1,-1
2490,500,125,28.5854278858044,-106.650289017341,1,-1,-1
2490,500,126,28.6400660232404,-105.650289017341,1,1,-1
2490,1500,127,26.7734143710065,-104.650289017341,-1,1,1
2490,500,128,25.7451769922573,-103.650289017341,1,-1,1
2490,1500,129,20.724614143963,-102.650289017341,-1,1,-1
2490,1500,130,24.9782955507562,-101.650289017341,-1,-1,1
2490,1500,131,24.1196547399909,-100.650289017341,-1,-1,-1
2490,500,132,28.0858175036266,-99.650289017341,1,-1,-1
2490,1500,140,22.7262247240049,-91.650289017341,-1,1,-1
2490,1500,141,21.4711395220226,-90.650289017341,-1,-1,1
2490,1500,144,23.7708119529933,-87.650289017341,-1,-1,1
2490,500,145,26.0883333608404,-86.650289017341,1,-1,-1
2490,1500,147,23.0449378703185,-84.650289017341,-1,-1,1
2490,1500,148,26.4008431220628,-83.650289017341,-1,-1,-1
2490,500,149,27.2877452287199,-82.650289017341,1,-1,-1
2490,500,158,24.7377356607987,-73.650289017341,1,-1,-1
2490,1500,159,20.1863332543193,-72.650289017341,-1,1,-1
2490,500,160,19.6806205241491,-71.650289017341,1,-1,1
2490,500,161,27.4666545808135,-70.650289017341,1,1,-1
2490,1500,163,24.3816003975992,-68.650289017341,-1,-1,1
2490,1500,164,21.7712437119721,-67.650289017341,-1,-1,-1
2490,1500,165,21.4499073101497,-66.650289017341,-1,-1,-1
2490,1500,166,18.7949913616429,-65.650289017341,-1,-1,-1
2490,500,167,21.6100464751727,-64.650289017341,1,-1,-1
2490,1500,168,21.8242673107831,-63.650289017341,-1,1,-1
2490,1500,169,21.7041322522206,-62.650289017341,-1,-1,1
2490,500,170,23.9819551115457,-61.650289017341,1,-1,-1
2490,1500,171,23.8126341208485,-60.650289017341,-1,1,-1
2490,1500,172,23.3965724746972,-59.650289017341,-1,-1,1
2490,500,173,25.0622327378723,-58.650289017341,1,-1,-1
2490,1500,176,24.287034460551,-55.650289017341,-1,-1,1
2490,1500,177,11.3274726610819,-54.650289017341,-1,-1,-1
2490,500,178,14.731401172642,-53.650289017341,1,-1,-1
2490,500,179,21.7339217236598,-52.650289017341,1,1,-1
2490,500,180,16.6002814798896,-51.650289017341,1,1,1
2490,1500,181,14.6899048473191,-50.650289017341,-1,1,1
2490,500,182,16.1696225290072,-49.650289017341,1,-1,1
2490,500,183,14.0014604707031,-48.650289017341,1,1,-1
2490,1500,184,18.3608327693848,-47.650289017341,-1,1,1
2490,1500,185,14.635255161965,-46.650289017341,-1,-1,1
2490,1500,186,7.25788486215747,-45.650289017341,-1,-1,-1
2490,1500,187,0.6828866819397,-44.650289017341,-1,-1,-1
2490,1500,188,-0.225982616658183,-43.650289017341,-1,-1,-1
2490,500,189,2.43585270078459,-42.650289017341,1,-1,-1
2490,500,190,7.86274494247697,-41.650289017341,1,1,-1
2490,1500,191,4.52879610098902,-40.650289017341,-1,1,1
2490,500,192,8.65268429831258,-39.650289017341,1,-1,1
2490,500,193,3.00882101261985,-38.650289017341,1,1,-1
2490,500,194,6.77786905962873,-37.650289017341,1,1,1
2490,1500,195,8.14656566608136,-36.650289017341,-1,1,1
2490,1500,196,4.58129375378293,-35.650289017341,-1,-1,1
2490,500,197,2.83932287727775,-34.650289017341,1,-1,-1
2490,500,198,11.466172537657,-33.650289017341,1,1,-1
2490,500,199,11.3150970255504,-32.650289017341,1,1,1
2490,1500,200,9.51714643577294,-31.650289017341,-1,1,1
2490,1500,201,9.21888786819076,-30.650289017341,-1,-1,1
2490,500,202,7.06920453077966,-29.650289017341,1,-1,-1
2490,1500,203,13.3578599281073,-28.650289017341,-1,1,-1
2490,500,204,10.5520931030881,-27.650289017341,1,-1,1
2490,1500,205,7.69994391377385,-26.650289017341,-1,1,-1
2490,500,206,9.3781565951202,-25.650289017341,1,-1,1
2490,500,207,12.3184851503334,-24.650289017341,1,1,-1
2490,500,208,17.4261821841427,-23.650289017341,1,1,1
2490,1500,209,16.2707178972618,-22.650289017341,-1,1,1
2490,1500,210,5.60271299116103,-21.650289017341,-1,-1,1
2490,1500,211,11.0766823589247,-20.650289017341,-1,-1,-1
2490,1500,212,5.06943691392999,-19.650289017341,-1,-1,-1
2490,500,213,10.5745254480697,-18.650289017341,1,-1,-1
2490,1500,214,8.90209578466566,-17.650289017341,-1,1,-1
2490,500,215,6.63031886114662,-16.650289017341,1,-1,1
2490,500,216,4.02502885666363,-15.650289017341,1,1,-1
2490,500,217,8.53450733963212,-14.650289017341,1,1,1
2490,1500,218,7.57144427190582,-13.650289017341,-1,1,1
2490,500,219,7.34688612532227,-12.650289017341,1,-1,1
2490,500,220,7.3675965426998,-11.650289017341,1,1,-1
2490,1500,221,9.62027880304794,-10.650289017341,-1,1,1
2490,1500,222,6.7562462080555,-9.65028901734104,-1,-1,1
2490,1500,223,4.90406271212424,-8.65028901734104,-1,-1,-1
2490,1500,224,4.04421799703485,-7.65028901734104,-1,-1,-1
2490,1500,225,-3.23819990026303,-6.65028901734104,-1,-1,-1
2490,1500,226,1.89348841144789,-5.65028901734104,-1,-1,-1
2490,1500,227,2.83941417180842,-4.65028901734104,-1,-1,-1
2490,500,228,1.98101327471616,-3.65028901734104,1,-1,-1
2490,1500,229,6.51585370002356,-2.65028901734104,-1,1,-1
2490,1500,230,2.58299475842283,-1.65028901734104,-1,-1,1
2490,1500,231,-0.183317537822028,-0.650289017341038,-1,-1,-1
2490,1500,232,-2.96820974466595,0.349710982658962,-1,-1,-1
2490,500,233,-1.25531883236456,1.34971098265896,1,-1,-1
2490,500,234,7.64882372135199,2.34971098265896,1,1,-1
2490,500,235,9.5389990183398,3.34971098265896,1,1,1
2490,1500,236,9.78771511391704,4.34971098265896,-1,1,1
2490,500,237,10.2173624156455,5.34971098265896,1,-1,1
2490,500,238,9.8783335649879,6.34971098265896,1,1,-1
2490,500,239,14.6540466795367,7.34971098265896,1,1,1
2490,500,240,11.3709996916058,8.34971098265896,1,1,1
2490,500,242,5.799151425412,10.349710982659,1,-1,1
2490,1500,243,1.71997575802594,11.349710982659,-1,1,-1
2490,1500,244,2.8021045451569,12.349710982659,-1,-1,1
2490,1500,245,-1.90355072184121,13.349710982659,-1,-1,-1
2490,500,246,-2.36920695716506,14.349710982659,1,-1,-1
2490,500,247,4.42185988451326,15.349710982659,1,1,-1
2490,1500,248,2.57377885727594,16.349710982659,-1,1,1
2490,500,249,8.34674837606891,17.349710982659,1,-1,1
2490,500,250,4.56491703271606,18.349710982659,1,1,-1
2490,1500,251,4.45604153342504,19.349710982659,-1,1,1
2490,1500,252,6.58751499825061,20.349710982659,-1,-1,1
2490,1500,253,18.8797022102526,21.349710982659,-1,-1,-1
2490,500,254,7.70671908681257,22.349710982659,1,-1,-1
2490,1500,255,13.6490001416116,23.349710982659,-1,1,-1
2490,500,256,2.80032910800517,24.349710982659,1,-1,1
2490,500,257,5.5463411219165,25.349710982659,1,1,-1
2490,500,258,4.24264601615405,26.349710982659,1,1,1
2490,500,260,5.22546627415392,28.349710982659,1,-1,1
2490,1500,261,2.6231843071192,29.349710982659,-1,1,-1
2490,1500,262,-1.30527184727712,30.349710982659,-1,-1,1
2490,1500,263,1.15741053356687,31.349710982659,-1,-1,-1
2490,500,264,3.68272552124411,32.349710982659,1,-1,-1
2490,500,265,7.08112623706674,33.349710982659,1,1,-1
2490,1500,266,3.69532122720643,34.349710982659,-1,1,1
2490,500,267,1.27210666928572,35.349710982659,1,-1,1
2490,1500,268,0.77570662064176,36.349710982659,-1,1,-1
2490,500,269,0.913333331606392,37.349710982659,1,-1,1
2490,500,270,7.3425195518338,38.349710982659,1,1,-1
2490,1500,271,7.62586651737271,39.349710982659,-1,1,1
2490,1500,272,5.11256775461172,40.349710982659,-1,-1,1
2490,500,273,12.5925527224413,41.349710982659,1,-1,-1
2490,500,274,7.55986758245102,42.349710982659,1,1,-1
2490,500,275,4.08924706255465,43.349710982659,1,1,1
2490,1500,276,16.4579446560004,44.349710982659,-1,1,1
2490,500,277,9.6508782585867,45.349710982659,1,-1,1
2490,500,278,15.6693621201957,46.349710982659,1,1,-1
2490,1500,279,6.99327275756999,47.349710982659,-1,1,1
2490,500,280,13.573411344339,48.349710982659,1,-1,1
2490,1500,281,17.5382605392644,49.349710982659,-1,1,-1
2490,500,282,12.9087557926495,50.349710982659,1,-1,1
2490,1500,283,11.2391434277981,51.349710982659,-1,1,-1
2490,1500,284,-1.6379952545798,52.349710982659,-1,-1,1
2490,500,285,4.38288681981306,53.349710982659,1,-1,-1
2490,500,286,12.0833521033441,54.349710982659,1,1,-1
2490,500,288,5.68509635776427,56.349710982659,1,-1,1
2490,1500,289,8.16938658215948,57.349710982659,-1,1,-1
2490,500,290,9.8082981371715,58.349710982659,1,-1,1
2490,500,291,20.4624035939065,59.349710982659,1,1,-1
2490,500,292,12.3459871076992,60.349710982659,1,1,1
2490,500,293,6.7899541875415,61.349710982659,1,1,1
2490,1500,294,11.8462060728832,62.349710982659,-1,1,1
2490,500,295,7.63435744147264,63.349710982659,1,-1,1
2490,500,296,1.53948353873613,64.349710982659,1,1,-1
2490,500,298,6.97361549094127,66.349710982659,1,-1,1
2490,500,299,17.9201431366027,67.349710982659,1,1,-1
2490,500,300,13.7591388231015,68.349710982659,1,1,1
2490,500,301,19.0907325675355,69.349710982659,1,1,1
2490,1500,302,22.8805754096467,70.349710982659,-1,1,1
2490,1500,303,16.5500551846479,71.349710982659,-1,-1,1
2490,1500,304,11.2588577562575,72.349710982659,-1,-1,-1
2490,500,305,15.5375431598373,73.349710982659,1,-1,-1
2490,1500,306,9.2158619766843,74.349710982659,-1,1,-1
2490,1500,307,8.26628887940879,75.349710982659,-1,-1,1
2490,1500,308,2.219058782505,76.349710982659,-1,-1,-1
2490,500,309,4.02019418968194,77.349710982659,1,-1,-1
2490,500,310,3.95940955114651,78.349710982659,1,1,-1
2490,500,311,0.852462633223832,79.349710982659,1,1,1
2490,1500,312,9.53557297837014,80.349710982659,-1,1,1
2490,500,313,5.31487563996038,81.349710982659,1,-1,1
2490,500,315,9.38381951101,83.349710982659,1,-1,1
2490,500,316,10.7261624316827,84.349710982659,1,1,-1
2490,500,317,4.14380794485748,85.349710982659,1,1,1
2490,1500,318,6.45077365511812,86.349710982659,-1,1,1
2490,1500,319,6.20175995666431,87.349710982659,-1,-1,1
2490,500,320,-1.86825329324471,88.349710982659,1,-1,-1
2490,1500,321,-8.20774135897984,89.349710982659,-1,1,-1
2490,500,322,0.678435562296492,90.349710982659,1,-1,1
2490,500,323,6.4313039475789,91.349710982659,1,1,-1
2490,1500,324,11.9447457023692,92.349710982659,-1,1,1
2490,500,325,10.9937604772382,93.349710982659,1,-1,1
2490,500,326,21.2531191488947,94.349710982659,1,1,-1
2490,1500,327,17.5750709582086,95.349710982659,-1,1,1
2490,500,328,22.4465888068974,96.349710982659,1,-1,1
2490,500,329,12.5999722074455,97.349710982659,1,1,-1
2490,1500,331,11.4365365702561,99.349710982659,-1,-1,1
2490,500,332,15.1791133110537,100.349710982659,1,-1,-1
2490,1500,333,8.4511634634502,101.349710982659,-1,1,-1
2490,500,334,11.6954604328982,102.349710982659,1,-1,1
2490,500,335,10.90667069154,103.349710982659,1,1,-1
2490,500,336,12.0853308799973,104.349710982659,1,1,1
2490,1500,337,6.34862434943534,105.349710982659,-1,1,1
2490,500,338,10.7926677518905,106.349710982659,1,-1,1
2490,500,339,8.12931356782333,107.349710982659,1,1,-1
2490,1500,340,9.04104549050243,108.349710982659,-1,1,1
2490,1500,341,4.74807907757192,109.349710982659,-1,-1,1
2490,500,342,12.3539205912126,110.349710982659,1,-1,-1
2490,500,343,11.6702055930244,111.349710982659,1,1,-1
2490,500,344,17.0168409057575,112.349710982659,1,1,1
2490,500,345,2.57603416213012,113.349710982659,1,1,1
2490,1500,347,3.58425897258718,115.349710982659,-1,-1,1
2490,500,348,19.3795147110339,116.349710982659,1,-1,-1
2490,1500,349,6.05977920278122,117.349710982659,-1,1,-1
2490,500,350,3.25123805451463,118.349710982659,1,-1,1
2490,1500,351,7.59668926517571,119.349710982659,-1,1,-1
2490,500,352,4.64576250506543,120.349710982659,1,-1,1
2490,500,353,8.04438520055889,121.349710982659,1,1,-1
2490,500,354,9.4601547169673,122.349710982659,1,1,1
2490,500,355,8.84905845787765,123.349710982659,1,1,1
2490,500,356,17.8181411578898,124.349710982659,1,1,1
2490,500,357,19.1865462882883,125.349710982659,1,1,1
2490,500,358,22.6181196327614,126.349710982659,1,1,1
2490,1500,359,22.6956881074334,127.349710982659,-1,1,1
2490,500,360,13.4878111928452,128.349710982659,1,-1,1
2490,500,361,14.5387482755479,129.349710982659,1,1,-1
2490,1500,362,14.1323181891847,130.349710982659,-1,1,1
2490,500,363,20.8711662980353,131.349710982659,1,-1,1
2490,500,365,3.95562389554831,133.349710982659,1,-1,1
2490,1500,366,12.8594061146355,134.349710982659,-1,1,-1
2490,1500,367,8.06368562620684,135.349710982659,-1,-1,1
2490,500,368,9.2650418944523,136.349710982659,1,-1,-1
2490,500,369,8.61859874024361,137.349710982659,1,1,-1
2490,500,370,15.8209035380244,138.349710982659,1,1,1
2490,1500,371,2.86748815405881,139.349710982659,-1,1,1
2490,500,372,11.9775034326448,140.349710982659,1,-1,1
2490,1500,373,15.9943633899225,141.349710982659,-1,1,-1
2490,500,374,14.5472329059653,142.349710982659,1,-1,1
2490,500,375,15.589377243012,143.349710982659,1,1,-1
2490,500,376,15.126698198112,144.349710982659,1,1,1
2490,500,377,20.8938332027467,145.349710982659,1,1,1
2490,500,378,19.8941347542324,146.349710982659,1,1,1
2490,1500,379,15.0891945970312,147.349710982659,-1,1,1
2490,1500,380,6.91352203782194,148.349710982659,-1,-1,1
2490,1500,381,3.25738620287302,149.349710982659,-1,-1,-1
2490,500,382,7.03534748210174,150.349710982659,1,-1,-1
2490,1500,384,6.34862210435314,152.349710982659,-1,1,1
2490,500,385,1.73410871387892,153.349710982659,1,-1,1
2490,500,386,5.7700721759124,154.349710982659,1,1,-1
2490,500,387,5.26570828279041,155.349710982659,1,1,1
2490,500,388,1.91116374612789,156.349710982659,1,1,1
2490,500,389,2.41929628039106,157.349710982659,1,1,1
2490,500,390,2.98252009369021,158.349710982659,1,1,1
2490,500,391,12.0735110818814,159.349710982659,1,1,1
2490,1500,392,8.34371180914515,160.349710982659,-1,1,1
2490,500,393,16.7485188548577,161.349710982659,1,-1,1
2490,500,394,7.26103371289315,162.349710982659,1,1,-1
2490,1500,395,17.9612703857537,163.349710982659,-1,1,1
2490,1500,396,11.8448360191312,164.349710982659,-1,-1,1
2490,500,397,8.50404809013948,165.349710982659,1,-1,-1
2490,500,398,11.3745923164834,166.349710982659,1,1,-1
2490,1500,399,5.39286961082888,167.349710982659,-1,1,1
2490,1500,400,-0.351922248859775,168.349710982659,-1,-1,1
2490,1500,401,13.4366689074865,169.349710982659,-1,-1,-1
2490,1500,402,-3.70522907741438,170.349710982659,-1,-1,-1
2490,1500,403,-10.704652891102,171.349710982659,-1,-1,-1
2490,500,404,-1.0941843617812,172.349710982659,1,-1,-1
2490,500,405,11.1236255955077,173.349710982659,1,1,-1
2490,500,406,2.00634591154699,174.349710982659,1,1,1
2490,500,407,4.16976068569998,175.349710982659,1,1,1
2490,1500,408,8.82291748597208,176.349710982659,-1,1,1
2490,1500,409,7.1546749473896,177.349710982659,-1,-1,1
2490,1500,410,13.3518033313474,178.349710982659,-1,-1,-1
2490,1500,411,8.39129848789452,179.349710982659,-1,-1,-1
2490,1500,412,8.18279865925888,180.349710982659,-1,-1,-1
2490,1500,413,5.67012004791719,181.349710982659,-1,-1,-1
2490,500,414,11.9207593912606,182.349710982659,1,-1,-1
2490,1500,415,9.57641172587584,183.349710982659,-1,1,-1
2490,500,416,15.0169674969078,184.349710982659,1,-1,1
2490,500,417,14.9526232168388,185.349710982659,1,1,-1
2490,500,418,15.2928888083045,186.349710982659,1,1,1
2490,1500,419,10.7684164936243,187.349710982659,-1,1,1
2490,500,420,14.1011077953876,188.349710982659,1,-1,1
2491,500,23,-0.316242152525415,-202.84126984127,1,-1,-1
2491,500,24,10.1292211808543,-201.84126984127,1,1,-1
2491,500,25,16.3320219573405,-200.84126984127,1,1,1
2491,500,26,15.5319557779382,-199.84126984127,1,1,1
2491,1500,27,13.5900683124296,-198.84126984127,-1,1,1
2491,500,28,9.83166403796423,-197.84126984127,1,-1,1
2491,500,30,12.9753465128316,-195.84126984127,1,-1,1
2491,1500,31,14.4155569221565,-194.84126984127,-1,1,-1
2491,500,32,13.5404093266322,-193.84126984127,1,-1,1
2491,1500,33,14.7689341789016,-192.84126984127,-1,1,-1
2491,1500,34,10.890734216548,-191.84126984127,-1,-1,1
2491,500,35,12.9101999253736,-190.84126984127,1,-1,-1
2491,500,37,15.6573640893814,-188.84126984127,1,-1,1
2491,500,38,17.6550309380072,-187.84126984127,1,1,-1
2491,1500,39,20.1612334009238,-186.84126984127,-1,1,1
2491,1500,41,8.67637723558097,-184.84126984127,-1,-1,-1
2491,1500,42,3.19348072304775,-183.84126984127,-1,-1,-1
2491,1500,43,5.57849366788065,-182.84126984127,-1,-1,-1
2491,1500,44,8.6510647268076,-181.84126984127,-1,-1,-1
2491,500,45,8.94530318227053,-180.84126984127,1,-1,-1
2491,500,47,11.4014337387432,-178.84126984127,1,-1,1
2491,1500,48,17.5375327954574,-177.84126984127,-1,1,-1
2491,500,49,14.5503253549292,-176.84126984127,1,-1,1
2491,1500,50,17.8581636151137,-175.84126984127,-1,1,-1
2491,500,51,25.5619712007654,-174.84126984127,1,-1,1
2491,500,52,18.3863712979653,-173.84126984127,1,1,-1
2491,500,53,22.0718677020519,-172.84126984127,1,1,1
2491,500,55,15.065648328348,-170.84126984127,1,-1,1
2491,500,56,24.2098810858955,-169.84126984127,1,1,-1
2491,1500,57,23.4836922617376,-168.84126984127,-1,1,1
2491,1500,58,2.06539206296647,-167.84126984127,-1,-1,1
2491,1500,59,4.60541815446599,-166.84126984127,-1,-1,-1
2491,1500,60,-1.76493684848846,-165.84126984127,-1,-1,-1
2491,1500,61,-1.23956411730681,-164.84126984127,-1,-1,-1
2491,1500,62,-2.08829663784099,-163.84126984127,-1,-1,-1
2491,500,63,1.78047093444472,-162.84126984127,1,-1,-1
2491,500,64,13.21589903584,-161.84126984127,1,1,-1
2491,500,66,11.1335200511203,-159.84126984127,1,-1,1
2491,500,67,21.1967377094377,-158.84126984127,1,1,-1
2491,500,68,25.2653493787657,-157.84126984127,1,1,1
2491,500,69,20.4505631551233,-156.84126984127,1,1,1
2491,1500,70,15.4750830139618,-155.84126984127,-1,1,1
2491,500,71,20.9777469833916,-154.84126984127,1,-1,1
2491,500,73,21.0275018954776,-152.84126984127,1,-1,1
2491,500,75,24.2161420453197,-150.84126984127,1,1,1
2491,1500,76,18.2838397723255,-149.84126984127,-1,1,1
2491,500,77,22.6391668398525,-148.84126984127,1,-1,1
2491,500,79,14.878845411602,-146.84126984127,1,-1,1
2491,500,80,18.3714895670214,-145.84126984127,1,1,-1
2491,500,81,12.6559775297589,-144.84126984127,1,1,1
2491,1500,82,11.4619204568714,-143.84126984127,-1,1,1
2491,500,83,14.489089767722,-142.84126984127,1,-1,1
2491,1500,84,2.16727679944631,-141.84126984127,-1,1,-1
2491,500,85,6.05475140183039,-140.84126984127,1,-1,1
2491,500,87,2.41064998260271,-138.84126984127,1,-1,1
2491,500,88,6.30674366688863,-137.84126984127,1,1,-1
2491,500,89,6.15120703070438,-136.84126984127,1,1,1
2491,1500,90,3.06661277082754,-135.84126984127,-1,1,1
2491,1500,92,-2.1404673172779,-133.84126984127,-1,-1,-1
2491,1500,93,-1.02789514792304,-132.84126984127,-1,-1,-1
2491,1500,94,0.422991670298122,-131.84126984127,-1,-1,-1
2491,1500,95,-2.28654723177967,-130.84126984127,-1,-1,-1
2491,500,96,1.53103731374439,-129.84126984127,1,-1,-1
2491,1500,97,2.18744593673674,-128.84126984127,-1,1,-1
2491,1500,98,-0.34358348992003,-127.84126984127,-1,-1,1
2491,500,99,1.00161821872736,-126.84126984127,1,-1,-1
2491,500,100,4.09118418943624,-125.84126984127,1,1,-1
2491,500,101,7.88707310314548,-124.84126984127,1,1,1
2491,500,102,2.45622816368301,-123.84126984127,1,1,1
2491,500,103,8.06596380840221,-122.84126984127,1,1,1
2491,500,104,6.04869935191497,-121.84126984127,1,1,1
2491,1500,105,2.39734064019185,-120.84126984127,-1,1,1
2491,1500,106,-0.945607162859955,-119.84126984127,-1,-1,1
2491,1500,107,-2.65401956801339,-118.84126984127,-1,-1,-1
2491,1500,108,1.07543054555973,-117.84126984127,-1,-1,-1
2491,1500,109,-1.54383814631297,-116.84126984127,-1,-1,-1
2491,1500,110,-1.49277603256008,-115.84126984127,-1,-1,-1
2491,1500,111,-0.491185086224819,-114.84126984127,-1,-1,-1
2491,500,112,-1.39754346432366,-113.84126984127,1,-1,-1
2491,500,113,7.04804954559173,-112.84126984127,1,1,-1
2491,1500,114,1.41461041924086,-111.84126984127,-1,1,1
2491,1500,115,-1.17261705781671,-110.84126984127,-1,-1,1
2491,1500,116,-1.72378014488746,-109.84126984127,-1,-1,-1
2491,1500,117,-0.458308249991376,-108.84126984127,-1,-1,-1
2491,1500,118,-0.754351158131393,-107.84126984127,-1,-1,-1
2491,500,119,-0.066514435386265,-106.84126984127,1,-1,-1
2491,1500,120,4.21004043037893,-105.84126984127,-1,1,-1
2491,1500,121,4.83527751649353,-104.84126984127,-1,-1,1
2491,1500,122,-4.0160114440056,-103.84126984127,-1,-1,-1
2491,1500,123,-3.11442017460601,-102.84126984127,-1,-1,-1
2491,1500,125,-1.08470966122458,-100.84126984127,-1,-1,-1
2491,500,126,-1.67475771505224,-99.8412698412698,1,-1,-1
2491,500,127,4.53632517118955,-98.8412698412698,1,1,-1
2491,500,129,9.77887558302573,-96.8412698412698,1,-1,1
2491,1500,130,6.57106087255717,-95.8412698412698,-1,1,-1
2491,500,131,9.11410078498553,-94.8412698412698,1,-1,1
2491,1500,132,4.18622324902548,-93.8412698412698,-1,1,-1
2491,500,133,10.7580673736518,-92.8412698412698,1,-1,1
2491,1500,134,8.53988185924955,-91.8412698412698,-1,1,-1
2491,1500,135,0.539700485419482,-90.8412698412698,-1,-1,1
2491,500,136,5.08519998742771,-89.8412698412698,1,-1,-1
2491,500,137,4.34112382801704,-88.8412698412698,1,1,-1
2491,1500,138,7.02242053220134,-87.8412698412698,-1,1,1
2491,500,139,2.77351490609835,-86.8412698412698,1,-1,1
2491,1500,141,-2.81410464780699,-84.8412698412698,-1,-1,1
2491,500,142,0.142371381092535,-83.8412698412698,1,-1,-1
2491,1500,143,-1.21556070502687,-82.8412698412698,-1,1,-1
2491,1500,144,-3.09229868043845,-81.8412698412698,-1,-1,1
2491,500,145,-2.20968238710135,-80.8412698412698,1,-1,-1
2491,500,146,4.30404014346347,-79.8412698412698,1,1,-1
2491,500,147,7.31639227484903,-78.8412698412698,1,1,1
2491,500,148,4.52754368467203,-77.8412698412698,1,1,1
2491,500,149,12.4749058497131,-76.8412698412698,1,1,1
2491,1500,150,1.72196099151215,-75.8412698412698,-1,1,1
2491,500,151,1.98092364949864,-74.8412698412698,1,-1,1
2491,1500,152,1.73180672855223,-73.8412698412698,-1,1,-1
2491,1500,153,-4.4197992623286,-72.8412698412698,-1,-1,1
2491,500,154,0.204369247185235,-71.8412698412698,1,-1,-1
2491,1500,155,1.55836153721037,-70.8412698412698,-1,1,-1
2491,500,156,1.36235006567766,-69.8412698412698,1,-1,1
2491,1500,157,-2.79332256606054,-68.8412698412698,-1,1,-1
2491,500,158,1.59678492528541,-67.8412698412698,1,-1,1
2491,500,159,1.86380692093056,-66.8412698412698,1,1,-1
2491,500,160,6.46963008507702,-65.8412698412698,1,1,1
2491,1500,161,3.07408970453137,-64.8412698412698,-1,1,1
2491,500,162,2.56341393665162,-63.8412698412698,1,-1,1
2491,1500,163,0.103475564571092,-62.8412698412698,-1,1,-1
2491,500,164,4.564824427316,-61.8412698412698,1,-1,1
2491,500,165,7.17928341134756,-60.8412698412698,1,1,-1
2491,500,166,8.27316789662943,-59.8412698412698,1,1,1
2491,1500,167,-1.99205454023743,-58.8412698412698,-1,1,1
2491,500,168,0.00821884630402492,-57.8412698412698,1,-1,1
2491,500,169,1.21322089530605,-56.8412698412698,1,1,-1
2491,1500,170,0.148360823245042,-55.8412698412698,-1,1,1
2491,1500,171,-2.21453756262007,-54.8412698412698,-1,-1,1
2491,500,172,0.592228834238365,-53.8412698412698,1,-1,-1
2491,500,173,4.71981483294443,-52.8412698412698,1,1,-1
2491,1500,174,2.8484968611621,-51.8412698412698,-1,1,1
2491,500,175,2.16829494071232,-50.8412698412698,1,-1,1
2491,1500,176,-0.893923172724367,-49.8412698412698,-1,1,-1
2491,1500,177,1.97586351538344,-48.8412698412698,-1,-1,1
2491,1500,178,7.05501595249872,-47.8412698412698,-1,-1,-1
2491,1500,179,-1.88924949287219,-46.8412698412698,-1,-1,-1
2491,1500,180,0.451155944283332,-45.8412698412698,-1,-1,-1
2491,500,181,0.102696959622905,-44.8412698412698,1,-1,-1
2491,500,182,5.27863698395191,-43.8412698412698,1,1,-1
2491,500,183,2.29755844607965,-42.8412698412698,1,1,1
2491,500,184,4.44024289688124,-41.8412698412698,1,1,1
2491,1500,185,1.05404956408517,-40.8412698412698,-1,1,1
2491,1500,186,1.92661979241926,-39.8412698412698,-1,-1,1
2491,500,187,6.68925294047802,-38.8412698412698,1,-1,-1
2491,500,188,3.81773397224854,-37.8412698412698,1,1,-1
2491,500,189,8.49008390790483,-36.8412698412698,1,1,1
2491,500,190,4.2906692230531,-35.8412698412698,1,1,1
2491,500,191,4.51570008034192,-34.8412698412698,1,1,1
2491,1500,192,3.19650760570516,-33.8412698412698,-1,1,1
2491,500,193,-0.360101526048045,-32.8412698412698,1,-1,1
2491,1500,194,-2.46859970393358,-31.8412698412698,-1,1,-1
2491,500,195,-0.999163958529762,-30.8412698412698,1,-1,1
2491,1500,196,-2.75507009097301,-29.8412698412698,-1,1,-1
2491,500,197,0.0749662301119149,-28.8412698412698,1,-1,1
2491,500,198,3.81557502382008,-27.8412698412698,1,1,-1
2491,1500,200,-4.76591003825215,-25.8412698412698,-1,-1,1
2491,1500,201,-8.43415161911491,-24.8412698412698,-1,-1,-1
2491,1500,202,-2.99530817487621,-23.8412698412698,-1,-1,-1
2491,500,203,-2.63474105965366,-22.8412698412698,1,-1,-1
2491,500,204,1.06132030214326,-21.8412698412698,1,1,-1
2491,500,205,9.00343695595243,-20.8412698412698,1,1,1
2491,500,206,9.75258300947844,-19.8412698412698,1,1,1
2491,1500,207,1.4943757992714,-18.8412698412698,-1,1,1
2491,500,208,3.2679412015406,-17.8412698412698,1,-1,1
2491,500,209,4.71203705216966,-16.8412698412698,1,1,-1
2491,500,210,10.7182895793887,-15.8412698412698,1,1,1
2491,500,211,7.45416936218358,-14.8412698412698,1,1,1
2491,500,212,8.19489343873513,-13.8412698412698,1,1,1
2491,1500,213,3.52397626852242,-12.8412698412698,-1,1,1
2491,1500,214,0.145701237030032,-11.8412698412698,-1,-1,1
2491,1500,215,0.666776169522242,-10.8412698412698,-1,-1,-1
2491,500,216,2.92482483093566,-9.84126984126985,1,-1,-1
2491,500,217,13.9212083866191,-8.84126984126985,1,1,-1
2491,1500,218,7.94604300513228,-7.84126984126985,-1,1,1
2491,1500,219,6.64452063667811,-6.84126984126985,-1,-1,1
2491,500,220,11.7387655497231,-5.84126984126985,1,-1,-1
2491,1500,221,1.47984112237271,-4.84126984126985,-1,1,-1
2491,500,222,6.13441529711441,-3.84126984126985,1,-1,1
2491,500,223,7.57985875403033,-2.84126984126985,1,1,-1
2491,1500,224,3.41719341730544,-1.84126984126985,-1,1,1
2491,500,225,10.6648481828507,-0.841269841269849,1,-1,1
2491,500,226,3.64269543278712,0.158730158730151,1,1,-1
2491,500,227,5.4463773688623,1.15873015873015,1,1,1
2491,500,228,6.15262210976636,2.15873015873015,1,1,1
2491,1500,229,3.40286272018015,3.15873015873015,-1,1,1
2491,500,230,-0.0363460519000149,4.15873015873015,1,-1,1
2491,500,231,1.69443924436011,5.15873015873015,1,1,-1
2491,1500,232,0.213589325132662,6.15873015873015,-1,1,1
2491,500,233,0.815475830502585,7.15873015873015,1,-1,1
2491,500,234,9.09092296820323,8.15873015873015,1,1,-1
2491,1500,235,-1.56814489444694,9.15873015873015,-1,1,1
2491,1500,236,-0.996472114563291,10.1587301587302,-1,-1,1
2491,500,237,0.0949225932132749,11.1587301587302,1,-1,-1
2491,500,238,3.58613479094155,12.1587301587302,1,1,-1
2491,500,239,-0.931859952490298,13.1587301587302,1,1,1
2491,500,240,4.93702212410681,14.1587301587302,1,1,1
2491,1500,241,-2.17424858961324,15.1587301587302,-1,1,1
2491,500,242,-2.97726375833969,16.1587301587302,1,-1,1
2491,500,243,-0.641746354053875,17.1587301587302,1,1,-1
2491,500,244,-4.61705407594114,18.1587301587302,1,1,1
2491,1500,245,-0.993394159959568,19.1587301587302,-1,1,1
2491,500,246,-3.10840395875163,20.1587301587302,1,-1,1
2491,500,247,-0.403855082422885,21.1587301587302,1,1,-1
2491,500,248,-0.536806416239285,22.1587301587302,1,1,1
2491,500,249,0.399118285885885,23.1587301587302,1,1,1
2491,500,250,1.42691430774059,24.1587301587302,1,1,1
2491,500,251,-2.71847270092988,25.1587301587302,1,1,1
2491,1500,252,2.16742736445326,26.1587301587302,-1,1,1
2491,500,253,2.74706233400984,27.1587301587302,1,-1,1
2491,1500,254,2.71783746266478,28.1587301587302,-1,1,-1
2491,500,255,1.73450832102731,29.1587301587302,1,-1,1
2491,500,256,1.93560000630707,30.1587301587302,1,1,-1
2491,1500,258,-1.98480878169179,32.1587301587302,-1,1,1
2491,500,259,3.05064379743686,33.1587301587302,1,-1,1
2491,1500,260,1.53857538517811,34.1587301587302,-1,1,-1
2491,500,261,-1.86300439723239,35.1587301587302,1,-1,1
2491,500,262,0.146709017863115,36.1587301587302,1,1,-1
2491,1500,263,1.84095983992796,37.1587301587302,-1,1,1
2491,500,264,1.91708109948015,38.1587301587302,1,-1,1
2491,500,265,5.37916154256813,39.1587301587302,1,1,-1
2491,500,266,-4.20172290737711,40.1587301587302,1,1,1
2491,500,267,-1.65401820510999,41.1587301587302,1,1,1
2491,500,268,7.53301202589435,42.1587301587302,1,1,1
2491,1500,269,2.25550732322832,43.1587301587302,-1,1,1
2491,1500,270,-4.28676869380349,44.1587301587302,-1,-1,1
2491,1500,271,-7.23364801801269,45.1587301587302,-1,-1,-1
2491,1500,272,-5.51411458314672,46.1587301587302,-1,-1,-1
2491,1500,273,-4.61104863990432,47.1587301587302,-1,-1,-1
2491,500,274,-5.57657781328918,48.1587301587302,1,-1,-1
2491,500,275,2.24441198642588,49.1587301587302,1,1,-1
2491,1500,276,-3.32535316253411,50.1587301587302,-1,1,1
2491,1500,277,-3.86084287300569,51.1587301587302,-1,-1,1
2491,1500,278,-5.31984723397594,52.1587301587302,-1,-1,-1
2491,500,279,-2.05133389599504,53.1587301587302,1,-1,-1
2491,500,280,4.51897903939684,54.1587301587302,1,1,-1
2491,500,281,2.83383623439451,55.1587301587302,1,1,1
2491,1500,282,-1.00541141354749,56.1587301587302,-1,1,1
2491,1500,283,0.0980166593161618,57.1587301587302,-1,-1,1
2491,1500,284,-1.38160492157656,58.1587301587302,-1,-1,-1
2491,1500,285,-2.83921038118858,59.1587301587302,-1,-1,-1
2491,1500,287,-4.09261958045859,61.1587301587302,-1,-1,-1
2491,1500,288,-6.35909746325633,62.1587301587302,-1,-1,-1
2491,500,289,-2.31035276133587,63.1587301587302,1,-1,-1
2491,500,290,-3.69369404280744,64.1587301587302,1,1,-1
2491,1500,291,0.220547195897232,65.1587301587302,-1,1,1
2491,500,292,-2.71998281304906,66.1587301587302,1,-1,1
2491,500,293,0.510083420753325,67.1587301587302,1,1,-1
2491,500,294,4.1954323402097,68.1587301587302,1,1,1
2491,500,295,15.0134814295059,69.1587301587302,1,1,1
2491,1500,296,5.65835303655444,70.1587301587302,-1,1,1
2491,1500,297,3.64115221522826,71.1587301587302,-1,-1,1
2491,500,298,5.25544609057965,72.1587301587302,1,-1,-1
2491,500,299,12.8598305994382,73.1587301587302,1,1,-1
2491,500,300,12.9843688970158,74.1587301587302,1,1,1
2491,1500,301,8.04990327331068,75.1587301587302,-1,1,1
2491,1500,302,-0.391037262116751,76.1587301587302,-1,-1,1
2491,500,303,4.61858425808047,77.1587301587302,1,-1,-1
2491,500,304,4.6676552153206,78.1587301587302,1,1,-1
2491,500,305,6.23061923278349,79.1587301587302,1,1,1
2491,500,306,6.5722528266594,80.1587301587302,1,1,1
2491,500,307,5.55164483508899,81.1587301587302,1,1,1
2491,1500,308,-0.650898884478652,82.1587301587302,-1,1,1
2491,1500,309,-3.74925990423473,83.1587301587302,-1,-1,1
2491,1500,310,-7.98142384604953,84.1587301587302,-1,-1,-1
2491,500,311,0.348768497531485,85.1587301587302,1,-1,-1
2491,1500,313,-4.22569370049055,87.1587301587302,-1,-1,1
2491,500,314,-0.230332842675605,88.1587301587302,1,-1,-1
2491,500,315,0.585571145510585,89.1587301587302,1,1,-1
2491,1500,316,-1.86369408454067,90.1587301587302,-1,1,1
2491,500,317,7.25138345094915,91.1587301587302,1,-1,1
2491,1500,318,1.73528317486131,92.1587301587302,-1,1,-1
2491,1500,319,1.15174916680973,93.1587301587302,-1,-1,1
2491,1500,320,-7.4044118866431,94.1587301587302,-1,-1,-1
2491,500,321,-2.60275803188339,95.1587301587302,1,-1,-1
2491,500,322,3.90371215405432,96.1587301587302,1,1,-1
2491,1500,323,-0.0562874384638692,97.1587301587302,-1,1,1
2491,500,324,2.09282865359256,98.1587301587302,1,-1,1
2491,1500,325,5.38721522493538,99.1587301587302,-1,1,-1
2491,500,326,-3.00220841350036,100.15873015873,1,-1,1
2491,1500,327,-1.56035384107271,101.15873015873,-1,1,-1
2491,1500,329,-6.68970254190768,103.15873015873,-1,-1,-1
2491,500,330,0.274906745661315,104.15873015873,1,-1,-1
2491,1500,331,-5.90823861757047,105.15873015873,-1,1,-1
2491,500,332,-1.3159624556818,106.15873015873,1,-1,1
2491,1500,333,-1.1157349287172,107.15873015873,-1,1,-1
2491,1500,334,-3.34562265678406,108.15873015873,-1,-1,1
2491,500,335,-0.844775933977975,109.15873015873,1,-1,-1
2491,1500,336,-1.63619257871247,110.15873015873,-1,1,-1
2491,1500,337,-0.583128876633234,111.15873015873,-1,-1,1
2491,500,338,-1.71363332141532,112.15873015873,1,-1,-1
2491,1500,339,-1.7728904922358,113.15873015873,-1,1,-1
2491,1500,340,-4.18594274177101,114.15873015873,-1,-1,1
2491,1500,341,-0.440219770099901,115.15873015873,-1,-1,-1
2491,500,342,-7.82511850096185,116.15873015873,1,-1,-1
2491,1500,343,-2.36942978059409,117.15873015873,-1,1,-1
2491,1500,345,-7.05009012672742,119.15873015873,-1,-1,-1
2491,500,346,-1.66406483405402,120.15873015873,1,-1,-1
2491,500,347,2.02048741393495,121.15873015873,1,1,-1
2491,500,348,2.68467548861634,122.15873015873,1,1,1
2491,1500,349,3.01777889845525,123.15873015873,-1,1,1
2491,500,350,1.69896877000384,124.15873015873,1,-1,1
2491,1500,351,1.53559493252668,125.15873015873,-1,1,-1
2491,1500,352,-2.4283927854842,126.15873015873,-1,-1,1
2491,1500,353,2.40047058885445,127.15873015873,-1,-1,-1
2491,500,354,-2.919020348874,128.15873015873,1,-1,-1
2491,1500,355,-3.51041069985537,129.15873015873,-1,1,-1
2491,500,356,-1.99304078257244,130.15873015873,1,-1,1
2491,500,357,-2.56467060736683,131.15873015873,1,1,-1
2491,1500,358,-3.32405457739709,132.15873015873,-1,1,1
2491,500,359,0.0383612482719349,133.15873015873,1,-1,1
2491,1500,360,-5.68143188058038,134.15873015873,-1,1,-1
2491,1500,361,-5.8295402944277,135.15873015873,-1,-1,1
2491,1500,362,-2.05285702898593,136.15873015873,-1,-1,-1
2491,1500,363,-4.76544137662333,137.15873015873,-1,-1,-1
2491,1500,364,-12.0809411900593,138.15873015873,-1,-1,-1
2491,500,365,-5.33036918767614,139.15873015873,1,-1,-1
2491,1500,366,-7.45376320078674,140.15873015873,-1,1,-1
2491,500,367,-0.748674498550915,141.15873015873,1,-1,1
2491,500,368,2.74280435032145,142.15873015873,1,1,-1
2491,1500,369,-1.65067023929189,143.15873015873,-1,1,1
2491,500,370,0.147228514176855,144.15873015873,1,-1,1
2491,1500,371,-3.00227444730803,145.15873015873,-1,1,-1
2491,500,372,-2.5884678687428,146.15873015873,1,-1,1
2491,1500,373,-3.53338039952138,147.15873015873,-1,1,-1
2491,500,374,-0.837959439841885,148.15873015873,1,-1,1
2491,500,375,0.373972385664115,149.15873015873,1,1,-1
2491,1500,376,-3.02609612130835,150.15873015873,-1,1,1
2491,1500,377,-6.61273653065866,151.15873015873,-1,-1,1
2491,1500,378,-5.06080548549664,152.15873015873,-1,-1,-1
2491,1500,379,-4.00250484290678,153.15873015873,-1,-1,-1
2491,1500,380,-6.5053231677198,154.15873015873,-1,-1,-1
2491,500,381,0.0205269846376051,155.15873015873,1,-1,-1
2491,500,382,-2.82697109809,156.15873015873,1,1,-1
2491,500,383,-2.76491882966295,157.15873015873,1,1,1
2491,500,384,1.6198752271195,158.15873015873,1,1,1
2491,500,385,4.76657790185961,159.15873015873,1,1,1
2491,1500,386,-3.57246473627501,160.15873015873,-1,1,1
2491,500,387,-1.97767256053308,161.15873015873,1,-1,1
2491,1500,388,-2.130287659452,162.15873015873,-1,1,-1
2491,1500,389,-5.98275972250474,163.15873015873,-1,-1,1
2491,500,390,-4.52448514208421,164.15873015873,1,-1,-1
2491,1500,391,-5.17922887424328,165.15873015873,-1,1,-1
2491,1500,392,-7.6887928507497,166.15873015873,-1,-1,1
2491,1500,393,-8.19540381333241,167.15873015873,-1,-1,-1
2491,500,394,-4.27581937528121,168.15873015873,1,-1,-1
2491,1500,395,-2.41564800826706,169.15873015873,-1,1,-1
2491,500,396,-5.01523059528762,170.15873015873,1,-1,1
2491,500,397,-1.8411442389933,171.15873015873,1,1,-1
2491,1500,398,-7.74536924939451,172.15873015873,-1,1,1
2491,500,399,-4.34629520665827,173.15873015873,1,-1,1
2491,1500,400,-9.00916415724539,174.15873015873,-1,1,-1
2491,500,401,-2.71960959401021,175.15873015873,1,-1,1
2491,500,402,-4.17111006061844,176.15873015873,1,1,-1
2491,500,403,-2.7616378875837,177.15873015873,1,1,1
2491,1500,404,-5.33211575266308,178.15873015873,-1,1,1
2491,1500,405,-1.60862122226444,179.15873015873,-1,-1,1
2491,1500,406,-11.1411972511849,180.15873015873,-1,-1,-1
2491,1500,407,-6.70493566888243,181.15873015873,-1,-1,-1
2491,500,408,-4.64453712549322,182.15873015873,1,-1,-1
2491,1500,409,-3.8841298893488,183.15873015873,-1,1,-1
2491,1500,410,-6.80896432800235,184.15873015873,-1,-1,1
2491,1500,411,-6.22607046639095,185.15873015873,-1,-1,-1
2491,1500,412,-9.46811465743938,186.15873015873,-1,-1,-1
2491,1500,413,-10.2819348965266,187.15873015873,-1,-1,-1
2491,1500,414,-6.79283433134401,188.15873015873,-1,-1,-1
2491,1500,415,-7.55248659206471,189.15873015873,-1,-1,-1
2491,1500,416,-4.174563144488,190.15873015873,-1,-1,-1
2491,500,417,-3.49830260302932,191.15873015873,1,-1,-1
2491,500,418,-0.567153054303835,192.15873015873,1,1,-1
2491,1500,419,-5.18050615134245,193.15873015873,-1,1,1
2491,1500,420,-6.91787413708222,194.15873015873,-1,-1,1
