Subject,goDelay,subTrial,HA,Time,Rot_t,Rot_t1,Rot_t2
2576,500,23,6.77813130210473,-197.752,1,1,1
2576,1500,24,5.32220676096378,-196.752,-1,1,1
2576,500,25,-3.89087873423463,-195.752,1,-1,1
2576,500,26,5.90401641213858,-194.752,1,1,-1
2576,1500,27,-2.64137857688953,-193.752,-1,1,1
2576,1500,28,-4.03548299147342,-192.752,-1,-1,1
2576,500,29,-3.87671112378058,-191.752,1,-1,-1
2576,1500,30,4.73296563850089,-190.752,-1,1,-1
2576,500,31,2.66876007596699,-189.752,1,-1,1
2576,1500,32,7.12846993258221,-188.752,-1,1,-1
2576,500,33,-5.11810375442881,-187.752,1,-1,1
2576,500,34,-5.9531966103633,-186.752,1,1,-1
2576,1500,36,2.70688438866569,-184.752,-1,-1,1
2576,500,37,-12.6087053876867,-183.752,1,-1,-1
2576,1500,38,-0.299615031380179,-182.752,-1,1,-1
2576,500,40,9.09742676774846,-180.752,1,-1,-1
2576,1500,41,8.28024972138887,-179.752,-1,1,-1
2576,1500,42,-17.5845240464542,-178.752,-1,-1,1
2576,1500,43,-10.3011533853237,-177.752,-1,-1,-1
2576,500,44,-0.510746938416948,-176.752,1,-1,-1
2576,500,45,5.01244234600332,-175.752,1,1,-1
2576,1500,46,5.04996431047562,-174.752,-1,1,1
2576,500,47,-6.85026371657589,-173.752,1,-1,1
2576,1500,48,-1.65543091173647,-172.752,-1,1,-1
2576,500,49,-4.08266043935206,-171.752,1,-1,1
2576,500,50,-1.50074412356337,-170.752,1,1,-1
2576,1500,51,6.72269970558875,-169.752,-1,1,1
2576,500,52,2.13029787675941,-168.752,1,-1,1
2576,1500,54,1.42524223093741,-166.752,-1,1,1
2576,500,55,3.57962606545457,-165.752,1,-1,1
2576,500,56,22.7673295464543,-164.752,1,1,-1
2576,1500,57,23.9657171127,-163.752,-1,1,1
2576,1500,58,-9.29949710484622,-162.752,-1,-1,1
2576,500,59,-15.8839428047993,-161.752,1,-1,-1
2576,500,60,2.54208971020846,-160.752,1,1,-1
2576,500,61,4.3058402912079,-159.752,1,1,1
2576,1500,62,1.26132543910783,-158.752,-1,1,1
2576,1500,63,6.60969655943414,-157.752,-1,-1,1
2576,1500,64,8.11621413348396,-156.752,-1,-1,-1
2576,1500,65,-0.0709312020959689,-155.752,-1,-1,-1
2576,1500,66,2.47948841290936,-154.752,-1,-1,-1
2576,500,67,3.27982324497257,-153.752,1,-1,-1
2576,500,68,-1.40866236893319,-152.752,1,1,-1
2576,1500,69,-2.60522871946027,-151.752,-1,1,1
2576,1500,70,8.35465712196617,-150.752,-1,-1,1
2576,1500,71,0.541353711669461,-149.752,-1,-1,-1
2576,1500,72,5.52114187121046,-148.752,-1,-1,-1
2576,1500,73,2.3312188179298,-147.752,-1,-1,-1
2576,500,74,8.18739095944011,-146.752,1,-1,-1
2576,1500,75,6.90494156001281,-145.752,-1,1,-1
2576,500,76,-5.16738015413757,-144.752,1,-1,1
2576,500,77,-1.05998453588382,-143.752,1,1,-1
2576,1500,78,4.37228754621647,-142.752,-1,1,1
2576,1500,79,-0.443180000157659,-141.752,-1,-1,1
2576,500,81,-11.2183910893242,-139.752,1,-1,-1
2576,1500,82,1.42813090516701,-138.752,-1,1,-1
2576,1500,83,5.21471436091878,-137.752,-1,-1,1
2576,500,84,8.29174505085315,-136.752,1,-1,-1
2576,1500,85,-3.83442233384633,-135.752,-1,1,-1
2576,1500,86,0.157166262677361,-134.752,-1,-1,1
2576,500,87,9.86601986902126,-133.752,1,-1,-1
2576,1500,88,8.13529164199968,-132.752,-1,1,-1
2576,500,89,3.93803240251242,-131.752,1,-1,1
2576,1500,90,6.57148441519942,-130.752,-1,1,-1
2576,500,91,11.3094041200645,-129.752,1,-1,1
2576,500,92,17.6325986306857,-128.752,1,1,-1
2576,500,93,15.5086678599196,-127.752,1,1,1
2576,1500,94,9.94573341511707,-126.752,-1,1,1
2576,500,95,7.08276367568956,-125.752,1,-1,1
2576,500,96,14.2395753105973,-124.752,1,1,-1
2576,500,97,13.7383326839442,-123.752,1,1,1
2576,1500,98,11.8000796567448,-122.752,-1,1,1
2576,1500,99,4.91886282029389,-121.752,-1,-1,1
2576,1500,100,-3.76200392447735,-120.752,-1,-1,-1
2576,500,101,10.0816942714213,-119.752,1,-1,-1
2576,500,102,4.53278486169052,-118.752,1,1,-1
2576,500,103,7.140392282455,-117.752,1,1,1
2576,1500,104,6.38371921852923,-116.752,-1,1,1
2576,500,105,3.52019645959671,-115.752,1,-1,1
2576,1500,106,0.219769959715161,-114.752,-1,1,-1
2576,1500,107,-3.89746458867409,-113.752,-1,-1,1
2576,500,108,3.14907056336829,-112.752,1,-1,-1
2576,500,110,9.76459408961876,-110.752,1,-1,1
2576,1500,111,2.85124470180166,-109.752,-1,1,-1
2576,1500,112,0.0517686314088512,-108.752,-1,-1,1
2576,1500,113,-2.35055373310544,-107.752,-1,-1,-1
2576,1500,114,-5.53674175151299,-106.752,-1,-1,-1
2576,500,115,-2.4067855452467,-105.752,1,-1,-1
2576,500,116,5.16995318071421,-104.752,1,1,-1
2576,1500,117,3.61454264666834,-103.752,-1,1,1
2576,500,118,8.36625424218556,-102.752,1,-1,1
2576,500,119,2.582827243853,-101.752,1,1,-1
2576,500,120,8.99002391533493,-100.752,1,1,1
2576,1500,121,6.87531183508121,-99.752,-1,1,1
2576,500,123,5.05810995262218,-97.752,1,-1,-1
2576,1500,124,0.314006892840781,-96.752,-1,1,-1
2576,500,125,3.32484428431886,-95.752,1,-1,1
2576,500,126,7.20122276324566,-94.752,1,1,-1
2576,1500,127,0.207105567929501,-93.752,-1,1,1
2576,1500,128,-3.90846320027952,-92.752,-1,-1,1
2576,1500,129,-0.121214889236919,-91.752,-1,-1,-1
2576,500,132,1.14752730232887,-88.752,1,-1,-1
2576,500,133,9.06354798062239,-87.752,1,1,-1
2576,1500,134,0.0251659756385012,-86.752,-1,1,1
2576,500,135,2.04665896305508,-85.752,1,-1,1
2576,1500,136,0.753699450622111,-84.752,-1,1,-1
2576,500,137,-1.25664604181344,-83.752,1,-1,1
2576,500,138,7.03528054105366,-82.752,1,1,-1
2576,1500,139,7.0449556017959,-81.752,-1,1,1
2576,1500,140,1.67907733798354,-80.752,-1,-1,1
2576,500,141,1.66156571143266,-79.752,1,-1,-1
2576,500,142,5.40575664519148,-78.752,1,1,-1
2576,500,143,6.63664175438787,-77.752,1,1,1
2576,1500,145,-2.65637969456609,-75.752,-1,-1,1
2576,1500,146,-4.84160974982717,-74.752,-1,-1,-1
2576,500,147,-0.951235956859455,-73.752,1,-1,-1
2576,500,148,-2.42588437998095,-72.752,1,1,-1
2576,500,149,4.32290173739533,-71.752,1,1,1
2576,500,150,5.99170769004418,-70.752,1,1,1
2576,500,151,7.86489451481243,-69.752,1,1,1
2576,1500,152,-1.26115888772558,-68.752,-1,1,1
2576,500,153,9.85563920326396,-67.752,1,-1,1
2576,500,154,6.2854046446287,-66.752,1,1,-1
2576,500,155,0.925530270921381,-65.752,1,1,1
2576,500,156,4.25410201583866,-64.752,1,1,1
2576,500,157,12.0234214580674,-63.752,1,1,1
2576,1500,158,3.48532927483767,-62.752,-1,1,1
2576,1500,159,-4.68273056996539,-61.752,-1,-1,1
2576,500,160,4.67739639284682,-60.752,1,-1,-1
2576,500,161,0.385583066577551,-59.752,1,1,-1
2576,500,162,1.4426689851644,-58.752,1,1,1
2576,500,163,14.4083655173609,-57.752,1,1,1
2576,500,164,3.85049442658481,-56.752,1,1,1
2576,500,165,13.3119951244855,-55.752,1,1,1
2576,1500,166,-1.00149168914061,-54.752,-1,1,1
2576,500,167,15.9598129482747,-53.752,1,-1,1
2576,500,168,19.160280495695,-52.752,1,1,-1
2576,500,169,5.57319264810495,-51.752,1,1,1
2576,1500,170,6.5707535645538,-50.752,-1,1,1
2576,500,171,-2.08480568608769,-49.752,1,-1,1
2576,500,172,4.89367554536046,-48.752,1,1,-1
2576,1500,173,6.02945628841613,-47.752,-1,1,1
2576,500,174,4.7110528417165,-46.752,1,-1,1
2576,500,175,8.12954862704778,-45.752,1,1,-1
2576,1500,176,2.72432581963066,-44.752,-1,1,1
2576,1500,177,9.25286426160207,-43.752,-1,-1,1
2576,500,178,8.48299643834028,-42.752,1,-1,-1
2576,500,179,11.6447235590005,-41.752,1,1,-1
2576,500,180,0.519706898986581,-40.752,1,1,1
2576,500,181,1.02049213238715,-39.752,1,1,1
2576,500,182,4.31986441165925,-38.752,1,1,1
2576,1500,183,-0.572504873590379,-37.752,-1,1,1
2576,1500,184,3.05439744854026,-36.752,-1,-1,1
2576,1500,185,1.10092695488827,-35.752,-1,-1,-1
2576,1500,186,-1.36974006073341,-34.752,-1,-1,-1
2576,500,187,4.26279218963458,-33.752,1,-1,-1
2576,500,188,2.91601671544516,-32.752,1,1,-1
2576,1500,189,9.39282375088567,-31.752,-1,1,1
2576,1500,190,5.69148870585827,-30.752,-1,-1,1
2576,500,191,-0.0876211318076557,-29.752,1,-1,-1
2576,1500,192,4.11894450484794,-28.752,-1,1,-1
2576,1500,193,-1.97329074585067,-27.752,-1,-1,1
2576,500,194,1.99026535959655,-26.752,1,-1,-1
2576,500,195,3.7133309182633,-25.752,1,1,-1
2576,1500,196,-2.27891064424858,-24.752,-1,1,1
2576,1500,197,-1.25443505703417,-23.752,-1,-1,1
2576,1500,198,-0.0987155931959389,-22.752,-1,-1,-1
2576,1500,199,2.18705915713201,-21.752,-1,-1,-1
2576,500,200,10.8334642597625,-20.752,1,-1,-1
2576,500,201,-2.08242662547539,-19.752,1,1,-1
2576,1500,202,-3.27017842397956,-18.752,-1,1,1
2576,500,203,4.88345168826937,-17.752,1,-1,1
2576,500,204,5.83139454588212,-16.752,1,1,-1
2576,1500,206,-2.08775003718888,-14.752,-1,-1,1
2576,1500,207,-1.4839511312184,-13.752,-1,-1,-1
2576,500,208,6.56345535011187,-12.752,1,-1,-1
2576,500,209,0.00463045631256731,-11.752,1,1,-1
2576,1500,210,0.317789936388391,-10.752,-1,1,1
2576,1500,211,-0.778515234068018,-9.75200000000001,-1,-1,1
2576,1500,212,-2.09126136442075,-8.75200000000001,-1,-1,-1
2576,500,213,10.0982076868133,-7.75200000000001,1,-1,-1
2576,500,214,7.67394956408511,-6.75200000000001,1,1,-1
2576,1500,215,2.11973157079357,-5.75200000000001,-1,1,1
2576,500,216,1.48099239266298,-4.75200000000001,1,-1,1
2576,1500,217,2.11062636411413,-3.75200000000001,-1,1,-1
2576,1500,218,1.03085834941113,-2.75200000000001,-1,-1,1
2576,1500,219,-5.25815718248956,-1.75200000000001,-1,-1,-1
2576,500,220,5.65195404449084,-0.75200000000001,1,-1,-1
2576,500,221,5.63511147298254,0.24799999999999,1,1,-1
2576,500,222,10.2227632288838,1.24799999999999,1,1,1
2576,500,223,10.0636976746368,2.24799999999999,1,1,1
2576,1500,224,-6.03759938067838,3.24799999999999,-1,1,1
2576,500,225,0.350834521186071,4.24799999999999,1,-1,1
2576,1500,226,2.83819143649299,5.24799999999999,-1,1,-1
2576,500,227,2.36235579059417,6.24799999999999,1,-1,1
2576,500,228,7.59147470142349,7.24799999999999,1,1,-1
2576,500,229,8.22446385323615,8.24799999999999,1,1,1
2576,500,230,10.0529616940696,9.24799999999999,1,1,1
2576,500,231,18.5765311494581,10.248,1,1,1
2576,1500,232,2.85209202021228,11.248,-1,1,1
2576,1500,233,4.67563888644687,12.248,-1,-1,1
2576,1500,234,2.90210248070498,13.248,-1,-1,-1
2576,1500,235,5.23865394708298,14.248,-1,-1,-1
2576,1500,236,-4.54219736726565,15.248,-1,-1,-1
2576,500,237,7.33999804679827,16.248,1,-1,-1
2576,500,238,6.98537801960142,17.248,1,1,-1
2576,1500,239,4.56109655218564,18.248,-1,1,1
2576,500,240,-0.78416173411697,19.248,1,-1,1
2576,1500,241,-1.06571221329207,20.248,-1,1,-1
2576,1500,242,-4.26807542207099,21.248,-1,-1,1
2576,500,243,-2.74111492213029,22.248,1,-1,-1
2576,1500,244,-4.51082188485297,23.248,-1,1,-1
2576,500,245,-5.02917482866274,24.248,1,-1,1
2576,1500,246,3.4615288008742,25.248,-1,1,-1
2576,500,247,3.05810921119966,26.248,1,-1,1
2576,1500,249,-7.32007242943387,28.248,-1,-1,1
2576,500,251,5.11843014525058,30.248,1,-1,-1
2576,500,252,18.5050335273479,31.248,1,1,-1
2576,500,253,-0.640808894604408,32.248,1,1,1
2576,1500,254,2.3385168176663,33.248,-1,1,1
2576,500,255,-2.22725657433039,34.248,1,-1,1
2576,500,256,3.18535404350768,35.248,1,1,-1
2576,1500,257,-2.50432661905128,36.248,-1,1,1
2576,1500,258,-4.48812859430967,37.248,-1,-1,1
2576,500,259,1.4981964210642,38.248,1,-1,-1
2576,1500,260,-2.18973562266173,39.248,-1,1,-1
2576,1500,261,-3.50703455966487,40.248,-1,-1,1
2576,500,262,-2.24700466218878,41.248,1,-1,-1
2576,500,263,-0.36048687872048,42.248,1,1,-1
2576,500,264,2.92416932300761,43.248,1,1,1
2576,500,265,4.29485629704079,44.248,1,1,1
2576,1500,266,3.99977750207589,45.248,-1,1,1
2576,1500,267,1.04430699923806,46.248,-1,-1,1
2576,1500,268,0.923982831379171,47.248,-1,-1,-1
2576,500,269,6.68998528246148,48.248,1,-1,-1
2576,1500,270,0.867830390394071,49.248,-1,1,-1
2576,500,271,9.38341755700376,50.248,1,-1,1
2576,1500,272,5.20169740244403,51.248,-1,1,-1
2576,1500,273,0.0761046444315612,52.248,-1,-1,1
2576,1500,274,-1.12168862275478,53.248,-1,-1,-1
2576,1500,275,0.00744577791276124,54.248,-1,-1,-1
2576,500,276,-0.377523891510597,55.248,1,-1,-1
2576,1500,277,1.63242790525935,56.248,-1,1,-1
2576,500,279,1.5639316437445,58.248,1,-1,-1
2576,1500,280,-5.11886450340718,59.248,-1,1,-1
2576,1500,281,-2.19877009651178,60.248,-1,-1,1
2576,1500,282,-1.69183544271364,61.248,-1,-1,-1
2576,1500,283,-7.59353990344733,62.248,-1,-1,-1
2576,1500,285,-4.51193980062526,64.248,-1,-1,-1
2576,500,286,5.80517076440773,65.248,1,-1,-1
2576,1500,287,-0.100395623238949,66.248,-1,1,-1
2576,1500,288,-2.46273478277554,67.248,-1,-1,1
2576,500,289,5.25076708283868,68.248,1,-1,-1
2576,1500,290,5.04717872372347,69.248,-1,1,-1
2576,1500,291,3.57093502812304,70.248,-1,-1,1
2576,500,292,6.6589134517556,71.248,1,-1,-1
2576,500,293,12.9507811371658,72.248,1,1,-1
2576,500,294,14.5270729780408,73.248,1,1,1
2576,1500,295,7.60833905939063,74.248,-1,1,1
2576,500,296,7.01437845438827,75.248,1,-1,1
2576,1500,297,-1.90531416372966,76.248,-1,1,-1
2576,1500,298,3.07071731230052,77.248,-1,-1,1
2576,1500,299,2.26635909190894,78.248,-1,-1,-1
2576,500,300,6.22438772601831,79.248,1,-1,-1
2576,500,301,5.35159470985769,80.248,1,1,-1
2576,1500,302,5.41261818725619,81.248,-1,1,1
2576,500,303,4.17415934123653,82.248,1,-1,1
2576,500,304,10.2355226812715,83.248,1,1,-1
2576,500,305,9.29358768066426,84.248,1,1,1
2576,1500,306,1.21666106070812,85.248,-1,1,1
2576,1500,307,2.92886144330189,86.248,-1,-1,1
2576,1500,308,3.07411747649661,87.248,-1,-1,-1
2576,500,309,1.91322794377507,88.248,1,-1,-1
2576,500,310,2.33476162508844,89.248,1,1,-1
2576,1500,311,6.52167845567539,90.248,-1,1,1
2576,500,312,9.76565340715346,91.248,1,-1,1
2576,500,313,5.70440094481178,92.248,1,1,-1
2576,500,314,20.8743287702881,93.248,1,1,1
2576,1500,316,4.22004091088407,95.248,-1,-1,1
2576,500,317,6.26590937380164,96.248,1,-1,-1
2576,500,318,0.0426147397373833,97.248,1,1,-1
2576,1500,319,11.2123474928602,98.248,-1,1,1
2576,1500,321,-3.10144204294892,100.248,-1,-1,-1
2576,500,322,11.1341560992996,101.248,1,-1,-1
2576,500,323,6.55874298520993,102.248,1,1,-1
2576,1500,324,4.0667076087383,103.248,-1,1,1
2576,1500,325,7.58413386688165,104.248,-1,-1,1
2576,1500,326,3.94060242635122,105.248,-1,-1,-1
2576,1500,327,1.33732196688876,106.248,-1,-1,-1
2576,1500,328,-0.386409713539379,107.248,-1,-1,-1
2576,500,329,6.09479161039625,108.248,1,-1,-1
2576,1500,330,9.18373966685017,109.248,-1,1,-1
2576,500,331,7.02699629991387,110.248,1,-1,1
2576,500,332,19.5645575738877,111.248,1,1,-1
2576,1500,333,12.0233881232851,112.248,-1,1,1
2576,500,334,7.09554715708344,113.248,1,-1,1
2576,500,335,11.5082612799135,114.248,1,1,-1
2576,1500,336,15.1635626122506,115.248,-1,1,1
2576,500,337,-2.62495200942475,116.248,1,-1,1
2576,1500,338,1.96805169346174,117.248,-1,1,-1
2576,500,339,0.712619513985811,118.248,1,-1,1
2576,1500,340,-4.77754971083556,119.248,-1,1,-1
2576,500,341,4.78268477220037,120.248,1,-1,1
2576,500,342,2.75688370065004,121.248,1,1,-1
2576,500,343,5.7600057420305,122.248,1,1,1
2576,1500,344,6.94343393480119,123.248,-1,1,1
2576,1500,345,3.98890468638026,124.248,-1,-1,1
2576,1500,346,4.56680641248424,125.248,-1,-1,-1
2576,500,347,3.06966053077877,126.248,1,-1,-1
2576,500,348,12.675143901016,127.248,1,1,-1
2576,500,349,11.374977857013,128.248,1,1,1
2576,500,350,14.9639182622057,129.248,1,1,1
2576,500,351,16.0279541526114,130.248,1,1,1
2576,1500,352,12.31186871454,131.248,-1,1,1
2576,1500,353,-0.423207012595919,132.248,-1,-1,1
2576,500,354,10.5389227694191,133.248,1,-1,-1
2576,500,355,7.22621537070622,134.248,1,1,-1
2576,500,356,13.4068159251446,135.248,1,1,1
2576,500,357,16.6677933004979,136.248,1,1,1
2576,500,358,16.4037397706218,137.248,1,1,1
2576,500,359,20.3104068101945,138.248,1,1,1
2576,1500,361,8.06662345426988,140.248,-1,-1,1
2576,1500,362,4.88156177865604,141.248,-1,-1,-1
2576,1500,364,-1.00761261004869,143.248,-1,-1,-1
2576,500,366,9.14897911369116,145.248,1,-1,-1
2576,500,367,28.2132901787215,146.248,1,1,-1
2576,1500,368,15.2381334480894,147.248,-1,1,1
2576,500,369,19.0435782533242,148.248,1,-1,1
2576,500,371,8.64264230355846,150.248,1,-1,1
2576,1500,372,9.25191818006497,151.248,-1,1,-1
2576,500,373,5.26073178718224,152.248,1,-1,1
2576,500,374,26.1053321138994,153.248,1,1,-1
2576,1500,375,2.06513741892465,154.248,-1,1,1
2576,1500,376,2.57146060485742,155.248,-1,-1,1
2576,500,377,4.31359508628759,156.248,1,-1,-1
2576,500,379,-0.331207627927385,158.248,1,-1,1
2576,500,380,12.2158601124614,159.248,1,1,-1
2576,500,381,8.38087362939817,160.248,1,1,1
2576,1500,382,6.91054492218877,161.248,-1,1,1
2576,1500,383,2.23689248962834,162.248,-1,-1,1
2576,1500,384,2.74606975458038,163.248,-1,-1,-1
2576,500,386,1.61592229312609,165.248,1,-1,-1
2576,1500,387,1.80309802454656,166.248,-1,1,-1
2576,500,388,3.37542652807383,167.248,1,-1,1
2576,1500,389,5.33874377455164,168.248,-1,1,-1
2576,500,390,5.19520234852429,169.248,1,-1,1
2576,500,391,6.95687402262563,170.248,1,1,-1
2576,1500,392,7.85683024330017,171.248,-1,1,1
2576,1500,393,0.754164941036271,172.248,-1,-1,1
2576,1500,394,-2.19582585110228,173.248,-1,-1,-1
2576,500,395,1.0005111103627,174.248,1,-1,-1
2576,500,396,7.07923443694828,175.248,1,1,-1
2576,1500,397,3.34176866140511,176.248,-1,1,1
2576,1500,398,-0.530241468687379,177.248,-1,-1,1
2576,1500,399,9.40099237059167,178.248,-1,-1,-1
2576,500,400,11.8267658692411,179.248,1,-1,-1
2576,1500,401,9.16375633940817,180.248,-1,1,-1
2576,1500,402,0.353868750987741,181.248,-1,-1,1
2576,1500,403,15.2572344118855,182.248,-1,-1,-1
2576,500,404,8.79099927007675,183.248,1,-1,-1
2576,1500,405,7.21657381973016,184.248,-1,1,-1
2576,500,406,11.711952426315,185.248,1,-1,1
2576,500,407,17.1606589473639,186.248,1,1,-1
2576,1500,408,2.19161586975302,187.248,-1,1,1
2576,500,409,14.4880130532346,188.248,1,-1,1
2576,500,410,11.9033097583775,189.248,1,1,-1
2576,500,412,7.56286342502957,191.248,1,-1,1
2576,500,413,11.1944773884189,192.248,1,1,-1
2576,1500,414,0.560461331571311,193.248,-1,1,1
2576,500,415,6.2222564273243,194.248,1,-1,1
2576,1500,416,4.43303388504235,195.248,-1,1,-1
2576,1500,417,7.36982828811546,196.248,-1,-1,1
2576,1500,418,-0.578188064063669,197.248,-1,-1,-1
2576,500,419,6.03050202734258,198.248,1,-1,-1
2576,500,420,11.1039595607914,199.248,1,1,-1
2579,1500,23,-6.50356363197138,-203.787878787879,-1,-1,1
2579,500,25,-29.0398269048461,-201.787878787879,1,-1,-1
2579,1500,26,-28.1969128423577,-200.787878787879,-1,1,-1
2579,500,28,-18.4394234504071,-198.787878787879,1,1,-1
2579,500,29,-11.0953752329538,-197.787878787879,1,1,1
2579,1500,30,-7.56638122558388,-196.787878787879,-1,1,1
2579,1500,31,-27.1972462420458,-195.787878787879,-1,-1,1
2579,500,33,-13.5820842967219,-193.787878787879,1,1,-1
2579,1500,34,-7.76087077092245,-192.787878787879,-1,1,1
2579,1500,35,-27.6593222952932,-191.787878787879,-1,-1,1
2579,500,36,-20.8010383556408,-190.787878787879,1,-1,-1
2579,1500,37,-27.4454733619538,-189.787878787879,-1,1,-1
2579,1500,38,-31.539405814904,-188.787878787879,-1,-1,1
2579,1500,40,-21.5794616782468,-186.787878787879,-1,-1,-1
2579,1500,43,-25.834704353609,-183.787878787879,-1,1,-1
2579,500,44,-21.5142313590402,-182.787878787879,1,-1,1
2579,500,45,-12.7625528408577,-181.787878787879,1,1,-1
2579,1500,46,-13.06157003815,-180.787878787879,-1,1,1
2579,500,47,-17.0901918299656,-179.787878787879,1,-1,1
2579,1500,48,-20.363232830496,-178.787878787879,-1,1,-1
2579,500,49,-19.4834572922743,-177.787878787879,1,-1,1
2579,1500,50,-18.0774779648312,-176.787878787879,-1,1,-1
2579,1500,51,-17.4698305071875,-175.787878787879,-1,-1,1
2579,1500,52,-25.235913521611,-174.787878787879,-1,-1,-1
2579,500,53,-19.741869813703,-173.787878787879,1,-1,-1
2579,500,54,-18.2242442509494,-172.787878787879,1,1,-1
2579,500,55,-14.2243304755775,-171.787878787879,1,1,1
2579,1500,56,-11.4687011764893,-170.787878787879,-1,1,1
2579,500,57,-23.3702422174232,-169.787878787879,1,-1,1
2579,1500,58,-19.4827351881273,-168.787878787879,-1,1,-1
2579,500,59,-14.7312701712402,-167.787878787879,1,-1,1
2579,1500,60,-19.505058318395,-166.787878787879,-1,1,-1
2579,500,61,-18.878677647659,-165.787878787879,1,-1,1
2579,1500,63,-16.3827269900187,-163.787878787879,-1,-1,1
2579,500,64,-20.6357432641899,-162.787878787879,1,-1,-1
2579,500,65,-20.2181443403727,-161.787878787879,1,1,-1
2579,500,67,-23.2729303028991,-159.787878787879,1,-1,1
2579,500,68,-17.7521229983584,-158.787878787879,1,1,-1
2579,500,69,-14.8528573093254,-157.787878787879,1,1,1
2579,500,70,-5.33955045281149,-156.787878787879,1,1,1
2579,500,71,-12.6645919738731,-155.787878787879,1,1,1
2579,1500,72,-12.3559021442669,-154.787878787879,-1,1,1
2579,500,73,-5.9502013022243,-153.787878787879,1,-1,1
2579,500,74,-4.67804267345413,-152.787878787879,1,1,-1
2579,500,76,-22.00425703786,-150.787878787879,1,-1,1
2579,1500,77,-27.1179180180502,-149.787878787879,-1,1,-1
2579,500,78,-27.7704378029875,-148.787878787879,1,-1,1
2579,500,79,-13.3591335269267,-147.787878787879,1,1,-1
2579,1500,80,-16.6109089058756,-146.787878787879,-1,1,1
2579,1500,81,-20.246985847719,-145.787878787879,-1,-1,1
2579,1500,82,-26.778960072727,-144.787878787879,-1,-1,-1
2579,1500,83,-24.782983210085,-143.787878787879,-1,-1,-1
2579,1500,84,-26.9472307481365,-142.787878787879,-1,-1,-1
2579,500,85,-31.1777379025733,-141.787878787879,1,-1,-1
2579,500,86,-18.7116384947742,-140.787878787879,1,1,-1
2579,1500,87,-17.3746010354746,-139.787878787879,-1,1,1
2579,500,92,-30.1314618459204,-134.787878787879,1,1,-1
2579,500,95,-28.3971160870886,-131.787878787879,1,1,-1
2579,500,97,-29.8583454673313,-129.787878787879,1,-1,1
2579,500,98,-18.7594258159385,-128.787878787879,1,1,-1
2579,1500,99,-18.5474747439089,-127.787878787879,-1,1,1
2579,500,100,-18.3149960740503,-126.787878787879,1,-1,1
2579,1500,101,-25.7102174494994,-125.787878787879,-1,1,-1
2579,500,102,-30.6138252875787,-124.787878787879,1,-1,1
2579,500,104,-23.4635865678429,-122.787878787879,1,-1,1
2579,1500,105,-18.7773998454906,-121.787878787879,-1,1,-1
2579,1500,106,-28.5942632054913,-120.787878787879,-1,-1,1
2579,1500,107,-31.4922639998278,-119.787878787879,-1,-1,-1
2579,1500,110,-27.656232407025,-116.787878787879,-1,1,-1
2579,500,113,-22.7794608308732,-113.787878787879,1,1,-1
2579,1500,114,-13.4193890484925,-112.787878787879,-1,1,1
2579,1500,115,-22.9719233476605,-111.787878787879,-1,-1,1
2579,500,116,-19.4605239602345,-110.787878787879,1,-1,-1
2579,1500,117,-25.8258572966646,-109.787878787879,-1,1,-1
2579,500,118,-24.8137302265999,-108.787878787879,1,-1,1
2579,1500,119,-22.0205350862283,-107.787878787879,-1,1,-1
2579,1500,120,-27.1200533442203,-106.787878787879,-1,-1,1
2579,1500,123,-26.9164158019115,-103.787878787879,-1,1,-1
2579,500,124,-26.3166149119388,-102.787878787879,1,-1,1
2579,500,125,-16.607725016832,-101.787878787879,1,1,-1
2579,1500,126,-13.8071268561102,-100.787878787879,-1,1,1
2579,500,129,-24.5897658770769,-97.7878787878788,1,1,-1
2579,1500,130,-28.585110633704,-96.7878787878788,-1,1,1
2579,1500,131,-25.0348457310504,-95.7878787878788,-1,-1,1
2579,1500,132,-30.4552962517163,-94.7878787878788,-1,-1,-1
2579,500,135,-31.7829089954005,-91.7878787878788,1,-1,-1
2579,1500,136,-26.1334113876763,-90.7878787878788,-1,1,-1
2579,1500,137,-29.5059370289173,-89.7878787878788,-1,-1,1
2579,500,139,-28.8084292831202,-87.7878787878788,1,-1,-1
2579,1500,140,-30.740140667484,-86.7878787878788,-1,1,-1
2579,500,141,-30.9149561007468,-85.7878787878788,1,-1,1
2579,500,143,-26.3058087678322,-83.7878787878788,1,-1,1
2579,1500,145,-27.4535611942391,-81.7878787878788,-1,-1,1
2579,500,146,-30.8735808567133,-80.7878787878788,1,-1,-1
2579,500,147,-13.5193117542115,-79.7878787878788,1,1,-1
2579,500,148,-14.5021209069444,-78.7878787878788,1,1,1
2579,1500,149,-13.2442896236986,-77.7878787878788,-1,1,1
2579,500,150,-14.3446007997748,-76.7878787878788,1,-1,1
2579,1500,151,-18.7970078779891,-75.7878787878788,-1,1,-1
2579,500,152,-21.9598853955587,-74.7878787878788,1,-1,1
2579,500,153,-14.1222404595758,-73.7878787878788,1,1,-1
2579,500,154,-14.9186280387257,-72.7878787878788,1,1,1
2579,1500,155,-13.5084701428379,-71.7878787878788,-1,1,1
2579,1500,156,-23.0923956816628,-70.7878787878788,-1,-1,1
2579,500,157,-24.1603978186078,-69.7878787878788,1,-1,-1
2579,500,158,-19.8820023653216,-68.7878787878788,1,1,-1
2579,500,159,-18.0572796878547,-67.7878787878788,1,1,1
2579,500,160,-17.2888656067992,-66.7878787878788,1,1,1
2579,1500,161,-23.9963311351697,-65.7878787878788,-1,1,1
2579,1500,163,-31.920928769973,-63.7878787878788,-1,-1,-1
2579,1500,164,-28.5970895565571,-62.7878787878788,-1,-1,-1
2579,500,168,-31.4594868815954,-58.7878787878788,1,-1,-1
2579,500,169,-29.513942284312,-57.7878787878788,1,1,-1
2579,500,172,-28.5394677364774,-54.7878787878788,1,-1,-1
2579,1500,173,-32.1627043043868,-53.7878787878788,-1,1,-1
2579,500,174,-24.8405128717569,-52.7878787878788,1,-1,1
2579,500,175,-25.0389884305797,-51.7878787878788,1,1,-1
2579,500,176,-15.4061445324702,-50.7878787878788,1,1,1
2579,500,177,-16.2996385096099,-49.7878787878788,1,1,1
2579,1500,178,-16.8948458833789,-48.7878787878788,-1,1,1
2579,500,179,-25.345677534975,-47.7878787878788,1,-1,1
2579,1500,180,-22.4012590137013,-46.7878787878788,-1,1,-1
2579,1500,182,-22.9879609362257,-44.7878787878788,-1,-1,-1
2579,1500,183,-30.6088057821058,-43.7878787878788,-1,-1,-1
2579,500,185,-25.123163136161,-41.7878787878788,1,-1,-1
2579,1500,186,-18.2198291057473,-40.7878787878788,-1,1,-1
2579,500,187,-16.8457924946297,-39.7878787878788,1,-1,1
2579,500,188,-16.2261896219907,-38.7878787878788,1,1,-1
2579,500,189,-11.880141683904,-37.7878787878788,1,1,1
2579,500,190,-16.536633722538,-36.7878787878788,1,1,1
2579,1500,191,-19.4184444006955,-35.7878787878788,-1,1,1
2579,500,192,-26.7647748035693,-34.7878787878788,1,-1,1
2579,500,193,-13.3173853821714,-33.7878787878788,1,1,-1
2579,500,194,-14.712435299559,-32.7878787878788,1,1,1
2579,1500,195,-19.8070407643658,-31.7878787878788,-1,1,1
2579,1500,196,-24.0483082015019,-30.7878787878788,-1,-1,1
2579,500,198,-23.438964327918,-28.7878787878788,1,-1,-1
2579,1500,200,-27.540919976667,-26.7878787878788,-1,-1,1
2579,500,201,-24.4827526070614,-25.7878787878788,1,-1,-1
2579,500,202,-16.238234419237,-24.7878787878788,1,1,-1
2579,1500,203,-19.8877996720262,-23.7878787878788,-1,1,1
2579,500,204,-16.4801448572676,-22.7878787878788,1,-1,1
2579,1500,205,-20.0902998911337,-21.7878787878788,-1,1,-1
2579,500,206,-19.0770983391744,-20.7878787878788,1,-1,1
2579,1500,207,-9.1906141370982,-19.7878787878788,-1,1,-1
2579,500,208,-18.2561002948918,-18.7878787878788,1,-1,1
2579,500,209,-10.7764066936598,-17.7878787878788,1,1,-1
2579,500,210,-15.2890999293417,-16.7878787878788,1,1,1
2579,500,211,-7.469210449469,-15.7878787878788,1,1,1
2579,500,212,-5.63996519222866,-14.7878787878788,1,1,1
2579,500,213,-1.02813797611403,-13.7878787878788,1,1,1
2579,1500,214,-8.5151696302868,-12.7878787878788,-1,1,1
2579,500,215,-4.2061778176926,-11.7878787878788,1,-1,1
2579,500,216,-14.1283937389521,-10.7878787878788,1,1,-1
2579,500,217,-14.2122805973347,-9.78787878787878,1,1,1
2579,500,218,-12.8664904650253,-8.78787878787878,1,1,1
2579,500,219,-13.3460968075705,-7.78787878787878,1,1,1
2579,1500,220,-4.87902192501749,-6.78787878787878,-1,1,1
2579,1500,221,-18.8416663242585,-5.78787878787878,-1,-1,1
2579,500,222,-24.9671892711977,-4.78787878787878,1,-1,-1
2579,1500,223,-24.4739715768568,-3.78787878787878,-1,1,-1
2579,500,225,-28.5547736727118,-1.78787878787878,1,-1,-1
2579,500,226,-20.4279793344271,-0.787878787878782,1,1,-1
2579,500,228,-20.1746405844274,1.21212121212122,1,-1,1
2579,500,230,-30.4122150437195,3.21212121212122,1,-1,1
2579,1500,231,-21.7365197449257,4.21212121212122,-1,1,-1
2579,500,232,-18.9916416513285,5.21212121212122,1,-1,1
2579,1500,233,-23.7815589939163,6.21212121212122,-1,1,-1
2579,500,234,-19.272656232988,7.21212121212122,1,-1,1
2579,1500,235,-23.7658256843724,8.21212121212122,-1,1,-1
2579,500,236,-22.6230297116603,9.21212121212122,1,-1,1
2579,500,237,-19.1270211677081,10.2121212121212,1,1,-1
2579,1500,238,-23.8429874559234,11.2121212121212,-1,1,1
2579,1500,239,-32.2675629717732,12.2121212121212,-1,-1,1
2579,1500,240,-30.348669140392,13.2121212121212,-1,-1,-1
2579,500,243,-13.4308230553958,16.2121212121212,1,1,-1
2579,500,244,-15.6273052401782,17.2121212121212,1,1,1
2579,1500,245,-11.5161125255368,18.2121212121212,-1,1,1
2579,1500,246,-21.9800076426108,19.2121212121212,-1,-1,1
2579,1500,247,-24.0893983920001,20.2121212121212,-1,-1,-1
2579,1500,248,-27.2675561745364,21.2121212121212,-1,-1,-1
2579,1500,249,-28.1881804961967,22.2121212121212,-1,-1,-1
2579,1500,252,-26.9418064112448,25.2121212121212,-1,1,-1
2579,500,253,-28.5478730908333,26.2121212121212,1,-1,1
2579,500,254,-11.8897353676978,27.2121212121212,1,1,-1
2579,500,255,-15.9425559331409,28.2121212121212,1,1,1
2579,1500,256,-15.6853047383219,29.2121212121212,-1,1,1
2579,1500,257,-22.6841580373709,30.2121212121212,-1,-1,1
2579,1500,258,-31.3138922959011,31.2121212121212,-1,-1,-1
2579,500,259,-27.1740144325028,32.2121212121212,1,-1,-1
2579,500,260,-15.9265632632253,33.2121212121212,1,1,-1
2579,500,261,-18.281775793349,34.2121212121212,1,1,1
2579,500,262,-16.4759477116697,35.2121212121212,1,1,1
2579,500,263,-12.8943908952468,36.2121212121212,1,1,1
2579,1500,264,-22.8199113662546,37.2121212121212,-1,1,1
2579,500,265,-22.7163073424078,38.2121212121212,1,-1,1
2579,500,266,-11.750420684441,39.2121212121212,1,1,-1
2579,500,267,-9.04916111317309,40.2121212121212,1,1,1
2579,1500,268,-19.4179398576706,41.2121212121212,-1,1,1
2579,500,269,-19.0250507063732,42.2121212121212,1,-1,1
2579,500,271,-28.6145065472377,44.2121212121212,1,-1,1
2579,500,272,-25.3960091912859,45.2121212121212,1,1,-1
2579,1500,273,-21.7613752582341,46.2121212121212,-1,1,1
2579,500,274,-22.1869536373206,47.2121212121212,1,-1,1
2579,1500,275,-22.4946908826587,48.2121212121212,-1,1,-1
2579,500,277,-30.9702648816687,50.2121212121212,1,-1,-1
2579,1500,278,-31.1522644151952,51.2121212121212,-1,1,-1
2579,1500,282,-27.415731954813,55.2121212121212,-1,-1,-1
2579,500,285,-30.5794834823402,58.2121212121212,1,-1,-1
2579,1500,286,-28.4443977915191,59.2121212121212,-1,1,-1
2579,500,288,-27.4055996206554,61.2121212121212,1,-1,-1
2579,1500,289,-20.418629385988,62.2121212121212,-1,1,-1
2579,500,290,-25.7798727015949,63.2121212121212,1,-1,1
2579,1500,291,-29.4305641693749,64.2121212121212,-1,1,-1
2579,500,292,-19.1217723337992,65.2121212121212,1,-1,1
2579,500,293,-18.317661518796,66.2121212121212,1,1,-1
2579,1500,294,-19.8636635506423,67.2121212121212,-1,1,1
2579,1500,295,-21.3383591600248,68.2121212121212,-1,-1,1
2579,500,296,-23.8113883327697,69.2121212121212,1,-1,-1
2579,500,297,-14.4725916835663,70.2121212121212,1,1,-1
2579,500,298,-17.8064016832716,71.2121212121212,1,1,1
2579,1500,299,-14.8742366440531,72.2121212121212,-1,1,1
2579,500,300,-20.5165208115744,73.2121212121212,1,-1,1
2579,1500,301,-17.3417835405073,74.2121212121212,-1,1,-1
2579,1500,302,-32.5147454521376,75.2121212121212,-1,-1,1
2579,500,303,-29.3479124052809,76.2121212121212,1,-1,-1
2579,500,304,-16.1103072496812,77.2121212121212,1,1,-1
2579,500,305,-15.6427353298276,78.2121212121212,1,1,1
2579,1500,306,-13.4791349833754,79.2121212121212,-1,1,1
2579,500,307,-13.1783142537548,80.2121212121212,1,-1,1
2579,1500,308,-13.9807762283656,81.2121212121212,-1,1,-1
2579,1500,309,-20.5620078521906,82.2121212121212,-1,-1,1
2579,500,310,-18.0838470414932,83.2121212121212,1,-1,-1
2579,1500,311,-16.4020923146085,84.2121212121212,-1,1,-1
2579,500,312,-4.2035045303026,85.2121212121212,1,-1,1
2579,1500,313,-15.7756911456787,86.2121212121212,-1,1,-1
2579,500,314,-18.0273728215086,87.2121212121212,1,-1,1
2579,1500,315,-18.1891534512236,88.2121212121212,-1,1,-1
2579,1500,317,-28.7755914020252,90.2121212121212,-1,-1,-1
2579,500,319,-18.8074125397629,92.2121212121212,1,-1,-1
2579,500,320,-12.6101385119503,93.2121212121212,1,1,-1
2579,1500,321,-20.7841710069203,94.2121212121212,-1,1,1
2579,1500,322,-25.6533323637822,95.2121212121212,-1,-1,1
2579,500,323,-18.450724336107,96.2121212121212,1,-1,-1
2579,500,324,-22.6436092827377,97.2121212121212,1,1,-1
2579,500,325,-19.9839088141003,98.2121212121212,1,1,1
2579,500,326,-17.5766717012676,99.2121212121212,1,1,1
2579,1500,327,-14.2068434393469,100.212121212121,-1,1,1
2579,500,328,-12.4855933049859,101.212121212121,1,-1,1
2579,1500,329,-14.4933495843348,102.212121212121,-1,1,-1
2579,500,330,-13.5794800241295,103.212121212121,1,-1,1
2579,1500,331,-26.8932814068445,104.212121212121,-1,1,-1
2579,500,332,-20.669500494686,105.212121212121,1,-1,1
2579,500,333,-12.2832758627222,106.212121212121,1,1,-1
2579,1500,334,-21.2105857640044,107.212121212121,-1,1,1
2579,500,335,-9.04100772831224,108.212121212121,1,-1,1
2579,500,336,-16.9564759705095,109.212121212121,1,1,-1
2579,500,337,-18.6541790054943,110.212121212121,1,1,1
2579,500,339,-16.4916814192347,112.212121212121,1,-1,1
2579,500,340,-14.7472285083189,113.212121212121,1,1,-1
2579,500,341,-0.239398877962028,114.212121212121,1,1,1
2579,500,342,-8.58941769437557,115.212121212121,1,1,1
2579,1500,343,-11.6448648570642,116.212121212121,-1,1,1
2579,1500,344,-21.7450633586024,117.212121212121,-1,-1,1
2579,1500,345,-19.4949217681363,118.212121212121,-1,-1,-1
2579,1500,346,-27.2405556797257,119.212121212121,-1,-1,-1
2579,500,347,-23.2494428773003,120.212121212121,1,-1,-1
2579,1500,348,-20.9172661473422,121.212121212121,-1,1,-1
2579,1500,350,-19.953479786165,123.212121212121,-1,-1,-1
2579,500,351,-22.5576262830672,124.212121212121,1,-1,-1
2579,500,352,0.490984055173442,125.212121212121,1,1,-1
2579,500,353,-14.2892873933248,126.212121212121,1,1,1
2579,1500,354,-12.9105445221689,127.212121212121,-1,1,1
2579,1500,355,-16.5973435925859,128.212121212121,-1,-1,1
2579,500,357,-17.6819588620853,130.212121212121,1,-1,-1
2579,1500,358,-19.2891253476706,131.212121212121,-1,1,-1
2579,1500,359,-12.5378738317919,132.212121212121,-1,-1,1
2579,500,360,-8.42083180589429,133.212121212121,1,-1,-1
2579,500,361,-18.0771631752757,134.212121212121,1,1,-1
2579,1500,362,-10.3295915440768,135.212121212121,-1,1,1
2579,500,363,-25.9801937555413,136.212121212121,1,-1,1
2579,1500,364,-16.6961549715537,137.212121212121,-1,1,-1
2579,1500,365,-30.1889254158005,138.212121212121,-1,-1,1
2579,1500,366,-29.5563536805958,139.212121212121,-1,-1,-1
2579,500,367,-12.0600978702705,140.212121212121,1,-1,-1
2579,500,368,-15.5354071007365,141.212121212121,1,1,-1
2579,500,369,-11.4909067362654,142.212121212121,1,1,1
2579,500,370,-4.14691491048479,143.212121212121,1,1,1
2579,500,371,-12.221092232187,144.212121212121,1,1,1
2579,500,372,-15.6310575810571,145.212121212121,1,1,1
2579,500,373,-10.9089204913511,146.212121212121,1,1,1
2579,1500,374,-19.2146951264902,147.212121212121,-1,1,1
2579,500,375,-4.93879198401817,148.212121212121,1,-1,1
2579,500,376,-16.6381880874748,149.212121212121,1,1,-1
2579,1500,377,-13.3134999519704,150.212121212121,-1,1,1
2579,1500,378,-25.0569853243389,151.212121212121,-1,-1,1
2579,500,380,-23.3823582942962,153.212121212121,1,-1,-1
2579,500,382,-14.3036051344425,155.212121212121,1,1,1
2579,500,384,-13.544758983635,157.212121212121,1,-1,1
2579,1500,385,-13.9322499862604,158.212121212121,-1,1,-1
2579,500,386,-11.3488819121237,159.212121212121,1,-1,1
2579,500,388,-17.467668593379,161.212121212121,1,-1,1
2579,1500,389,-19.2230629882321,162.212121212121,-1,1,-1
2579,500,390,-12.1323763545229,163.212121212121,1,-1,1
2579,1500,391,-12.6203354763114,164.212121212121,-1,1,-1
2579,1500,392,-15.2416841572989,165.212121212121,-1,-1,1
2579,500,393,-22.1483213766986,166.212121212121,1,-1,-1
2579,500,394,-20.5346097570879,167.212121212121,1,1,-1
2579,1500,395,-23.5964262740053,168.212121212121,-1,1,1
2579,1500,396,-29.326957985726,169.212121212121,-1,-1,1
2579,500,397,-21.555776376787,170.212121212121,1,-1,-1
2579,500,398,-15.0158087558375,171.212121212121,1,1,-1
2579,1500,399,-20.4269278517635,172.212121212121,-1,1,1
2579,1500,400,-23.5287782927686,173.212121212121,-1,-1,1
2579,1500,401,-25.9640061527119,174.212121212121,-1,-1,-1
2579,1500,402,-17.4906639852416,175.212121212121,-1,-1,-1
2579,500,403,-12.5681020409442,176.212121212121,1,-1,-1
2579,1500,404,-15.7979150958054,177.212121212121,-1,1,-1
2579,1500,405,-30.7529404258693,178.212121212121,-1,-1,1
2579,500,406,-18.6125776563785,179.212121212121,1,-1,-1
2579,1500,407,-21.800169974033,180.212121212121,-1,1,-1
2579,500,408,-20.9962644428668,181.212121212121,1,-1,1
2579,500,409,-14.0583254544099,182.212121212121,1,1,-1
2579,1500,410,-20.6151038889515,183.212121212121,-1,1,1
2579,500,411,-21.4938216420409,184.212121212121,1,-1,1
2579,500,413,-12.2164610919269,186.212121212121,1,-1,1
2579,500,415,-15.3357045725486,188.212121212121,1,-1,1
2579,500,416,-14.9554544166817,189.212121212121,1,1,-1
2579,500,417,-10.5198493394192,190.212121212121,1,1,1
2579,500,420,-14.4795715553878,193.212121212121,1,1,-1
2592,500,23,8.66218192354618,-219.80701754386,1,1,-1
2592,500,24,11.8138472004626,-218.80701754386,1,1,1
2592,500,25,17.0131656293165,-217.80701754386,1,1,1
2592,500,26,18.2090886008708,-216.80701754386,1,1,1
2592,500,27,19.8979951791624,-215.80701754386,1,1,1
2592,500,28,21.50793309965,-214.80701754386,1,1,1
2592,1500,29,23.3310992292996,-213.80701754386,-1,1,1
2592,500,30,18.8897239964968,-212.80701754386,1,-1,1
2592,1500,31,20.7424881150781,-211.80701754386,-1,1,-1
2592,500,32,21.1829366584839,-210.80701754386,1,-1,1
2592,500,33,21.3176804286342,-209.80701754386,1,1,-1
2592,500,34,25.3050221116007,-208.80701754386,1,1,1
2592,500,35,27.1910905577833,-207.80701754386,1,1,1
2592,500,37,22.477042666209,-205.80701754386,1,1,1
2592,500,38,27.4382792056861,-204.80701754386,1,1,1
2592,1500,41,28.9649500051851,-201.80701754386,-1,1,1
2592,1500,42,21.8577335697949,-200.80701754386,-1,-1,1
2592,1500,43,23.1294479705414,-199.80701754386,-1,-1,-1
2592,1500,44,18.7753478071308,-198.80701754386,-1,-1,-1
2592,500,45,10.9458619190429,-197.80701754386,1,-1,-1
2592,1500,46,22.8472331948495,-196.80701754386,-1,1,-1
2592,1500,47,19.1895697122787,-195.80701754386,-1,-1,1
2592,1500,48,21.1912670707198,-194.80701754386,-1,-1,-1
2592,500,49,24.6846491169656,-193.80701754386,1,-1,-1
2592,1500,50,21.5480797507418,-192.80701754386,-1,1,-1
2592,1500,51,19.4990640116262,-191.80701754386,-1,-1,1
2592,500,52,22.948554612148,-190.80701754386,1,-1,-1
2592,500,53,20.4280465464588,-189.80701754386,1,1,-1
2592,500,54,24.5169222089761,-188.80701754386,1,1,1
2592,500,56,27.8953968374481,-186.80701754386,1,1,1
2592,1500,57,25.8371824923881,-185.80701754386,-1,1,1
2592,1500,58,24.2351978469392,-184.80701754386,-1,-1,1
2592,1500,59,18.6264845466528,-183.80701754386,-1,-1,-1
2592,1500,60,20.6428143628688,-182.80701754386,-1,-1,-1
2592,500,61,24.1405339425164,-181.80701754386,1,-1,-1
2592,1500,62,25.8142219929966,-180.80701754386,-1,1,-1
2592,500,63,16.9370041087112,-179.80701754386,1,-1,1
2592,500,64,28.5493443254987,-178.80701754386,1,1,-1
2592,1500,66,21.9480938756743,-176.80701754386,-1,1,1
2592,500,67,22.3636580574193,-175.80701754386,1,-1,1
2592,1500,68,22.8104611819241,-174.80701754386,-1,1,-1
2592,500,71,27.0696650535808,-171.80701754386,1,-1,1
2592,500,72,27.9333959454321,-170.80701754386,1,1,-1
2592,500,80,18.1200200662387,-162.80701754386,1,-1,1
2592,1500,81,29.3462321667159,-161.80701754386,-1,1,-1
2592,1500,82,29.1076266614431,-160.80701754386,-1,-1,1
2592,500,84,26.5889137952025,-158.80701754386,1,1,-1
2592,1500,85,26.7008751658861,-157.80701754386,-1,1,1
2592,1500,86,22.6105139269019,-156.80701754386,-1,-1,1
2592,500,87,24.0683525954407,-155.80701754386,1,-1,-1
2592,500,88,27.1423928408215,-154.80701754386,1,1,-1
2592,1500,91,27.5710305094663,-151.80701754386,-1,1,-1
2592,1500,92,19.743637703606,-150.80701754386,-1,-1,1
2592,1500,93,22.4086355611808,-149.80701754386,-1,-1,-1
2592,500,94,22.4314608915551,-148.80701754386,1,-1,-1
2592,1500,100,26.6662215855995,-142.80701754386,-1,-1,1
2592,1500,101,19.0299587660977,-141.80701754386,-1,-1,-1
2592,500,102,15.8562359996622,-140.80701754386,1,-1,-1
2592,1500,103,28.113562488803,-139.80701754386,-1,1,-1
2592,1500,104,17.4904086867005,-138.80701754386,-1,-1,1
2592,1500,105,16.5184813117385,-137.80701754386,-1,-1,-1
2592,500,106,22.2003278693204,-136.80701754386,1,-1,-1
2592,1500,109,26.5037652284123,-133.80701754386,-1,-1,1
2592,500,110,21.5372361903673,-132.80701754386,1,-1,-1
2592,1500,111,28.2789720839845,-131.80701754386,-1,1,-1
2592,1500,112,16.9657441501425,-130.80701754386,-1,-1,1
2592,500,113,23.3532073725038,-129.80701754386,1,-1,-1
2592,500,118,23.5590251088017,-124.80701754386,1,1,-1
2592,1500,131,27.7849951843771,-111.80701754386,-1,1,-1
2592,1500,133,20.8664316975264,-109.80701754386,-1,1,-1
2592,500,134,26.89264178116,-108.80701754386,1,-1,1
2592,1500,135,27.4295557403294,-107.80701754386,-1,1,-1
2592,1500,136,20.3158088531202,-106.80701754386,-1,-1,1
2592,500,137,26.9796093852104,-105.80701754386,1,-1,-1
2592,1500,141,28.1869917734786,-101.80701754386,-1,-1,-1
2592,1500,144,27.0041206041981,-98.8070175438596,-1,-1,-1
2592,1500,148,23.1793617863945,-94.8070175438596,-1,1,1
2592,500,149,24.5292674853738,-93.8070175438596,1,-1,1
2592,500,159,19.2427736959638,-83.8070175438596,1,1,1
2592,1500,162,27.7857498052291,-80.8070175438596,-1,1,-1
2592,1500,169,27.5892979513023,-73.8070175438596,-1,1,1
2592,500,170,21.3189921827133,-72.8070175438596,1,-1,1
2592,1500,171,20.6535643544585,-71.8070175438596,-1,1,-1
2592,1500,172,26.5838189289324,-70.8070175438596,-1,-1,1
2592,1500,173,18.360002069596,-69.8070175438596,-1,-1,-1
2592,500,174,24.6716726298182,-68.8070175438596,1,-1,-1
2592,500,175,26.1252594429112,-67.8070175438596,1,1,-1
2592,500,176,24.648667739944,-66.8070175438596,1,1,1
2592,1500,180,27.5173815916134,-62.8070175438596,-1,-1,-1
2592,1500,181,27.1217389339978,-61.8070175438596,-1,-1,-1
2592,500,183,27.9496835526093,-59.8070175438596,1,1,-1
2592,500,197,26.3703934915535,-45.8070175438596,1,-1,1
2592,500,201,25.0980311922347,-41.8070175438596,1,-1,1
2592,500,202,26.2331418240422,-40.8070175438596,1,1,-1
2592,1500,207,24.6236911017421,-35.8070175438596,-1,-1,1
2592,500,208,18.2942468553573,-34.8070175438596,1,-1,-1
2592,500,209,21.7166915247403,-33.8070175438596,1,1,-1
2592,500,216,24.99270897685,-26.8070175438596,1,1,1
2592,500,217,21.8162520390194,-25.8070175438596,1,1,1
2592,500,218,24.5570620578809,-24.8070175438596,1,1,1
2592,1500,221,23.347410363201,-21.8070175438596,-1,-1,1
2592,500,222,28.4442723245226,-20.8070175438596,1,-1,-1
2592,500,223,22.5343720512931,-19.8070175438596,1,1,-1
2592,500,226,21.9892600483316,-16.8070175438596,1,-1,1
2592,1500,228,13.0295304525845,-14.8070175438596,-1,-1,1
2592,500,229,4.68558967373871,-13.8070175438596,1,-1,-1
2592,1500,230,21.0340694223077,-12.8070175438596,-1,1,-1
2592,1500,231,17.423766685052,-11.8070175438596,-1,-1,1
2592,1500,232,13.188681624519,-10.8070175438596,-1,-1,-1
2592,500,233,14.2441050140098,-9.80701754385964,1,-1,-1
2592,1500,234,22.2740995170558,-8.80701754385964,-1,1,-1
2592,500,235,18.6936143530246,-7.80701754385964,1,-1,1
2592,500,236,18.9924097707792,-6.80701754385964,1,1,-1
2592,500,237,20.2212867822961,-5.80701754385964,1,1,1
2592,1500,238,24.6385808010311,-4.80701754385964,-1,1,1
2592,1500,239,18.5854620705232,-3.80701754385964,-1,-1,1
2592,500,240,24.3993503227033,-2.80701754385964,1,-1,-1
2592,1500,241,18.3082527771858,-1.80701754385964,-1,1,-1
2592,1500,242,12.5537012414924,-0.807017543859644,-1,-1,1
2592,1500,243,10.0323313979916,0.192982456140356,-1,-1,-1
2592,1500,244,7.85726443918682,1.19298245614036,-1,-1,-1
2592,500,245,11.0606183435025,2.19298245614036,1,-1,-1
2592,1500,246,19.0679438103599,3.19298245614036,-1,1,-1
2592,1500,247,4.16734922394638,4.19298245614036,-1,-1,1
2592,1500,248,6.67190691964414,5.19298245614036,-1,-1,-1
2592,500,249,2.8572818592863,6.19298245614036,1,-1,-1
2592,500,250,4.26267954023624,7.19298245614036,1,1,-1
2592,500,251,17.4465075401915,8.19298245614036,1,1,1
2592,500,252,26.6640997289195,9.19298245614036,1,1,1
2592,1500,253,13.1166175655929,10.1929824561404,-1,1,1
2592,1500,254,13.7609512935651,11.1929824561404,-1,-1,1
2592,500,255,14.8040379891165,12.1929824561404,1,-1,-1
2592,1500,256,14.4097743344122,13.1929824561404,-1,1,-1
2592,500,257,9.59866276508958,14.1929824561404,1,-1,1
2592,500,258,21.7992921650068,15.1929824561404,1,1,-1
2592,1500,260,12.6877569374386,17.1929824561404,-1,-1,1
2592,500,261,10.9558132487532,18.1929824561404,1,-1,-1
2592,500,262,17.5600124593616,19.1929824561404,1,1,-1
2592,500,263,16.8582096856094,20.1929824561404,1,1,1
2592,1500,264,18.6727325028696,21.1929824561404,-1,1,1
2592,1500,265,11.1209349298413,22.1929824561404,-1,-1,1
2592,1500,266,12.7459318058729,23.1929824561404,-1,-1,-1
2592,500,267,17.8670010654319,24.1929824561404,1,-1,-1
2592,500,268,20.3573749367516,25.1929824561404,1,1,-1
2592,1500,269,18.2427323594103,26.1929824561404,-1,1,1
2592,1500,270,4.89779979668644,27.1929824561404,-1,-1,1
2592,1500,271,2.07103210872504,28.1929824561404,-1,-1,-1
2592,1500,272,4.60670957594959,29.1929824561404,-1,-1,-1
2592,1500,273,6.35419683035754,30.1929824561404,-1,-1,-1
2592,1500,274,2.05681094647047,31.1929824561404,-1,-1,-1
2592,1500,275,-0.354952689358004,32.1929824561404,-1,-1,-1
2592,500,276,4.24270970871767,33.1929824561404,1,-1,-1
2592,1500,277,6.57640456026689,34.1929824561404,-1,1,-1
2592,1500,278,-0.673482370077686,35.1929824561404,-1,-1,1
2592,500,279,0.735975476323037,36.1929824561404,1,-1,-1
2592,500,280,11.2551991066408,37.1929824561404,1,1,-1
2592,500,281,17.210953895741,38.1929824561404,1,1,1
2592,500,282,20.0368083100293,39.1929824561404,1,1,1
2592,1500,283,17.1549707108794,40.1929824561404,-1,1,1
2592,500,284,20.7811845542345,41.1929824561404,1,-1,1
2592,500,285,23.5267463377222,42.1929824561404,1,1,-1
2592,1500,287,29.3186611973005,44.1929824561404,-1,1,1
2592,500,288,28.2599446725308,45.1929824561404,1,-1,1
2592,1500,289,20.5738042372173,46.1929824561404,-1,1,-1
2592,500,290,20.9553985521575,47.1929824561404,1,-1,1
2592,1500,291,17.8402501673434,48.1929824561404,-1,1,-1
2592,1500,292,10.2138837587962,49.1929824561404,-1,-1,1
2592,1500,293,8.36189750869667,50.1929824561404,-1,-1,-1
2592,500,294,12.7551141633867,51.1929824561404,1,-1,-1
2592,1500,296,10.8615103512466,53.1929824561404,-1,-1,1
2592,500,297,10.8422660959136,54.1929824561404,1,-1,-1
2592,1500,298,6.27641591112518,55.1929824561404,-1,1,-1
2592,500,299,6.34431268275809,56.1929824561404,1,-1,1
2592,500,300,18.0504789691878,57.1929824561404,1,1,-1
2592,1500,301,27.0139596490611,58.1929824561404,-1,1,1
2592,1500,302,13.2764944514259,59.1929824561404,-1,-1,1
2592,500,303,13.5409477941557,60.1929824561404,1,-1,-1
2592,500,304,21.3108963617783,61.1929824561404,1,1,-1
2592,1500,305,16.299019582485,62.1929824561404,-1,1,1
2592,500,306,17.2909251037361,63.1929824561404,1,-1,1
2592,1500,307,23.1182207638971,64.1929824561404,-1,1,-1
2592,1500,308,15.9320129330043,65.1929824561404,-1,-1,1
2592,500,309,20.7288718144425,66.1929824561404,1,-1,-1
2592,1500,310,19.7053758766641,67.1929824561404,-1,1,-1
2592,1500,311,17.25905609513,68.1929824561404,-1,-1,1
2592,500,312,17.3736453485368,69.1929824561404,1,-1,-1
2592,500,313,22.0386198358438,70.1929824561404,1,1,-1
2592,1500,314,12.7878953198927,71.1929824561404,-1,1,1
2592,500,315,15.131747089043,72.1929824561404,1,-1,1
2592,1500,317,13.9167395550878,74.1929824561404,-1,-1,1
2592,500,318,15.5558870905955,75.1929824561404,1,-1,-1
2592,1500,319,9.41239290268577,76.1929824561404,-1,1,-1
2592,1500,320,1.42174188014028,77.1929824561404,-1,-1,1
2592,1500,321,1.10263232964174,78.1929824561404,-1,-1,-1
2592,500,322,6.20209309981856,79.1929824561404,1,-1,-1
2592,500,324,9.47629862407608,81.1929824561404,1,-1,1
2592,500,325,19.587872395677,82.1929824561404,1,1,-1
2592,500,326,24.7651258365828,83.1929824561404,1,1,1
2592,1500,327,16.1226807782097,84.1929824561404,-1,1,1
2592,500,328,13.5061224694976,85.1929824561404,1,-1,1
2592,500,329,14.2797582019459,86.1929824561404,1,1,-1
2592,1500,330,9.51137642933669,87.1929824561404,-1,1,1
2592,1500,331,10.518947070769,88.1929824561404,-1,-1,1
2592,1500,332,2.40318229888975,89.1929824561404,-1,-1,-1
2592,1500,333,2.54031190749084,90.1929824561404,-1,-1,-1
2592,500,334,6.2857591226474,91.1929824561404,1,-1,-1
2592,500,335,15.06890284966,92.1929824561404,1,1,-1
2592,1500,336,12.7266098325763,93.1929824561404,-1,1,1
2592,1500,337,14.157209266043,94.1929824561404,-1,-1,1
2592,500,338,3.14616192807361,95.1929824561404,1,-1,-1
2592,500,339,14.2916724505708,96.1929824561404,1,1,-1
2592,500,340,13.6868761195207,97.1929824561404,1,1,1
2592,500,341,17.2380726202663,98.1929824561404,1,1,1
2592,1500,342,14.1976526122858,99.1929824561404,-1,1,1
2592,1500,343,14.5215131986502,100.19298245614,-1,-1,1
2592,500,344,12.8781649955441,101.19298245614,1,-1,-1
2592,1500,345,6.17477790845,102.19298245614,-1,1,-1
2592,1500,346,8.46306696209365,103.19298245614,-1,-1,1
2592,1500,348,12.3684224871781,105.19298245614,-1,-1,-1
2592,1500,349,7.39102706726049,106.19298245614,-1,-1,-1
2592,500,350,6.64675667206809,107.19298245614,1,-1,-1
2592,1500,351,7.51373095717874,108.19298245614,-1,1,-1
2592,500,352,-5.51329831789583,109.19298245614,1,-1,1
2592,1500,353,-1.60789741401318,110.19298245614,-1,1,-1
2592,500,354,2.27987796624275,111.19298245614,1,-1,1
2592,1500,355,2.53057212985936,112.19298245614,-1,1,-1
2592,500,356,8.1202202101276,113.19298245614,1,-1,1
2592,500,357,-0.173302912286403,114.19298245614,1,1,-1
2592,1500,358,-2.1682176666005,115.19298245614,-1,1,1
2592,1500,359,-2.19616235308194,116.19298245614,-1,-1,1
2592,500,360,3.84746981264756,117.19298245614,1,-1,-1
2592,1500,361,0.500591145496612,118.19298245614,-1,1,-1
2592,1500,362,-1.10590682609049,119.19298245614,-1,-1,1
2592,1500,363,-8.04967933480004,120.19298245614,-1,-1,-1
2592,1500,364,-6.82476044056169,121.19298245614,-1,-1,-1
2592,1500,365,-7.792496876904,122.19298245614,-1,-1,-1
2592,500,367,2.53236801304424,124.19298245614,1,-1,-1
2592,1500,368,0.492241636697062,125.19298245614,-1,1,-1
2592,1500,370,-8.30757719366875,127.19298245614,-1,-1,-1
2592,500,371,2.05929631876638,128.19298245614,1,-1,-1
2592,500,372,11.7334853356185,129.19298245614,1,1,-1
2592,500,373,12.0785003896193,130.19298245614,1,1,1
2592,500,374,20.5245475451224,131.19298245614,1,1,1
2592,1500,375,13.0809707071871,132.19298245614,-1,1,1
2592,500,376,16.4842085227595,133.19298245614,1,-1,1
2592,1500,377,6.77765650656457,134.19298245614,-1,1,-1
2592,1500,378,8.561983653071,135.19298245614,-1,-1,1
2592,1500,379,-3.19991989372722,136.19298245614,-1,-1,-1
2592,1500,380,0.192119971334464,137.19298245614,-1,-1,-1
2592,1500,381,-2.83707427851677,138.19298245614,-1,-1,-1
2592,1500,382,-5.38580533938316,139.19298245614,-1,-1,-1
2592,500,384,3.8713900482473,141.19298245614,1,-1,-1
2592,500,385,15.7749296994691,142.19298245614,1,1,-1
2592,1500,386,9.69817763111519,143.19298245614,-1,1,1
2592,500,387,18.2898172504251,144.19298245614,1,-1,1
2592,1500,388,16.4748026815022,145.19298245614,-1,1,-1
2592,500,389,8.37753221477273,146.19298245614,1,-1,1
2592,1500,390,11.1132771604508,147.19298245614,-1,1,-1
2592,1500,391,4.5051180137435,148.19298245614,-1,-1,1
2592,1500,392,-1.46148371744462,149.19298245614,-1,-1,-1
2592,1500,393,-7.72817909909681,150.19298245614,-1,-1,-1
2592,1500,394,-3.60287677900025,151.19298245614,-1,-1,-1
2592,500,395,2.05597156732834,152.19298245614,1,-1,-1
2592,1500,396,1.78070007687612,153.19298245614,-1,1,-1
2592,500,397,3.68326407513359,154.19298245614,1,-1,1
2592,1500,398,5.62164217819475,155.19298245614,-1,1,-1
2592,1500,399,-6.54478729290187,156.19298245614,-1,-1,1
2592,500,400,-2.24825159803564,157.19298245614,1,-1,-1
2592,1500,401,-5.03326241484456,158.19298245614,-1,1,-1
2592,1500,402,-3.79177274497719,159.19298245614,-1,-1,1
2592,500,403,3.47948061489116,160.19298245614,1,-1,-1
2592,500,404,5.09941295333224,161.19298245614,1,1,-1
2592,1500,405,9.48938484530629,162.19298245614,-1,1,1
2592,1500,406,3.45750331535274,163.19298245614,-1,-1,1
2592,500,409,6.17847605791416,166.19298245614,1,-1,-1
2592,1500,410,8.3046801064403,167.19298245614,-1,1,-1
2592,500,412,3.85628523730483,169.19298245614,1,-1,-1
2592,500,413,8.39952669316634,170.19298245614,1,1,-1
2592,500,414,6.50851769123439,171.19298245614,1,1,1
2592,1500,415,9.14072874737672,172.19298245614,-1,1,1
2592,1500,416,4.72333869685087,173.19298245614,-1,-1,1
2592,500,417,16.0833317419088,174.19298245614,1,-1,-1
2592,500,418,17.4559410171506,175.19298245614,1,1,-1
2592,500,419,13.8698796779942,176.19298245614,1,1,1
2592,500,420,19.2989812669691,177.19298245614,1,1,1
2593,500,23,-2.84282695711197,-198.381720430108,1,-1,1
2593,1500,24,-1.83497675946172,-197.381720430108,-1,1,-1
2593,1500,25,-4.80833274407629,-196.381720430108,-1,-1,1
2593,500,26,1.10609335367218,-195.381720430108,1,-1,-1
2593,1500,28,-12.9683793329158,-193.381720430108,-1,-1,1
2593,500,29,-7.65583148109488,-192.381720430108,1,-1,-1
2593,500,30,-3.65986400235015,-191.381720430108,1,1,-1
2593,1500,31,0.0379453129082958,-190.381720430108,-1,1,1
2593,500,32,-5.05067406296319,-189.381720430108,1,-1,1
2593,1500,33,-2.73778033257224,-188.381720430108,-1,1,-1
2593,500,34,-1.3286409730137,-187.381720430108,1,-1,1
2593,500,35,3.95892629924456,-186.381720430108,1,1,-1
2593,1500,36,2.84452673711923,-185.381720430108,-1,1,1
2593,500,37,-3.12396872460901,-184.381720430108,1,-1,1
2593,1500,38,-8.22966041857831,-183.381720430108,-1,1,-1
2593,500,39,-1.30401330586368,-182.381720430108,1,-1,1
2593,1500,40,-10.2707762656632,-181.381720430108,-1,1,-1
2593,500,41,-5.66996691810001,-180.381720430108,1,-1,1
2593,500,42,-3.2212678329269,-179.381720430108,1,1,-1
2593,500,43,0.0895002416953345,-178.381720430108,1,1,1
2593,1500,44,-7.51775103503351,-177.381720430108,-1,1,1
2593,1500,45,-8.3125105413232,-176.381720430108,-1,-1,1
2593,500,46,-2.25103135216791,-175.381720430108,1,-1,-1
2593,500,48,-5.20922951122047,-173.381720430108,1,-1,1
2593,500,49,-4.77105774025417,-172.381720430108,1,1,-1
2593,1500,50,-0.696446843896734,-171.381720430108,-1,1,1
2593,1500,51,-7.9167885757209,-170.381720430108,-1,-1,1
2593,1500,52,-6.8504096238006,-169.381720430108,-1,-1,-1
2593,500,53,-6.44262232557338,-168.381720430108,1,-1,-1
2593,1500,54,-6.3905176581338,-167.381720430108,-1,1,-1
2593,500,55,-7.47691078214427,-166.381720430108,1,-1,1
2593,500,56,1.80273149868262,-165.381720430108,1,1,-1
2593,1500,57,1.27337966446026,-164.381720430108,-1,1,1
2593,500,58,3.13162170907185,-163.381720430108,1,-1,1
2593,1500,59,-9.9037247809115,-162.381720430108,-1,1,-1
2593,500,60,-2.76910280393819,-161.381720430108,1,-1,1
2593,500,61,-1.79095105696103,-160.381720430108,1,1,-1
2593,1500,62,-2.06676827187251,-159.381720430108,-1,1,1
2593,1500,63,-7.4735180798585,-158.381720430108,-1,-1,1
2593,1500,64,-10.8078396341473,-157.381720430108,-1,-1,-1
2593,500,65,-0.918400967900785,-156.381720430108,1,-1,-1
2593,500,66,1.45822845892946,-155.381720430108,1,1,-1
2593,500,67,0.194650611238494,-154.381720430108,1,1,1
2593,500,68,5.02342008367212,-153.381720430108,1,1,1
2593,1500,69,4.52026210770715,-152.381720430108,-1,1,1
2593,500,70,0.545652143740004,-151.381720430108,1,-1,1
2593,500,71,1.99038426612155,-150.381720430108,1,1,-1
2593,1500,72,-2.21580346444064,-149.381720430108,-1,1,1
2593,500,73,-2.64138436418216,-148.381720430108,1,-1,1
2593,500,74,1.6809251627281,-147.381720430108,1,1,-1
2593,500,75,4.8161730909281,-146.381720430108,1,1,1
2593,500,76,8.01218100120897,-145.381720430108,1,1,1
2593,1500,77,1.4607063027239,-144.381720430108,-1,1,1
2593,500,78,4.27831810334274,-143.381720430108,1,-1,1
2593,500,79,10.9011064907957,-142.381720430108,1,1,-1
2593,1500,81,1.08995095656227,-140.381720430108,-1,-1,1
2593,500,82,3.37834213138508,-139.381720430108,1,-1,-1
2593,1500,83,0.464793081747956,-138.381720430108,-1,1,-1
2593,500,84,8.52416445403952,-137.381720430108,1,-1,1
2593,500,85,12.4875073571916,-136.381720430108,1,1,-1
2593,500,87,-0.175411229292155,-134.381720430108,1,-1,1
2593,500,88,4.41701626716691,-133.381720430108,1,1,-1
2593,1500,89,5.77507592075701,-132.381720430108,-1,1,1
2593,1500,90,-4.79554161578784,-131.381720430108,-1,-1,1
2593,1500,91,-4.40446954632714,-130.381720430108,-1,-1,-1
2593,500,92,-3.01511840537475,-129.381720430108,1,-1,-1
2593,500,93,2.90660608460513,-128.381720430108,1,1,-1
2593,1500,94,-2.00087237617882,-127.381720430108,-1,1,1
2593,500,95,-0.849880212417376,-126.381720430108,1,-1,1
2593,500,96,4.24445201953676,-125.381720430108,1,1,-1
2593,1500,97,-2.83299563796107,-124.381720430108,-1,1,1
2593,1500,98,-8.0322152935366,-123.381720430108,-1,-1,1
2593,500,99,-5.04062214158644,-122.381720430108,1,-1,-1
2593,1500,100,-3.70301990307159,-121.381720430108,-1,1,-1
2593,1500,101,-6.6820529859308,-120.381720430108,-1,-1,1
2593,1500,102,-11.527822696825,-119.381720430108,-1,-1,-1
2593,500,103,-4.05627198232293,-118.381720430108,1,-1,-1
2593,500,104,2.58245112461882,-117.381720430108,1,1,-1
2593,1500,105,-1.54370272744747,-116.381720430108,-1,1,1
2593,500,106,0.902899308865914,-115.381720430108,1,-1,1
2593,1500,108,-3.53134152182236,-113.381720430108,-1,-1,1
2593,1500,109,-9.1803753321474,-112.381720430108,-1,-1,-1
2593,500,110,-7.64145407234258,-111.381720430108,1,-1,-1
2593,500,111,-2.40640119720968,-110.381720430108,1,1,-1
2593,1500,112,-10.4280396269945,-109.381720430108,-1,1,1
2593,500,114,-8.80873395062508,-107.381720430108,1,-1,-1
2593,500,115,-2.97619186184706,-106.381720430108,1,1,-1
2593,500,116,-7.23171979325368,-105.381720430108,1,1,1
2593,500,118,-5.20968292706515,-103.381720430108,1,-1,1
2593,1500,119,-4.55334398451057,-102.381720430108,-1,1,-1
2593,500,120,-4.63630745867901,-101.381720430108,1,-1,1
2593,500,121,0.223826136439794,-100.381720430108,1,1,-1
2593,500,122,-1.62219857753183,-99.3817204301075,1,1,1
2593,500,123,6.5756328942577,-98.3817204301075,1,1,1
2593,500,124,3.24240121331169,-97.3817204301075,1,1,1
2593,500,125,-2.35091854268344,-96.3817204301075,1,1,1
2593,500,126,-0.780577043959585,-95.3817204301075,1,1,1
2593,1500,127,-0.936003573535225,-94.3817204301075,-1,1,1
2593,500,128,1.27104972135778,-93.3817204301075,1,-1,1
2593,1500,129,0.065392011719926,-92.3817204301075,-1,1,-1
2593,500,130,-1.7943800434826,-91.3817204301075,1,-1,1
2593,1500,131,-2.83208067393906,-90.3817204301075,-1,1,-1
2593,500,132,-2.38582305558162,-89.3817204301075,1,-1,1
2593,500,133,-0.351859966585455,-88.3817204301075,1,1,-1
2593,1500,134,-1.71412241466849,-87.3817204301075,-1,1,1
2593,500,135,1.43955045563637,-86.3817204301075,1,-1,1
2593,1500,136,-2.55991427944405,-85.3817204301075,-1,1,-1
2593,1500,138,-7.0454496524254,-83.3817204301075,-1,-1,-1
2593,1500,139,-3.14533243317582,-82.3817204301075,-1,-1,-1
2593,500,140,-5.61495374884061,-81.3817204301075,1,-1,-1
2593,1500,141,-5.45854780968707,-80.3817204301075,-1,1,-1
2593,1500,142,-9.9414141968476,-79.3817204301075,-1,-1,1
2593,500,143,-6.26707697229858,-78.3817204301075,1,-1,-1
2593,1500,144,-7.3997369262657,-77.3817204301075,-1,1,-1
2593,500,145,-0.466825880546885,-76.3817204301075,1,-1,1
2593,1500,146,-2.70044140586163,-75.3817204301075,-1,1,-1
2593,500,147,-5.99896576593282,-74.3817204301075,1,-1,1
2593,500,148,2.6763055679102,-73.3817204301075,1,1,-1
2593,500,149,-2.95758184969872,-72.3817204301075,1,1,1
2593,1500,150,-6.6327636052763,-71.3817204301075,-1,1,1
2593,500,151,-2.42416235370366,-70.3817204301075,1,-1,1
2593,1500,152,-5.32183974819987,-69.3817204301075,-1,1,-1
2593,500,153,-0.784702157826246,-68.3817204301075,1,-1,1
2593,1500,154,-8.50173136537381,-67.3817204301075,-1,1,-1
2593,1500,155,-10.195189151472,-66.3817204301075,-1,-1,1
2593,500,156,-7.42576644563758,-65.3817204301075,1,-1,-1
2593,500,157,-5.63472670721417,-64.3817204301075,1,1,-1
2593,500,158,-4.95069526760366,-63.3817204301075,1,1,1
2593,1500,160,-8.7377890611631,-61.3817204301075,-1,-1,1
2593,500,161,-11.3847221438058,-60.3817204301075,1,-1,-1
2593,500,162,-12.0245321695256,-59.3817204301075,1,1,-1
2593,1500,163,-8.77446774611371,-58.3817204301075,-1,1,1
2593,1500,164,-3.08297640463271,-57.3817204301075,-1,-1,1
2593,500,165,-9.41864412092188,-56.3817204301075,1,-1,-1
2593,500,166,-3.635139099687,-55.3817204301075,1,1,-1
2593,500,167,-0.735864251615325,-54.3817204301075,1,1,1
2593,1500,169,-9.6861849952496,-52.3817204301075,-1,-1,1
2593,1500,170,-10.3847786900467,-51.3817204301075,-1,-1,-1
2593,1500,171,-13.6224772794469,-50.3817204301075,-1,-1,-1
2593,1500,172,-13.2112842587956,-49.3817204301075,-1,-1,-1
2593,500,173,-11.2781513774232,-48.3817204301075,1,-1,-1
2593,1500,174,-11.9185660371065,-47.3817204301075,-1,1,-1
2593,1500,175,-14.6062211235082,-46.3817204301075,-1,-1,1
2593,500,176,-11.3147276458256,-45.3817204301075,1,-1,-1
2593,500,177,-7.24578611220428,-44.3817204301075,1,1,-1
2593,500,178,-1.08312375543046,-43.3817204301075,1,1,1
2593,1500,179,-7.83062527209711,-42.3817204301075,-1,1,1
2593,500,180,-8.66266006920297,-41.3817204301075,1,-1,1
2593,500,181,-3.00416948539989,-40.3817204301075,1,1,-1
2593,500,182,-3.83191969233722,-39.3817204301075,1,1,1
2593,1500,183,-6.00972241944256,-38.3817204301075,-1,1,1
2593,1500,184,-8.39269032913031,-37.3817204301075,-1,-1,1
2593,1500,185,-10.1422339040139,-36.3817204301075,-1,-1,-1
2593,1500,186,-10.9587805157554,-35.3817204301075,-1,-1,-1
2593,1500,187,-19.2573310054015,-34.3817204301075,-1,-1,-1
2593,500,188,-9.30185367212817,-33.3817204301075,1,-1,-1
2593,500,190,-7.77306542983338,-31.3817204301075,1,-1,1
2593,1500,191,-8.710479762764,-30.3817204301075,-1,1,-1
2593,500,192,-6.90558986804108,-29.3817204301075,1,-1,1
2593,500,193,-7.68271255936278,-28.3817204301075,1,1,-1
2593,500,194,-4.99267683698988,-27.3817204301075,1,1,1
2593,500,195,-0.812843443045666,-26.3817204301075,1,1,1
2593,500,197,-3.03436593956161,-24.3817204301075,1,-1,1
2593,1500,198,-6.8190835368715,-23.3817204301075,-1,1,-1
2593,1500,199,-12.3021953014594,-22.3817204301075,-1,-1,1
2593,500,200,-9.30870418509867,-21.3817204301075,1,-1,-1
2593,500,201,-2.32173897124442,-20.3817204301075,1,1,-1
2593,1500,202,-3.28412833752177,-19.3817204301075,-1,1,1
2593,1500,203,-11.8684241427994,-18.3817204301075,-1,-1,1
2593,500,204,-9.61498322561198,-17.3817204301075,1,-1,-1
2593,500,205,-2.53803979504278,-16.3817204301075,1,1,-1
2593,500,206,-1.37145883013394,-15.3817204301075,1,1,1
2593,500,208,-6.35611070362698,-13.3817204301075,1,-1,1
2593,1500,209,-13.263136500061,-12.3817204301075,-1,1,-1
2593,500,210,-6.68461353602878,-11.3817204301075,1,-1,1
2593,500,211,-5.07974460891819,-10.3817204301075,1,1,-1
2593,1500,212,-11.6220476650571,-9.38172043010752,-1,1,1
2593,1500,213,-11.5473044739138,-8.38172043010752,-1,-1,1
2593,500,214,-10.3480422334577,-7.38172043010752,1,-1,-1
2593,500,215,-7.29796333744618,-6.38172043010752,1,1,-1
2593,1500,216,-6.52480390289201,-5.38172043010752,-1,1,1
2593,500,217,-3.98120259401053,-4.38172043010752,1,-1,1
2593,1500,218,-8.68743749891421,-3.38172043010752,-1,1,-1
2593,1500,219,-8.0436416707931,-2.38172043010752,-1,-1,1
2593,500,220,-0.842231018356935,-1.38172043010752,1,-1,-1
2593,1500,222,-15.4674056307423,0.618279569892479,-1,-1,1
2593,1500,223,-17.4453134652685,1.61827956989248,-1,-1,-1
2593,1500,224,-18.2750591146261,2.61827956989248,-1,-1,-1
2593,1500,225,-15.1903378124803,3.61827956989248,-1,-1,-1
2593,1500,226,-15.4779610902911,4.61827956989248,-1,-1,-1
2593,500,227,-19.4669870141868,5.61827956989248,1,-1,-1
2593,500,228,-7.40031200783098,6.61827956989248,1,1,-1
2593,500,229,-7.08760181227218,7.61827956989248,1,1,1
2593,1500,230,-7.96066356615211,8.61827956989248,-1,1,1
2593,1500,231,-9.9552230340876,9.61827956989248,-1,-1,1
2593,1500,232,-15.7500614417608,10.6182795698925,-1,-1,-1
2593,1500,233,-14.3171660065166,11.6182795698925,-1,-1,-1
2593,500,234,-16.3889846133379,12.6182795698925,1,-1,-1
2593,1500,235,-13.4723819857782,13.6182795698925,-1,1,-1
2593,500,236,-10.5264049753794,14.6182795698925,1,-1,1
2593,1500,237,-11.0142898536818,15.6182795698925,-1,1,-1
2593,500,238,-4.65147191469405,16.6182795698925,1,-1,1
2593,1500,239,-6.7163649275176,17.6182795698925,-1,1,-1
2593,500,240,-7.24084290022487,18.6182795698925,1,-1,1
2593,1500,241,-7.5202410751266,19.6182795698925,-1,1,-1
2593,500,242,-5.38636389480503,20.6182795698925,1,-1,1
2593,500,243,-8.03937280075788,21.6182795698925,1,1,-1
2593,1500,245,-15.0560476031265,23.6182795698925,-1,-1,1
2593,500,246,-9.63742045122538,24.6182795698925,1,-1,-1
2593,500,247,-3.18323863164405,25.6182795698925,1,1,-1
2593,1500,248,-7.7230585496515,26.6182795698925,-1,1,1
2593,1500,249,-8.33886135387941,27.6182795698925,-1,-1,1
2593,500,250,-6.67309791175668,28.6182795698925,1,-1,-1
2593,500,251,-6.21134286248118,29.6182795698925,1,1,-1
2593,500,252,-5.18055932817921,30.6182795698925,1,1,1
2593,500,253,-5.25642972448239,31.6182795698925,1,1,1
2593,500,254,-3.34853265872012,32.6182795698925,1,1,1
2593,1500,255,-7.5598765478635,33.6182795698925,-1,1,1
2593,500,256,-5.97450616772329,34.6182795698925,1,-1,1
2593,500,257,0.169322411533145,35.6182795698925,1,1,-1
2593,500,258,-0.240243099401606,36.6182795698925,1,1,1
2593,500,260,-2.24548919655056,38.6182795698925,1,-1,1
2593,500,261,-0.439012570717136,39.6182795698925,1,1,-1
2593,500,262,9.37294550430681,40.6182795698925,1,1,1
2593,500,263,1.54543787938739,41.6182795698925,1,1,1
2593,500,264,5.25130909650277,42.6182795698925,1,1,1
2593,500,265,-2.96744887948882,43.6182795698925,1,1,1
2593,1500,266,2.79142649495055,44.6182795698925,-1,1,1
2593,500,267,7.53335559461879,45.6182795698925,1,-1,1
2593,500,268,4.57662636171803,46.6182795698925,1,1,-1
2593,1500,269,-6.13275830242167,47.6182795698925,-1,1,1
2593,1500,270,-7.73640466430241,48.6182795698925,-1,-1,1
2593,500,271,-2.99678415969423,49.6182795698925,1,-1,-1
2593,1500,272,2.63514534557653,50.6182795698925,-1,1,-1
2593,1500,273,0.360736682969066,51.6182795698925,-1,-1,1
2593,500,274,-0.367336859962196,52.6182795698925,1,-1,-1
2593,500,275,-2.49782833399848,53.6182795698925,1,1,-1
2593,500,276,-3.22724437934672,54.6182795698925,1,1,1
2593,1500,278,-13.7804057424698,56.6182795698925,-1,-1,1
2593,500,279,-13.3340521640668,57.6182795698925,1,-1,-1
2593,1500,280,-12.153865635935,58.6182795698925,-1,1,-1
2593,1500,281,-13.6968998434714,59.6182795698925,-1,-1,1
2593,500,282,-16.6148341879511,60.6182795698925,1,-1,-1
2593,500,283,-6.38748338137148,61.6182795698925,1,1,-1
2593,500,284,-8.73355952743267,62.6182795698925,1,1,1
2593,1500,285,-11.7337673858594,63.6182795698925,-1,1,1
2593,500,286,-12.4401656931311,64.6182795698925,1,-1,1
2593,500,288,-12.4741586767057,66.6182795698925,1,-1,1
2593,1500,289,-8.6080342050345,67.6182795698925,-1,1,-1
2593,1500,290,-12.1945615136917,68.6182795698925,-1,-1,1
2593,1500,291,-13.2998895581141,69.6182795698925,-1,-1,-1
2593,1500,292,-14.4271184718282,70.6182795698925,-1,-1,-1
2593,500,293,-10.1315428095289,71.6182795698925,1,-1,-1
2593,1500,294,-10.40453597942,72.6182795698925,-1,1,-1
2593,500,295,-8.66044658386738,73.6182795698925,1,-1,1
2593,1500,296,-13.9461676829109,74.6182795698925,-1,1,-1
2593,1500,297,-14.4697589342786,75.6182795698925,-1,-1,1
2593,500,298,-10.6995507928089,76.6182795698925,1,-1,-1
2593,500,299,-2.08972815815684,77.6182795698925,1,1,-1
2593,1500,301,-10.9619388837074,79.6182795698925,-1,-1,1
2593,1500,302,-11.2306569037701,80.6182795698925,-1,-1,-1
2593,500,303,-13.0368981804006,81.6182795698925,1,-1,-1
2593,1500,304,-7.12320581251431,82.6182795698925,-1,1,-1
2593,500,305,-8.05667254167588,83.6182795698925,1,-1,1
2593,500,306,-14.9099708887083,84.6182795698925,1,1,-1
2593,1500,307,-25.241228719005,85.6182795698925,-1,1,1
2593,500,308,-6.07671258765318,86.6182795698925,1,-1,1
2593,1500,309,-10.0947779731664,87.6182795698925,-1,1,-1
2593,500,310,-9.44277702364738,88.6182795698925,1,-1,1
2593,1500,311,-9.8981011140949,89.6182795698925,-1,1,-1
2593,1500,312,-13.2009391016386,90.6182795698925,-1,-1,1
2593,1500,313,-17.3286132153627,91.6182795698925,-1,-1,-1
2593,500,314,-14.0085143844651,92.6182795698925,1,-1,-1
2593,1500,315,-13.459743299234,93.6182795698925,-1,1,-1
2593,1500,316,-17.351025469286,94.6182795698925,-1,-1,1
2593,500,317,-10.4153819868744,95.6182795698925,1,-1,-1
2593,1500,318,-14.4294727083859,96.6182795698925,-1,1,-1
2593,500,319,-9.99331959407688,97.6182795698925,1,-1,1
2593,500,320,-8.34992050905678,98.6182795698925,1,1,-1
2593,1500,321,-8.75626729011161,99.6182795698925,-1,1,1
2593,1500,322,-14.2201373676709,100.618279569892,-1,-1,1
2593,1500,323,-14.6527760770877,101.618279569892,-1,-1,-1
2593,500,324,-12.8965503988428,102.618279569892,1,-1,-1
2593,1500,325,-10.6546317177442,103.618279569892,-1,1,-1
2593,1500,326,-9.825480375658,104.618279569892,-1,-1,1
2593,1500,327,-6.8068245395121,105.618279569892,-1,-1,-1
2593,1500,329,-11.8563800781541,107.618279569892,-1,-1,-1
2593,500,330,-11.9538962314424,108.618279569892,1,-1,-1
2593,500,331,-10.336378083031,109.618279569892,1,1,-1
2593,1500,332,-10.1467868232118,110.618279569892,-1,1,1
2593,500,333,-13.529607287976,111.618279569892,1,-1,1
2593,500,334,-11.7317451390885,112.618279569892,1,1,-1
2593,1500,335,-13.3375481660775,113.618279569892,-1,1,1
2593,1500,336,-11.7293438365626,114.618279569892,-1,-1,1
2593,1500,337,-17.480020966612,115.618279569892,-1,-1,-1
2593,500,338,-9.57557222678528,116.618279569892,1,-1,-1
2593,1500,339,-15.4068750752063,117.618279569892,-1,1,-1
2593,500,340,-2.61433957423516,118.618279569892,1,-1,1
2593,1500,342,-9.1397548638878,120.618279569892,-1,-1,1
2593,1500,343,-15.3917861487502,121.618279569892,-1,-1,-1
2593,1500,344,-15.9140494250732,122.618279569892,-1,-1,-1
2593,500,345,-5.85451313833408,123.618279569892,1,-1,-1
2593,1500,346,-10.7554224770352,124.618279569892,-1,1,-1
2593,1500,347,-10.7113245766301,125.618279569892,-1,-1,1
2593,1500,348,-18.1862795562839,126.618279569892,-1,-1,-1
2593,500,349,-12.3665750328553,127.618279569892,1,-1,-1
2593,500,350,-3.0301882065241,128.618279569892,1,1,-1
2593,1500,351,-5.30689652527496,129.618279569892,-1,1,1
2593,500,352,-3.32376489822398,130.618279569892,1,-1,1
2593,1500,353,-8.6144994763463,131.618279569892,-1,1,-1
2593,500,354,-5.70470195744596,132.618279569892,1,-1,1
2593,1500,355,-6.7517728389462,133.618279569892,-1,1,-1
2593,1500,356,-4.05891672436656,134.618279569892,-1,-1,1
2593,500,357,4.57495923101469,135.618279569892,1,-1,-1
2593,500,358,5.71429359270598,136.618279569892,1,1,-1
2593,1500,360,-12.7116561045965,138.618279569892,-1,-1,1
2593,1500,361,-13.4197967454267,139.618279569892,-1,-1,-1
2593,1500,362,-12.8773375822644,140.618279569892,-1,-1,-1
2593,500,363,-10.0361491298498,141.618279569892,1,-1,-1
2593,500,364,-0.359328068677995,142.618279569892,1,1,-1
2593,1500,365,-5.62890878099809,143.618279569892,-1,1,1
2593,500,367,-13.1413189260174,145.618279569892,1,-1,-1
2593,500,368,-1.65037185781793,146.618279569892,1,1,-1
2593,500,369,4.63882786029664,147.618279569892,1,1,1
2593,1500,370,-7.2898836321416,148.618279569892,-1,1,1
2593,1500,371,-12.18552920193,149.618279569892,-1,-1,1
2593,500,372,-2.68827346374681,150.618279569892,1,-1,-1
2593,500,373,-2.19950284568879,151.618279569892,1,1,-1
2593,1500,374,-6.6270703812655,152.618279569892,-1,1,1
2593,500,375,-2.69536209747802,153.618279569892,1,-1,1
2593,1500,376,-2.29256981649527,154.618279569892,-1,1,-1
2593,500,377,-6.77672238993398,155.618279569892,1,-1,1
2593,500,378,-7.43834882258368,156.618279569892,1,1,-1
2593,1500,379,-1.50875663553462,157.618279569892,-1,1,1
2593,1500,381,-13.3781815530241,159.618279569892,-1,-1,-1
2593,1500,382,-11.0733387616137,160.618279569892,-1,-1,-1
2593,1500,383,-14.4095984719283,161.618279569892,-1,-1,-1
2593,500,384,-5.85693204160903,162.618279569892,1,-1,-1
2593,500,385,1.31897934018999,163.618279569892,1,1,-1
2593,1500,386,-9.0870805246031,164.618279569892,-1,1,1
2593,500,387,-4.36514655250803,165.618279569892,1,-1,1
2593,500,388,-1.99681877516405,166.618279569892,1,1,-1
2593,500,389,1.3702623007374,167.618279569892,1,1,1
2593,1500,390,-6.14716033581512,168.618279569892,-1,1,1
2593,500,391,-0.343687978583676,169.618279569892,1,-1,1
2593,1500,393,-11.2588659417739,171.618279569892,-1,-1,1
2593,500,394,-9.71656858351468,172.618279569892,1,-1,-1
2593,1500,395,-12.4313411645455,173.618279569892,-1,1,-1
2593,1500,396,-12.1907253290461,174.618279569892,-1,-1,1
2593,1500,397,-14.7224947560329,175.618279569892,-1,-1,-1
2593,500,398,-9.64735392718188,176.618279569892,1,-1,-1
2593,500,399,-9.68332651436618,177.618279569892,1,1,-1
2593,1500,400,-7.8768676253147,178.618279569892,-1,1,1
2593,500,401,-5.57600717641466,179.618279569892,1,-1,1
2593,1500,402,-5.63246336119567,180.618279569892,-1,1,-1
2593,500,403,-2.35522621639791,181.618279569892,1,-1,1
2593,500,404,2.87885440912695,182.618279569892,1,1,-1
2593,500,405,1.12152815279259,183.618279569892,1,1,1
2593,500,406,0.737490199871454,184.618279569892,1,1,1
2593,1500,407,-8.33632516175041,185.618279569892,-1,1,1
2593,1500,408,-4.15628848312404,186.618279569892,-1,-1,1
2593,500,409,1.70405307590324,187.618279569892,1,-1,-1
2593,1500,410,-7.3995222181678,188.618279569892,-1,1,-1
2593,500,411,2.22603112595637,189.618279569892,1,-1,1
2593,1500,412,-5.99124078377903,190.618279569892,-1,1,-1
2593,500,413,-0.765094685188515,191.618279569892,1,-1,1
2593,500,414,-0.847354125982935,192.618279569892,1,1,-1
2593,500,415,0.513727952828865,193.618279569892,1,1,1
2593,1500,417,-10.61355082806,195.618279569892,-1,-1,1
2593,1500,418,-15.082189499735,196.618279569892,-1,-1,-1
2593,1500,419,-15.7039840277528,197.618279569892,-1,-1,-1
2593,1500,420,-20.3155647605895,198.618279569892,-1,-1,-1
2594,500,25,1.34455523467959,-197.338709677419,1,1,-1
2594,1500,27,-3.4679080754651,-195.338709677419,-1,-1,1
2594,1500,28,-6.55107842530925,-194.338709677419,-1,-1,-1
2594,500,29,5.81826792366,-193.338709677419,1,-1,-1
2594,500,30,6.56193689676603,-192.338709677419,1,1,-1
2594,1500,32,-1.23507312663702,-190.338709677419,-1,-1,1
2594,500,33,-4.49119292320802,-189.338709677419,1,-1,-1
2594,500,34,1.66967630574804,-188.338709677419,1,1,-1
2594,500,35,6.30020823823753,-187.338709677419,1,1,1
2594,1500,36,3.9472587021131,-186.338709677419,-1,1,1
2594,1500,37,-3.54488205622523,-185.338709677419,-1,-1,1
2594,500,38,1.76943996621938,-184.338709677419,1,-1,-1
2594,1500,39,3.48101167990969,-183.338709677419,-1,1,-1
2594,1500,40,-5.0256877464122,-182.338709677419,-1,-1,1
2594,1500,41,-7.54918569069446,-181.338709677419,-1,-1,-1
2594,500,42,-6.17267580949012,-180.338709677419,1,-1,-1
2594,1500,43,-0.635496625003071,-179.338709677419,-1,1,-1
2594,500,45,1.8207879601284,-177.338709677419,1,1,-1
2594,500,46,0.0947328265851336,-176.338709677419,1,1,1
2594,500,48,-1.56260989546067,-174.338709677419,1,-1,1
2594,500,49,0.442755540944172,-173.338709677419,1,1,-1
2594,500,50,2.2972540057246,-172.338709677419,1,1,1
2594,500,51,3.97034251442724,-171.338709677419,1,1,1
2594,500,52,1.40644850948733,-170.338709677419,1,1,1
2594,500,53,4.58223596417072,-169.338709677419,1,1,1
2594,500,54,3.93300837690658,-168.338709677419,1,1,1
2594,1500,55,1.94246732788592,-167.338709677419,-1,1,1
2594,500,56,1.4547099295045,-166.338709677419,1,-1,1
2594,500,57,4.19757827632926,-165.338709677419,1,1,-1
2594,1500,58,2.6671414180539,-164.338709677419,-1,1,1
2594,500,59,-0.414548930450163,-163.338709677419,1,-1,1
2594,500,61,-2.26566895742901,-161.338709677419,1,-1,1
2594,1500,62,2.68411949401677,-160.338709677419,-1,1,-1
2594,1500,63,-3.53955029113032,-159.338709677419,-1,-1,1
2594,500,64,-3.10610187230239,-158.338709677419,1,-1,-1
2594,1500,65,-2.23810056378037,-157.338709677419,-1,1,-1
2594,500,66,-1.76322260533528,-156.338709677419,1,-1,1
2594,500,67,0.610145460799105,-155.338709677419,1,1,-1
2594,1500,68,4.95050796240796,-154.338709677419,-1,1,1
2594,500,69,0.0102377470935475,-153.338709677419,1,-1,1
2594,500,70,0.177418742980773,-152.338709677419,1,1,-1
2594,1500,71,-1.85978226771483,-151.338709677419,-1,1,1
2594,500,72,-2.70478278800031,-150.338709677419,1,-1,1
2594,500,73,1.51159365693149,-149.338709677419,1,1,-1
2594,1500,74,2.53774258445507,-148.338709677419,-1,1,1
2594,500,75,-1.90450225012875,-147.338709677419,1,-1,1
2594,500,76,4.49342366411578,-146.338709677419,1,1,-1
2594,500,77,0.765449954819851,-145.338709677419,1,1,1
2594,1500,78,1.08996346526955,-144.338709677419,-1,1,1
2594,1500,79,-5.43013525868107,-143.338709677419,-1,-1,1
2594,500,80,-0.579982825974973,-142.338709677419,1,-1,-1
2594,1500,81,2.22533496407886,-141.338709677419,-1,1,-1
2594,500,82,-0.863161012498302,-140.338709677419,1,-1,1
2594,500,83,3.65864897363225,-139.338709677419,1,1,-1
2594,500,84,2.76660470851998,-138.338709677419,1,1,1
2594,1500,85,0.840366691246639,-137.338709677419,-1,1,1
2594,500,86,-4.8522742385857,-136.338709677419,1,-1,1
2594,500,88,-0.232002505546956,-134.338709677419,1,-1,1
2594,1500,89,4.4718133342621,-133.338709677419,-1,1,-1
2594,1500,90,-3.540067050672,-132.338709677419,-1,-1,1
2594,1500,91,-6.20578959372578,-131.338709677419,-1,-1,-1
2594,500,92,-0.947744134871282,-130.338709677419,1,-1,-1
2594,1500,93,3.55518399421709,-129.338709677419,-1,1,-1
2594,500,94,3.76140496547456,-128.338709677419,1,-1,1
2594,500,95,7.89169292489755,-127.338709677419,1,1,-1
2594,1500,96,2.91146244672522,-126.338709677419,-1,1,1
2594,1500,97,-5.56099554853571,-125.338709677419,-1,-1,1
2594,1500,98,-5.22506543363166,-124.338709677419,-1,-1,-1
2594,500,99,-4.84435206701431,-123.338709677419,1,-1,-1
2594,500,100,2.81015473632288,-122.338709677419,1,1,-1
2594,1500,101,0.0309462152418767,-121.338709677419,-1,1,1
2594,1500,102,-5.37086180516552,-120.338709677419,-1,-1,1
2594,1500,103,-3.19497890877515,-119.338709677419,-1,-1,-1
2594,1500,104,-0.197754082096821,-118.338709677419,-1,-1,-1
2594,1500,105,-2.50986988987074,-117.338709677419,-1,-1,-1
2594,1500,106,-5.51722541087276,-116.338709677419,-1,-1,-1
2594,500,107,-3.34257372183483,-115.338709677419,1,-1,-1
2594,500,108,-0.667679997843592,-114.338709677419,1,1,-1
2594,500,109,0.903637675304668,-113.338709677419,1,1,1
2594,500,110,-0.621473632439782,-112.338709677419,1,1,1
2594,500,111,7.1455224590758,-111.338709677419,1,1,1
2594,1500,112,1.96693811839746,-110.338709677419,-1,1,1
2594,500,113,1.38400004970786,-109.338709677419,1,-1,1
2594,500,114,4.36088802132755,-108.338709677419,1,1,-1
2594,500,115,4.89274855266098,-107.338709677419,1,1,1
2594,500,116,6.74206716623037,-106.338709677419,1,1,1
2594,500,117,7.4134513826869,-105.338709677419,1,1,1
2594,1500,118,5.80759530042635,-104.338709677419,-1,1,1
2594,500,120,2.43694960500454,-102.338709677419,1,-1,-1
2594,1500,121,2.46159611806069,-101.338709677419,-1,1,-1
2594,500,122,2.19264768263585,-100.338709677419,1,-1,1
2594,500,123,4.99459143729341,-99.3387096774194,1,1,-1
2594,500,124,6.45097896353588,-98.3387096774194,1,1,1
2594,1500,125,4.06260203821056,-97.3387096774194,-1,1,1
2594,500,126,1.22823872011029,-96.3387096774194,1,-1,1
2594,500,127,3.08096028994352,-95.3387096774194,1,1,-1
2594,500,128,8.77032489549839,-94.3387096774194,1,1,1
2594,500,129,9.2028529686961,-93.3387096774194,1,1,1
2594,1500,130,2.40705973615875,-92.3387096774194,-1,1,1
2594,1500,131,0.325509098492909,-91.3387096774194,-1,-1,1
2594,1500,132,-4.39340967738866,-90.3387096774194,-1,-1,-1
2594,1500,133,-8.0077936398783,-89.3387096774194,-1,-1,-1
2594,500,134,-3.37031764326091,-88.3387096774194,1,-1,-1
2594,1500,135,-1.73378488197849,-87.3387096774194,-1,1,-1
2594,500,136,-3.48273952057415,-86.3387096774194,1,-1,1
2594,1500,137,-2.50445052821505,-85.3387096774194,-1,1,-1
2594,500,139,-2.40855719090634,-83.3387096774194,1,-1,-1
2594,1500,140,0.30732056251099,-82.3387096774194,-1,1,-1
2594,500,141,-0.698737797081852,-81.3387096774194,1,-1,1
2594,1500,142,2.29755421224901,-80.3387096774194,-1,1,-1
2594,1500,143,-6.12721347644892,-79.3387096774194,-1,-1,1
2594,500,144,-1.51409199339917,-78.3387096774194,1,-1,-1
2594,1500,145,0.224624256561864,-77.3387096774194,-1,1,-1
2594,1500,146,-2.32944874294326,-76.3387096774194,-1,-1,1
2594,500,147,-1.60241290594287,-75.3387096774194,1,-1,-1
2594,1500,148,-1.27368405669265,-74.3387096774194,-1,1,-1
2594,1500,149,-4.83962376243034,-73.3387096774194,-1,-1,1
2594,500,150,-5.96455672079857,-72.3387096774194,1,-1,-1
2594,500,151,2.8184150145799,-71.3387096774194,1,1,-1
2594,1500,152,1.03061292828793,-70.3387096774194,-1,1,1
2594,500,153,9.00255650818757,-69.3387096774194,1,-1,1
2594,500,154,10.5287796337769,-68.3387096774194,1,1,-1
2594,500,155,6.56789629320481,-67.3387096774194,1,1,1
2594,1500,156,1.41302059309732,-66.3387096774194,-1,1,1
2594,1500,157,-0.671729222687191,-65.3387096774194,-1,-1,1
2594,500,158,2.93310477601424,-64.3387096774194,1,-1,-1
2594,1500,159,0.623636803720688,-63.3387096774194,-1,1,-1
2594,500,160,-1.44550627052235,-62.3387096774194,1,-1,1
2594,1500,161,5.15640042481977,-61.3387096774194,-1,1,-1
2594,500,162,11.4186443363192,-60.3387096774194,1,-1,1
2594,500,163,3.28446018295084,-59.3387096774194,1,1,-1
2594,1500,164,6.54097916222104,-58.3387096774194,-1,1,1
2594,500,165,9.07688476544797,-57.3387096774194,1,-1,1
2594,500,166,8.97909186234324,-56.3387096774194,1,1,-1
2594,1500,167,3.81786904000328,-55.3387096774194,-1,1,1
2594,1500,168,7.29673728450935,-54.3387096774194,-1,-1,1
2594,1500,169,0.470267407115184,-53.3387096774194,-1,-1,-1
2594,1500,170,-4.46768900823374,-52.3387096774194,-1,-1,-1
2594,500,171,2.21523529870158,-51.3387096774194,1,-1,-1
2594,500,172,7.56557088994698,-50.3387096774194,1,1,-1
2594,1500,173,5.27645317405133,-49.3387096774194,-1,1,1
2594,500,174,1.28779345698383,-48.3387096774194,1,-1,1
2594,1500,175,6.83948067779095,-47.3387096774194,-1,1,-1
2594,500,176,5.92381556503169,-46.3387096774194,1,-1,1
2594,500,177,8.45073262291944,-45.3387096774194,1,1,-1
2594,500,178,9.41061430900923,-44.3387096774194,1,1,1
2594,1500,179,4.95710171738537,-43.3387096774194,-1,1,1
2594,500,180,10.4063123866761,-42.3387096774194,1,-1,1
2594,500,181,5.23979236430161,-41.3387096774194,1,1,-1
2594,500,182,9.23867182722707,-40.3387096774194,1,1,1
2594,500,184,-0.0306609689372584,-38.3387096774194,1,-1,1
2594,500,185,3.97850422201448,-37.3387096774194,1,1,-1
2594,500,186,9.35088246018959,-36.3387096774194,1,1,1
2594,500,187,10.7863673088489,-35.3387096774194,1,1,1
2594,1500,188,5.67911109470094,-34.3387096774194,-1,1,1
2594,500,189,3.40936790243376,-33.3387096774194,1,-1,1
2594,1500,190,4.43985633656121,-32.3387096774194,-1,1,-1
2594,1500,191,-3.48372276371936,-31.3387096774194,-1,-1,1
2594,1500,192,-2.69628774599677,-30.3387096774194,-1,-1,-1
2594,1500,193,-8.29090325801606,-29.3387096774194,-1,-1,-1
2594,500,194,-0.584559636728182,-28.3387096774194,1,-1,-1
2594,500,195,3.98044834402191,-27.3387096774194,1,1,-1
2594,1500,196,1.10515786847274,-26.3387096774194,-1,1,1
2594,500,197,-4.25301187321274,-25.3387096774194,1,-1,1
2594,1500,198,-0.685553778362881,-24.3387096774194,-1,1,-1
2594,500,199,1.89609338252894,-23.3387096774194,1,-1,1
2594,500,200,6.01008615814889,-22.3387096774194,1,1,-1
2594,500,201,3.85866898045873,-21.3387096774194,1,1,1
2594,500,202,5.3425584430673,-20.3387096774194,1,1,1
2594,500,203,5.56413727418335,-19.3387096774194,1,1,1
2594,500,204,6.92535586229101,-18.3387096774194,1,1,1
2594,1500,205,4.45128805912311,-17.3387096774194,-1,1,1
2594,500,206,7.01552319830328,-16.3387096774194,1,-1,1
2594,1500,208,-0.290560477260321,-14.3387096774194,-1,-1,1
2594,1500,209,-4.00552003754461,-13.3387096774194,-1,-1,-1
2594,1500,210,-2.9358309256415,-12.3387096774194,-1,-1,-1
2594,1500,211,-0.764562532159311,-11.3387096774194,-1,-1,-1
2594,500,212,2.32422845231485,-10.3387096774194,1,-1,-1
2594,1500,213,-6.14435703737844,-9.33870967741936,-1,1,-1
2594,1500,214,-7.62686376327154,-8.33870967741936,-1,-1,1
2594,500,215,2.27766924198603,-7.33870967741936,1,-1,-1
2594,500,216,4.44305830960623,-6.33870967741936,1,1,-1
2594,500,217,2.8387811084045,-5.33870967741936,1,1,1
2594,1500,219,-6.3868587028364,-3.33870967741936,-1,-1,1
2594,500,220,-3.55431221727458,-2.33870967741936,1,-1,-1
2594,1500,221,-2.73868306148192,-1.33870967741936,-1,1,-1
2594,1500,222,-9.77806533900377,-0.338709677419359,-1,-1,1
2594,500,223,-1.12601182166772,0.661290322580641,1,-1,-1
2594,1500,224,-4.98671185968196,1.66129032258064,-1,1,-1
2594,500,225,-2.41966844321098,2.66129032258064,1,-1,1
2594,1500,226,-3.79587269054593,3.66129032258064,-1,1,-1
2594,500,227,-7.49693108774008,4.66129032258064,1,-1,1
2594,500,228,1.24508892162915,5.66129032258064,1,1,-1
2594,500,229,3.19459405453136,6.66129032258064,1,1,1
2594,1500,230,-0.199463993593651,7.66129032258064,-1,1,1
2594,1500,231,-6.33567275468041,8.66129032258064,-1,-1,1
2594,500,232,2.97350877149815,9.66129032258064,1,-1,-1
2594,1500,233,2.34408544877925,10.6612903225806,-1,1,-1
2594,500,234,1.97081513215048,11.6612903225806,1,-1,1
2594,500,235,9.33334190775898,12.6612903225806,1,1,-1
2594,500,236,7.69691926129122,13.6612903225806,1,1,1
2594,1500,237,2.1099327465151,14.6612903225806,-1,1,1
2594,500,238,5.01285572333961,15.6612903225806,1,-1,1
2594,1500,240,2.53611363816529,17.6612903225806,-1,-1,1
2594,1500,241,-5.49650747743417,18.6612903225806,-1,-1,-1
2594,500,242,-6.04182617675972,19.6612903225806,1,-1,-1
2594,1500,243,-4.74333071154888,20.6612903225806,-1,1,-1
2594,500,244,-0.254041447090802,21.6612903225806,1,-1,1
2594,1500,245,5.72326084774942,22.6612903225806,-1,1,-1
2594,500,246,-0.0775770289459954,23.6612903225806,1,-1,1
2594,1500,247,-3.43551671309966,24.6612903225806,-1,1,-1
2594,1500,248,-3.85388304864444,25.6612903225806,-1,-1,1
2594,500,249,0.119590978112303,26.6612903225806,1,-1,-1
2594,500,250,-0.692855861866802,27.6612903225806,1,1,-1
2594,1500,251,0.0685254284291307,28.6612903225806,-1,1,1
2594,500,252,-3.66874532667738,29.6612903225806,1,-1,1
2594,1500,253,-0.728090275794761,30.6612903225806,-1,1,-1
2594,500,254,-1.70681680215756,31.6612903225806,1,-1,1
2594,1500,255,5.31987740245401,32.6612903225806,-1,1,-1
2594,1500,256,-4.83687830695599,33.6612903225806,-1,-1,1
2594,500,257,-8.44667636408393,34.6612903225806,1,-1,-1
2594,1500,258,-3.44274916204966,35.6612903225806,-1,1,-1
2594,500,259,-3.19022258878401,36.6612903225806,1,-1,1
2594,500,260,2.95449513224021,37.6612903225806,1,1,-1
2594,1500,261,-1.69025468041617,38.6612903225806,-1,1,1
2594,1500,262,-5.7551069160138,39.6612903225806,-1,-1,1
2594,500,263,-2.65554389278916,40.6612903225806,1,-1,-1
2594,1500,264,0.498830050270603,41.6612903225806,-1,1,-1
2594,500,265,3.07358858536887,42.6612903225806,1,-1,1
2594,1500,266,-3.70963150884538,43.6612903225806,-1,1,-1
2594,1500,267,-2.30069233842088,44.6612903225806,-1,-1,1
2594,1500,268,-5.47182399944793,45.6612903225806,-1,-1,-1
2594,1500,269,-13.5214864932171,46.6612903225806,-1,-1,-1
2594,1500,270,-12.353693724515,47.6612903225806,-1,-1,-1
2594,1500,271,-10.883959148101,48.6612903225806,-1,-1,-1
2594,500,272,-4.74378339451516,49.6612903225806,1,-1,-1
2594,500,273,-4.31338829874068,50.6612903225806,1,1,-1
2594,500,275,-4.96005526829648,52.6612903225806,1,-1,1
2594,500,276,-2.54591482245422,53.6612903225806,1,1,-1
2594,500,277,-0.282653257319192,54.6612903225806,1,1,1
2594,500,278,3.48255721282184,55.6612903225806,1,1,1
2594,500,279,3.9920620580218,56.6612903225806,1,1,1
2594,500,280,7.30034512380732,57.6612903225806,1,1,1
2594,500,281,4.92395502758854,58.6612903225806,1,1,1
2594,500,282,4.84460384324845,59.6612903225806,1,1,1
2594,500,283,4.79878846186281,60.6612903225806,1,1,1
2594,500,284,12.2248091649834,61.6612903225806,1,1,1
2594,500,285,9.90139635080725,62.6612903225806,1,1,1
2594,1500,286,7.55160547216345,63.6612903225806,-1,1,1
2594,1500,287,2.89028641254345,64.6612903225806,-1,-1,1
2594,1500,289,-7.33740691720062,66.6612903225806,-1,1,-1
2594,1500,290,-9.92540148188937,67.6612903225806,-1,-1,1
2594,500,292,-2.29323344195574,69.6612903225806,1,-1,-1
2594,500,293,1.27016625446641,70.6612903225806,1,1,-1
2594,1500,294,-1.43208495995194,71.6612903225806,-1,1,1
2594,500,295,-5.31876200679377,72.6612903225806,1,-1,1
2594,1500,296,-4.13134810565282,73.6612903225806,-1,1,-1
2594,500,297,-11.3239227548341,74.6612903225806,1,-1,1
2594,500,298,-3.53530999356436,75.6612903225806,1,1,-1
2594,1500,299,-6.48568269327896,76.6612903225806,-1,1,1
2594,500,300,2.43663467210763,77.6612903225806,1,-1,1
2594,500,301,-0.675993667657922,78.6612903225806,1,1,-1
2594,1500,302,-5.83299202726312,79.6612903225806,-1,1,1
2594,500,303,-8.38788941252112,80.6612903225806,1,-1,1
2594,500,304,-2.06588769894781,81.6612903225806,1,1,-1
2594,1500,306,-7.4648739816856,83.6612903225806,-1,-1,1
2594,1500,307,-8.90520815865572,84.6612903225806,-1,-1,-1
2594,500,308,-1.28711223306116,85.6612903225806,1,-1,-1
2594,1500,309,-4.94619374422471,86.6612903225806,-1,1,-1
2594,1500,310,-9.79401315484087,87.6612903225806,-1,-1,1
2594,500,311,-8.47488283541232,88.6612903225806,1,-1,-1
2594,1500,312,-9.47824742507597,89.6612903225806,-1,1,-1
2594,500,313,-5.59017909518847,90.6612903225806,1,-1,1
2594,1500,314,-2.67113988209308,91.6612903225806,-1,1,-1
2594,1500,315,-9.35175324546817,92.6612903225806,-1,-1,1
2594,1500,316,-12.4012548895614,93.6612903225806,-1,-1,-1
2594,1500,317,-15.2037552811221,94.6612903225806,-1,-1,-1
2594,1500,319,-9.69371619693567,96.6612903225806,-1,-1,-1
2594,500,321,-4.16644019138059,98.6612903225806,1,1,-1
2594,1500,323,-12.1488879506318,100.661290322581,-1,-1,1
2594,500,324,-4.93850041886746,101.661290322581,1,-1,-1
2594,1500,325,-9.83276472702867,102.661290322581,-1,1,-1
2594,500,326,-6.41616030053799,103.661290322581,1,-1,1
2594,1500,327,-6.87654168641544,104.661290322581,-1,1,-1
2594,1500,328,-2.96931025948622,105.661290322581,-1,-1,1
2594,500,330,-3.66038559122024,107.661290322581,1,-1,-1
2594,500,331,0.944341652655589,108.661290322581,1,1,-1
2594,1500,332,-1.1883867921458,109.661290322581,-1,1,1
2594,1500,333,-8.19454101249705,110.661290322581,-1,-1,1
2594,500,334,-7.87765123420659,111.661290322581,1,-1,-1
2594,500,335,-1.6310969216592,112.661290322581,1,1,-1
2594,500,336,1.71370800827928,113.661290322581,1,1,1
2594,1500,337,-1.32273985075948,114.661290322581,-1,1,1
2594,500,338,-0.25167219760974,115.661290322581,1,-1,1
2594,1500,339,-3.57835590666234,116.661290322581,-1,1,-1
2594,1500,340,-4.78415201248989,117.661290322581,-1,-1,1
2594,500,341,-4.62898256586116,118.661290322581,1,-1,-1
2594,500,342,3.37421466188992,119.661290322581,1,1,-1
2594,1500,343,-2.35067714664729,120.661290322581,-1,1,1
2594,1500,344,-7.94520706946954,121.661290322581,-1,-1,1
2594,500,345,-4.38645558124659,122.661290322581,1,-1,-1
2594,1500,346,-1.94932786338021,123.661290322581,-1,1,-1
2594,500,347,-1.80337105233969,124.661290322581,1,-1,1
2594,1500,348,-1.65134710692664,125.661290322581,-1,1,-1
2594,500,349,-1.39235587182749,126.661290322581,1,-1,1
2594,500,350,-0.183536128145531,127.661290322581,1,1,-1
2594,1500,351,-1.33647853434485,128.661290322581,-1,1,1
2594,500,352,-6.17796981618294,129.661290322581,1,-1,1
2594,500,353,1.9748670710299,130.661290322581,1,1,-1
2594,1500,354,-0.536845669049331,131.661290322581,-1,1,1
2594,500,355,-3.19473630114145,132.661290322581,1,-1,1
2594,500,356,8.51091973677889,133.661290322581,1,1,-1
2594,1500,357,-0.793280051306181,134.661290322581,-1,1,1
2594,1500,358,-8.73854402742158,135.661290322581,-1,-1,1
2594,500,359,3.09118497812293,136.661290322581,1,-1,-1
2594,500,360,-1.06841405589358,137.661290322581,1,1,-1
2594,1500,361,-3.42538073658111,138.661290322581,-1,1,1
2594,500,362,1.84105869641706,139.661290322581,1,-1,1
2594,500,363,5.96406819167552,140.661290322581,1,1,-1
2594,500,364,9.45724343820802,141.661290322581,1,1,1
2594,1500,365,-3.06437388749864,142.661290322581,-1,1,1
2594,500,366,-0.664259190286222,143.661290322581,1,-1,1
2594,500,367,1.17322105056708,144.661290322581,1,1,-1
2594,500,368,9.81538952308596,145.661290322581,1,1,1
2594,1500,369,-2.39007809502307,146.661290322581,-1,1,1
2594,1500,370,-7.28670079539755,147.661290322581,-1,-1,1
2594,500,371,-2.51151316979863,148.661290322581,1,-1,-1
2594,1500,373,-7.27240062611596,150.661290322581,-1,-1,1
2594,1500,374,-10.1053835811577,151.661290322581,-1,-1,-1
2594,1500,375,-15.8544303789324,152.661290322581,-1,-1,-1
2594,1500,376,-13.1953115212058,153.661290322581,-1,-1,-1
2594,1500,377,-11.7214492757574,154.661290322581,-1,-1,-1
2594,500,378,-8.05645632618499,155.661290322581,1,-1,-1
2594,1500,379,-6.28174781133502,156.661290322581,-1,1,-1
2594,1500,380,-15.8353478824554,157.661290322581,-1,-1,1
2594,1500,381,-14.3966130545629,158.661290322581,-1,-1,-1
2594,1500,382,-7.5077735674686,159.661290322581,-1,-1,-1
2594,500,384,-7.5269314702902,161.661290322581,1,-1,-1
2594,500,385,-5.22307625864781,162.661290322581,1,1,-1
2594,500,386,-3.2430330770096,163.661290322581,1,1,1
2594,500,388,-3.66257582313518,165.661290322581,1,-1,1
2594,1500,389,-5.69615338300833,166.661290322581,-1,1,-1
2594,1500,390,-7.07770551156693,167.661290322581,-1,-1,1
2594,500,391,2.56337553996706,168.661290322581,1,-1,-1
2594,500,392,6.45264386629861,169.661290322581,1,1,-1
2594,500,393,3.91725668145645,170.661290322581,1,1,1
2594,1500,394,0.106691892946697,171.661290322581,-1,1,1
2594,500,395,1.74705858994651,172.661290322581,1,-1,1
2594,1500,396,-0.380274289141871,173.661290322581,-1,1,-1
2594,1500,397,-7.34871587698488,174.661290322581,-1,-1,1
2594,1500,398,-11.2312190699595,175.661290322581,-1,-1,-1
2594,500,399,-7.47975069448196,176.661290322581,1,-1,-1
2594,1500,400,-8.66328405282135,177.661290322581,-1,1,-1
2594,1500,401,-15.4770330208909,178.661290322581,-1,-1,1
2594,1500,402,-13.884170377949,179.661290322581,-1,-1,-1
2594,500,403,-7.08819072240289,180.661290322581,1,-1,-1
2594,500,404,-2.67172166497043,181.661290322581,1,1,-1
2594,1500,405,-3.20659473685861,182.661290322581,-1,1,1
2594,1500,406,-4.87096085873946,183.661290322581,-1,-1,1
2594,1500,407,-8.4071073414432,184.661290322581,-1,-1,-1
2594,1500,408,-13.1465163580294,185.661290322581,-1,-1,-1
2594,1500,409,-11.8625307998763,186.661290322581,-1,-1,-1
2594,500,410,-1.17317952393261,187.661290322581,1,-1,-1
2594,1500,411,-10.7767515516116,188.661290322581,-1,1,-1
2594,1500,413,-5.41001916589423,190.661290322581,-1,-1,-1
2594,1500,414,-16.5314316761337,191.661290322581,-1,-1,-1
2594,1500,415,-23.1127121297377,192.661290322581,-1,-1,-1
2594,500,416,-15.6739010715569,193.661290322581,1,-1,-1
2594,1500,417,-7.702366371895,194.661290322581,-1,1,-1
2594,1500,418,-8.95025087822346,195.661290322581,-1,-1,1
2594,1500,419,-16.309880514421,196.661290322581,-1,-1,-1
2594,1500,420,-16.680061063661,197.661290322581,-1,-1,-1
2595,1500,23,-1.71515614954103,-206.46394984326,-1,1,-1
2595,1500,24,-6.86171796784363,-205.46394984326,-1,-1,1
2595,1500,25,-5.96006993006149,-204.46394984326,-1,-1,-1
2595,500,26,-13.3840942219143,-203.46394984326,1,-1,-1
2595,1500,27,-0.0296177055681524,-202.46394984326,-1,1,-1
2595,500,28,-3.90278038249199,-201.46394984326,1,-1,1
2595,1500,29,-2.75110908092546,-200.46394984326,-1,1,-1
2595,1500,30,-5.64402296647312,-199.46394984326,-1,-1,1
2595,1500,31,-3.19691793934525,-198.46394984326,-1,-1,-1
2595,500,32,-6.22954636077088,-197.46394984326,1,-1,-1
2595,500,33,1.00690196063478,-196.46394984326,1,1,-1
2595,1500,35,-9.42052958523977,-194.46394984326,-1,-1,1
2595,500,36,-15.9692047080438,-193.46394984326,1,-1,-1
2595,500,37,-9.06847109743551,-192.46394984326,1,1,-1
2595,1500,38,-5.52428661983254,-191.46394984326,-1,1,1
2595,500,39,-12.9589740934457,-190.46394984326,1,-1,1
2595,1500,40,-8.87448265106696,-189.46394984326,-1,1,-1
2595,500,41,-5.96750901309715,-188.46394984326,1,-1,1
2595,1500,42,-12.0458564755641,-187.46394984326,-1,1,-1
2595,500,43,-11.3315361043232,-186.46394984326,1,-1,1
2595,500,44,-5.64677744366518,-185.46394984326,1,1,-1
2595,500,45,-3.11222002981384,-184.46394984326,1,1,1
2595,500,46,-5.9123230021874,-183.46394984326,1,1,1
2595,1500,47,-3.0693707831726,-182.46394984326,-1,1,1
2595,1500,48,-5.08862830653283,-181.46394984326,-1,-1,1
2595,500,49,-6.63988712795186,-180.46394984326,1,-1,-1
2595,500,50,-1.22516446437067,-179.46394984326,1,1,-1
2595,500,51,-4.0350243127546,-178.46394984326,1,1,1
2595,1500,52,0.345021174148158,-177.46394984326,-1,1,1
2595,1500,53,-2.58690551041164,-176.46394984326,-1,-1,1
2595,500,54,1.51421855978281,-175.46394984326,1,-1,-1
2595,500,55,-0.722595374851998,-174.46394984326,1,1,-1
2595,1500,56,0.0371220103929477,-173.46394984326,-1,1,1
2595,500,57,2.72172392942708,-172.46394984326,1,-1,1
2595,500,58,3.84962759680085,-171.46394984326,1,1,-1
2595,500,60,8.27945731152219,-169.46394984326,1,-1,1
2595,500,61,6.2703251219043,-168.46394984326,1,1,-1
2595,500,62,1.84870464415242,-167.46394984326,1,1,1
2595,1500,63,2.48388162236232,-166.46394984326,-1,1,1
2595,1500,64,-0.479415405246372,-165.46394984326,-1,-1,1
2595,500,65,3.85178562861867,-164.46394984326,1,-1,-1
2595,500,66,7.78327807401454,-163.46394984326,1,1,-1
2595,500,67,9.60646690887529,-162.46394984326,1,1,1
2595,500,69,0.955520390483373,-160.46394984326,1,-1,1
2595,1500,70,3.8750563181585,-159.46394984326,-1,1,-1
2595,500,71,8.94522740690832,-158.46394984326,1,-1,1
2595,1500,72,8.90485665787358,-157.46394984326,-1,1,-1
2595,500,73,4.08384112827207,-156.46394984326,1,-1,1
2595,1500,74,-0.676962317490351,-155.46394984326,-1,1,-1
2595,1500,75,-4.97070868710476,-154.46394984326,-1,-1,1
2595,1500,76,1.24664945861821,-153.46394984326,-1,-1,-1
2595,500,77,2.90120719635374,-152.46394984326,1,-1,-1
2595,500,78,3.14477749709476,-151.46394984326,1,1,-1
2595,500,79,7.45223678760369,-150.46394984326,1,1,1
2595,1500,80,0.0556487105309176,-149.46394984326,-1,1,1
2595,500,81,-3.42500402806876,-148.46394984326,1,-1,1
2595,1500,83,4.15326270731768,-146.46394984326,-1,-1,1
2595,500,84,-0.147380627510224,-145.46394984326,1,-1,-1
2595,500,85,8.52703029101163,-144.46394984326,1,1,-1
2595,500,87,1.37130769069973,-142.46394984326,1,-1,1
2595,1500,88,-1.91313906014773,-141.46394984326,-1,1,-1
2595,500,90,2.52314653073831,-139.46394984326,1,-1,-1
2595,500,91,7.2198477659705,-138.46394984326,1,1,-1
2595,500,93,-1.9984092985033,-136.46394984326,1,1,1
2595,500,95,5.39578345505614,-134.46394984326,1,-1,1
2595,1500,97,-2.71466637713377,-132.46394984326,-1,-1,1
2595,1500,98,3.28468195236119,-131.46394984326,-1,-1,-1
2595,500,99,1.04294508738373,-130.46394984326,1,-1,-1
2595,500,100,9.73409669446062,-129.46394984326,1,1,-1
2595,1500,101,6.83108115933858,-128.46394984326,-1,1,1
2595,1500,102,-7.33722501509239,-127.46394984326,-1,-1,1
2595,1500,103,-5.83207509719907,-126.46394984326,-1,-1,-1
2595,500,104,2.54440820650229,-125.46394984326,1,-1,-1
2595,500,105,4.2980311457557,-124.46394984326,1,1,-1
2595,1500,106,-9.45260739286997,-123.46394984326,-1,1,1
2595,1500,107,-14.4564398613811,-122.46394984326,-1,-1,1
2595,1500,108,-30.8516110182888,-121.46394984326,-1,-1,-1
2595,500,109,-6.23032675748687,-120.46394984326,1,-1,-1
2595,500,117,14.0752599528314,-112.46394984326,1,-1,1
2595,500,125,16.8860914176016,-104.46394984326,1,-1,1
2595,500,129,25.224558105526,-100.46394984326,1,-1,1
2595,500,132,3.67950288719676,-97.4639498432602,1,1,-1
2595,1500,140,-14.1635747267231,-89.4639498432602,-1,-1,-1
2595,1500,141,-28.0326607292494,-88.4639498432602,-1,-1,-1
2595,500,142,-5.51742839860528,-87.4639498432602,1,-1,-1
2595,500,147,3.9087687157321,-82.4639498432602,1,1,-1
2595,500,148,-4.48163483359954,-81.4639498432602,1,1,1
2595,500,150,-2.30960930488646,-79.4639498432602,1,-1,1
2595,500,151,-2.44627739802401,-78.4639498432602,1,1,-1
2595,1500,152,-16.3428824555367,-77.4639498432602,-1,1,1
2595,500,153,-16.5871637922891,-76.4639498432602,1,-1,1
2595,1500,155,-16.0763529854045,-74.4639498432602,-1,-1,1
2595,500,156,-7.380268481542,-73.4639498432602,1,-1,-1
2595,500,158,-15.4908495033394,-71.4639498432602,1,-1,1
2595,500,159,0.0252537641112929,-70.4639498432602,1,1,-1
2595,1500,160,-12.4922365490963,-69.4639498432602,-1,1,1
2595,1500,161,-12.703918412821,-68.4639498432602,-1,-1,1
2595,500,163,-3.52962142920078,-66.4639498432602,1,-1,-1
2595,500,164,-4.23923811824876,-65.4639498432602,1,1,-1
2595,500,165,-4.34393243711351,-64.4639498432602,1,1,1
2595,500,166,-3.38446772372575,-63.4639498432602,1,1,1
2595,1500,167,-4.60967511589511,-62.4639498432602,-1,1,1
2595,500,168,3.32083870621197,-61.4639498432602,1,-1,1
2595,1500,170,-6.47518470694114,-59.4639498432602,-1,-1,1
2595,1500,171,-19.7489706802824,-58.4639498432602,-1,-1,-1
2595,500,173,2.1393098662082,-56.4639498432602,1,-1,-1
2595,500,174,3.96083448515059,-55.4639498432602,1,1,-1
2595,1500,176,-9.44954447831239,-53.4639498432602,-1,-1,1
2595,500,178,-11.5801769107284,-51.4639498432602,1,-1,-1
2595,500,179,-6.18959090694095,-50.4639498432602,1,1,-1
2595,500,180,3.51038288160105,-49.4639498432602,1,1,1
2595,500,181,3.41735238897662,-48.4639498432602,1,1,1
2595,1500,182,-8.87954937266351,-47.4639498432602,-1,1,1
2595,500,183,-6.09132064973555,-46.4639498432602,1,-1,1
2595,500,184,3.90109391510213,-45.4639498432602,1,1,-1
2595,500,185,-4.53535926102468,-44.4639498432602,1,1,1
2595,500,186,-0.401324046119542,-43.4639498432602,1,1,1
2595,1500,187,-12.2894914369426,-42.4639498432602,-1,1,1
2595,500,189,-5.45120009426391,-40.4639498432602,1,-1,-1
2595,500,190,-0.532165650489087,-39.4639498432602,1,1,-1
2595,1500,191,-10.243453972552,-38.4639498432602,-1,1,1
2595,500,192,-10.0100991801843,-37.4639498432602,1,-1,1
2595,500,194,1.88462582150254,-35.4639498432602,1,-1,1
2595,500,195,3.12829135462418,-34.4639498432602,1,1,-1
2595,500,196,7.27529431535278,-33.4639498432602,1,1,1
2595,500,197,1.03608075046476,-32.4639498432602,1,1,1
2595,1500,198,-2.1161308035816,-31.4639498432602,-1,1,1
2595,1500,199,-5.26015266327032,-30.4639498432602,-1,-1,1
2595,500,201,-2.31019740996467,-28.4639498432602,1,-1,-1
2595,500,202,2.68150560035548,-27.4639498432602,1,1,-1
2595,500,203,0.199210777669883,-26.4639498432602,1,1,1
2595,1500,204,-4.55706629642744,-25.4639498432602,-1,1,1
2595,500,205,-3.79648727893205,-24.4639498432602,1,-1,1
2595,1500,206,-6.5113214648425,-23.4639498432602,-1,1,-1
2595,1500,207,-8.7724767615238,-22.4639498432602,-1,-1,1
2595,500,208,-3.13433834537856,-21.4639498432602,1,-1,-1
2595,500,209,0.0691337825691418,-20.4639498432602,1,1,-1
2595,1500,210,-8.93505327624332,-19.4639498432602,-1,1,1
2595,500,211,-3.25289607371798,-18.4639498432602,1,-1,1
2595,1500,212,-5.57711105921316,-17.4639498432602,-1,1,-1
2595,500,213,2.97197027646144,-16.4639498432602,1,-1,1
2595,1500,215,-8.63823767145053,-14.4639498432602,-1,-1,1
2595,500,216,-1.85771892642606,-13.4639498432602,1,-1,-1
2595,500,217,4.42477297645728,-12.4639498432602,1,1,-1
2595,1500,219,-6.63835057392827,-10.4639498432602,-1,-1,1
2595,500,220,-23.459472502674,-9.4639498432602,1,-1,-1
2595,1500,222,-3.13823490218662,-7.4639498432602,-1,-1,1
2595,500,223,-4.57048344108019,-6.4639498432602,1,-1,-1
2595,500,224,1.42385871724579,-5.4639498432602,1,1,-1
2595,500,225,-4.10288571516854,-4.4639498432602,1,1,1
2595,500,226,-6.02216146675302,-3.4639498432602,1,1,1
2595,1500,227,-3.07218008974793,-2.4639498432602,-1,1,1
2595,1500,228,-11.4841063735646,-1.4639498432602,-1,-1,1
2595,500,229,-4.69917968039097,-0.463949843260195,1,-1,-1
2595,1500,230,-17.2668253296076,0.536050156739805,-1,1,-1
2595,500,231,-0.355212626362975,1.5360501567398,1,-1,1
2595,500,232,-2.99107743110394,2.5360501567398,1,1,-1
2595,500,234,2.35657360281764,4.5360501567398,1,-1,1
2595,500,235,9.82725270599207,5.5360501567398,1,1,-1
2595,500,236,-2.22758623982724,6.5360501567398,1,1,1
2595,500,237,-2.39183504240904,7.5360501567398,1,1,1
2595,500,238,-8.5708591308588,8.5360501567398,1,1,1
2595,500,239,0.921322517934425,9.5360501567398,1,1,1
2595,500,240,-1.66299249418135,10.5360501567398,1,1,1
2595,500,241,-10.0331579416307,11.5360501567398,1,1,1
2595,1500,242,-10.0566551675248,12.5360501567398,-1,1,1
2595,500,244,-14.0128401526105,14.5360501567398,1,-1,-1
2595,1500,245,-27.9124671163257,15.5360501567398,-1,1,-1
2595,1500,246,-17.2494990115723,16.5360501567398,-1,-1,1
2595,1500,247,-23.1460136838679,17.5360501567398,-1,-1,-1
2595,500,250,-14.5914291108972,20.5360501567398,1,-1,1
2595,1500,251,-8.06016212616027,21.5360501567398,-1,1,-1
2595,500,252,-16.8523811633591,22.5360501567398,1,-1,1
2595,500,254,1.69084454297658,24.5360501567398,1,-1,1
2595,500,255,5.18968411070791,25.5360501567398,1,1,-1
2595,500,256,-0.0913005177801293,26.5360501567398,1,1,1
2595,1500,257,-6.11339342266595,27.5360501567398,-1,1,1
2595,500,258,-21.164330130709,28.5360501567398,1,-1,1
2595,500,260,-28.9265097997303,30.5360501567398,1,-1,1
2595,500,261,-11.1155139044109,31.5360501567398,1,1,-1
2595,1500,262,-12.6680514594146,32.5360501567398,-1,1,1
2595,1500,263,-8.1939028083119,33.5360501567398,-1,-1,1
2595,500,264,-12.8713745844245,34.5360501567398,1,-1,-1
2595,500,265,-17.1228533683589,35.5360501567398,1,1,-1
2595,1500,266,-6.27912279331133,36.5360501567398,-1,1,1
2595,500,267,-8.45127846496402,37.5360501567398,1,-1,1
2595,1500,268,-10.5156477317959,38.5360501567398,-1,1,-1
2595,1500,271,-19.9558367871471,41.5360501567398,-1,-1,-1
2595,1500,273,-20.7694563150635,43.5360501567398,-1,-1,-1
2595,1500,275,-5.97575772688628,45.5360501567398,-1,-1,-1
2595,500,276,-18.5058352595888,46.5360501567398,1,-1,-1
2595,500,278,-8.07085749373533,48.5360501567398,1,-1,1
2595,500,279,-5.42197819515388,49.5360501567398,1,1,-1
2595,1500,280,-5.2153744529229,50.5360501567398,-1,1,1
2595,1500,281,0.632626100476488,51.5360501567398,-1,-1,1
2595,500,282,5.20902743340284,52.5360501567398,1,-1,-1
2595,500,283,-7.62615967354531,53.5360501567398,1,1,-1
2595,500,284,-13.690250376977,54.5360501567398,1,1,1
2595,500,285,-11.9588912793614,55.5360501567398,1,1,1
2595,500,286,-1.16717444902977,56.5360501567398,1,1,1
2595,500,287,-19.4826154045479,57.5360501567398,1,1,1
2595,1500,288,-6.38297039283529,58.5360501567398,-1,1,1
2595,1500,290,-14.8530300911298,60.5360501567398,-1,-1,-1
2595,1500,291,-12.4906760669343,61.5360501567398,-1,-1,-1
2595,1500,292,-26.8794976762681,62.5360501567398,-1,-1,-1
2595,500,293,-10.9027951090373,63.5360501567398,1,-1,-1
2595,500,294,-8.28056631489651,64.5360501567398,1,1,-1
2595,1500,296,-19.3861444948762,66.5360501567398,-1,-1,1
2595,500,297,-12.6347448397326,67.5360501567398,1,-1,-1
2595,500,298,-19.7669469094226,68.5360501567398,1,1,-1
2595,500,299,-9.08226606835554,69.5360501567398,1,1,1
2595,500,300,-8.13145964405275,70.5360501567398,1,1,1
2595,1500,301,-1.80210294811058,71.5360501567398,-1,1,1
2595,1500,302,-11.7884289841818,72.5360501567398,-1,-1,1
2595,500,303,-21.6179847888156,73.5360501567398,1,-1,-1
2595,1500,304,-17.5237003586921,74.5360501567398,-1,1,-1
2595,500,305,-28.9377726771392,75.5360501567398,1,-1,1
2595,500,306,-16.0205573491235,76.5360501567398,1,1,-1
2595,1500,308,-15.3320819416878,78.5360501567398,-1,-1,1
2595,1500,309,-24.4052586820212,79.5360501567398,-1,-1,-1
2595,500,310,-17.2119519921569,80.5360501567398,1,-1,-1
2595,1500,311,-16.0125691800649,81.5360501567398,-1,1,-1
2595,500,312,-14.0135299802187,82.5360501567398,1,-1,1
2595,500,313,-17.525651889207,83.5360501567398,1,1,-1
2595,1500,315,-14.3433323799442,85.5360501567398,-1,-1,1
2595,500,316,-16.6804252622351,86.5360501567398,1,-1,-1
2595,1500,317,-14.7356126933388,87.5360501567398,-1,1,-1
2595,500,318,-16.008014498684,88.5360501567398,1,-1,1
2595,500,319,-7.54598830105235,89.5360501567398,1,1,-1
2595,500,320,-3.80347945487035,90.5360501567398,1,1,1
2595,500,321,-1.53524159507015,91.5360501567398,1,1,1
2595,1500,322,-5.41990879106797,92.5360501567398,-1,1,1
2595,500,323,-2.65731337020239,93.5360501567398,1,-1,1
2595,1500,326,-0.918079362540058,96.5360501567398,-1,-1,-1
2595,1500,328,-8.82808305428058,98.5360501567398,-1,-1,-1
2595,1500,329,-13.5884763703632,99.5360501567398,-1,-1,-1
2595,1500,330,-8.12102786855482,100.53605015674,-1,-1,-1
2595,500,332,-10.4145313369459,102.53605015674,1,-1,-1
2595,500,333,-7.6830438102128,103.53605015674,1,1,-1
2595,500,334,-3.33367562372026,104.53605015674,1,1,1
2595,500,336,-1.57265304050153,106.53605015674,1,-1,1
2595,500,337,-4.90169869771601,107.53605015674,1,1,-1
2595,500,338,-8.10464839576188,108.53605015674,1,1,1
2595,1500,340,-12.4934175826385,110.53605015674,-1,-1,1
2595,500,341,-13.2704066944261,111.53605015674,1,-1,-1
2595,1500,342,-14.4799923616673,112.53605015674,-1,1,-1
2595,500,343,-11.9903570539554,113.53605015674,1,-1,1
2595,500,344,-10.1045640254434,114.53605015674,1,1,-1
2595,500,345,4.8188119709317,115.53605015674,1,1,1
2595,500,346,7.87094069238637,116.53605015674,1,1,1
2595,1500,347,-4.12802133409394,117.53605015674,-1,1,1
2595,500,348,-14.3189904627744,118.53605015674,1,-1,1
2595,1500,349,-5.25041585548439,119.53605015674,-1,1,-1
2595,1500,350,-15.9706636701934,120.53605015674,-1,-1,1
2595,1500,352,-8.46602611102809,122.53605015674,-1,-1,-1
2595,500,353,-2.68095251541595,123.53605015674,1,-1,-1
2595,500,354,2.85026856183442,124.53605015674,1,1,-1
2595,500,355,0.83126432674218,125.53605015674,1,1,1
2595,1500,356,-6.28060621323804,126.53605015674,-1,1,1
2595,1500,357,-1.67355489433427,127.53605015674,-1,-1,1
2595,500,358,-8.59720509852347,128.53605015674,1,-1,-1
2595,500,359,2.91119625948913,129.53605015674,1,1,-1
2595,1500,360,5.51299908683629,130.53605015674,-1,1,1
2595,1500,361,4.87751758610113,131.53605015674,-1,-1,1
2595,1500,362,-9.68439535141644,132.53605015674,-1,-1,-1
2595,1500,364,-7.8308955519573,134.53605015674,-1,-1,-1
2595,500,365,-12.4828291615596,135.53605015674,1,-1,-1
2595,1500,366,-14.9007958501783,136.53605015674,-1,1,-1
2595,1500,367,-12.661479123323,137.53605015674,-1,-1,1
2595,500,368,-13.2393646857223,138.53605015674,1,-1,-1
2595,1500,370,-0.573079222015999,140.53605015674,-1,-1,1
2595,500,371,-2.01382482895131,141.53605015674,1,-1,-1
2595,1500,372,-2.07107088702818,142.53605015674,-1,1,-1
2595,500,374,-4.25434177234753,144.53605015674,1,-1,-1
2595,1500,375,-0.112719009283842,145.53605015674,-1,1,-1
2595,500,376,-6.82321159977036,146.53605015674,1,-1,1
2595,1500,377,-6.01072997406766,147.53605015674,-1,1,-1
2595,500,378,-9.10438250762756,148.53605015674,1,-1,1
2595,500,379,-6.78271234567148,149.53605015674,1,1,-1
2595,500,380,-1.16797349568434,150.53605015674,1,1,1
2595,500,381,-1.21890840536417,151.53605015674,1,1,1
2595,1500,382,-10.358439233643,152.53605015674,-1,1,1
2595,1500,383,-6.84943630681644,153.53605015674,-1,-1,1
2595,1500,384,-9.56414850680363,154.53605015674,-1,-1,-1
2595,500,385,-2.3814155431188,155.53605015674,1,-1,-1
2595,500,386,4.10335898275607,156.53605015674,1,1,-1
2595,1500,387,-12.9535110552836,157.53605015674,-1,1,1
2595,1500,388,-9.86087474716533,158.53605015674,-1,-1,1
2595,500,389,-11.2873649584571,159.53605015674,1,-1,-1
2595,1500,390,-16.444427211753,160.53605015674,-1,1,-1
2595,1500,391,-9.88200158022543,161.53605015674,-1,-1,1
2595,1500,392,-7.1206273661213,162.53605015674,-1,-1,-1
2595,500,393,-3.27099019213341,163.53605015674,1,-1,-1
2595,1500,394,-8.787615998758,164.53605015674,-1,1,-1
2595,1500,395,1.68078259960724,165.53605015674,-1,-1,1
2595,1500,396,-0.640380122481059,166.53605015674,-1,-1,-1
2595,500,397,-0.879345447096379,167.53605015674,1,-1,-1
2595,1500,398,5.5489856937794,168.53605015674,-1,1,-1
2595,500,399,4.24540438068149,169.53605015674,1,-1,1
2595,1500,400,1.39673869696746,170.53605015674,-1,1,-1
2595,500,401,3.68738592749472,171.53605015674,1,-1,1
2595,1500,402,0.613480449830538,172.53605015674,-1,1,-1
2595,1500,403,-7.25351763237706,173.53605015674,-1,-1,1
2595,500,404,-12.0016168639098,174.53605015674,1,-1,-1
2595,1500,405,-8.45978053973094,175.53605015674,-1,1,-1
2595,1500,406,-10.0643003719199,176.53605015674,-1,-1,1
2595,1500,407,-10.2395781968658,177.53605015674,-1,-1,-1
2595,500,408,-17.6754501034458,178.53605015674,1,-1,-1
2595,500,409,-10.4637383917279,179.53605015674,1,1,-1
2595,1500,411,-15.0707356773443,181.53605015674,-1,-1,1
2595,500,412,-7.07209928121558,182.53605015674,1,-1,-1
2595,500,413,-0.957928479916743,183.53605015674,1,1,-1
2595,500,414,-11.9671419856334,184.53605015674,1,1,1
2595,1500,415,-0.867274689781554,185.53605015674,-1,1,1
2595,500,416,1.8967647516235,186.53605015674,1,-1,1
2595,500,417,10.9204584659422,187.53605015674,1,1,-1
2595,1500,418,13.8308223495358,188.53605015674,-1,1,1
2595,500,419,9.50025773228747,189.53605015674,1,-1,1
2595,500,420,1.75409083653382,190.53605015674,1,1,-1
2597,500,23,11.0658428747302,-191.577030812325,1,1,1
2597,1500,24,6.58170547838833,-190.577030812325,-1,1,1
2597,500,25,7.92001296217067,-189.577030812325,1,-1,1
2597,500,26,10.8068015421216,-188.577030812325,1,1,-1
2597,500,27,11.2893727953316,-187.577030812325,1,1,1
2597,500,28,14.2687938177114,-186.577030812325,1,1,1
2597,500,29,17.5731069978926,-185.577030812325,1,1,1
2597,1500,30,10.6052912830064,-184.577030812325,-1,1,1
2597,500,31,7.84136590724051,-183.577030812325,1,-1,1
2597,500,32,11.5174007950723,-182.577030812325,1,1,-1
2597,500,33,15.0387948492177,-181.577030812325,1,1,1
2597,1500,34,-2.48386516198179,-180.577030812325,-1,1,1
2597,1500,35,-1.0235252974801,-179.577030812325,-1,-1,1
2597,1500,36,0.926910040545374,-178.577030812325,-1,-1,-1
2597,500,37,6.72523716885577,-177.577030812325,1,-1,-1
2597,500,38,15.1213701393302,-176.577030812325,1,1,-1
2597,1500,39,12.8325808288923,-175.577030812325,-1,1,1
2597,1500,40,1.54593332098375,-174.577030812325,-1,-1,1
2597,1500,41,2.1432341176466,-173.577030812325,-1,-1,-1
2597,500,42,3.05128188184016,-172.577030812325,1,-1,-1
2597,500,43,10.0624625338317,-171.577030812325,1,1,-1
2597,1500,44,3.48286814088454,-170.577030812325,-1,1,1
2597,1500,45,2.98700835709574,-169.577030812325,-1,-1,1
2597,1500,46,3.97506173303071,-168.577030812325,-1,-1,-1
2597,1500,47,1.11297409466599,-167.577030812325,-1,-1,-1
2597,500,48,5.18098659877614,-166.577030812325,1,-1,-1
2597,1500,49,7.29374870973177,-165.577030812325,-1,1,-1
2597,1500,50,4.38522626545397,-164.577030812325,-1,-1,1
2597,500,51,4.46685272146592,-163.577030812325,1,-1,-1
2597,500,52,11.2256149435204,-162.577030812325,1,1,-1
2597,500,53,13.0967371744419,-161.577030812325,1,1,1
2597,500,54,15.6145466391666,-160.577030812325,1,1,1
2597,1500,55,3.84608353569953,-159.577030812325,-1,1,1
2597,500,56,8.93328899869396,-158.577030812325,1,-1,1
2597,1500,57,12.6435459646028,-157.577030812325,-1,1,-1
2597,1500,58,3.90424335185568,-156.577030812325,-1,-1,1
2597,500,59,4.33543114984588,-155.577030812325,1,-1,-1
2597,500,60,7.53188351486885,-154.577030812325,1,1,-1
2597,500,61,13.4266088476224,-153.577030812325,1,1,1
2597,500,62,10.5157173323845,-152.577030812325,1,1,1
2597,1500,63,9.59289130178106,-151.577030812325,-1,1,1
2597,500,64,7.18325567495416,-150.577030812325,1,-1,1
2597,1500,65,1.85729676963112,-149.577030812325,-1,1,-1
2597,500,66,5.80379206087878,-148.577030812325,1,-1,1
2597,1500,67,7.91475608197139,-147.577030812325,-1,1,-1
2597,1500,68,6.56448644424121,-146.577030812325,-1,-1,1
2597,1500,69,10.1915269613218,-145.577030812325,-1,-1,-1
2597,500,70,15.4879929508145,-144.577030812325,1,-1,-1
2597,500,71,14.0782139887215,-143.577030812325,1,1,-1
2597,1500,73,7.49312084215869,-141.577030812325,-1,-1,1
2597,500,74,9.03379595741633,-140.577030812325,1,-1,-1
2597,500,75,17.0608221431136,-139.577030812325,1,1,-1
2597,500,76,13.5680706675179,-138.577030812325,1,1,1
2597,500,77,12.8097984628323,-137.577030812325,1,1,1
2597,1500,78,10.1097832173459,-136.577030812325,-1,1,1
2597,1500,79,3.3176237501501,-135.577030812325,-1,-1,1
2597,500,80,7.1911142955907,-134.577030812325,1,-1,-1
2597,1500,82,1.98762444150878,-132.577030812325,-1,-1,1
2597,1500,83,0.263687953462217,-131.577030812325,-1,-1,-1
2597,1500,84,-2.72567979219011,-130.577030812325,-1,-1,-1
2597,500,85,3.48339138412467,-129.577030812325,1,-1,-1
2597,500,86,10.2412060055619,-128.577030812325,1,1,-1
2597,500,87,11.6533283527604,-127.577030812325,1,1,1
2597,1500,88,9.3986777813576,-126.577030812325,-1,1,1
2597,500,89,4.58301066859936,-125.577030812325,1,-1,1
2597,500,90,9.7312344518262,-124.577030812325,1,1,-1
2597,500,91,13.492245845122,-123.577030812325,1,1,1
2597,500,92,13.2979135404722,-122.577030812325,1,1,1
2597,1500,93,11.2694815279556,-121.577030812325,-1,1,1
2597,500,94,7.61532833241018,-120.577030812325,1,-1,1
2597,1500,95,6.72590991565157,-119.577030812325,-1,1,-1
2597,500,96,3.72764602509113,-118.577030812325,1,-1,1
2597,1500,97,9.99414355012977,-117.577030812325,-1,1,-1
2597,1500,98,2.68188981390693,-116.577030812325,-1,-1,1
2597,1500,99,-1.50316986291923,-115.577030812325,-1,-1,-1
2597,500,100,6.0967034841089,-114.577030812325,1,-1,-1
2597,500,101,10.6808057820203,-113.577030812325,1,1,-1
2597,500,102,13.069708125808,-112.577030812325,1,1,1
2597,1500,103,-1.24214246352405,-111.577030812325,-1,1,1
2597,500,104,10.7493563783959,-110.577030812325,1,-1,1
2597,1500,105,9.684244539452,-109.577030812325,-1,1,-1
2597,1500,106,3.40185406010045,-108.577030812325,-1,-1,1
2597,500,107,5.63431005274839,-107.577030812325,1,-1,-1
2597,500,108,11.8819801894015,-106.577030812325,1,1,-1
2597,500,109,10.5227031336413,-105.577030812325,1,1,1
2597,500,110,17.5148885746516,-104.577030812325,1,1,1
2597,500,111,9.88357177694392,-103.577030812325,1,1,1
2597,500,112,11.8407646070319,-102.577030812325,1,1,1
2597,1500,113,-5.26573196646381,-101.577030812325,-1,1,1
2597,1500,114,-3.56357014462501,-100.577030812325,-1,-1,1
2597,500,115,-1.89900732119601,-99.5770308123249,1,-1,-1
2597,1500,116,-0.0113630483823332,-98.5770308123249,-1,1,-1
2597,500,117,-1.36018047868954,-97.5770308123249,1,-1,1
2597,1500,118,3.866703720459,-96.5770308123249,-1,1,-1
2597,1500,119,-0.741083914319913,-95.5770308123249,-1,-1,1
2597,500,120,-0.315976421066394,-94.5770308123249,1,-1,-1
2597,500,121,5.79577951934795,-93.5770308123249,1,1,-1
2597,1500,123,-3.10824377416215,-91.5770308123249,-1,-1,1
2597,500,124,-1.82303402064652,-90.5770308123249,1,-1,-1
2597,500,125,5.55708941590922,-89.5770308123249,1,1,-1
2597,500,126,8.84132864321076,-88.5770308123249,1,1,1
2597,500,127,13.2553376215537,-87.5770308123249,1,1,1
2597,500,128,15.9910686787883,-86.5770308123249,1,1,1
2597,500,129,15.7650724660883,-85.5770308123249,1,1,1
2597,500,130,21.6767886557044,-84.5770308123249,1,1,1
2597,1500,131,10.1888993190763,-83.5770308123249,-1,1,1
2597,1500,132,6.49367765255906,-82.5770308123249,-1,-1,1
2597,1500,133,2.95915318435725,-81.5770308123249,-1,-1,-1
2597,500,134,4.61062458606654,-80.5770308123249,1,-1,-1
2597,1500,135,5.28115550497239,-79.5770308123249,-1,1,-1
2597,1500,136,5.48750144781977,-78.5770308123249,-1,-1,1
2597,500,137,9.83354915944027,-77.5770308123249,1,-1,-1
2597,500,138,17.9681556170503,-76.5770308123249,1,1,-1
2597,1500,139,12.4894935986498,-75.5770308123249,-1,1,1
2597,500,140,11.478317826828,-74.5770308123249,1,-1,1
2597,500,141,14.2115761242919,-73.5770308123249,1,1,-1
2597,500,142,20.4994151974368,-72.5770308123249,1,1,1
2597,1500,143,14.2608395974981,-71.5770308123249,-1,1,1
2597,1500,144,8.89439831147737,-70.5770308123249,-1,-1,1
2597,1500,145,0.123372067318549,-69.5770308123249,-1,-1,-1
2597,1500,146,-0.0847577774887232,-68.5770308123249,-1,-1,-1
2597,500,147,6.0999624431424,-67.5770308123249,1,-1,-1
2597,500,148,12.4784099092477,-66.5770308123249,1,1,-1
2597,1500,149,12.5733877727452,-65.5770308123249,-1,1,1
2597,500,150,10.5728688157687,-64.5770308123249,1,-1,1
2597,1500,151,9.04174858819751,-63.5770308123249,-1,1,-1
2597,1500,152,1.69497293805872,-62.5770308123249,-1,-1,1
2597,500,153,4.85528896505211,-61.5770308123249,1,-1,-1
2597,500,154,21.4888201394642,-60.5770308123249,1,1,-1
2597,500,155,19.2453876791658,-59.5770308123249,1,1,1
2597,500,156,20.4852955683743,-58.5770308123249,1,1,1
2597,1500,157,12.0080089171638,-57.5770308123249,-1,1,1
2597,1500,158,5.4236704105868,-56.5770308123249,-1,-1,1
2597,1500,159,-9.76837700126225,-55.5770308123249,-1,-1,-1
2597,1500,160,-4.52693859191323,-54.5770308123249,-1,-1,-1
2597,1500,161,1.3616496382011,-53.5770308123249,-1,-1,-1
2597,500,162,5.81975852365621,-52.5770308123249,1,-1,-1
2597,500,163,13.8932156519474,-51.5770308123249,1,1,-1
2597,500,165,6.95190043609363,-49.5770308123249,1,-1,1
2597,500,166,8.09559744625303,-48.5770308123249,1,1,-1
2597,1500,167,7.85310991648696,-47.5770308123249,-1,1,1
2597,500,168,10.5285866006665,-46.5770308123249,1,-1,1
2597,1500,170,0.202173684420366,-44.5770308123249,-1,-1,1
2597,500,171,12.43651709999,-43.5770308123249,1,-1,-1
2597,1500,172,10.2512372854523,-42.5770308123249,-1,1,-1
2597,500,173,10.6272867167541,-41.5770308123249,1,-1,1
2597,1500,174,9.8380014919732,-40.5770308123249,-1,1,-1
2597,500,175,13.8884648848645,-39.5770308123249,1,-1,1
2597,1500,176,3.84871869869076,-38.5770308123249,-1,1,-1
2597,500,177,7.37419095965326,-37.5770308123249,1,-1,1
2597,1500,178,9.72809883840014,-36.5770308123249,-1,1,-1
2597,500,179,9.62179099309658,-35.5770308123249,1,-1,1
2597,500,181,5.41592923967166,-33.5770308123249,1,-1,1
2597,500,183,2.12771598623347,-31.5770308123249,1,-1,1
2597,500,184,2.1746951314472,-30.5770308123249,1,1,-1
2597,1500,185,-0.565947744088873,-29.5770308123249,-1,1,1
2597,1500,187,0.946073371623786,-27.5770308123249,-1,-1,-1
2597,1500,188,-2.1425236956703,-26.5770308123249,-1,-1,-1
2597,1500,189,-3.57872037029272,-25.5770308123249,-1,-1,-1
2597,1500,190,-4.42348099245875,-24.5770308123249,-1,-1,-1
2597,500,191,-4.06959942701916,-23.5770308123249,1,-1,-1
2597,500,192,18.0081815520531,-22.5770308123249,1,1,-1
2597,500,193,13.6021581340271,-21.5770308123249,1,1,1
2597,1500,194,10.9435380794736,-20.5770308123249,-1,1,1
2597,500,195,9.38883296561793,-19.5770308123249,1,-1,1
2597,1500,197,2.81171988052841,-17.5770308123249,-1,-1,1
2597,1500,198,0.351414010369704,-16.5770308123249,-1,-1,-1
2597,500,199,9.65168806889395,-15.5770308123249,1,-1,-1
2597,1500,200,4.10815974692811,-14.5770308123249,-1,1,-1
2597,500,201,5.5239671719895,-13.5770308123249,1,-1,1
2597,1500,203,1.69221031768221,-11.5770308123249,-1,-1,1
2597,1500,204,-0.927340915478623,-10.5770308123249,-1,-1,-1
2597,1500,206,2.13946994164374,-8.57703081232492,-1,-1,-1
2597,500,207,1.8275713658784,-7.57703081232492,1,-1,-1
2597,1500,208,1.70327302754222,-6.57703081232492,-1,1,-1
2597,500,209,1.05221610509156,-5.57703081232492,1,-1,1
2597,500,210,11.5180179031844,-4.57703081232492,1,1,-1
2597,500,211,12.8966877170214,-3.57703081232492,1,1,1
2597,1500,212,15.5816230122609,-2.57703081232492,-1,1,1
2597,500,213,13.4090802684392,-1.57703081232492,1,-1,1
2597,1500,214,3.0392828878993,-0.577030812324921,-1,1,-1
2597,1500,215,4.52224161075384,0.422969187675079,-1,-1,1
2597,500,217,3.65152405047124,2.42296918767508,1,-1,-1
2597,1500,218,4.37299301427147,3.42296918767508,-1,1,-1
2597,500,219,3.40019768736786,4.42296918767508,1,-1,1
2597,1500,220,-0.245309628410693,5.42296918767508,-1,1,-1
2597,500,221,5.90730889494233,6.42296918767508,1,-1,1
2597,500,222,10.4965910868257,7.42296918767508,1,1,-1
2597,1500,224,2.08549989557221,9.42296918767508,-1,-1,1
2597,1500,225,-1.01816504926516,10.4229691876751,-1,-1,-1
2597,500,226,0.355419656150156,11.4229691876751,1,-1,-1
2597,1500,227,-0.156986684157793,12.4229691876751,-1,1,-1
2597,500,228,5.81333791752613,13.4229691876751,1,-1,1
2597,1500,229,1.64663698225707,14.4229691876751,-1,1,-1
2597,1500,230,3.55628332053963,15.4229691876751,-1,-1,1
2597,1500,231,5.48848592359882,16.4229691876751,-1,-1,-1
2597,500,232,5.11828053015126,17.4229691876751,1,-1,-1
2597,500,234,7.2725218933361,19.4229691876751,1,-1,1
2597,1500,235,0.328643704463283,20.4229691876751,-1,1,-1
2597,500,236,3.60521799093783,21.4229691876751,1,-1,1
2597,500,237,14.234895422468,22.4229691876751,1,1,-1
2597,500,238,21.7372300601011,23.4229691876751,1,1,1
2597,500,240,8.63306814952104,25.4229691876751,1,-1,1
2597,1500,241,8.20473719554033,26.4229691876751,-1,1,-1
2597,500,244,0.446514913293086,29.4229691876751,1,-1,-1
2597,500,245,11.5993941183003,30.4229691876751,1,1,-1
2597,500,246,20.7704390861525,31.4229691876751,1,1,1
2597,1500,247,5.74461117112333,32.4229691876751,-1,1,1
2597,1500,248,1.18869369227089,33.4229691876751,-1,-1,1
2597,500,249,7.78107537221919,34.4229691876751,1,-1,-1
2597,500,250,11.3263694193999,35.4229691876751,1,1,-1
2597,500,251,10.2818637050703,36.4229691876751,1,1,1
2597,500,252,10.4128010727963,37.4229691876751,1,1,1
2597,500,253,16.0909231622987,38.4229691876751,1,1,1
2597,1500,254,11.8249105205637,39.4229691876751,-1,1,1
2597,500,255,9.52919156479561,40.4229691876751,1,-1,1
2597,500,256,14.5678847453625,41.4229691876751,1,1,-1
2597,1500,257,10.5422091424973,42.4229691876751,-1,1,1
2597,500,258,15.9588491515784,43.4229691876751,1,-1,1
2597,1500,259,21.4031948289658,44.4229691876751,-1,1,-1
2597,500,260,17.7130093721764,45.4229691876751,1,-1,1
2597,1500,261,8.96016959580633,46.4229691876751,-1,1,-1
2597,1500,263,-4.18471227075944,48.4229691876751,-1,-1,-1
2597,500,264,-1.53929896341524,49.4229691876751,1,-1,-1
2597,1500,265,5.37854654933182,50.4229691876751,-1,1,-1
2597,1500,266,7.41753164803856,51.4229691876751,-1,-1,1
2597,500,267,3.57484347091785,52.4229691876751,1,-1,-1
2597,500,269,7.88239587858506,54.4229691876751,1,-1,1
2597,500,270,6.5412830105602,55.4229691876751,1,1,-1
2597,500,271,9.90725955453013,56.4229691876751,1,1,1
2597,1500,272,5.59708462119898,57.4229691876751,-1,1,1
2597,1500,273,-1.02581416890803,58.4229691876751,-1,-1,1
2597,500,274,2.08976335568152,59.4229691876751,1,-1,-1
2597,500,275,6.53286886287426,60.4229691876751,1,1,-1
2597,500,277,5.10359245103576,62.4229691876751,1,-1,1
2597,1500,278,5.01932323299957,63.4229691876751,-1,1,-1
2597,1500,279,-0.338697879991783,64.4229691876751,-1,-1,1
2597,1500,280,-4.56716548933009,65.4229691876751,-1,-1,-1
2597,500,281,2.21729221403584,66.4229691876751,1,-1,-1
2597,500,282,9.87103164827711,67.4229691876751,1,1,-1
2597,1500,283,0.461347679326186,68.4229691876751,-1,1,1
2597,1500,284,1.34311052285739,69.4229691876751,-1,-1,1
2597,1500,285,-0.0863660936656232,70.4229691876751,-1,-1,-1
2597,500,286,7.1278490733888,71.4229691876751,1,-1,-1
2597,500,287,13.0555228212795,72.4229691876751,1,1,-1
2597,1500,288,10.7735451022418,73.4229691876751,-1,1,1
2597,500,289,4.6819580270278,74.4229691876751,1,-1,1
2597,500,290,7.09876470606968,75.4229691876751,1,1,-1
2597,500,291,11.9132844601797,76.4229691876751,1,1,1
2597,1500,292,8.98280792780092,77.4229691876751,-1,1,1
2597,1500,293,5.79282962836519,78.4229691876751,-1,-1,1
2597,1500,294,4.62984185961514,79.4229691876751,-1,-1,-1
2597,1500,295,5.27405101443509,80.4229691876751,-1,-1,-1
2597,500,296,12.3637727933667,81.4229691876751,1,-1,-1
2597,1500,297,2.03541060618721,82.4229691876751,-1,1,-1
2597,500,298,5.58608024058796,83.4229691876751,1,-1,1
2597,500,299,9.44141865420465,84.4229691876751,1,1,-1
2597,1500,300,4.93500036433865,85.4229691876751,-1,1,1
2597,1500,301,1.52299955620017,86.4229691876751,-1,-1,1
2597,500,302,5.04600724601496,87.4229691876751,1,-1,-1
2597,500,303,14.9969631677346,88.4229691876751,1,1,-1
2597,500,304,18.6786423081808,89.4229691876751,1,1,1
2597,1500,305,10.1780044853695,90.4229691876751,-1,1,1
2597,500,306,9.42687887604924,91.4229691876751,1,-1,1
2597,500,307,11.9981360811666,92.4229691876751,1,1,-1
2597,500,308,14.3895441496408,93.4229691876751,1,1,1
2597,500,309,16.3616459529675,94.4229691876751,1,1,1
2597,1500,310,12.0336293112426,95.4229691876751,-1,1,1
2597,1500,312,-3.18327571298998,97.4229691876751,-1,-1,-1
2597,500,313,4.9780366393831,98.4229691876751,1,-1,-1
2597,1500,314,4.87808280967295,99.4229691876751,-1,1,-1
2597,500,315,8.44967262792521,100.422969187675,1,-1,1
2597,500,318,-2.41270383434215,103.422969187675,1,-1,-1
2597,500,319,19.6133014411091,104.422969187675,1,1,-1
2597,1500,320,15.9989683072138,105.422969187675,-1,1,1
2597,1500,321,4.27723288717364,106.422969187675,-1,-1,1
2597,500,322,9.70638417212383,107.422969187675,1,-1,-1
2597,1500,323,5.08772463405086,108.422969187675,-1,1,-1
2597,500,324,4.33778481575575,109.422969187675,1,-1,1
2597,1500,325,9.03338035527525,110.422969187675,-1,1,-1
2597,1500,326,3.24874362231662,111.422969187675,-1,-1,1
2597,1500,327,5.27958434353191,112.422969187675,-1,-1,-1
2597,1500,328,1.91412094007545,113.422969187675,-1,-1,-1
2597,1500,330,-6.33985801670949,115.422969187675,-1,-1,-1
2597,500,331,0.800038393805426,116.422969187675,1,-1,-1
2597,500,332,11.5301670601617,117.422969187675,1,1,-1
2597,500,333,9.7133191198251,118.422969187675,1,1,1
2597,500,334,21.4592419924733,119.422969187675,1,1,1
2597,500,335,19.1792999607343,120.422969187675,1,1,1
2597,1500,337,5.29175566178944,122.422969187675,-1,-1,1
2597,500,338,6.86776607662899,123.422969187675,1,-1,-1
2597,500,339,10.1172434351742,124.422969187675,1,1,-1
2597,1500,340,7.69419615743386,125.422969187675,-1,1,1
2597,500,341,10.7304842956789,126.422969187675,1,-1,1
2597,500,342,11.0111684820151,127.422969187675,1,1,-1
2597,500,344,6.32288588325343,129.422969187675,1,-1,1
2597,1500,345,6.66407618096831,130.422969187675,-1,1,-1
2597,500,346,7.40434327617248,131.422969187675,1,-1,1
2597,500,347,7.68133235901302,132.422969187675,1,1,-1
2597,1500,348,9.63086524780471,133.422969187675,-1,1,1
2597,1500,349,8.40153411674707,134.422969187675,-1,-1,1
2597,1500,353,-3.39104570977349,138.422969187675,-1,-1,-1
2597,1500,354,-0.613663322361523,139.422969187675,-1,-1,-1
2597,500,356,-0.0843598058306938,141.422969187675,1,-1,-1
2597,1500,357,-2.88469364669953,142.422969187675,-1,1,-1
2597,500,358,-0.568346050632014,143.422969187675,1,-1,1
2597,500,359,6.12014196737139,144.422969187675,1,1,-1
2597,500,361,3.55178161619249,146.422969187675,1,-1,1
2597,500,363,2.13935317357271,148.422969187675,1,-1,1
2597,500,364,11.8015915079216,149.422969187675,1,1,-1
2597,1500,365,1.82475071073591,150.422969187675,-1,1,1
2597,1500,367,-0.274997300210233,152.422969187675,-1,-1,-1
2597,500,368,-3.76313486756914,153.422969187675,1,-1,-1
2597,500,369,8.72751381466666,154.422969187675,1,1,-1
2597,1500,370,11.6841765269118,155.422969187675,-1,1,1
2597,500,372,3.67723881431763,157.422969187675,1,-1,-1
2597,1500,373,2.2664467084191,158.422969187675,-1,1,-1
2597,500,374,2.52646172690894,159.422969187675,1,-1,1
2597,1500,375,-1.37763385888191,160.422969187675,-1,1,-1
2597,500,376,8.57274598423064,161.422969187675,1,-1,1
2597,1500,378,2.7213583220955,163.422969187675,-1,-1,1
2597,1500,379,-7.39543093342449,164.422969187675,-1,-1,-1
2597,1500,381,-10.1181146256683,166.422969187675,-1,-1,-1
2597,500,382,-4.78429276041332,167.422969187675,1,-1,-1
2597,1500,383,-10.4267286594782,168.422969187675,-1,1,-1
2597,500,384,-7.44361979138889,169.422969187675,1,-1,1
2597,1500,385,-1.90173532330706,170.422969187675,-1,1,-1
2597,500,386,-0.518640284827094,171.422969187675,1,-1,1
2597,1500,387,-1.36223149587906,172.422969187675,-1,1,-1
2597,1500,388,-15.4202302108848,173.422969187675,-1,-1,1
2597,1500,389,-3.61569680500775,174.422969187675,-1,-1,-1
2597,500,390,-1.03320464254183,175.422969187675,1,-1,-1
2597,1500,392,-2.92641999684991,177.422969187675,-1,-1,1
2597,500,393,7.63084338891278,178.422969187675,1,-1,-1
2597,500,394,16.1803684973441,179.422969187675,1,1,-1
2597,500,395,13.8581188620755,180.422969187675,1,1,1
2597,500,396,25.0307228513503,181.422969187675,1,1,1
2597,1500,397,10.0066105936547,182.422969187675,-1,1,1
2597,500,398,18.5029809637563,183.422969187675,1,-1,1
2597,500,399,8.69214754083172,184.422969187675,1,1,-1
2597,1500,400,5.24410949322963,185.422969187675,-1,1,1
2597,500,402,8.74757271347263,187.422969187675,1,-1,-1
2597,500,403,10.6193750288345,188.422969187675,1,1,-1
2597,500,404,14.7293185475821,189.422969187675,1,1,1
2597,1500,406,12.7579160377648,191.422969187675,-1,-1,1
2597,500,407,12.5711432708989,192.422969187675,1,-1,-1
2597,500,408,9.85784357185285,193.422969187675,1,1,-1
2597,500,411,7.10077508070407,196.422969187675,1,-1,-1
2597,1500,412,3.54847985962157,197.422969187675,-1,1,-1
2597,500,413,13.8836560695748,198.422969187675,1,-1,1
2597,500,414,9.93339826923531,199.422969187675,1,1,-1
2597,1500,415,-0.798084019035703,200.422969187675,-1,1,1
2597,500,416,3.54613797759243,201.422969187675,1,-1,1
2597,500,417,13.2075279970091,202.422969187675,1,1,-1
2597,1500,418,14.0890862998596,203.422969187675,-1,1,1
2597,1500,419,3.72319658771197,204.422969187675,-1,-1,1
2597,500,420,18.4716357476661,205.422969187675,1,-1,-1
2600,500,23,6.86494150745894,-197.485639686684,1,1,1
2600,1500,24,6.46746144412633,-196.485639686684,-1,1,1
2600,1500,25,-1.73603245704597,-195.485639686684,-1,-1,1
2600,500,26,0.788157660654465,-194.485639686684,1,-1,-1
2600,1500,27,1.97484964041395,-193.485639686684,-1,1,-1
2600,500,28,-0.0954967916269884,-192.485639686684,1,-1,1
2600,1500,29,0.011749247813058,-191.485639686684,-1,1,-1
2600,1500,30,-1.28050415119844,-190.485639686684,-1,-1,1
2600,1500,31,-4.35544409122436,-189.485639686684,-1,-1,-1
2600,1500,32,-4.76316401935297,-188.485639686684,-1,-1,-1
2600,500,33,-5.76218518737022,-187.485639686684,1,-1,-1
2600,1500,34,-2.60481897500689,-186.485639686684,-1,1,-1
2600,1500,35,-5.74064068581262,-185.485639686684,-1,-1,1
2600,1500,36,-3.61778147546445,-184.485639686684,-1,-1,-1
2600,1500,37,-4.00774832744352,-183.485639686684,-1,-1,-1
2600,1500,38,-3.99674489906005,-182.485639686684,-1,-1,-1
2600,500,39,-1.42000061507819,-181.485639686684,1,-1,-1
2600,500,40,-0.34307746602746,-180.485639686684,1,1,-1
2600,500,41,2.86067885448761,-179.485639686684,1,1,1
2600,500,42,-0.197844582487875,-178.485639686684,1,1,1
2600,500,43,4.92047839393899,-177.485639686684,1,1,1
2600,500,44,3.35337285162729,-176.485639686684,1,1,1
2600,500,45,5.78051509797338,-175.485639686684,1,1,1
2600,500,46,6.20919934036642,-174.485639686684,1,1,1
2600,1500,47,4.28442216732482,-173.485639686684,-1,1,1
2600,500,48,6.99876254489,-172.485639686684,1,-1,1
2600,500,49,6.27227248200698,-171.485639686684,1,1,-1
2600,500,50,7.84734514047084,-170.485639686684,1,1,1
2600,500,51,6.46638994440382,-169.485639686684,1,1,1
2600,500,52,7.11588221232531,-168.485639686684,1,1,1
2600,500,53,7.1809750675214,-167.485639686684,1,1,1
2600,500,54,8.43363882539883,-166.485639686684,1,1,1
2600,500,55,4.40308614760769,-165.485639686684,1,1,1
2600,500,56,6.38120569246861,-164.485639686684,1,1,1
2600,500,57,7.48913659603907,-163.485639686684,1,1,1
2600,500,58,7.03788006654928,-162.485639686684,1,1,1
2600,500,59,8.94117634390637,-161.485639686684,1,1,1
2600,500,60,7.40235504731587,-160.485639686684,1,1,1
2600,500,61,10.6232469004911,-159.485639686684,1,1,1
2600,500,62,8.2195225467619,-158.485639686684,1,1,1
2600,1500,63,7.4530446339884,-157.485639686684,-1,1,1
2600,500,64,8.98455720895167,-156.485639686684,1,-1,1
2600,500,65,1.16970324436549,-155.485639686684,1,1,-1
2600,500,66,8.86604808513817,-154.485639686684,1,1,1
2600,1500,67,7.4284923019656,-153.485639686684,-1,1,1
2600,1500,68,2.00528753924779,-152.485639686684,-1,-1,1
2600,1500,69,-1.49217450071191,-151.485639686684,-1,-1,-1
2600,500,70,-0.812554359297805,-150.485639686684,1,-1,-1
2600,1500,71,-0.830974204239411,-149.485639686684,-1,1,-1
2600,500,72,-1.46600058758385,-148.485639686684,1,-1,1
2600,1500,73,-0.045795287561549,-147.485639686684,-1,1,-1
2600,500,74,-0.909255557094162,-146.485639686684,1,-1,1
2600,1500,75,3.56621291435673,-145.485639686684,-1,1,-1
2600,500,76,0.459075866341589,-144.485639686684,1,-1,1
2600,500,77,4.77921701613786,-143.485639686684,1,1,-1
2600,1500,78,4.42550879392631,-142.485639686684,-1,1,1
2600,1500,79,-3.59612455720161,-141.485639686684,-1,-1,1
2600,500,80,-4.46901072930849,-140.485639686684,1,-1,-1
2600,500,81,5.07058189783383,-139.485639686684,1,1,-1
2600,500,82,9.45618653657218,-138.485639686684,1,1,1
2600,1500,83,5.72818855356206,-137.485639686684,-1,1,1
2600,500,84,4.90128061367391,-136.485639686684,1,-1,1
2600,1500,85,3.80201553115496,-135.485639686684,-1,1,-1
2600,500,86,3.62242761450939,-134.485639686684,1,-1,1
2600,500,87,5.8328972227841,-133.485639686684,1,1,-1
2600,500,88,10.4292007267661,-132.485639686684,1,1,1
2600,1500,89,8.8030417595353,-131.485639686684,-1,1,1
2600,1500,90,2.18916825199738,-130.485639686684,-1,-1,1
2600,1500,91,0.934888790308324,-129.485639686684,-1,-1,-1
2600,500,92,3.73981447950679,-128.485639686684,1,-1,-1
2600,1500,93,4.15800293205638,-127.485639686684,-1,1,-1
2600,1500,94,3.39445160907609,-126.485639686684,-1,-1,1
2600,1500,95,-2.13712818449303,-125.485639686684,-1,-1,-1
2600,1500,96,-3.57317674314577,-124.485639686684,-1,-1,-1
2600,1500,97,-0.117378778858391,-123.485639686684,-1,-1,-1
2600,500,98,-0.206956329616806,-122.485639686684,1,-1,-1
2600,1500,100,1.39182522666434,-120.485639686684,-1,-1,1
2600,1500,101,-1.65181521751539,-119.485639686684,-1,-1,-1
2600,1500,102,-2.50674179735819,-118.485639686684,-1,-1,-1
2600,500,103,-4.15390683441235,-117.485639686684,1,-1,-1
2600,1500,104,0.904478488091264,-116.485639686684,-1,1,-1
2600,500,105,0.598346643783075,-115.485639686684,1,-1,1
2600,1500,106,-0.648619311202851,-114.485639686684,-1,1,-1
2600,1500,107,-2.14894920237085,-113.485639686684,-1,-1,1
2600,1500,108,-0.044995751982675,-112.485639686684,-1,-1,-1
2600,1500,109,-2.76548271291076,-111.485639686684,-1,-1,-1
2600,1500,110,-4.25871749677683,-110.485639686684,-1,-1,-1
2600,1500,111,-5.45642671826992,-109.485639686684,-1,-1,-1
2600,500,112,-2.66858222949643,-108.485639686684,1,-1,-1
2600,500,114,-0.678373546316878,-106.485639686684,1,-1,1
2600,500,115,4.21556294170795,-105.485639686684,1,1,-1
2600,1500,116,0.136432596591984,-104.485639686684,-1,1,1
2600,500,117,2.37616694053826,-103.485639686684,1,-1,1
2600,1500,118,2.6061206508533,-102.485639686684,-1,1,-1
2600,500,119,1.66121905926128,-101.485639686684,1,-1,1
2600,500,120,5.1177550769425,-100.485639686684,1,1,-1
2600,500,121,5.04241917512966,-99.4856396866841,1,1,1
2600,500,122,6.21759822573781,-98.4856396866841,1,1,1
2600,500,123,7.17277847712474,-97.4856396866841,1,1,1
2600,1500,124,3.85516537632681,-96.4856396866841,-1,1,1
2600,500,125,4.02400579546517,-95.4856396866841,1,-1,1
2600,1500,126,2.73082412384105,-94.4856396866841,-1,1,-1
2600,1500,127,-0.808504801072003,-93.4856396866841,-1,-1,1
2600,1500,128,-2.93806827022662,-92.4856396866841,-1,-1,-1
2600,1500,129,-4.09030536789829,-91.4856396866841,-1,-1,-1
2600,500,130,-1.42528089283825,-90.4856396866841,1,-1,-1
2600,1500,131,-1.82723480186493,-89.4856396866841,-1,1,-1
2600,1500,132,1.24212218092986,-88.4856396866841,-1,-1,1
2600,500,133,0.0512005748960966,-87.4856396866841,1,-1,-1
2600,1500,134,-0.00273743641463498,-86.4856396866841,-1,1,-1
2600,500,135,2.56594047070385,-85.4856396866841,1,-1,1
2600,500,136,1.02292487262933,-84.4856396866841,1,1,-1
2600,1500,137,2.99196462496766,-83.4856396866841,-1,1,1
2600,1500,138,-0.419321818468846,-82.4856396866841,-1,-1,1
2600,500,139,-1.04716695628021,-81.4856396866841,1,-1,-1
2600,500,140,2.20384450324103,-80.4856396866841,1,1,-1
2600,500,141,3.1349185782441,-79.4856396866841,1,1,1
2600,500,142,4.8454603147799,-78.4856396866841,1,1,1
2600,500,143,6.27257805933853,-77.4856396866841,1,1,1
2600,1500,144,6.25484363657059,-76.4856396866841,-1,1,1
2600,500,145,2.55162121587257,-75.4856396866841,1,-1,1
2600,1500,146,-0.323021410696017,-74.4856396866841,-1,1,-1
2600,500,147,0.580597911802738,-73.4856396866841,1,-1,1
2600,1500,148,2.3835026623944,-72.4856396866841,-1,1,-1
2600,500,149,0.590323296744925,-71.4856396866841,1,-1,1
2600,500,150,0.669626631357585,-70.4856396866841,1,1,-1
2600,1500,151,1.10054173375211,-69.4856396866841,-1,1,1
2600,500,152,3.60680284199686,-68.4856396866841,1,-1,1
2600,1500,153,2.96123406340189,-67.4856396866841,-1,1,-1
2600,1500,154,5.13299359290109,-66.4856396866841,-1,-1,1
2600,500,155,2.25954625761618,-65.4856396866841,1,-1,-1
2600,500,156,-0.183051934726093,-64.4856396866841,1,1,-1
2600,500,158,0.495805095264749,-62.4856396866841,1,-1,1
2600,1500,159,-1.32090777394778,-61.4856396866841,-1,1,-1
2600,1500,160,0.290715922777894,-60.4856396866841,-1,-1,1
2600,1500,161,-1.52201989323223,-59.4856396866841,-1,-1,-1
2600,500,162,5.91158618876616,-58.4856396866841,1,-1,-1
2600,500,163,2.80612498807565,-57.4856396866841,1,1,-1
2600,1500,164,3.37994766430368,-56.4856396866841,-1,1,1
2600,1500,165,1.567895213445,-55.4856396866841,-1,-1,1
2600,1500,166,-0.456273587424735,-54.4856396866841,-1,-1,-1
2600,1500,167,-0.839128338854533,-53.4856396866841,-1,-1,-1
2600,500,168,2.63898085355102,-52.4856396866841,1,-1,-1
2600,500,169,3.04846602691949,-51.4856396866841,1,1,-1
2600,1500,170,0.930838545930294,-50.4856396866841,-1,1,1
2600,1500,171,-1.81625667884375,-49.4856396866841,-1,-1,1
2600,500,173,-0.732183856073998,-47.4856396866841,1,-1,-1
2600,1500,175,-0.781215727267546,-45.4856396866841,-1,-1,1
2600,500,176,-1.58365357110797,-44.4856396866841,1,-1,-1
2600,500,177,-0.902448422225342,-43.4856396866841,1,1,-1
2600,1500,178,1.44830609389104,-42.4856396866841,-1,1,1
2600,1500,179,-0.549562998482723,-41.4856396866841,-1,-1,1
2600,1500,180,-1.09696276846383,-40.4856396866841,-1,-1,-1
2600,1500,181,-0.334398250157213,-39.4856396866841,-1,-1,-1
2600,500,182,-3.08797150304194,-38.4856396866841,1,-1,-1
2600,500,183,0.335551912779485,-37.4856396866841,1,1,-1
2600,500,184,3.06018976302027,-36.4856396866841,1,1,1
2600,500,185,3.14302631220846,-35.4856396866841,1,1,1
2600,1500,186,3.19610759337321,-34.4856396866841,-1,1,1
2600,1500,187,1.54431583257106,-33.4856396866841,-1,-1,1
2600,500,188,0.709076329721725,-32.4856396866841,1,-1,-1
2600,500,189,1.659233864371,-31.4856396866841,1,1,-1
2600,500,190,5.1639424499928,-30.4856396866841,1,1,1
2600,500,191,10.9501396106323,-29.4856396866841,1,1,1
2600,500,192,1.85772650473885,-28.4856396866841,1,1,1
2600,1500,193,3.13931389406695,-27.4856396866841,-1,1,1
2600,1500,194,-1.01917290044557,-26.4856396866841,-1,-1,1
2600,500,195,-0.897550457392731,-25.4856396866841,1,-1,-1
2600,500,196,3.16586957365445,-24.4856396866841,1,1,-1
2600,500,197,2.52500128732285,-23.4856396866841,1,1,1
2600,1500,198,2.21643073799612,-22.4856396866841,-1,1,1
2600,1500,199,-1.50244148825155,-21.4856396866841,-1,-1,1
2600,1500,200,-1.05373990553971,-20.4856396866841,-1,-1,-1
2600,1500,201,-3.79162304966226,-19.4856396866841,-1,-1,-1
2600,1500,202,-2.04640352979841,-18.4856396866841,-1,-1,-1
2600,500,203,-1.02408765483507,-17.4856396866841,1,-1,-1
2600,500,204,1.87464364741871,-16.4856396866841,1,1,-1
2600,500,205,1.92219298296275,-15.4856396866841,1,1,1
2600,1500,206,1.62070764667512,-14.4856396866841,-1,1,1
2600,1500,207,-1.12867764796104,-13.4856396866841,-1,-1,1
2600,1500,208,-4.33581855682286,-12.4856396866841,-1,-1,-1
2600,500,209,-2.00792751466455,-11.4856396866841,1,-1,-1
2600,1500,210,0.628051321008354,-10.4856396866841,-1,1,-1
2600,500,211,-0.341272070854317,-9.48563968668407,1,-1,1
2600,1500,212,-1.55697555316546,-8.48563968668407,-1,1,-1
2600,1500,213,-3.47085015649375,-7.48563968668407,-1,-1,1
2600,1500,214,-3.36022858153958,-6.48563968668407,-1,-1,-1
2600,1500,215,-4.61287643355986,-5.48563968668407,-1,-1,-1
2600,1500,216,-6.39106466647613,-4.48563968668407,-1,-1,-1
2600,1500,217,-6.83572429505192,-3.48563968668407,-1,-1,-1
2600,500,218,-2.24163121443866,-2.48563968668407,1,-1,-1
2600,500,219,-0.684782229659987,-1.48563968668407,1,1,-1
2600,1500,220,-2.18855946423427,-0.485639686684067,-1,1,1
2600,1500,221,0.00458163620957397,0.514360313315933,-1,-1,1
2600,1500,223,-5.92873314362746,2.51436031331593,-1,-1,-1
2600,500,224,-2.6022166729086,3.51436031331593,1,-1,-1
2600,1500,225,-3.3874646203116,4.51436031331593,-1,1,-1
2600,1500,226,-3.85027355320842,5.51436031331593,-1,-1,1
2600,500,227,-2.62208018078409,6.51436031331593,1,-1,-1
2600,1500,228,0.117018531343824,7.51436031331593,-1,1,-1
2600,1500,229,-0.018818277469823,8.51436031331593,-1,-1,1
2600,500,230,2.00964893966088,9.51436031331593,1,-1,-1
2600,1500,231,-1.57072095984594,10.5143603133159,-1,1,-1
2600,500,232,0.817258142481255,11.5143603133159,1,-1,1
2600,1500,233,-1.07932681068728,12.5143603133159,-1,1,-1
2600,500,234,3.71426889346299,13.5143603133159,1,-1,1
2600,500,235,3.65706498402892,14.5143603133159,1,1,-1
2600,1500,236,2.64639872353427,15.5143603133159,-1,1,1
2600,1500,237,-0.807904802129265,16.5143603133159,-1,-1,1
2600,500,238,1.41679657487803,17.5143603133159,1,-1,-1
2600,500,239,0.906358222325055,18.5143603133159,1,1,-1
2600,1500,240,-1.30067291835658,19.5143603133159,-1,1,1
2600,500,241,-1.29048078338934,20.5143603133159,1,-1,1
2600,1500,242,-5.24456969407654,21.5143603133159,-1,1,-1
2600,1500,243,-7.92089998874137,22.5143603133159,-1,-1,1
2600,500,244,-4.5143189385715,23.5143603133159,1,-1,-1
2600,500,245,1.58280626752502,24.5143603133159,1,1,-1
2600,1500,246,-1.78838917839104,25.5143603133159,-1,1,1
2600,1500,247,-1.95745012657945,26.5143603133159,-1,-1,1
2600,1500,248,-4.45750637093557,27.5143603133159,-1,-1,-1
2600,1500,249,-5.50076850615175,28.5143603133159,-1,-1,-1
2600,500,250,-3.89352643439413,29.5143603133159,1,-1,-1
2600,500,251,-0.0642823448161384,30.5143603133159,1,1,-1
2600,500,252,2.43281512585274,31.5143603133159,1,1,1
2600,1500,253,2.64950213367407,32.5143603133159,-1,1,1
2600,500,254,2.1097882069274,33.5143603133159,1,-1,1
2600,1500,255,0.525022729257494,34.5143603133159,-1,1,-1
2600,1500,256,-5.94994980731261,35.5143603133159,-1,-1,1
2600,500,257,-3.52658568391198,36.5143603133159,1,-1,-1
2600,1500,258,-4.00627057175697,37.5143603133159,-1,1,-1
2600,500,259,-1.69182251983766,38.5143603133159,1,-1,1
2600,500,261,-3.58185853431855,40.5143603133159,1,-1,1
2600,1500,262,-3.50919000906494,41.5143603133159,-1,1,-1
2600,1500,263,-4.79312694313371,42.5143603133159,-1,-1,1
2600,1500,264,-3.27343035365398,43.5143603133159,-1,-1,-1
2600,1500,265,-2.63008536618368,44.5143603133159,-1,-1,-1
2600,500,266,-2.44587802798346,45.5143603133159,1,-1,-1
2600,500,267,1.60937299384273,46.5143603133159,1,1,-1
2600,500,268,1.33533228529437,47.5143603133159,1,1,1
2600,500,269,2.65026362472806,48.5143603133159,1,1,1
2600,1500,270,3.56771759816303,49.5143603133159,-1,1,1
2600,1500,272,-0.944412925853224,51.5143603133159,-1,-1,-1
2600,1500,273,-4.48022127018112,52.5143603133159,-1,-1,-1
2600,1500,274,-0.146431970875392,53.5143603133159,-1,-1,-1
2600,500,275,-2.55615634446901,54.5143603133159,1,-1,-1
2600,1500,277,-3.12860174864271,56.5143603133159,-1,1,1
2600,500,278,-2.17378902631301,57.5143603133159,1,-1,1
2600,1500,279,-2.83367082838625,58.5143603133159,-1,1,-1
2600,1500,280,-2.19199576327275,59.5143603133159,-1,-1,1
2600,500,281,-3.03685994768802,60.5143603133159,1,-1,-1
2600,1500,283,-3.26993347619499,62.5143603133159,-1,-1,1
2600,500,284,-0.954429543549323,63.5143603133159,1,-1,-1
2600,500,285,-1.26731926271417,64.5143603133159,1,1,-1
2600,1500,286,0.449729364953164,65.5143603133159,-1,1,1
2600,500,287,-2.37531261080945,66.5143603133159,1,-1,1
2600,1500,288,-1.89184528245876,67.5143603133159,-1,1,-1
2600,500,289,-0.724819505825099,68.5143603133159,1,-1,1
2600,500,290,-4.59760562736332,69.5143603133159,1,1,-1
2600,1500,292,-3.9566932705193,71.5143603133159,-1,-1,1
2600,1500,293,-0.931201890743667,72.5143603133159,-1,-1,-1
2600,500,294,0.332797742707823,73.5143603133159,1,-1,-1
2600,500,295,0.531861978978051,74.5143603133159,1,1,-1
2600,500,296,4.72265651753028,75.5143603133159,1,1,1
2600,500,297,3.99052721280502,76.5143603133159,1,1,1
2600,500,298,1.80066742676929,77.5143603133159,1,1,1
2600,500,299,3.66313156489832,78.5143603133159,1,1,1
2600,500,301,5.57821483339357,80.5143603133159,1,-1,1
2600,500,302,2.91118900389292,81.5143603133159,1,1,-1
2600,500,303,4.86486530148701,82.5143603133159,1,1,1
2600,500,304,2.78669753314634,83.5143603133159,1,1,1
2600,1500,305,5.92765064084278,84.5143603133159,-1,1,1
2600,500,306,4.78277231476223,85.5143603133159,1,-1,1
2600,500,307,9.74968288771041,86.5143603133159,1,1,-1
2600,1500,308,-1.19499533611032,87.5143603133159,-1,1,1
2600,1500,309,2.93928586492669,88.5143603133159,-1,-1,1
2600,500,310,3.92845154656128,89.5143603133159,1,-1,-1
2600,500,311,4.87154715375549,90.5143603133159,1,1,-1
2600,1500,312,1.59303305378529,91.5143603133159,-1,1,1
2600,1500,313,-3.9125176432394,92.5143603133159,-1,-1,1
2600,1500,314,-0.993904781547334,93.5143603133159,-1,-1,-1
2600,1500,315,-4.17804178938125,94.5143603133159,-1,-1,-1
2600,500,316,-2.43543499895727,95.5143603133159,1,-1,-1
2600,500,317,0.763931770412515,96.5143603133159,1,1,-1
2600,500,318,-1.17626793694656,97.5143603133159,1,1,1
2600,1500,319,2.80022464186842,98.5143603133159,-1,1,1
2600,500,320,-0.635517178840381,99.5143603133159,1,-1,1
2600,1500,321,0.958990599118454,100.514360313316,-1,1,-1
2600,1500,322,-2.87380793775813,101.514360313316,-1,-1,1
2600,500,323,-0.471941637064795,102.514360313316,1,-1,-1
2600,500,324,-3.30881585499255,103.514360313316,1,1,-1
2600,500,325,5.87300594923792,104.514360313316,1,1,1
2600,1500,326,-2.80853339088823,105.514360313316,-1,1,1
2600,500,327,1.09745222777463,106.514360313316,1,-1,1
2600,500,328,3.87642617634911,107.514360313316,1,1,-1
2600,500,329,3.91457551779913,108.514360313316,1,1,1
2600,500,330,2.88441958190205,109.514360313316,1,1,1
2600,1500,331,-2.07637806540479,110.514360313316,-1,1,1
2600,1500,332,0.928205678209204,111.514360313316,-1,-1,1
2600,1500,333,-2.05575983450097,112.514360313316,-1,-1,-1
2600,1500,334,-1.44724970108349,113.514360313316,-1,-1,-1
2600,500,335,-0.821217486491703,114.514360313316,1,-1,-1
2600,500,336,2.9787173888899,115.514360313316,1,1,-1
2600,500,337,5.49033152237502,116.514360313316,1,1,1
2600,1500,338,-0.969432726414584,117.514360313316,-1,1,1
2600,1500,339,-1.50686410471814,118.514360313316,-1,-1,1
2600,500,340,0.529459748086339,119.514360313316,1,-1,-1
2600,500,341,3.23252546538458,120.514360313316,1,1,-1
2600,1500,342,-1.24451005031928,121.514360313316,-1,1,1
2600,500,343,3.71417605076637,122.514360313316,1,-1,1
2600,500,344,3.445362385275,123.514360313316,1,1,-1
2600,500,345,1.64924902658085,124.514360313316,1,1,1
2600,1500,346,3.16491784508414,125.514360313316,-1,1,1
2600,1500,347,1.14700627046922,126.514360313316,-1,-1,1
2600,500,348,-1.89694958397146,127.514360313316,1,-1,-1
2600,1500,349,0.755126657939684,128.514360313316,-1,1,-1
2600,1500,350,0.318756963123444,129.514360313316,-1,-1,1
2600,500,351,1.52433483316941,130.514360313316,1,-1,-1
2600,1500,353,0.190311620656664,132.514360313316,-1,-1,1
2600,500,354,0.286796777390743,133.514360313316,1,-1,-1
2600,1500,356,-3.73221817890737,135.514360313316,-1,-1,1
2600,1500,357,-1.41431370538064,136.514360313316,-1,-1,-1
2600,500,358,1.21746546796955,137.514360313316,1,-1,-1
2600,1500,359,1.14082836230544,138.514360313316,-1,1,-1
2600,500,360,0.660604607622375,139.514360313316,1,-1,1
2600,500,361,3.39787116875701,140.514360313316,1,1,-1
2600,1500,362,4.50476478830159,141.514360313316,-1,1,1
2600,500,363,1.06337365455309,142.514360313316,1,-1,1
2600,500,364,1.97909912648589,143.514360313316,1,1,-1
2600,1500,365,-1.19799245827443,144.514360313316,-1,1,1
2600,1500,366,-1.58544297532051,145.514360313316,-1,-1,1
2600,1500,367,-4.70432871974193,146.514360313316,-1,-1,-1
2600,500,368,-4.21170981029668,147.514360313316,1,-1,-1
2600,1500,369,-2.40305377542127,148.514360313316,-1,1,-1
2600,500,370,-2.94779486424471,149.514360313316,1,-1,1
2600,1500,371,0.805601999832914,150.514360313316,-1,1,-1
2600,500,372,-1.08423660256947,151.514360313316,1,-1,1
2600,1500,373,-0.392735499052701,152.514360313316,-1,1,-1
2600,500,374,-1.78960537690522,153.514360313316,1,-1,1
2600,1500,375,-0.071874839643595,154.514360313316,-1,1,-1
2600,1500,376,-4.28318484000074,155.514360313316,-1,-1,1
2600,500,377,-1.74396605914421,156.514360313316,1,-1,-1
2600,500,378,-1.51745854747437,157.514360313316,1,1,-1
2600,1500,379,-2.60944029377041,158.514360313316,-1,1,1
2600,500,380,-4.44562490436596,159.514360313316,1,-1,1
2600,500,381,-0.557833174718664,160.514360313316,1,1,-1
2600,500,382,1.67696225920684,161.514360313316,1,1,1
2600,500,383,-0.627823903334794,162.514360313316,1,1,1
2600,1500,384,-2.64412753686601,163.514360313316,-1,1,1
2600,500,385,-3.63024327288728,164.514360313316,1,-1,1
2600,500,386,-1.62447288352136,165.514360313316,1,1,-1
2600,500,388,-4.25503815455377,167.514360313316,1,-1,1
2600,1500,389,-7.24685769913822,168.514360313316,-1,1,-1
2600,500,390,-3.48080541536437,169.514360313316,1,-1,1
2600,1500,391,-4.0950786032186,170.514360313316,-1,1,-1
2600,500,392,-0.565201918669487,171.514360313316,1,-1,1
2600,500,393,-5.54071091367762,172.514360313316,1,1,-1
2600,500,394,-1.4335837246361,173.514360313316,1,1,1
2600,500,395,-5.60011161502893,174.514360313316,1,1,1
2600,500,396,-1.90875961002034,175.514360313316,1,1,1
2600,500,397,1.62864839917056,176.514360313316,1,1,1
2600,1500,398,-4.29855571034021,177.514360313316,-1,1,1
2600,500,399,-6.87866150900505,178.514360313316,1,-1,1
2600,1500,400,-9.06608795251026,179.514360313316,-1,1,-1
2600,500,401,-3.47125778025656,180.514360313316,1,-1,1
2600,500,402,-2.15889935156493,181.514360313316,1,1,-1
2600,1500,403,-6.59428664799894,182.514360313316,-1,1,1
2600,1500,404,-5.29020837382659,183.514360313316,-1,-1,1
2600,1500,405,-4.33193056750395,184.514360313316,-1,-1,-1
2600,1500,406,-7.00930455831154,185.514360313316,-1,-1,-1
2600,1500,407,-7.92233469828052,186.514360313316,-1,-1,-1
2600,1500,408,-7.5650075367754,187.514360313316,-1,-1,-1
2600,1500,409,-5.37922858806991,188.514360313316,-1,-1,-1
2600,1500,410,-4.12226024491369,189.514360313316,-1,-1,-1
2600,1500,411,-1.46029622831392,190.514360313316,-1,-1,-1
2600,1500,412,-4.10615571513983,191.514360313316,-1,-1,-1
2600,500,413,0.264146240753721,192.514360313316,1,-1,-1
2600,500,414,-1.64197549741716,193.514360313316,1,1,-1
2600,500,415,0.955027492083855,194.514360313316,1,1,1
2600,1500,416,-3.86248042798171,195.514360313316,-1,1,1
2600,1500,417,-6.55377727406291,196.514360313316,-1,-1,1
2600,1500,418,-6.01870528122082,197.514360313316,-1,-1,-1
2600,1500,419,-11.7153059654851,198.514360313316,-1,-1,-1
2600,500,420,-5.6128394011281,199.514360313316,1,-1,-1
2601,500,23,3.70692669135189,-201.205333333333,1,1,1
2601,500,24,9.20867163612567,-200.205333333333,1,1,1
2601,500,25,12.9235259239515,-199.205333333333,1,1,1
2601,1500,26,2.31762601611239,-198.205333333333,-1,1,1
2601,1500,27,-5.73400631323736,-197.205333333333,-1,-1,1
2601,500,28,1.11829717626356,-196.205333333333,1,-1,-1
2601,1500,29,2.32936834650308,-195.205333333333,-1,1,-1
2601,1500,30,-3.55713460267891,-194.205333333333,-1,-1,1
2601,500,31,-4.97746279285352,-193.205333333333,1,-1,-1
2601,1500,32,-0.44985279888326,-192.205333333333,-1,1,-1
2601,1500,35,-21.6070063455912,-189.205333333333,-1,-1,-1
2601,500,36,-26.277387927809,-188.205333333333,1,-1,-1
2601,500,38,-19.4833915899084,-186.205333333333,1,-1,1
2601,500,39,-1.04913339636527,-185.205333333333,1,1,-1
2601,1500,40,-2.1250619414028,-184.205333333333,-1,1,1
2601,500,41,-8.00100184505964,-183.205333333333,1,-1,1
2601,500,42,-1.29925170372084,-182.205333333333,1,1,-1
2601,500,43,-4.08446558921704,-181.205333333333,1,1,1
2601,1500,44,-2.54378342761433,-180.205333333333,-1,1,1
2601,500,45,-4.74098404588259,-179.205333333333,1,-1,1
2601,1500,46,-10.7619780311805,-178.205333333333,-1,1,-1
2601,500,47,-4.15373825098067,-177.205333333333,1,-1,1
2601,1500,48,-1.48095308524723,-176.205333333333,-1,1,-1
2601,500,49,-3.17254614672914,-175.205333333333,1,-1,1
2601,1500,50,-4.38910707609507,-174.205333333333,-1,1,-1
2601,500,51,2.25857921702677,-173.205333333333,1,-1,1
2601,500,52,5.81677447400105,-172.205333333333,1,1,-1
2601,1500,53,4.75997934440488,-171.205333333333,-1,1,1
2601,1500,54,-4.24412789582835,-170.205333333333,-1,-1,1
2601,1500,55,-11.0417571270948,-169.205333333333,-1,-1,-1
2601,500,56,-1.14637283655846,-168.205333333333,1,-1,-1
2601,1500,57,-7.58659035744104,-167.205333333333,-1,1,-1
2601,500,58,-10.5427727432085,-166.205333333333,1,-1,1
2601,500,59,-2.25203871551509,-165.205333333333,1,1,-1
2601,1500,60,0.9694751992621,-164.205333333333,-1,1,1
2601,1500,61,-11.0256153613592,-163.205333333333,-1,-1,1
2601,1500,62,-11.5486627137812,-162.205333333333,-1,-1,-1
2601,500,63,-12.3188251051027,-161.205333333333,1,-1,-1
2601,1500,64,-4.4359718549883,-160.205333333333,-1,1,-1
2601,1500,68,-14.5326347141658,-156.205333333333,-1,-1,-1
2601,1500,69,-21.4315000897973,-155.205333333333,-1,-1,-1
2601,500,70,-13.2070314828895,-154.205333333333,1,-1,-1
2601,500,71,-5.76830961496806,-153.205333333333,1,1,-1
2601,500,72,-0.435920785799031,-152.205333333333,1,1,1
2601,500,73,-1.07807637681455,-151.205333333333,1,1,1
2601,1500,74,-6.93672011694,-150.205333333333,-1,1,1
2601,1500,75,-19.6511299198798,-149.205333333333,-1,-1,1
2601,500,76,-15.4164934381361,-148.205333333333,1,-1,-1
2601,500,77,-1.56150167914586,-147.205333333333,1,1,-1
2601,500,78,3.57030429575692,-146.205333333333,1,1,1
2601,500,79,4.86517862973214,-145.205333333333,1,1,1
2601,500,80,1.22395548253883,-144.205333333333,1,1,1
2601,500,81,-0.515303062316861,-143.205333333333,1,1,1
2601,500,82,-0.770310482016101,-142.205333333333,1,1,1
2601,1500,83,-4.39030336884538,-141.205333333333,-1,1,1
2601,500,84,-5.22562404521721,-140.205333333333,1,-1,1
2601,500,85,-4.03600719679292,-139.205333333333,1,1,-1
2601,1500,86,-11.7930870605306,-138.205333333333,-1,1,1
2601,500,87,-20.3307185577299,-137.205333333333,1,-1,1
2601,1500,88,-8.28826971201724,-136.205333333333,-1,1,-1
2601,500,89,-9.84471884063511,-135.205333333333,1,-1,1
2601,500,90,-3.73800006372547,-134.205333333333,1,1,-1
2601,1500,91,-11.1830573082774,-133.205333333333,-1,1,1
2601,500,92,-8.05336995942404,-132.205333333333,1,-1,1
2601,500,93,1.60657718103901,-131.205333333333,1,1,-1
2601,1500,94,-8.56503693106404,-130.205333333333,-1,1,1
2601,500,95,-12.3442070053039,-129.205333333333,1,-1,1
2601,1500,96,-14.966207701727,-128.205333333333,-1,1,-1
2601,500,97,-22.1076282201126,-127.205333333333,1,-1,1
2601,500,98,-5.09545093812642,-126.205333333333,1,1,-1
2601,500,99,-2.48759502656705,-125.205333333333,1,1,1
2601,1500,100,-10.7010604526667,-124.205333333333,-1,1,1
2601,1500,101,-20.7436629876053,-123.205333333333,-1,-1,1
2601,1500,103,-23.9825067313939,-121.205333333333,-1,-1,-1
2601,500,104,-16.9342442435687,-120.205333333333,1,-1,-1
2601,1500,105,-4.57831354637917,-119.205333333333,-1,1,-1
2601,1500,106,-11.9186272604551,-118.205333333333,-1,-1,1
2601,1500,107,-21.1438048557896,-117.205333333333,-1,-1,-1
2601,500,108,-18.5374736597997,-116.205333333333,1,-1,-1
2601,1500,109,-15.4130100959206,-115.205333333333,-1,1,-1
2601,500,110,-17.8326472840723,-114.205333333333,1,-1,1
2601,1500,111,-15.6339855461753,-113.205333333333,-1,1,-1
2601,500,112,-9.02059254174481,-112.205333333333,1,-1,1
2601,500,113,-6.60627047277966,-111.205333333333,1,1,-1
2601,1500,116,-20.8702182268904,-108.205333333333,-1,-1,-1
2601,500,117,-21.1343480301967,-107.205333333333,1,-1,-1
2601,500,118,-12.5760433850872,-106.205333333333,1,1,-1
2601,500,119,-13.3825967785453,-105.205333333333,1,1,1
2601,500,120,-8.14392572921141,-104.205333333333,1,1,1
2601,500,121,-0.948057041391121,-103.205333333333,1,1,1
2601,1500,122,-3.51268266093894,-102.205333333333,-1,1,1
2601,1500,123,-20.3808089936392,-101.205333333333,-1,-1,1
2601,1500,124,-21.1046599498627,-100.205333333333,-1,-1,-1
2601,1500,125,-16.6881687863168,-99.2053333333333,-1,-1,-1
2601,500,126,-11.629327515625,-98.2053333333333,1,-1,-1
2601,500,127,-3.9541536088806,-97.2053333333333,1,1,-1
2601,1500,128,-3.51812924845346,-96.2053333333333,-1,1,1
2601,1500,129,-6.9403704067679,-95.2053333333333,-1,-1,1
2601,500,130,-6.50396916145678,-94.2053333333333,1,-1,-1
2601,500,131,-5.28814167046923,-93.2053333333333,1,1,-1
2601,500,132,-6.31521663476218,-92.2053333333333,1,1,1
2601,1500,133,-7.24927740834231,-91.2053333333333,-1,1,1
2601,1500,134,-11.766765282663,-90.2053333333333,-1,-1,1
2601,500,135,-11.4995283363617,-89.2053333333333,1,-1,-1
2601,1500,136,-11.9981964326524,-88.2053333333333,-1,1,-1
2601,1500,139,-23.5742266194525,-85.2053333333333,-1,-1,-1
2601,1500,140,-23.9793437079564,-84.2053333333333,-1,-1,-1
2601,500,141,-19.8112369999013,-83.2053333333333,1,-1,-1
2601,500,142,-8.34955422308991,-82.2053333333333,1,1,-1
2601,1500,143,-10.4176464802508,-81.2053333333333,-1,1,1
2601,1500,144,-13.0419111492246,-80.2053333333333,-1,-1,1
2601,1500,145,-15.6515078753229,-79.2053333333333,-1,-1,-1
2601,1500,146,-16.5202289676482,-78.2053333333333,-1,-1,-1
2601,500,147,-17.414627479879,-77.2053333333333,1,-1,-1
2601,500,148,-14.8051243627273,-76.2053333333333,1,1,-1
2601,500,149,-11.2126902535341,-75.2053333333333,1,1,1
2601,500,150,-12.8526365177488,-74.2053333333333,1,1,1
2601,1500,151,-8.79072194847854,-73.2053333333333,-1,1,1
2601,1500,152,-10.4857427924764,-72.2053333333333,-1,-1,1
2601,1500,153,-14.4266559033873,-71.2053333333333,-1,-1,-1
2601,1500,154,-22.2416224126662,-70.2053333333333,-1,-1,-1
2601,500,155,-22.6000270149557,-69.2053333333333,1,-1,-1
2601,1500,156,-24.4822934057055,-68.2053333333333,-1,1,-1
2601,500,157,-21.3415382920659,-67.2053333333333,1,-1,1
2601,500,158,-13.3424795243606,-66.2053333333333,1,1,-1
2601,1500,159,-8.65208304499894,-65.2053333333333,-1,1,1
2601,500,160,-11.614461930387,-64.2053333333333,1,-1,1
2601,500,161,-10.4765188535648,-63.2053333333333,1,1,-1
2601,1500,162,-8.45490047080874,-62.2053333333333,-1,1,1
2601,500,163,-11.0094168479344,-61.2053333333333,1,-1,1
2601,1500,164,-3.97506656802139,-60.2053333333333,-1,1,-1
2601,500,165,-6.39230426636157,-59.2053333333333,1,-1,1
2601,500,166,-8.34767723641621,-58.2053333333333,1,1,-1
2601,1500,167,-8.64292594368294,-57.2053333333333,-1,1,1
2601,1500,168,-19.2079449529759,-56.2053333333333,-1,-1,1
2601,1500,169,-22.0751127891066,-55.2053333333333,-1,-1,-1
2601,500,170,-21.3077921288528,-54.2053333333333,1,-1,-1
2601,1500,171,-20.8646244084199,-53.2053333333333,-1,1,-1
2601,500,172,-24.1970625861344,-52.2053333333333,1,-1,1
2601,1500,173,-24.5901160805338,-51.2053333333333,-1,1,-1
2601,1500,174,-24.881248058675,-50.2053333333333,-1,-1,1
2601,500,175,-16.3647479335065,-49.2053333333333,1,-1,-1
2601,500,176,-11.2408262890953,-48.2053333333333,1,1,-1
2601,1500,177,-13.429131585504,-47.2053333333333,-1,1,1
2601,500,178,-19.5070818328873,-46.2053333333333,1,-1,1
2601,1500,179,-14.5800461309635,-45.2053333333333,-1,1,-1
2601,1500,180,-19.761696958701,-44.2053333333333,-1,-1,1
2601,1500,181,-21.0273451665855,-43.2053333333333,-1,-1,-1
2601,1500,182,-17.7718284219115,-42.2053333333333,-1,-1,-1
2601,1500,183,-17.2523706642198,-41.2053333333333,-1,-1,-1
2601,1500,184,-16.8102523935407,-40.2053333333333,-1,-1,-1
2601,1500,185,-24.271156444819,-39.2053333333333,-1,-1,-1
2601,500,186,-18.3649895746654,-38.2053333333333,1,-1,-1
2601,500,187,-9.07677726389851,-37.2053333333333,1,1,-1
2601,500,188,0.121531908674589,-36.2053333333333,1,1,1
2601,1500,189,-7.05363855979547,-35.2053333333333,-1,1,1
2601,1500,191,-27.452739104717,-33.2053333333333,-1,-1,-1
2601,1500,192,-21.975092202548,-32.2053333333333,-1,-1,-1
2601,500,194,-17.7567930186229,-30.2053333333333,1,-1,-1
2601,500,195,-7.92303436718224,-29.2053333333333,1,1,-1
2601,1500,196,-8.49688027613224,-28.2053333333333,-1,1,1
2601,500,197,-19.4107534205022,-27.2053333333333,1,-1,1
2601,1500,198,-18.0303178697096,-26.2053333333333,-1,1,-1
2601,1500,199,-19.7496127063613,-25.2053333333333,-1,-1,1
2601,500,200,-23.8892626306838,-24.2053333333333,1,-1,-1
2601,500,201,-11.7766791835294,-23.2053333333333,1,1,-1
2601,500,202,-10.9775549575448,-22.2053333333333,1,1,1
2601,1500,203,-6.23703440999169,-21.2053333333333,-1,1,1
2601,1500,204,-23.4237488534288,-20.2053333333333,-1,-1,1
2601,1500,207,-27.1177303641601,-17.2053333333333,-1,-1,-1
2601,500,208,-24.846040022875,-16.2053333333333,1,-1,-1
2601,500,209,-22.5444995949069,-15.2053333333333,1,1,-1
2601,500,210,-26.1143504820176,-14.2053333333333,1,1,1
2601,500,211,-10.7559823227503,-13.2053333333333,1,1,1
2601,1500,212,-12.6651499849598,-12.2053333333333,-1,1,1
2601,500,213,-18.7694393892182,-11.2053333333333,1,-1,1
2601,500,214,-19.9609338987007,-10.2053333333333,1,1,-1
2601,1500,215,-3.70578789542631,-9.20533333333333,-1,1,1
2601,500,216,-13.8553223094796,-8.20533333333333,1,-1,1
2601,500,217,-7.85248551051432,-7.20533333333333,1,1,-1
2601,500,218,-4.88759678696489,-6.20533333333333,1,1,1
2601,500,220,-9.76492533430371,-4.20533333333333,1,-1,1
2601,1500,221,-10.609361825434,-3.20533333333333,-1,1,-1
2601,1500,222,-22.8680594391808,-2.20533333333333,-1,-1,1
2601,1500,223,-22.6189944857752,-1.20533333333333,-1,-1,-1
2601,1500,226,-25.3183495502848,1.79466666666667,-1,-1,-1
2601,500,227,-12.8399679835291,2.79466666666667,1,-1,-1
2601,1500,228,-16.2842864129765,3.79466666666667,-1,1,-1
2601,1500,229,-19.9705660964483,4.79466666666667,-1,-1,1
2601,1500,230,-15.3694364295282,5.79466666666667,-1,-1,-1
2601,1500,231,-19.9933734700639,6.79466666666667,-1,-1,-1
2601,500,232,-15.4335944837501,7.79466666666667,1,-1,-1
2601,1500,233,-13.302271849017,8.79466666666667,-1,1,-1
2601,500,234,-13.2526029153064,9.79466666666667,1,-1,1
2601,1500,235,-1.53338642627213,10.7946666666667,-1,1,-1
2601,1500,236,-16.1867976923952,11.7946666666667,-1,-1,1
2601,1500,237,-21.5695716738355,12.7946666666667,-1,-1,-1
2601,500,238,-13.3960269303498,13.7946666666667,1,-1,-1
2601,500,239,-9.26507292129361,14.7946666666667,1,1,-1
2601,500,240,-6.4113875492423,15.7946666666667,1,1,1
2601,500,241,-8.16988710825441,16.7946666666667,1,1,1
2601,1500,242,-5.10934427730251,17.7946666666667,-1,1,1
2601,500,243,-16.1291370482683,18.7946666666667,1,-1,1
2601,1500,244,-11.5548851106544,19.7946666666667,-1,1,-1
2601,1500,245,-20.2547668933585,20.7946666666667,-1,-1,1
2601,500,246,-15.8757294812632,21.7946666666667,1,-1,-1
2601,500,247,-14.8353876286242,22.7946666666667,1,1,-1
2601,500,248,-6.03210792009785,23.7946666666667,1,1,1
2601,500,249,-7.45318936674603,24.7946666666667,1,1,1
2601,1500,250,-11.0226607679474,25.7946666666667,-1,1,1
2601,500,251,-13.6613640884413,26.7946666666667,1,-1,1
2601,500,252,-6.8708861698891,27.7946666666667,1,1,-1
2601,1500,253,-5.54461905575448,28.7946666666667,-1,1,1
2601,1500,254,-17.3312906058553,29.7946666666667,-1,-1,1
2601,500,255,-15.7674364804331,30.7946666666667,1,-1,-1
2601,500,256,-7.46837746253401,31.7946666666667,1,1,-1
2601,1500,257,-7.44687425308812,32.7946666666667,-1,1,1
2601,500,258,-8.86295368782141,33.7946666666667,1,-1,1
2601,1500,259,-9.03721691549684,34.7946666666667,-1,1,-1
2601,500,260,-12.1601538561101,35.7946666666667,1,-1,1
2601,1500,261,-9.69234901411424,36.7946666666667,-1,1,-1
2601,1500,262,-11.6630615246354,37.7946666666667,-1,-1,1
2601,1500,263,-13.2912677340383,38.7946666666667,-1,-1,-1
2601,500,264,-15.2703414142651,39.7946666666667,1,-1,-1
2601,1500,265,-6.16254338441279,40.7946666666667,-1,1,-1
2601,1500,266,-14.4902954917387,41.7946666666667,-1,-1,1
2601,500,267,-12.3516814488278,42.7946666666667,1,-1,-1
2601,500,268,-3.57049382728512,43.7946666666667,1,1,-1
2601,500,269,-3.48018799726665,44.7946666666667,1,1,1
2601,1500,270,-2.80694422059354,45.7946666666667,-1,1,1
2601,500,271,-7.4924250625919,46.7946666666667,1,-1,1
2601,500,274,-8.39117406489041,49.7946666666667,1,-1,-1
2601,500,275,-10.0595495446008,50.7946666666667,1,1,-1
2601,500,276,-10.521649555527,51.7946666666667,1,1,1
2601,1500,277,-8.92365645828264,52.7946666666667,-1,1,1
2601,1500,278,-14.1112215153564,53.7946666666667,-1,-1,1
2601,500,279,-21.0213792802269,54.7946666666667,1,-1,-1
2601,500,280,-14.1492535935391,55.7946666666667,1,1,-1
2601,500,281,-13.3494998041892,56.7946666666667,1,1,1
2601,1500,282,-17.2457999269758,57.7946666666667,-1,1,1
2601,500,283,-18.8818196278591,58.7946666666667,1,-1,1
2601,1500,284,-11.8205332715011,59.7946666666667,-1,1,-1
2601,1500,285,-15.9218120455103,60.7946666666667,-1,-1,1
2601,500,286,-18.1658262833654,61.7946666666667,1,-1,-1
2601,500,287,-12.6139523809817,62.7946666666667,1,1,-1
2601,1500,288,-11.2067614174366,63.7946666666667,-1,1,1
2601,500,289,-15.6150590987643,64.7946666666667,1,-1,1
2601,500,290,-19.175804569939,65.7946666666667,1,1,-1
2601,500,291,-20.9825078586476,66.7946666666667,1,1,1
2601,500,292,-13.9456407832807,67.7946666666667,1,1,1
2601,500,293,-1.64738702911103,68.7946666666667,1,1,1
2601,1500,294,-4.58231275231348,69.7946666666667,-1,1,1
2601,500,295,-7.82300736723382,70.7946666666667,1,-1,1
2601,1500,296,-9.57484280711364,71.7946666666667,-1,1,-1
2601,500,297,-8.35785317968391,72.7946666666667,1,-1,1
2601,500,298,-9.13003617453131,73.7946666666667,1,1,-1
2601,1500,299,-6.34914844559641,74.7946666666667,-1,1,1
2601,1500,300,-14.5074829553568,75.7946666666667,-1,-1,1
2601,500,301,-17.0435913574966,76.7946666666667,1,-1,-1
2601,500,302,-17.5710430398333,77.7946666666667,1,1,-1
2601,1500,303,-13.8462604046916,78.7946666666667,-1,1,1
2601,500,304,-8.16803630070671,79.7946666666667,1,-1,1
2601,500,305,-3.89145151765258,80.7946666666667,1,1,-1
2601,1500,306,-7.24130534931257,81.7946666666667,-1,1,1
2601,1500,307,-16.088406444697,82.7946666666667,-1,-1,1
2601,1500,308,-18.9341306303359,83.7946666666667,-1,-1,-1
2601,1500,309,-26.840635658933,84.7946666666667,-1,-1,-1
2601,500,310,-11.7748836941935,85.7946666666667,1,-1,-1
2601,500,311,-7.3952550180533,86.7946666666667,1,1,-1
2601,1500,312,-7.43373175162385,87.7946666666667,-1,1,1
2601,500,313,-13.119582588719,88.7946666666667,1,-1,1
2601,500,314,-4.1375366111419,89.7946666666667,1,1,-1
2601,1500,315,-11.1241412893751,90.7946666666667,-1,1,1
2601,500,316,-11.5186404166911,91.7946666666667,1,-1,1
2601,1500,317,-0.84059491147526,92.7946666666667,-1,1,-1
2601,1500,318,-5.99622235459067,93.7946666666667,-1,-1,1
2601,500,319,-4.90822633829747,94.7946666666667,1,-1,-1
2601,1500,320,-1.8581307169869,95.7946666666667,-1,1,-1
2601,1500,321,-6.34944806994203,96.7946666666667,-1,-1,1
2601,1500,322,-8.66225100407424,97.7946666666667,-1,-1,-1
2601,500,323,-15.99809734813,98.7946666666667,1,-1,-1
2601,1500,324,-1.05366858564848,99.7946666666667,-1,1,-1
2601,500,325,-3.15022323373487,100.794666666667,1,-1,1
2601,1500,326,-5.36841288904369,101.794666666667,-1,1,-1
2601,500,327,-8.35181653947941,102.794666666667,1,-1,1
2601,500,328,-5.73347419879237,103.794666666667,1,1,-1
2601,500,329,-4.77524093900258,104.794666666667,1,1,1
2601,500,330,-5.28648757553427,105.794666666667,1,1,1
2601,1500,331,5.92412793700796,106.794666666667,-1,1,1
2601,1500,332,-13.224830895766,107.794666666667,-1,-1,1
2601,500,333,-10.1842842043275,108.794666666667,1,-1,-1
2601,1500,334,-9.97369013119574,109.794666666667,-1,1,-1
2601,1500,335,-18.3631361924746,110.794666666667,-1,-1,1
2601,1500,336,-13.5614223870085,111.794666666667,-1,-1,-1
2601,1500,337,-25.4050869424579,112.794666666667,-1,-1,-1
2601,500,338,-24.4116338475336,113.794666666667,1,-1,-1
2601,500,339,-14.7347809824397,114.794666666667,1,1,-1
2601,500,340,-2.04698252185836,115.794666666667,1,1,1
2601,1500,341,-4.13164892416017,116.794666666667,-1,1,1
2601,500,342,-1.5065110757856,117.794666666667,1,-1,1
2601,1500,343,-3.69859216710048,118.794666666667,-1,1,-1
2601,500,344,-3.66703503870807,119.794666666667,1,-1,1
2601,1500,345,-4.47686705765894,120.794666666667,-1,1,-1
2601,1500,346,-6.84962523073716,121.794666666667,-1,-1,1
2601,1500,347,-14.3383545811422,122.794666666667,-1,-1,-1
2601,1500,348,-18.5231808890998,123.794666666667,-1,-1,-1
2601,500,349,-16.3602675060952,124.794666666667,1,-1,-1
2601,500,350,-9.57059498793641,125.794666666667,1,1,-1
2601,1500,351,-11.448326010999,126.794666666667,-1,1,1
2601,1500,352,-10.4867293999035,127.794666666667,-1,-1,1
2601,500,353,-8.03859263764958,128.794666666667,1,-1,-1
2601,1500,354,-10.8784261252494,129.794666666667,-1,1,-1
2601,500,355,-8.24071558141421,130.794666666667,1,-1,1
2601,500,356,-2.36820784316544,131.794666666667,1,1,-1
2601,1500,357,-4.60416923398687,132.794666666667,-1,1,1
2601,1500,358,-14.9857355037401,133.794666666667,-1,-1,1
2601,1500,359,-13.7365923019237,134.794666666667,-1,-1,-1
2601,500,360,-12.4186516711506,135.794666666667,1,-1,-1
2601,1500,361,-7.21279231773893,136.794666666667,-1,1,-1
2601,500,362,-8.73121031185861,137.794666666667,1,-1,1
2601,500,363,-6.07934507406024,138.794666666667,1,1,-1
2601,500,364,-2.22111276253682,139.794666666667,1,1,1
2601,500,365,5.03190986115707,140.794666666667,1,1,1
2601,500,366,1.21073613435417,141.794666666667,1,1,1
2601,1500,367,-7.17311773024124,142.794666666667,-1,1,1
2601,500,369,-7.30626788394607,144.794666666667,1,-1,-1
2601,500,370,-2.09557384699166,145.794666666667,1,1,-1
2601,1500,371,3.93304312461767,146.794666666667,-1,1,1
2601,500,372,-0.834733317723201,147.794666666667,1,-1,1
2601,500,373,-0.543707093967451,148.794666666667,1,1,-1
2601,1500,374,-0.56322785118652,149.794666666667,-1,1,1
2601,500,375,-9.42404280770781,150.794666666667,1,-1,1
2601,1500,376,-5.95918826565811,151.794666666667,-1,1,-1
2601,500,377,-2.11017260667886,152.794666666667,1,-1,1
2601,500,378,-0.472985320642681,153.794666666667,1,1,-1
2601,1500,379,-3.51773191502444,154.794666666667,-1,1,1
2601,500,380,-11.2740899008869,155.794666666667,1,-1,1
2601,500,381,-3.12799549424946,156.794666666667,1,1,-1
2601,500,382,0.342179678296939,157.794666666667,1,1,1
2601,1500,383,0.38293047981795,158.794666666667,-1,1,1
2601,500,384,-4.87910362289053,159.794666666667,1,-1,1
2601,500,385,4.07162880205864,160.794666666667,1,1,-1
2601,500,386,5.13086206836853,161.794666666667,1,1,1
2601,500,387,3.44650389478075,162.794666666667,1,1,1
2601,1500,388,-6.96520276289952,163.794666666667,-1,1,1
2601,1500,389,-16.7393357027344,164.794666666667,-1,-1,1
2601,500,390,-16.9982348747981,165.794666666667,1,-1,-1
2601,500,391,-8.04118065230003,166.794666666667,1,1,-1
2601,1500,392,-0.20060235469089,167.794666666667,-1,1,1
2601,500,394,-9.21775184693931,169.794666666667,1,-1,-1
2601,500,395,0.113847637553219,170.794666666667,1,1,-1
2601,1500,396,-4.00982469370427,171.794666666667,-1,1,1
2601,1500,397,-8.18296300469064,172.794666666667,-1,-1,1
2601,1500,398,-7.24306210796923,173.794666666667,-1,-1,-1
2601,500,399,-10.6208682967731,174.794666666667,1,-1,-1
2601,1500,400,-11.1097742587235,175.794666666667,-1,1,-1
2601,1500,401,-16.3718751622064,176.794666666667,-1,-1,1
2601,1500,402,-17.571139374022,177.794666666667,-1,-1,-1
2601,500,403,-11.5600878529368,178.794666666667,1,-1,-1
2601,500,405,-8.41034955412601,180.794666666667,1,-1,1
2601,1500,406,-4.28390851728018,181.794666666667,-1,1,-1
2601,500,407,-7.19720668353212,182.794666666667,1,-1,1
2601,1500,408,-12.695335714769,183.794666666667,-1,1,-1
2601,1500,409,-10.5761044099889,184.794666666667,-1,-1,1
2601,500,410,-6.52150929385187,185.794666666667,1,-1,-1
2601,1500,411,-3.84018693574684,186.794666666667,-1,1,-1
2601,1500,412,-9.09673138830324,187.794666666667,-1,-1,1
2601,500,413,-4.5070964454483,188.794666666667,1,-1,-1
2601,1500,414,-6.15241681676928,189.794666666667,-1,1,-1
2601,500,415,-7.02714081741989,190.794666666667,1,-1,1
2601,500,416,-5.50634216438203,191.794666666667,1,1,-1
2601,500,417,-5.41785170840532,192.794666666667,1,1,1
2601,500,418,-11.2225156153,193.794666666667,1,1,1
2601,1500,419,-3.6011318763719,194.794666666667,-1,1,1
2601,500,420,-10.5463951234102,195.794666666667,1,-1,1
2602,1500,23,2.31559432650735,-227.411949685535,-1,-1,1
2602,500,24,-4.91357810848033,-226.411949685535,1,-1,-1
2602,1500,25,10.5571463765253,-225.411949685535,-1,1,-1
2602,1500,26,15.5761239284289,-224.411949685535,-1,-1,1
2602,1500,27,7.10490930691587,-223.411949685535,-1,-1,-1
2602,1500,29,-2.81947275615658,-221.411949685535,-1,-1,-1
2602,1500,30,11.7878552375358,-220.411949685535,-1,-1,-1
2602,500,31,9.89656267653747,-219.411949685535,1,-1,-1
2602,500,32,7.63481206424037,-218.411949685535,1,1,-1
2602,500,33,5.34482893500689,-217.411949685535,1,1,1
2602,500,34,18.2495324377286,-216.411949685535,1,1,1
2602,500,35,25.6038956764879,-215.411949685535,1,1,1
2602,500,37,27.2389886023975,-213.411949685535,1,-1,1
2602,1500,97,18.7602663232104,-153.411949685535,-1,1,-1
2602,500,98,16.3288453970212,-152.411949685535,1,-1,1
2602,500,100,23.3726574025635,-150.411949685535,1,1,1
2602,1500,101,27.3247834393304,-149.411949685535,-1,1,1
2602,500,102,16.0490506721064,-148.411949685535,1,-1,1
2602,1500,104,16.1753751045013,-146.411949685535,-1,1,1
2602,1500,106,23.21393332501,-144.411949685535,-1,1,-1
2602,500,107,10.3179245878109,-143.411949685535,1,-1,1
2602,1500,108,17.9387054959366,-142.411949685535,-1,1,-1
2602,1500,109,6.73462289794459,-141.411949685535,-1,-1,1
2602,1500,110,1.70794006248707,-140.411949685535,-1,-1,-1
2602,1500,111,4.21163900351352,-139.411949685535,-1,-1,-1
2602,500,112,2.85482069422829,-138.411949685535,1,-1,-1
2602,1500,113,2.16094510277128,-137.411949685535,-1,1,-1
2602,1500,114,1.05506887729025,-136.411949685535,-1,-1,1
2602,1500,115,-0.0695948534678572,-135.411949685535,-1,-1,-1
2602,1500,116,-2.69488648582136,-134.411949685535,-1,-1,-1
2602,1500,117,-2.16338519682901,-133.411949685535,-1,-1,-1
2602,500,118,8.26837184970197,-132.411949685535,1,-1,-1
2602,1500,119,3.32107601338687,-131.411949685535,-1,1,-1
2602,500,120,-8.8569302390431,-130.411949685535,1,-1,1
2602,500,121,-2.32818475124023,-129.411949685535,1,1,-1
2602,1500,122,-5.33467661909329,-128.411949685535,-1,1,1
2602,1500,123,-9.89431175501974,-127.411949685535,-1,-1,1
2602,500,124,-11.2649413975885,-126.411949685535,1,-1,-1
2602,1500,125,-1.1942044296384,-125.411949685535,-1,1,-1
2602,500,126,3.51765449920789,-124.411949685535,1,-1,1
2602,1500,127,-3.46536905814329,-123.411949685535,-1,1,-1
2602,1500,128,-8.02574367400435,-122.411949685535,-1,-1,1
2602,1500,129,9.05478253622248,-121.411949685535,-1,-1,-1
2602,1500,130,-6.5976347798164,-120.411949685535,-1,-1,-1
2602,1500,131,-6.06135110455864,-119.411949685535,-1,-1,-1
2602,1500,132,-4.72382836982336,-118.411949685535,-1,-1,-1
2602,500,133,-5.78143536732786,-117.411949685535,1,-1,-1
2602,1500,135,-17.8145620144862,-115.411949685535,-1,-1,1
2602,1500,136,-17.1263898422675,-114.411949685535,-1,-1,-1
2602,500,137,-4.18047353796743,-113.411949685535,1,-1,-1
2602,500,138,-13.0092558889345,-112.411949685535,1,1,-1
2602,500,139,-8.1351447255636,-111.411949685535,1,1,1
2602,1500,140,2.93932845071373,-110.411949685535,-1,1,1
2602,1500,141,-4.11013738417756,-109.411949685535,-1,-1,1
2602,500,142,-9.86943943199441,-108.411949685535,1,-1,-1
2602,1500,143,-2.16280946231223,-107.411949685535,-1,1,-1
2602,1500,144,-12.8725008694694,-106.411949685535,-1,-1,1
2602,500,145,-5.70962219858578,-105.411949685535,1,-1,-1
2602,1500,146,-9.67827186931997,-104.411949685535,-1,1,-1
2602,500,147,-3.50645521905556,-103.411949685535,1,-1,1
2602,500,148,3.33720472390376,-102.411949685535,1,1,-1
2602,1500,149,2.78878672858353,-101.411949685535,-1,1,1
2602,500,150,-4.67562739188439,-100.411949685535,1,-1,1
2602,500,152,-3.62179021059848,-98.4119496855346,1,-1,1
2602,500,153,-11.1029726385546,-97.4119496855346,1,1,-1
2602,500,154,-0.648639142079526,-96.4119496855346,1,1,1
2602,1500,155,1.55893584314439,-95.4119496855346,-1,1,1
2602,500,156,1.87862781437776,-94.4119496855346,1,-1,1
2602,500,157,1.54800318848348,-93.4119496855346,1,1,-1
2602,1500,158,-1.57802814629142,-92.4119496855346,-1,1,1
2602,1500,159,-3.65835121080745,-91.4119496855346,-1,-1,1
2602,500,161,-3.91846883705333,-89.4119496855346,1,-1,-1
2602,1500,162,-5.62371778467315,-88.4119496855346,-1,1,-1
2602,1500,163,-15.1523419338126,-87.4119496855346,-1,-1,1
2602,1500,164,-6.41560361057664,-86.4119496855346,-1,-1,-1
2602,500,166,-9.37888178713259,-84.4119496855346,1,-1,-1
2602,1500,167,-6.61846751271447,-83.4119496855346,-1,1,-1
2602,1500,168,-14.7506581943689,-82.4119496855346,-1,-1,1
2602,500,169,2.36969314438447,-81.4119496855346,1,-1,-1
2602,500,170,5.82109645575213,-80.4119496855346,1,1,-1
2602,1500,171,12.3492311089174,-79.4119496855346,-1,1,1
2602,500,172,-11.6004309943099,-78.4119496855346,1,-1,1
2602,1500,173,-4.84297513545722,-77.4119496855346,-1,1,-1
2602,1500,174,3.02648207279787,-76.4119496855346,-1,-1,1
2602,500,175,-5.41588910576523,-75.4119496855346,1,-1,-1
2602,1500,176,-11.9563744991847,-74.4119496855346,-1,1,-1
2602,1500,177,-9.27296888021293,-73.4119496855346,-1,-1,1
2602,500,178,-9.83238480305962,-72.4119496855346,1,-1,-1
2602,500,179,1.81354370912324,-71.4119496855346,1,1,-1
2602,1500,180,7.60486558312572,-70.4119496855346,-1,1,1
2602,500,181,-1.53237702692276,-69.4119496855346,1,-1,1
2602,1500,182,-0.518821496315883,-68.4119496855346,-1,1,-1
2602,500,183,-1.3357966206473,-67.4119496855346,1,-1,1
2602,500,184,3.60090627772132,-66.4119496855346,1,1,-1
2602,500,185,7.26429355052789,-65.4119496855346,1,1,1
2602,500,186,9.81465647315857,-64.4119496855346,1,1,1
2602,500,187,15.3671796476165,-63.4119496855346,1,1,1
2602,500,188,22.2270243757347,-62.4119496855346,1,1,1
2602,1500,189,-1.08148384937746,-61.4119496855346,-1,1,1
2602,500,190,5.71079505214362,-60.4119496855346,1,-1,1
2602,1500,191,-2.34179944242692,-59.4119496855346,-1,1,-1
2602,1500,192,5.96493508978131,-58.4119496855346,-1,-1,1
2602,500,193,-1.38141683054542,-57.4119496855346,1,-1,-1
2602,500,194,3.07252717659531,-56.4119496855346,1,1,-1
2602,500,195,-3.48923305429462,-55.4119496855346,1,1,1
2602,1500,196,2.38171481465774,-54.4119496855346,-1,1,1
2602,500,197,-6.7029005556235,-53.4119496855346,1,-1,1
2602,500,198,-3.89224412376768,-52.4119496855346,1,1,-1
2602,1500,199,-2.86288394705805,-51.4119496855346,-1,1,1
2602,500,200,-4.0364955725333,-50.4119496855346,1,-1,1
2602,500,201,-2.44614695326644,-49.4119496855346,1,1,-1
2602,1500,202,-3.28782603839826,-48.4119496855346,-1,1,1
2602,500,204,2.48468344327272,-46.4119496855346,1,-1,-1
2602,1500,205,1.68113881313393,-45.4119496855346,-1,1,-1
2602,500,206,-2.93161230181689,-44.4119496855346,1,-1,1
2602,500,207,-5.16364844447747,-43.4119496855346,1,1,-1
2602,1500,208,-1.82125926104561,-42.4119496855346,-1,1,1
2602,500,209,-8.54679848866131,-41.4119496855346,1,-1,1
2602,500,210,-9.10492263221325,-40.4119496855346,1,1,-1
2602,1500,211,-3.28901653148866,-39.4119496855346,-1,1,1
2602,500,212,-9.73779123095049,-38.4119496855346,1,-1,1
2602,500,213,-10.289054081814,-37.4119496855346,1,1,-1
2602,500,214,-6.09341050174732,-36.4119496855346,1,1,1
2602,1500,215,-0.836056445461474,-35.4119496855346,-1,1,1
2602,500,217,-3.48187506238279,-33.4119496855346,1,-1,-1
2602,500,218,-4.41673986180339,-32.4119496855346,1,1,-1
2602,1500,219,-4.21781292894944,-31.4119496855346,-1,1,1
2602,500,220,-6.79271016596722,-30.4119496855346,1,-1,1
2602,500,221,-5.95641295337547,-29.4119496855346,1,1,-1
2602,500,222,-1.49416099405881,-28.4119496855346,1,1,1
2602,500,223,-1.70251699009757,-27.4119496855346,1,1,1
2602,1500,224,-0.954503234126372,-26.4119496855346,-1,1,1
2602,500,225,0.0262643718178937,-25.4119496855346,1,-1,1
2602,500,226,0.868683627918364,-24.4119496855346,1,1,-1
2602,500,227,-2.18096207086386,-23.4119496855346,1,1,1
2602,500,228,6.89659853921265,-22.4119496855346,1,1,1
2602,1500,229,-7.82716846386159,-21.4119496855346,-1,1,1
2602,1500,230,-0.468994466355414,-20.4119496855346,-1,-1,1
2602,500,231,1.12571890107202,-19.4119496855346,1,-1,-1
2602,500,232,1.14005376590635,-18.4119496855346,1,1,-1
2602,500,233,-6.56968230284877,-17.4119496855346,1,1,1
2602,500,234,-6.98226637228274,-16.4119496855346,1,1,1
2602,500,235,-4.72400856228216,-15.4119496855346,1,1,1
2602,1500,236,-7.21261389110786,-14.4119496855346,-1,1,1
2602,1500,238,-7.17265731472435,-12.4119496855346,-1,-1,-1
2602,1500,239,-5.64167894236175,-11.4119496855346,-1,-1,-1
2602,500,240,3.05393279890807,-10.4119496855346,1,-1,-1
2602,1500,241,1.29363008305053,-9.41194968553458,-1,1,-1
2602,1500,242,3.12474865927496,-8.41194968553458,-1,-1,1
2602,500,243,-4.46151220321725,-7.41194968553458,1,-1,-1
2602,500,245,9.80658381310807,-5.41194968553458,1,-1,1
2602,500,246,13.7527994587522,-4.41194968553458,1,1,-1
2602,500,247,11.7529796004359,-3.41194968553458,1,1,1
2602,500,248,7.85705699788247,-2.41194968553458,1,1,1
2602,500,249,8.30406197911227,-1.41194968553458,1,1,1
2602,500,250,1.28207922982194,-0.41194968553458,1,1,1
2602,1500,251,12.6171379483036,0.58805031446542,-1,1,1
2602,500,252,-5.75440630397993,1.58805031446542,1,-1,1
2602,1500,253,2.76106346565967,2.58805031446542,-1,1,-1
2602,1500,254,-8.27318136954642,3.58805031446542,-1,-1,1
2602,1500,255,-10.8506814368445,4.58805031446542,-1,-1,-1
2602,500,256,2.73761244913969,5.58805031446542,1,-1,-1
2602,1500,257,-3.93432593482339,6.58805031446542,-1,1,-1
2602,500,258,-12.7568678092777,7.58805031446542,1,-1,1
2602,1500,259,-3.18138465176915,8.58805031446542,-1,1,-1
2602,1500,260,-7.82329431096546,9.58805031446542,-1,-1,1
2602,1500,261,-10.5640233942402,10.5880503144654,-1,-1,-1
2602,1500,262,-4.14084015617617,11.5880503144654,-1,-1,-1
2602,500,263,-9.28592742600941,12.5880503144654,1,-1,-1
2602,1500,264,-2.8573953788453,13.5880503144654,-1,1,-1
2602,1500,265,-10.7994360412071,14.5880503144654,-1,-1,1
2602,500,266,-11.4375674809191,15.5880503144654,1,-1,-1
2602,1500,267,-13.712969146814,16.5880503144654,-1,1,-1
2602,1500,268,-11.9470898271857,17.5880503144654,-1,-1,1
2602,1500,269,-9.89015929418726,18.5880503144654,-1,-1,-1
2602,500,270,-15.6935965802483,19.5880503144654,1,-1,-1
2602,500,271,-7.57006250456277,20.5880503144654,1,1,-1
2602,500,272,1.80502541678788,21.5880503144654,1,1,1
2602,500,273,3.63087042353684,22.5880503144654,1,1,1
2602,1500,274,1.13605294971104,23.5880503144654,-1,1,1
2602,1500,275,-13.2494940482551,24.5880503144654,-1,-1,1
2602,500,276,4.93344631098853,25.5880503144654,1,-1,-1
2602,1500,277,-15.7701773606727,26.5880503144654,-1,1,-1
2602,500,278,-8.24682036049786,27.5880503144654,1,-1,1
2602,1500,279,-7.40802706642491,28.5880503144654,-1,1,-1
2602,1500,280,-13.6563720108917,29.5880503144654,-1,-1,1
2602,500,281,-10.2664953384552,30.5880503144654,1,-1,-1
2602,1500,282,-9.32737698277124,31.5880503144654,-1,1,-1
2602,1500,283,-8.9508511138483,32.5880503144654,-1,-1,1
2602,500,284,-13.8831446180463,33.5880503144654,1,-1,-1
2602,1500,285,-6.77616207356937,34.5880503144654,-1,1,-1
2602,1500,286,-4.86585721133347,35.5880503144654,-1,-1,1
2602,1500,287,-8.19326712746261,36.5880503144654,-1,-1,-1
2602,500,288,-7.69679884433935,37.5880503144654,1,-1,-1
2602,1500,289,-7.85063413024528,38.5880503144654,-1,1,-1
2602,500,290,-7.14230129278144,39.5880503144654,1,-1,1
2602,500,292,-1.14363839275351,41.5880503144654,1,-1,1
2602,500,293,-0.560724875779126,42.5880503144654,1,1,-1
2602,1500,294,8.88088454130828,43.5880503144654,-1,1,1
2602,500,295,-7.40828932568351,44.5880503144654,1,-1,1
2602,500,296,-6.35503102003601,45.5880503144654,1,1,-1
2602,500,297,-7.84519360894091,46.5880503144654,1,1,1
2602,1500,298,0.336270010100843,47.5880503144654,-1,1,1
2602,1500,299,-3.74655427563134,48.5880503144654,-1,-1,1
2602,1500,300,-9.40161533047419,49.5880503144654,-1,-1,-1
2602,500,301,-6.35509049591462,50.5880503144654,1,-1,-1
2602,1500,302,-4.34215832349592,51.5880503144654,-1,1,-1
2602,500,303,-3.72875528683056,52.5880503144654,1,-1,1
2602,500,304,-4.24217496835875,53.5880503144654,1,1,-1
2602,500,305,-7.54061769547547,54.5880503144654,1,1,1
2602,500,306,-3.05597431463909,55.5880503144654,1,1,1
2602,500,308,-11.9605866474274,57.5880503144654,1,-1,1
2602,1500,309,-4.70184354918506,58.5880503144654,-1,1,-1
2602,500,310,-8.07201367290124,59.5880503144654,1,-1,1
2602,1500,311,-6.63365529966095,60.5880503144654,-1,1,-1
2602,500,312,-0.533424081052136,61.5880503144654,1,-1,1
2602,1500,313,0.947775390873013,62.5880503144654,-1,1,-1
2602,1500,314,-7.91738330966823,63.5880503144654,-1,-1,1
2602,1500,315,-5.75079489420047,64.5880503144654,-1,-1,-1
2602,500,316,-7.14418473891654,65.5880503144654,1,-1,-1
2602,500,318,-1.62371396417552,67.5880503144654,1,-1,1
2602,500,319,-5.33131347338076,68.5880503144654,1,1,-1
2602,500,320,-8.08061966575983,69.5880503144654,1,1,1
2602,500,321,-7.61092667933817,70.5880503144654,1,1,1
2602,500,322,-8.35426847171527,71.5880503144654,1,1,1
2602,500,323,-2.17235185241039,72.5880503144654,1,1,1
2602,1500,324,0.508303003448603,73.5880503144654,-1,1,1
2602,500,325,-7.16407452402994,74.5880503144654,1,-1,1
2602,500,327,-4.6098695240635,76.5880503144654,1,-1,1
2602,1500,328,-0.781428286186138,77.5880503144654,-1,1,-1
2602,500,329,-9.36196150662809,78.5880503144654,1,-1,1
2602,500,330,1.24488813239721,79.5880503144654,1,1,-1
2602,500,331,-0.154909635774936,80.5880503144654,1,1,1
2602,500,332,-9.57047347446577,81.5880503144654,1,1,1
2602,1500,333,-2.80952632417096,82.5880503144654,-1,1,1
2602,500,334,20.3205310703424,83.5880503144654,1,-1,1
2602,1500,335,2.35082786258634,84.5880503144654,-1,1,-1
2602,500,336,0.976731443211864,85.5880503144654,1,-1,1
2602,1500,338,-5.47330548238533,87.5880503144654,-1,-1,1
2602,1500,339,-7.48706689880412,88.5880503144654,-1,-1,-1
2602,500,340,3.26738376163346,89.5880503144654,1,-1,-1
2602,1500,341,-0.389619079668062,90.5880503144654,-1,1,-1
2602,1500,343,-2.92875315143518,92.5880503144654,-1,-1,-1
2602,500,344,-7.28095381062127,93.5880503144654,1,-1,-1
2602,500,345,-0.190698238131006,94.5880503144654,1,1,-1
2602,500,346,-4.58192356937704,95.5880503144654,1,1,1
2602,500,347,-3.86331899241376,96.5880503144654,1,1,1
2602,500,348,-3.3571156036913,97.5880503144654,1,1,1
2602,1500,349,-1.80937285822701,98.5880503144654,-1,1,1
2602,500,350,-8.66429500929232,99.5880503144654,1,-1,1
2602,1500,351,4.08548923627457,100.588050314465,-1,1,-1
2602,1500,352,-6.08818759881651,101.588050314465,-1,-1,1
2602,500,353,-9.03489896973803,102.588050314465,1,-1,-1
2602,1500,354,-6.56904725295471,103.588050314465,-1,1,-1
2602,500,355,-0.00307513476641619,104.588050314465,1,-1,1
2602,1500,356,-2.82372653565748,105.588050314465,-1,1,-1
2602,500,357,-5.44081334725276,106.588050314465,1,-1,1
2602,1500,358,-5.26577538103996,107.588050314465,-1,1,-1
2602,500,359,-5.63035115825944,108.588050314465,1,-1,1
2602,1500,360,-5.38835945728983,109.588050314465,-1,1,-1
2602,1500,361,-4.21627763636598,110.588050314465,-1,-1,1
2602,500,362,-0.144606450908676,111.588050314465,1,-1,-1
2602,1500,363,1.72433288679492,112.588050314465,-1,1,-1
2602,500,364,-4.1944093562504,113.588050314465,1,-1,1
2602,500,365,-7.93380964464881,114.588050314465,1,1,-1
2602,1500,366,-7.9532875069415,115.588050314465,-1,1,1
2602,500,367,-11.4581632787077,116.588050314465,1,-1,1
2602,1500,368,-1.81230616247325,117.588050314465,-1,1,-1
2602,1500,369,-3.28762947309992,118.588050314465,-1,-1,1
2602,1500,370,-5.57192876754431,119.588050314465,-1,-1,-1
2602,1500,372,-10.154510655648,121.588050314465,-1,-1,-1
2602,500,373,1.11538969870793,122.588050314465,1,-1,-1
2602,1500,374,-7.3876545680192,123.588050314465,-1,1,-1
2602,500,375,-3.17052778239272,124.588050314465,1,-1,1
2602,1500,376,-2.18359846683192,125.588050314465,-1,1,-1
2602,500,377,-5.41586604458493,126.588050314465,1,-1,1
2602,500,378,-3.00125227054593,127.588050314465,1,1,-1
2602,500,379,-0.737806088496426,128.588050314465,1,1,1
2602,500,380,5.33242755927423,129.588050314465,1,1,1
2602,500,381,-4.18775741333574,130.588050314465,1,1,1
2602,1500,382,-3.34943328373207,131.588050314465,-1,1,1
2602,500,383,-6.94767423297064,132.588050314465,1,-1,1
2602,500,384,-5.8108485017542,133.588050314465,1,1,-1
2602,1500,385,-8.36209278268245,134.588050314465,-1,1,1
2602,500,386,-9.36925319636862,135.588050314465,1,-1,1
2602,1500,387,-2.33628572941203,136.588050314465,-1,1,-1
2602,1500,388,-13.6421033675177,137.588050314465,-1,-1,1
2602,500,389,-2.32803468271395,138.588050314465,1,-1,-1
2602,500,390,-9.43469280348987,139.588050314465,1,1,-1
2602,500,391,-4.85758546952007,140.588050314465,1,1,1
2602,1500,392,-10.0620206073636,141.588050314465,-1,1,1
2602,1500,393,-0.820649557213768,142.588050314465,-1,-1,1
2602,500,394,-6.24672340151881,143.588050314465,1,-1,-1
2602,1500,395,-8.38171003883749,144.588050314465,-1,1,-1
2602,1500,396,-7.34722643462845,145.588050314465,-1,-1,1
2602,500,397,-6.05803556907983,146.588050314465,1,-1,-1
2602,1500,398,-6.64542461015295,147.588050314465,-1,1,-1
2602,500,399,-9.34471977624289,148.588050314465,1,-1,1
2602,500,400,-0.827740953240076,149.588050314465,1,1,-1
2602,500,402,-6.13740106702967,151.588050314465,1,-1,1
2602,1500,403,-5.91992039008721,152.588050314465,-1,1,-1
2602,500,404,-5.2013714907339,153.588050314465,1,-1,1
2602,1500,405,-0.404787239879092,154.588050314465,-1,1,-1
2602,1500,406,-4.51037063684432,155.588050314465,-1,-1,1
2602,500,407,-2.65048021665183,156.588050314465,1,-1,-1
2602,1500,408,-1.49327249947746,157.588050314465,-1,1,-1
2602,500,409,-5.04114379821301,158.588050314465,1,-1,1
2602,1500,410,1.53156466998308,159.588050314465,-1,1,-1
2602,500,411,-1.36196647586201,160.588050314465,1,-1,1
2602,1500,412,0.481901823414003,161.588050314465,-1,1,-1
2602,500,413,-3.52791033075318,162.588050314465,1,-1,1
2602,1500,414,0.363310972743653,163.588050314465,-1,1,-1
2602,1500,415,-11.474234772646,164.588050314465,-1,-1,1
2602,1500,416,-4.37059758871341,165.588050314465,-1,-1,-1
2602,500,417,-6.85771457646847,166.588050314465,1,-1,-1
2602,1500,418,-2.42471020946083,167.588050314465,-1,1,-1
2602,500,419,-6.92117600037907,168.588050314465,1,-1,1
2602,1500,420,0.0696110098861629,169.588050314465,-1,1,-1
2606,1500,23,-15.5932961465072,-211.207142857143,-1,-1,-1
2606,1500,25,-19.1768571824732,-209.207142857143,-1,1,-1
2606,500,28,-24.3652925991339,-206.207142857143,1,-1,-1
2606,1500,29,-15.9999779117182,-205.207142857143,-1,1,-1
2606,1500,30,-20.1012763301053,-204.207142857143,-1,-1,1
2606,500,34,-24.5101398358046,-200.207142857143,1,-1,-1
2606,1500,35,-18.443786006764,-199.207142857143,-1,1,-1
2606,1500,38,-17.962759954297,-196.207142857143,-1,1,-1
2606,500,41,-17.4755855161046,-193.207142857143,1,-1,-1
2606,1500,42,-20.1239733917578,-192.207142857143,-1,1,-1
2606,500,43,-17.3577559019075,-191.207142857143,1,-1,1
2606,1500,52,-21.2882928376789,-182.207142857143,-1,1,-1
2606,1500,53,-19.4845510365074,-181.207142857143,-1,-1,1
2606,1500,54,-22.0880483076318,-180.207142857143,-1,-1,-1
2606,500,56,-17.9513894140809,-178.207142857143,1,1,-1
2606,1500,57,-15.8895731717565,-177.207142857143,-1,1,1
2606,1500,58,-18.9501500138544,-176.207142857143,-1,-1,1
2606,500,59,-12.1465887396577,-175.207142857143,1,-1,-1
2606,1500,60,-13.4765618947755,-174.207142857143,-1,1,-1
2606,1500,61,-10.613724866639,-173.207142857143,-1,-1,1
2606,500,62,-17.8503309952817,-172.207142857143,1,-1,-1
2606,500,63,-16.0456185148787,-171.207142857143,1,1,-1
2606,500,66,-18.1938683230166,-168.207142857143,1,-1,-1
2606,500,67,-18.4127171261074,-167.207142857143,1,1,-1
2606,500,68,-9.8725527543989,-166.207142857143,1,1,1
2606,500,69,-9.7293075454672,-165.207142857143,1,1,1
2606,1500,70,-22.9399125630223,-164.207142857143,-1,1,1
2606,1500,71,-6.84623418641561,-163.207142857143,-1,-1,1
2606,1500,72,-23.5954191915088,-162.207142857143,-1,-1,-1
2606,500,75,-18.816563311552,-159.207142857143,1,1,-1
2606,500,77,-21.1166315308495,-157.207142857143,1,-1,1
2606,500,78,-16.0580187004086,-156.207142857143,1,1,-1
2606,500,79,-17.7148542665728,-155.207142857143,1,1,1
2606,500,80,-20.0550502728582,-154.207142857143,1,1,1
2606,1500,81,-21.2089799515884,-153.207142857143,-1,1,1
2606,500,83,-19.1848150123553,-151.207142857143,1,1,-1
2606,500,84,-14.0733701550976,-150.207142857143,1,1,1
2606,1500,85,-20.4904827679897,-149.207142857143,-1,1,1
2606,1500,86,-17.5208721803782,-148.207142857143,-1,-1,1
2606,500,87,-17.7301260192732,-147.207142857143,1,-1,-1
2606,500,88,-12.8763020977865,-146.207142857143,1,1,-1
2606,500,89,-12.5482639568992,-145.207142857143,1,1,1
2606,500,90,-9.4684317882522,-144.207142857143,1,1,1
2606,500,91,-10.9419128944862,-143.207142857143,1,1,1
2606,1500,92,-8.57287605240431,-142.207142857143,-1,1,1
2606,1500,93,-18.8103318610785,-141.207142857143,-1,-1,1
2606,500,99,-17.8302824517075,-135.207142857143,1,-1,1
2606,500,103,-19.4981926579015,-131.207142857143,1,-1,-1
2606,500,105,-18.9774372232931,-129.207142857143,1,-1,1
2606,500,106,-18.0723610535396,-128.207142857143,1,1,-1
2606,1500,107,-21.9800812056086,-127.207142857143,-1,1,1
2606,500,108,-16.18889286367,-126.207142857143,1,-1,1
2606,500,110,-17.1352320217772,-124.207142857143,1,-1,1
2606,500,111,-17.3785810559223,-123.207142857143,1,1,-1
2606,1500,112,-19.4557585134257,-122.207142857143,-1,1,1
2606,500,118,-20.6618125447962,-116.207142857143,1,-1,1
2606,1500,120,-20.1072190527508,-114.207142857143,-1,-1,1
2606,500,121,-24.4601231319176,-113.207142857143,1,-1,-1
2606,500,122,-13.1240919001622,-112.207142857143,1,1,-1
2606,1500,123,-20.1182108871946,-111.207142857143,-1,1,1
2606,500,125,-14.645847480196,-109.207142857143,1,-1,-1
2606,1500,126,-22.0836695800531,-108.207142857143,-1,1,-1
2606,500,127,-20.4003985039203,-107.207142857143,1,-1,1
2606,500,129,-19.9123412475973,-105.207142857143,1,-1,1
2606,1500,130,-13.2263872964463,-104.207142857143,-1,1,-1
2606,500,132,-15.7830390716494,-102.207142857143,1,-1,-1
2606,500,135,-23.2766799322563,-99.2071428571429,1,-1,1
2606,1500,136,-20.3861454203958,-98.2071428571429,-1,1,-1
2606,500,138,-14.5626056043343,-96.2071428571429,1,1,-1
2606,500,139,-21.124557681179,-95.2071428571429,1,1,1
2606,500,140,-22.1377959623266,-94.2071428571429,1,1,1
2606,500,141,-14.3542425725223,-93.2071428571429,1,1,1
2606,1500,146,-18.0874597404845,-88.2071428571429,-1,-1,1
2606,1500,147,-19.8377131434078,-87.2071428571429,-1,-1,-1
2606,1500,150,-16.4434105903996,-84.2071428571429,-1,1,-1
2606,500,151,-20.0177849986904,-83.2071428571429,1,-1,1
2606,1500,152,-18.5109950924797,-82.2071428571429,-1,1,-1
2606,1500,153,-16.7533542198259,-81.2071428571429,-1,-1,1
2606,500,159,-17.5942012925738,-75.2071428571429,1,-1,-1
2606,1500,160,-17.1377634550332,-74.2071428571429,-1,1,-1
2606,500,162,-0.788683440349044,-72.2071428571429,1,-1,-1
2606,1500,163,-16.9383665522931,-71.2071428571429,-1,1,-1
2606,500,164,-12.2843154359116,-70.2071428571429,1,-1,1
2606,1500,165,-17.6317998567883,-69.2071428571429,-1,1,-1
2606,500,166,-13.259170135684,-68.2071428571429,1,-1,1
2606,500,167,-15.0664847644962,-67.2071428571429,1,1,-1
2606,500,168,-6.530389371781,-66.2071428571429,1,1,1
2606,500,169,-5.8157738698495,-65.2071428571429,1,1,1
2606,500,170,-9.2968824676373,-64.2071428571429,1,1,1
2606,500,171,-6.3555116537188,-63.2071428571429,1,1,1
2606,500,172,-11.5231936561053,-62.2071428571429,1,1,1
2606,500,173,-14.9256954103643,-61.2071428571429,1,1,1
2606,1500,174,-15.1721875238173,-60.2071428571429,-1,1,1
2606,1500,175,-20.3283734039674,-59.2071428571429,-1,-1,1
2606,500,176,-24.2475665127676,-58.2071428571429,1,-1,-1
2606,500,177,-20.5024676632873,-57.2071428571429,1,1,-1
2606,1500,180,-14.2976011228512,-54.2071428571429,-1,-1,1
2606,500,183,-23.3169879828046,-51.2071428571429,1,-1,1
2606,500,184,-19.2962551901343,-50.2071428571429,1,1,-1
2606,1500,185,-12.2860197971181,-49.2071428571429,-1,1,1
2606,500,187,-12.1419568921169,-47.2071428571429,1,-1,-1
2606,1500,188,-12.9000416036018,-46.2071428571429,-1,1,-1
2606,1500,189,-13.4923479289221,-45.2071428571429,-1,-1,1
2606,1500,190,-16.3406424164203,-44.2071428571429,-1,-1,-1
2606,1500,194,-17.2997450306044,-40.2071428571429,-1,-1,1
2606,500,195,-14.1654459561267,-39.2071428571429,1,-1,-1
2606,500,196,-23.7522820463891,-38.2071428571429,1,1,-1
2606,1500,197,-18.1289094312081,-37.2071428571429,-1,1,1
2606,500,198,-16.2034735750762,-36.2071428571429,1,-1,1
2606,500,199,-19.1961035770145,-35.2071428571429,1,1,-1
2606,500,200,-10.6772751496325,-34.2071428571429,1,1,1
2606,500,201,-7.7678781287673,-33.2071428571429,1,1,1
2606,1500,202,-17.9733395040746,-32.2071428571429,-1,1,1
2606,1500,204,-19.0893438742959,-30.2071428571429,-1,-1,-1
2606,500,205,-11.7199066613239,-29.2071428571429,1,-1,-1
2606,500,206,-14.7772356832279,-28.2071428571429,1,1,-1
2606,500,207,-12.097598686977,-27.2071428571429,1,1,1
2606,500,209,-17.3768182824922,-25.2071428571429,1,-1,1
2606,500,210,-12.6937106334284,-24.2071428571429,1,1,-1
2606,500,211,-15.0324505550456,-23.2071428571429,1,1,1
2606,500,212,-8.44687548304301,-22.2071428571429,1,1,1
2606,500,214,-7.3604651586033,-20.2071428571429,1,-1,1
2606,1500,215,-10.8371535362064,-19.2071428571429,-1,1,-1
2606,1500,216,-12.5707639495509,-18.2071428571429,-1,-1,1
2606,500,217,-12.0587069358789,-17.2071428571429,1,-1,-1
2606,1500,219,-17.9810108923545,-15.2071428571429,-1,-1,1
2606,500,220,-16.6903555133083,-14.2071428571429,1,-1,-1
2606,500,221,-16.3918989292512,-13.2071428571429,1,1,-1
2606,1500,223,-6.32890766306991,-11.2071428571429,-1,-1,1
2606,1500,225,-14.5958477959094,-9.20714285714286,-1,-1,-1
2606,500,226,-17.468993573328,-8.20714285714286,1,-1,-1
2606,500,227,-8.1619466686129,-7.20714285714286,1,1,-1
2606,500,229,-9.8271237897334,-5.20714285714286,1,-1,1
2606,1500,230,-8.98795520398671,-4.20714285714286,-1,1,-1
2606,500,232,-18.8456848539158,-2.20714285714286,1,-1,-1
2606,1500,233,-13.1905771311772,-1.20714285714286,-1,1,-1
2606,500,234,-16.3000971519666,-0.207142857142856,1,-1,1
2606,500,235,-20.3088304081226,0.792857142857144,1,1,-1
2606,500,236,-12.3372516356865,1.79285714285714,1,1,1
2606,500,237,-11.780766123032,2.79285714285714,1,1,1
2606,1500,240,-20.49490866197,5.79285714285714,-1,-1,1
2606,1500,241,-17.5957820990395,6.79285714285714,-1,-1,-1
2606,500,242,-19.0255810259347,7.79285714285714,1,-1,-1
2606,500,243,-13.9311399191409,8.79285714285714,1,1,-1
2606,500,244,-7.9196670116486,9.79285714285714,1,1,1
2606,1500,245,-7.48605676234332,10.7928571428571,-1,1,1
2606,1500,249,-19.8507033302378,14.7928571428571,-1,-1,-1
2606,1500,250,-19.0426725262366,15.7928571428571,-1,-1,-1
2606,500,252,-19.2376845378011,17.7928571428571,1,1,-1
2606,500,253,-18.820685802237,18.7928571428571,1,1,1
2606,500,254,-10.4975319159044,19.7928571428571,1,1,1
2606,500,255,-13.2805218671034,20.7928571428571,1,1,1
2606,1500,256,-12.3245444431514,21.7928571428571,-1,1,1
2606,500,257,-15.0203735704998,22.7928571428571,1,-1,1
2606,1500,258,-11.0955421337823,23.7928571428571,-1,1,-1
2606,1500,260,-15.8155589085866,25.7928571428571,-1,1,-1
2606,500,261,-17.7906039283645,26.7928571428571,1,-1,1
2606,1500,263,-21.4150499933698,28.7928571428571,-1,-1,1
2606,1500,265,-9.89710400691951,30.7928571428571,-1,-1,-1
2606,500,266,-22.0193836808831,31.7928571428571,1,-1,-1
2606,500,267,-11.9268979589409,32.7928571428571,1,1,-1
2606,500,268,-10.9049978297212,33.7928571428571,1,1,1
2606,1500,269,-19.8209916755265,34.7928571428571,-1,1,1
2606,500,270,-16.1929422075721,35.7928571428571,1,-1,1
2606,500,271,-21.2798886535305,36.7928571428571,1,1,-1
2606,500,272,-17.7491813245011,37.7928571428571,1,1,1
2606,1500,273,-16.4491355173556,38.7928571428571,-1,1,1
2606,1500,274,-16.4879566974972,39.7928571428571,-1,-1,1
2606,500,275,-18.252233622163,40.7928571428571,1,-1,-1
2606,500,276,-13.5872011270534,41.7928571428571,1,1,-1
2606,500,277,-17.3799327397088,42.7928571428571,1,1,1
2606,500,278,-15.5108456852283,43.7928571428571,1,1,1
2606,500,279,-16.7445034996101,44.7928571428571,1,1,1
2606,1500,282,-21.0090329797162,47.7928571428571,-1,-1,-1
2606,500,283,-17.0831623018741,48.7928571428571,1,-1,-1
2606,500,284,-21.9916707940228,49.7928571428571,1,1,-1
2606,1500,287,-23.5850038287788,52.7928571428571,-1,-1,-1
2606,1500,288,-17.9444775815511,53.7928571428571,-1,-1,-1
2606,500,291,-18.567419746544,56.7928571428571,1,-1,-1
2606,500,292,-23.0246136961884,57.7928571428571,1,1,-1
2606,1500,293,-17.8849170094753,58.7928571428571,-1,1,1
2606,1500,295,-18.9361208596411,60.7928571428571,-1,1,-1
2606,500,296,-12.5061806755891,61.7928571428571,1,-1,1
2606,1500,297,-21.2823597833558,62.7928571428571,-1,1,-1
2606,500,299,-20.5675294187812,64.7928571428571,1,-1,-1
2606,500,300,-17.5561268673953,65.7928571428571,1,1,-1
2606,500,302,-13.1801981292573,67.7928571428571,1,-1,1
2606,500,304,-19.1928525533892,69.7928571428571,1,-1,1
2606,1500,305,-23.2975632068637,70.7928571428571,-1,1,-1
2606,500,306,-20.6868902023542,71.7928571428571,1,-1,1
2606,500,307,-12.1450374795967,72.7928571428571,1,1,-1
2606,1500,308,-9.63921944265761,73.7928571428571,-1,1,1
2606,500,310,-15.468248287487,75.7928571428571,1,-1,-1
2606,1500,311,-22.6462694191414,76.7928571428571,-1,1,-1
2606,500,315,-24.2472539652623,80.7928571428571,1,1,-1
2606,500,316,-13.0397503124543,81.7928571428571,1,1,1
2606,500,317,-8.613505196739,82.7928571428571,1,1,1
2606,1500,318,-21.7382148509815,83.7928571428571,-1,1,1
2606,1500,319,-17.2952271283011,84.7928571428571,-1,-1,1
2606,500,320,-17.2522723548735,85.7928571428571,1,-1,-1
2606,1500,321,-15.398141543909,86.7928571428571,-1,1,-1
2606,500,322,-15.6034093202435,87.7928571428571,1,-1,1
2606,1500,323,-19.5223204650246,88.7928571428571,-1,1,-1
2606,500,325,-22.524532282497,90.7928571428571,1,-1,-1
2606,500,327,-17.6791985862844,92.7928571428571,1,-1,1
2606,1500,328,-19.8787666142969,93.7928571428571,-1,1,-1
2606,1500,329,-18.490979199612,94.7928571428571,-1,-1,1
2606,500,330,-21.1898736025269,95.7928571428571,1,-1,-1
2606,500,331,-5.89800941483951,96.7928571428571,1,1,-1
2606,500,332,-6.4198458318645,97.7928571428571,1,1,1
2606,500,333,-10.153930644685,98.7928571428571,1,1,1
2606,1500,334,-6.29183444819131,99.7928571428571,-1,1,1
2606,500,335,-0.789128217338934,100.792857142857,1,-1,1
2606,1500,336,-2.57036115625387,101.792857142857,-1,1,-1
2606,500,337,-15.7493778540695,102.792857142857,1,-1,1
2606,500,338,-3.9512804437203,103.792857142857,1,1,-1
2606,500,339,-1.09535141977629,104.792857142857,1,1,1
2606,500,340,5.56671875111184,105.792857142857,1,1,1
2606,500,341,-2.20180665297314,106.792857142857,1,1,1
2606,500,342,-2.35037034727241,107.792857142857,1,1,1
2606,500,343,-8.6461837096383,108.792857142857,1,1,1
2606,1500,345,-15.671514352648,110.792857142857,-1,-1,1
2606,1500,348,-23.6341519863601,113.792857142857,-1,1,-1
2606,1500,349,-10.0789882960406,114.792857142857,-1,-1,1
2606,500,350,-13.190415730515,115.792857142857,1,-1,-1
2606,500,351,-11.5572467550442,116.792857142857,1,1,-1
2606,500,353,-15.552889214564,118.792857142857,1,-1,1
2606,1500,354,-19.9657472905164,119.792857142857,-1,1,-1
2606,1500,356,-22.4731379560859,121.792857142857,-1,-1,-1
2606,500,357,-17.1165193696167,122.792857142857,1,-1,-1
2606,1500,358,-18.750077915168,123.792857142857,-1,1,-1
2606,500,361,-20.8501871072702,126.792857142857,1,1,-1
2606,500,362,-22.3681358848422,127.792857142857,1,1,1
2606,1500,363,-22.7913149373578,128.792857142857,-1,1,1
2606,500,365,-17.7054552825378,130.792857142857,1,-1,-1
2606,500,366,-13.3878176203845,131.792857142857,1,1,-1
2606,500,367,-11.6633994465953,132.792857142857,1,1,1
2606,1500,368,-19.463771445831,133.792857142857,-1,1,1
2606,1500,369,-12.4808731081436,134.792857142857,-1,-1,1
2606,1500,370,-22.5632414171075,135.792857142857,-1,-1,-1
2606,500,371,-20.5380304201846,136.792857142857,1,-1,-1
2606,500,372,-16.5112691226683,137.792857142857,1,1,-1
2606,500,373,-8.6478718587224,138.792857142857,1,1,1
2606,1500,374,-15.6583532949971,139.792857142857,-1,1,1
2606,1500,375,-16.3837739677309,140.792857142857,-1,-1,1
2606,1500,376,-20.7665336567942,141.792857142857,-1,-1,-1
2606,1500,377,-20.7221886847158,142.792857142857,-1,-1,-1
2606,1500,378,-19.1498142578331,143.792857142857,-1,-1,-1
2606,500,380,-16.8203462261475,145.792857142857,1,-1,-1
2606,1500,381,-19.3356881319396,146.792857142857,-1,1,-1
2606,1500,383,-20.0026833052619,148.792857142857,-1,-1,-1
2606,500,384,-18.9363717938118,149.792857142857,1,-1,-1
2606,1500,385,-17.6368380585835,150.792857142857,-1,1,-1
2606,1500,387,-13.0904986245477,152.792857142857,-1,-1,-1
2606,1500,388,-20.3896825557472,153.792857142857,-1,-1,-1
2606,500,390,-23.0608217557854,155.792857142857,1,-1,-1
2606,1500,392,-18.0563564598325,157.792857142857,-1,1,1
2606,500,393,-7.0929991245786,158.792857142857,1,-1,1
2606,1500,394,-17.2248780626609,159.792857142857,-1,1,-1
2606,500,395,-22.8162733003154,160.792857142857,1,-1,1
2606,500,396,-13.3035916849594,161.792857142857,1,1,-1
2606,500,397,-21.2358744377781,162.792857142857,1,1,1
2606,500,398,-16.1674013030852,163.792857142857,1,1,1
2606,500,399,-10.541890999848,164.792857142857,1,1,1
2606,1500,400,-13.6181848964969,165.792857142857,-1,1,1
2606,500,401,-17.0497974479644,166.792857142857,1,-1,1
2606,500,403,-23.3420897441482,168.792857142857,1,-1,1
2606,500,404,-17.8940603456467,169.792857142857,1,1,-1
2606,500,405,-10.8242686879815,170.792857142857,1,1,1
2606,500,406,-15.1483524026551,171.792857142857,1,1,1
2606,500,407,-19.1330052758932,172.792857142857,1,1,1
2606,500,408,7.36647940810003,173.792857142857,1,1,1
2606,500,409,3.70632835101774,174.792857142857,1,1,1
2606,1500,413,-16.5356700021673,178.792857142857,-1,-1,-1
2606,500,414,-0.962166854034834,179.792857142857,1,-1,-1
2606,500,415,-11.6530785399362,180.792857142857,1,1,-1
2606,500,416,-9.129020050866,181.792857142857,1,1,1
2606,1500,417,-13.5893568332579,182.792857142857,-1,1,1
2606,1500,418,-19.3234572104239,183.792857142857,-1,-1,1
2606,500,420,-12.8274499027061,185.792857142857,1,-1,-1
2607,1500,23,16.0788232911642,-199.483957219251,-1,1,1
2607,1500,24,2.90868434525022,-198.483957219251,-1,-1,1
2607,1500,25,-5.79094392918701,-197.483957219251,-1,-1,-1
2607,1500,26,-9.93277275533811,-196.483957219251,-1,-1,-1
2607,500,27,-22.538195640954,-195.483957219251,1,-1,-1
2607,500,29,-10.9844652154724,-193.483957219251,1,-1,1
2607,500,30,-1.91953294516431,-192.483957219251,1,1,-1
2607,1500,31,-1.92625105178409,-191.483957219251,-1,1,1
2607,500,32,-3.4260586479884,-190.483957219251,1,-1,1
2607,1500,33,-4.2768710281619,-189.483957219251,-1,1,-1
2607,1500,34,-6.53430435510411,-188.483957219251,-1,-1,1
2607,500,35,-5.32389683076863,-187.483957219251,1,-1,-1
2607,500,36,2.97788596971763,-186.483957219251,1,1,-1
2607,1500,37,-2.97141924842984,-185.483957219251,-1,1,1
2607,500,38,-1.24158373744382,-184.483957219251,1,-1,1
2607,1500,39,-5.43321761440788,-183.483957219251,-1,1,-1
2607,1500,40,-2.71833736189871,-182.483957219251,-1,-1,1
2607,1500,41,-6.19747203158618,-181.483957219251,-1,-1,-1
2607,500,42,-1.99503330890548,-180.483957219251,1,-1,-1
2607,1500,43,-0.575577512528212,-179.483957219251,-1,1,-1
2607,500,44,-2.76526603210927,-178.483957219251,1,-1,1
2607,1500,45,6.82071683525852,-177.483957219251,-1,1,-1
2607,500,46,3.1546747151547,-176.483957219251,1,-1,1
2607,500,47,0.586118113929938,-175.483957219251,1,1,-1
2607,1500,48,-2.74408639990096,-174.483957219251,-1,1,1
2607,500,49,1.6935289106627,-173.483957219251,1,-1,1
2607,1500,50,-2.81284146736821,-172.483957219251,-1,1,-1
2607,500,51,-3.52553216488179,-171.483957219251,1,-1,1
2607,1500,52,-5.94305848617789,-170.483957219251,-1,1,-1
2607,500,54,-2.27523526234846,-168.483957219251,1,-1,-1
2607,500,55,-0.130544544726082,-167.483957219251,1,1,-1
2607,1500,56,3.17983270741664,-166.483957219251,-1,1,1
2607,1500,58,-3.78209809004388,-164.483957219251,-1,-1,-1
2607,1500,59,0.700944788794648,-163.483957219251,-1,-1,-1
2607,1500,60,-1.27580239264724,-162.483957219251,-1,-1,-1
2607,1500,61,-1.51295779270695,-161.483957219251,-1,-1,-1
2607,500,62,-0.639571340744832,-160.483957219251,1,-1,-1
2607,500,63,2.56363914697247,-159.483957219251,1,1,-1
2607,500,64,0.580523191594698,-158.483957219251,1,1,1
2607,500,65,5.82379851595538,-157.483957219251,1,1,1
2607,1500,66,-1.37311161772841,-156.483957219251,-1,1,1
2607,500,67,-0.831469730126772,-155.483957219251,1,-1,1
2607,500,68,-3.28928521836856,-154.483957219251,1,1,-1
2607,1500,69,1.34132441476079,-153.483957219251,-1,1,1
2607,500,70,1.06529241933002,-152.483957219251,1,-1,1
2607,500,71,0.351575888895918,-151.483957219251,1,1,-1
2607,1500,72,-6.26072093291511,-150.483957219251,-1,1,1
2607,500,73,-3.52957846032501,-149.483957219251,1,-1,1
2607,500,74,-4.74161930984066,-148.483957219251,1,1,-1
2607,1500,75,-5.08232029381762,-147.483957219251,-1,1,1
2607,500,76,0.850365295181618,-146.483957219251,1,-1,1
2607,500,78,-3.34938114473386,-144.483957219251,1,-1,1
2607,500,79,0.279446743390718,-143.483957219251,1,1,-1
2607,500,80,1.81043093005582,-142.483957219251,1,1,1
2607,500,81,-0.569828037223102,-141.483957219251,1,1,1
2607,500,82,-3.05196886991467,-140.483957219251,1,1,1
2607,1500,83,4.38200241283319,-139.483957219251,-1,1,1
2607,1500,85,-1.18181202477938,-137.483957219251,-1,-1,-1
2607,500,86,-0.344723509010332,-136.483957219251,1,-1,-1
2607,1500,87,-0.546333619873652,-135.483957219251,-1,1,-1
2607,500,88,-1.71243481649406,-134.483957219251,1,-1,1
2607,500,89,-0.675694391392452,-133.483957219251,1,1,-1
2607,500,90,2.24637428920511,-132.483957219251,1,1,1
2607,500,91,-1.07570202334322,-131.483957219251,1,1,1
2607,500,92,2.8476340785335,-130.483957219251,1,1,1
2607,1500,93,4.06611403592784,-129.483957219251,-1,1,1
2607,1500,94,0.603198765710568,-128.483957219251,-1,-1,1
2607,1500,95,6.51326882410384,-127.483957219251,-1,-1,-1
2607,500,96,-2.48561511559094,-126.483957219251,1,-1,-1
2607,500,97,-3.08226952678057,-125.483957219251,1,1,-1
2607,1500,98,-2.88927030347759,-124.483957219251,-1,1,1
2607,500,99,2.67873700220237,-123.483957219251,1,-1,1
2607,500,100,-2.80042029769927,-122.483957219251,1,1,-1
2607,1500,101,4.00558692646369,-121.483957219251,-1,1,1
2607,1500,102,0.378515024477518,-120.483957219251,-1,-1,1
2607,1500,103,-4.54574601739177,-119.483957219251,-1,-1,-1
2607,1500,104,-2.90549531648098,-118.483957219251,-1,-1,-1
2607,500,105,-2.02290987224624,-117.483957219251,1,-1,-1
2607,1500,106,0.170115178062458,-116.483957219251,-1,1,-1
2607,1500,107,-2.79098807855279,-115.483957219251,-1,-1,1
2607,1500,109,-11.7070913265109,-113.483957219251,-1,-1,-1
2607,1500,110,-7.86114035813201,-112.483957219251,-1,-1,-1
2607,500,111,-7.06691205109683,-111.483957219251,1,-1,-1
2607,500,112,-10.6660061508804,-110.483957219251,1,1,-1
2607,500,114,-4.21634020708055,-108.483957219251,1,-1,1
2607,500,115,-6.56325081079513,-107.483957219251,1,1,-1
2607,1500,116,-6.02015506150126,-106.483957219251,-1,1,1
2607,1500,117,-10.1044019086978,-105.483957219251,-1,-1,1
2607,1500,118,-7.72801833212521,-104.483957219251,-1,-1,-1
2607,1500,119,-1.75514250547658,-103.483957219251,-1,-1,-1
2607,500,120,-5.75509181609504,-102.483957219251,1,-1,-1
2607,500,121,-9.19980701074713,-101.483957219251,1,1,-1
2607,500,122,-15.5893256084613,-100.483957219251,1,1,1
2607,1500,123,-12.0015497496838,-99.4839572192513,-1,1,1
2607,1500,124,-7.09218145733491,-98.4839572192513,-1,-1,1
2607,500,126,-13.959985858535,-96.4839572192513,1,-1,-1
2607,500,127,-11.1513614288635,-95.4839572192513,1,1,-1
2607,1500,128,-6.81699999496771,-94.4839572192513,-1,1,1
2607,1500,129,-9.64822435466731,-93.4839572192513,-1,-1,1
2607,500,130,-4.6918670106017,-92.4839572192513,1,-1,-1
2607,500,131,-0.201741334942972,-91.4839572192513,1,1,-1
2607,1500,132,3.16541026237236,-90.4839572192513,-1,1,1
2607,500,133,-1.25566468224194,-89.4839572192513,1,-1,1
2607,1500,134,-3.98914128431536,-88.4839572192513,-1,1,-1
2607,1500,135,1.19707396231882,-87.4839572192513,-1,-1,1
2607,500,136,-2.58889963301401,-86.4839572192513,1,-1,-1
2607,500,137,-0.413075956471242,-85.4839572192513,1,1,-1
2607,1500,138,3.66344083437644,-84.4839572192513,-1,1,1
2607,500,139,2.37422669507287,-83.4839572192513,1,-1,1
2607,500,140,-2.47271696298293,-82.4839572192513,1,1,-1
2607,500,142,-3.29184798887733,-80.4839572192513,1,-1,1
2607,1500,143,6.66842982225903,-79.4839572192513,-1,1,-1
2607,500,144,-1.91369011917642,-78.4839572192513,1,-1,1
2607,1500,145,0.184054648588297,-77.4839572192513,-1,1,-1
2607,500,146,4.4238807112709,-76.4839572192513,1,-1,1
2607,1500,147,-1.16219351388508,-75.4839572192513,-1,1,-1
2607,500,149,-0.273537480190052,-73.4839572192513,1,-1,-1
2607,1500,150,1.60668921159497,-72.4839572192513,-1,1,-1
2607,1500,151,-0.295198493155812,-71.4839572192513,-1,-1,1
2607,1500,152,4.07699887467617,-70.4839572192513,-1,-1,-1
2607,500,153,-1.96950298551988,-69.4839572192513,1,-1,-1
2607,500,154,0.489556621735528,-68.4839572192513,1,1,-1
2607,1500,155,0.0453037716452473,-67.4839572192513,-1,1,1
2607,1500,157,-0.950475461636473,-65.4839572192513,-1,-1,-1
2607,500,158,-6.22298156805389,-64.4839572192513,1,-1,-1
2607,500,159,-4.45380632524308,-63.4839572192513,1,1,-1
2607,1500,160,-0.130242050764092,-62.4839572192513,-1,1,1
2607,1500,161,-5.77681130252927,-61.4839572192513,-1,-1,1
2607,1500,162,-3.11442229789238,-60.4839572192513,-1,-1,-1
2607,500,163,-4.71521627656872,-59.4839572192513,1,-1,-1
2607,500,164,-6.23724483076365,-58.4839572192513,1,1,-1
2607,1500,165,0.415677549556917,-57.4839572192513,-1,1,1
2607,1500,166,-1.63943054703749,-56.4839572192513,-1,-1,1
2607,500,167,-3.23745327460086,-55.4839572192513,1,-1,-1
2607,500,168,8.96532339572821,-54.4839572192513,1,1,-1
2607,500,169,11.4508592801119,-53.4839572192513,1,1,1
2607,500,170,3.32704876231705,-52.4839572192513,1,1,1
2607,500,171,0.203882044529488,-51.4839572192513,1,1,1
2607,500,172,3.56639433300656,-50.4839572192513,1,1,1
2607,500,173,3.09700050797697,-49.4839572192513,1,1,1
2607,1500,174,-0.732274594671112,-48.4839572192513,-1,1,1
2607,1500,175,-1.30337217455745,-47.4839572192513,-1,-1,1
2607,500,176,0.569842705271228,-46.4839572192513,1,-1,-1
2607,500,177,2.96097212563261,-45.4839572192513,1,1,-1
2607,500,178,-0.208058979019362,-44.4839572192513,1,1,1
2607,500,179,-1.83182399180483,-43.4839572192513,1,1,1
2607,500,180,0.284353530128508,-42.4839572192513,1,1,1
2607,500,181,-1.22376296375681,-41.4839572192513,1,1,1
2607,1500,182,-0.207472138162892,-40.4839572192513,-1,1,1
2607,500,183,-2.16907210306121,-39.4839572192513,1,-1,1
2607,500,184,-3.10817249282533,-38.4839572192513,1,1,-1
2607,1500,185,-7.08037491657291,-37.4839572192513,-1,1,1
2607,1500,186,-2.20362378921239,-36.4839572192513,-1,-1,1
2607,1500,187,-0.814336328649242,-35.4839572192513,-1,-1,-1
2607,1500,188,0.309961435286657,-34.4839572192513,-1,-1,-1
2607,500,189,1.07510893227131,-33.4839572192513,1,-1,-1
2607,500,190,7.84397372496638,-32.4839572192513,1,1,-1
2607,1500,191,4.96535457712819,-31.4839572192513,-1,1,1
2607,1500,192,1.15269028691946,-30.4839572192513,-1,-1,1
2607,500,193,-0.631293639945502,-29.4839572192513,1,-1,-1
2607,500,194,1.57523604307508,-28.4839572192513,1,1,-1
2607,1500,195,-3.00813836290701,-27.4839572192513,-1,1,1
2607,1500,196,0.0803330989473374,-26.4839572192513,-1,-1,1
2607,500,198,0.659835944707728,-24.4839572192513,1,-1,-1
2607,1500,199,-1.64155875142601,-23.4839572192513,-1,1,-1
2607,500,200,0.237281894719288,-22.4839572192513,1,-1,1
2607,500,201,1.49660671861373,-21.4839572192513,1,1,-1
2607,500,202,2.3724929997947,-20.4839572192513,1,1,1
2607,500,203,-0.600050127745442,-19.4839572192513,1,1,1
2607,1500,204,2.31433186312865,-18.4839572192513,-1,1,1
2607,1500,205,2.50450912008691,-17.4839572192513,-1,-1,1
2607,1500,206,2.26765720930009,-16.4839572192513,-1,-1,-1
2607,500,207,0.897212761257198,-15.4839572192513,1,-1,-1
2607,1500,208,7.22230706883289,-14.4839572192513,-1,1,-1
2607,1500,210,-1.24065661615836,-12.4839572192513,-1,-1,-1
2607,500,211,-1.01310489757144,-11.4839572192513,1,-1,-1
2607,500,212,1.89511357900069,-10.4839572192513,1,1,-1
2607,1500,214,4.09207680502561,-8.48395721925132,-1,-1,1
2607,1500,215,-5.14904385949377,-7.48395721925132,-1,-1,-1
2607,1500,216,0.368282434695248,-6.48395721925132,-1,-1,-1
2607,1500,218,1.98766053303603,-4.48395721925132,-1,1,-1
2607,500,219,1.88717330117402,-3.48395721925132,1,-1,1
2607,500,220,9.74793962997213,-2.48395721925132,1,1,-1
2607,1500,221,2.55343908919134,-1.48395721925132,-1,1,1
2607,500,222,-0.561289332596972,-0.483957219251323,1,-1,1
2607,1500,223,-5.82971658111836,0.516042780748677,-1,1,-1
2607,1500,224,-6.28176456827875,1.51604278074868,-1,-1,1
2607,500,226,5.64939252606338,3.51604278074868,1,-1,-1
2607,500,227,7.84792196738379,4.51604278074868,1,1,-1
2607,500,228,0.611743907583878,5.51604278074868,1,1,1
2607,1500,229,0.888398989180048,6.51604278074868,-1,1,1
2607,1500,230,-2.22939338969036,7.51604278074868,-1,-1,1
2607,500,231,2.02054616286516,8.51604278074868,1,-1,-1
2607,1500,232,12.0137267128151,9.51604278074868,-1,1,-1
2607,1500,233,-4.09045022492238,10.5160427807487,-1,-1,1
2607,500,234,3.0619915471555,11.5160427807487,1,-1,-1
2607,1500,235,-7.29876628706021,12.5160427807487,-1,1,-1
2607,500,236,-4.32869263381863,13.5160427807487,1,-1,1
2607,1500,237,-3.98842727751401,14.5160427807487,-1,1,-1
2607,500,238,-5.6625582099824,15.5160427807487,1,-1,1
2607,500,239,-0.525134204860482,16.5160427807487,1,1,-1
2607,1500,240,4.23888643596036,17.5160427807487,-1,1,1
2607,500,241,6.0003361101815,18.5160427807487,1,-1,1
2607,500,242,-1.23892891888585,19.5160427807487,1,1,-1
2607,1500,244,0.782799910444428,21.5160427807487,-1,-1,1
2607,1500,245,-0.960574456152802,22.5160427807487,-1,-1,-1
2607,1500,246,-4.13615558992506,23.5160427807487,-1,-1,-1
2607,500,247,-0.252583967658982,24.5160427807487,1,-1,-1
2607,500,248,4.72653200458197,25.5160427807487,1,1,-1
2607,500,249,5.43227969903434,26.5160427807487,1,1,1
2607,1500,250,6.21762543698081,27.5160427807487,-1,1,1
2607,500,251,4.28526726025005,28.5160427807487,1,-1,1
2607,500,252,5.17856512107232,29.5160427807487,1,1,-1
2607,500,253,-5.65381679016737,30.5160427807487,1,1,1
2607,500,254,0.985058545273798,31.5160427807487,1,1,1
2607,500,255,2.75739330128183,32.5160427807487,1,1,1
2607,500,256,-1.95964488190484,33.5160427807487,1,1,1
2607,500,257,5.6183794041395,34.5160427807487,1,1,1
2607,500,258,3.67500069335929,35.5160427807487,1,1,1
2607,1500,259,6.86347791021335,36.5160427807487,-1,1,1
2607,1500,260,6.77943258538586,37.5160427807487,-1,-1,1
2607,500,261,10.6603246799486,38.5160427807487,1,-1,-1
2607,1500,262,-0.208445181323362,39.5160427807487,-1,1,-1
2607,1500,263,4.74946095947457,40.5160427807487,-1,-1,1
2607,1500,264,8.53540735571453,41.5160427807487,-1,-1,-1
2607,1500,265,-2.64163214250551,42.5160427807487,-1,-1,-1
2607,500,266,2.18756460866797,43.5160427807487,1,-1,-1
2607,1500,267,4.37127929128775,44.5160427807487,-1,1,-1
2607,500,268,6.85732710459141,45.5160427807487,1,-1,1
2607,500,269,2.57299236496497,46.5160427807487,1,1,-1
2607,500,270,-4.5311684656566,47.5160427807487,1,1,1
2607,1500,271,-0.455593658612873,48.5160427807487,-1,1,1
2607,500,272,7.34206819893795,49.5160427807487,1,-1,1
2607,1500,273,-2.13145944377152,50.5160427807487,-1,1,-1
2607,1500,274,-2.41836688027305,51.5160427807487,-1,-1,1
2607,1500,275,-4.46690255287053,52.5160427807487,-1,-1,-1
2607,1500,276,-1.70041972489896,53.5160427807487,-1,-1,-1
2607,1500,277,-1.99126967068725,54.5160427807487,-1,-1,-1
2607,500,278,-2.82142423736906,55.5160427807487,1,-1,-1
2607,500,279,-0.0308991558863321,56.5160427807487,1,1,-1
2607,1500,280,0.134369046623958,57.5160427807487,-1,1,1
2607,500,281,-1.46929768126693,58.5160427807487,1,-1,1
2607,500,282,-2.2535607273756,59.5160427807487,1,1,-1
2607,500,283,-2.18738484595333,60.5160427807487,1,1,1
2607,1500,284,6.31927729423333,61.5160427807487,-1,1,1
2607,500,285,10.7409430293696,62.5160427807487,1,-1,1
2607,500,286,6.58914924816216,63.5160427807487,1,1,-1
2607,500,287,6.2683048627177,64.5160427807487,1,1,1
2607,1500,288,4.34849170630362,65.5160427807487,-1,1,1
2607,1500,290,1.72652712964461,67.5160427807487,-1,-1,-1
2607,1500,291,2.96336877743142,68.5160427807487,-1,-1,-1
2607,1500,292,1.17605954078475,69.5160427807487,-1,-1,-1
2607,500,294,3.65818192512298,71.5160427807487,1,-1,-1
2607,1500,295,-3.42944922667257,72.5160427807487,-1,1,-1
2607,1500,296,-4.88932358343093,73.5160427807487,-1,-1,1
2607,500,297,2.27198289489031,74.5160427807487,1,-1,-1
2607,500,298,2.16578798717832,75.5160427807487,1,1,-1
2607,1500,299,2.63231027100328,76.5160427807487,-1,1,1
2607,1500,300,4.0207810214078,77.5160427807487,-1,-1,1
2607,500,301,6.41210604615365,78.5160427807487,1,-1,-1
2607,500,302,7.37496603206278,79.5160427807487,1,1,-1
2607,1500,303,1.35168695988553,80.5160427807487,-1,1,1
2607,500,304,1.42910742755928,81.5160427807487,1,-1,1
2607,500,305,-1.24806329935157,82.5160427807487,1,1,-1
2607,1500,306,6.06319855841975,83.5160427807487,-1,1,1
2607,500,307,4.89786978925517,84.5160427807487,1,-1,1
2607,500,308,-0.479458532692392,85.5160427807487,1,1,-1
2607,1500,309,6.21923629028738,86.5160427807487,-1,1,1
2607,1500,310,-3.81871662525272,87.5160427807487,-1,-1,1
2607,500,311,0.610609699258508,88.5160427807487,1,-1,-1
2607,500,312,1.50102839381447,89.5160427807487,1,1,-1
2607,500,313,3.21401529493815,90.5160427807487,1,1,1
2607,1500,314,-2.93444429577136,91.5160427807487,-1,1,1
2607,1500,315,2.94046359469851,92.5160427807487,-1,-1,1
2607,500,316,4.37760123528414,93.5160427807487,1,-1,-1
2607,500,317,3.20182302088175,94.5160427807487,1,1,-1
2607,1500,318,1.42728304761168,95.5160427807487,-1,1,1
2607,1500,319,-3.00485718986153,96.5160427807487,-1,-1,1
2607,500,320,0.690885175808838,97.5160427807487,1,-1,-1
2607,1500,321,-15.0903243088115,98.5160427807487,-1,1,-1
2607,500,322,-9.78800155032273,99.5160427807487,1,-1,1
2607,500,323,-6.87108213991573,100.516042780749,1,1,-1
2607,1500,324,-2.04946870840224,101.516042780749,-1,1,1
2607,500,325,-4.50134498603849,102.516042780749,1,-1,1
2607,500,326,-4.79085275371896,103.516042780749,1,1,-1
2607,500,327,-5.31390791600968,104.516042780749,1,1,1
2607,1500,328,-7.39820266525791,105.516042780749,-1,1,1
2607,500,329,3.71649966922208,106.516042780749,1,-1,1
2607,500,330,2.47841871570979,107.516042780749,1,1,-1
2607,1500,331,-1.60302876891818,108.516042780749,-1,1,1
2607,500,332,0.624699819939578,109.516042780749,1,-1,1
2607,500,333,5.49856702302876,110.516042780749,1,1,-1
2607,1500,334,3.82616644900988,111.516042780749,-1,1,1
2607,500,335,4.04964954721236,112.516042780749,1,-1,1
2607,500,336,2.6406023961575,113.516042780749,1,1,-1
2607,500,337,-1.16027108333762,114.516042780749,1,1,1
2607,500,338,5.25297058171634,115.516042780749,1,1,1
2607,500,339,-1.2043726972936,116.516042780749,1,1,1
2607,500,340,-0.0699371904827619,117.516042780749,1,1,1
2607,1500,341,-7.41929241697491,118.516042780749,-1,1,1
2607,500,342,-1.61523202971857,119.516042780749,1,-1,1
2607,500,343,-3.20535132109065,120.516042780749,1,1,-1
2607,1500,344,-4.02923414036329,121.516042780749,-1,1,1
2607,1500,345,-7.11109987218821,122.516042780749,-1,-1,1
2607,1500,346,-7.42084896461431,123.516042780749,-1,-1,-1
2607,500,347,4.91668392103252,124.516042780749,1,-1,-1
2607,1500,348,-5.9775235523896,125.516042780749,-1,1,-1
2607,1500,349,-10.4651281884957,126.516042780749,-1,-1,1
2607,1500,350,-2.92871281507121,127.516042780749,-1,-1,-1
2607,1500,351,-3.61197254099989,128.516042780749,-1,-1,-1
2607,1500,352,0.503564248362898,129.516042780749,-1,-1,-1
2607,500,353,-0.883774174740882,130.516042780749,1,-1,-1
2607,1500,354,1.77124159790955,131.516042780749,-1,1,-1
2607,500,355,1.09832975099549,132.516042780749,1,-1,1
2607,500,356,-4.35695400167178,133.516042780749,1,1,-1
2607,500,358,0.759617304491558,135.516042780749,1,-1,1
2607,500,359,5.68470222408989,136.516042780749,1,1,-1
2607,500,360,-2.17276960516015,137.516042780749,1,1,1
2607,500,361,-3.55604104830551,138.516042780749,1,1,1
2607,1500,362,3.4216946715399,139.516042780749,-1,1,1
2607,500,363,-1.25164768568016,140.516042780749,1,-1,1
2607,1500,364,3.50261586178923,141.516042780749,-1,1,-1
2607,1500,365,7.5777410191504,142.516042780749,-1,-1,1
2607,1500,366,-2.93577701615923,143.516042780749,-1,-1,-1
2607,1500,367,-8.58632988533121,144.516042780749,-1,-1,-1
2607,1500,368,-4.60910222649134,145.516042780749,-1,-1,-1
2607,1500,369,-3.39427308625436,146.516042780749,-1,-1,-1
2607,1500,370,-7.51389049328271,147.516042780749,-1,-1,-1
2607,1500,371,-5.30001907907191,148.516042780749,-1,-1,-1
2607,500,372,0.0267119394565083,149.516042780749,1,-1,-1
2607,1500,373,8.09850628718036,150.516042780749,-1,1,-1
2607,1500,374,3.16964998419061,151.516042780749,-1,-1,1
2607,500,375,0.342417486208658,152.516042780749,1,-1,-1
2607,1500,376,-0.116967841643772,153.516042780749,-1,1,-1
2607,500,377,1.06535815690849,154.516042780749,1,-1,1
2607,1500,378,-2.52451798384246,155.516042780749,-1,1,-1
2607,500,379,-1.26140488987852,156.516042780749,1,-1,1
2607,500,380,1.9085108237007,157.516042780749,1,1,-1
2607,500,381,-0.790729959294462,158.516042780749,1,1,1
2607,1500,382,6.68857217420173,159.516042780749,-1,1,1
2607,500,383,8.87731293446456,160.516042780749,1,-1,1
2607,1500,384,5.80091486481835,161.516042780749,-1,1,-1
2607,1500,385,1.56438351147695,162.516042780749,-1,-1,1
2607,1500,386,4.01453090458292,163.516042780749,-1,-1,-1
2607,500,387,5.62489461952759,164.516042780749,1,-1,-1
2607,500,388,-4.96130943569318,165.516042780749,1,1,-1
2607,1500,389,0.768457704088207,166.516042780749,-1,1,1
2607,500,390,1.02864321189465,167.516042780749,1,-1,1
2607,500,391,0.974447187631598,168.516042780749,1,1,-1
2607,500,392,3.07444564952189,169.516042780749,1,1,1
2607,1500,393,8.39110500442852,170.516042780749,-1,1,1
2607,500,394,1.90926142759513,171.516042780749,1,-1,1
2607,500,396,-0.904260857393472,173.516042780749,1,-1,1
2607,500,397,-0.815945020133422,174.516042780749,1,1,-1
2607,1500,398,-0.0172422312359224,175.516042780749,-1,1,1
2607,1500,399,2.52627845175558,176.516042780749,-1,-1,1
2607,500,400,-0.00662853790136175,177.516042780749,1,-1,-1
2607,1500,401,5.95275669131631,178.516042780749,-1,1,-1
2607,500,402,2.10828397151798,179.516042780749,1,-1,1
2607,500,403,-1.18038818941459,180.516042780749,1,1,-1
2607,1500,406,-2.37332708424452,183.516042780749,-1,-1,-1
2607,1500,407,-1.28411386816766,184.516042780749,-1,-1,-1
2607,1500,408,-2.65352514245045,185.516042780749,-1,-1,-1
2607,1500,409,-1.66873280664058,186.516042780749,-1,-1,-1
2607,1500,410,4.1277868980201,187.516042780749,-1,-1,-1
2607,1500,412,-0.743719176905193,189.516042780749,-1,-1,-1
2607,1500,413,-2.07976766206557,190.516042780749,-1,-1,-1
2607,500,414,-0.729469346959052,191.516042780749,1,-1,-1
2607,500,415,6.46114719350671,192.516042780749,1,1,-1
2607,500,416,-2.49292876361365,193.516042780749,1,1,1
2607,500,417,2.27515366349699,194.516042780749,1,1,1
2607,1500,418,1.2508987406273,195.516042780749,-1,1,1
2607,1500,419,8.35719207724607,196.516042780749,-1,-1,1
2607,500,420,4.5850870564476,197.516042780749,1,-1,-1
2611,500,23,8.48655062251186,-198.327272727273,1,1,-1
2611,500,24,12.9419715775675,-197.327272727273,1,1,1
2611,500,25,16.0069951300365,-196.327272727273,1,1,1
2611,1500,26,10.7518317917292,-195.327272727273,-1,1,1
2611,500,27,12.3333621901297,-194.327272727273,1,-1,1
2611,500,28,10.2919102741874,-193.327272727273,1,1,-1
2611,500,29,18.5174129969783,-192.327272727273,1,1,1
2611,500,30,17.8798740333885,-191.327272727273,1,1,1
2611,500,33,11.1783185245424,-188.327272727273,1,-1,-1
2611,500,34,6.92218912240777,-187.327272727273,1,1,-1
2611,500,35,15.167742324143,-186.327272727273,1,1,1
2611,1500,38,9.11112347163139,-183.327272727273,-1,1,-1
2611,1500,39,9.10476575127939,-182.327272727273,-1,-1,1
2611,500,40,5.54350648709076,-181.327272727273,1,-1,-1
2611,1500,41,11.0666031625864,-180.327272727273,-1,1,-1
2611,1500,42,6.84114352193809,-179.327272727273,-1,-1,1
2611,500,43,5.4517098234898,-178.327272727273,1,-1,-1
2611,1500,44,5.11422580276313,-177.327272727273,-1,1,-1
2611,1500,45,1.00364008818866,-176.327272727273,-1,-1,1
2611,1500,46,0.700947596875763,-175.327272727273,-1,-1,-1
2611,1500,47,1.6260849958036,-174.327272727273,-1,-1,-1
2611,1500,48,8.83257607630699,-173.327272727273,-1,-1,-1
2611,500,49,5.12878934540735,-172.327272727273,1,-1,-1
2611,500,50,15.695955361589,-171.327272727273,1,1,-1
2611,1500,51,5.81826772284102,-170.327272727273,-1,1,1
2611,1500,52,10.6548479287161,-169.327272727273,-1,-1,1
2611,500,53,1.51982138575462,-168.327272727273,1,-1,-1
2611,1500,54,9.26175026304099,-167.327272727273,-1,1,-1
2611,1500,55,11.7716878096709,-166.327272727273,-1,-1,1
2611,1500,56,13.2535915031996,-165.327272727273,-1,-1,-1
2611,500,57,2.87326316391591,-164.327272727273,1,-1,-1
2611,1500,58,8.65193924178509,-163.327272727273,-1,1,-1
2611,1500,59,3.81607970797248,-162.327272727273,-1,-1,1
2611,500,60,1.13922688912326,-161.327272727273,1,-1,-1
2611,1500,61,5.45085781706687,-160.327272727273,-1,1,-1
2611,1500,62,1.54680898261854,-159.327272727273,-1,-1,1
2611,500,63,0.656356173612179,-158.327272727273,1,-1,-1
2611,500,64,3.5313929751968,-157.327272727273,1,1,-1
2611,500,65,2.27240472288094,-156.327272727273,1,1,1
2611,1500,66,4.84299285910702,-155.327272727273,-1,1,1
2611,1500,67,7.80949473032399,-154.327272727273,-1,-1,1
2611,1500,68,3.39331339703953,-153.327272727273,-1,-1,-1
2611,500,69,2.34763325269347,-152.327272727273,1,-1,-1
2611,500,70,2.73222409097994,-151.327272727273,1,1,-1
2611,1500,71,1.21878131995614,-150.327272727273,-1,1,1
2611,1500,72,-1.85148883273754,-149.327272727273,-1,-1,1
2611,1500,73,2.06674896118932,-148.327272727273,-1,-1,-1
2611,500,74,4.37189487063309,-147.327272727273,1,-1,-1
2611,500,75,8.30035925276856,-146.327272727273,1,1,-1
2611,500,76,-0.924126292792071,-145.327272727273,1,1,1
2611,1500,77,4.04098592322868,-144.327272727273,-1,1,1
2611,500,78,0.220667445929889,-143.327272727273,1,-1,1
2611,500,79,6.37141198578436,-142.327272727273,1,1,-1
2611,500,80,3.57365345816083,-141.327272727273,1,1,1
2611,500,81,5.13331867722907,-140.327272727273,1,1,1
2611,1500,82,14.4547787771792,-139.327272727273,-1,1,1
2611,1500,83,4.30528995993547,-138.327272727273,-1,-1,1
2611,500,84,-8.84317383529029,-137.327272727273,1,-1,-1
2611,500,85,10.9648475413527,-136.327272727273,1,1,-1
2611,500,86,-16.3344562901291,-135.327272727273,1,1,1
2611,1500,87,-0.437551296133427,-134.327272727273,-1,1,1
2611,1500,88,1.48678866842198,-133.327272727273,-1,-1,1
2611,1500,89,-4.1205778568367,-132.327272727273,-1,-1,-1
2611,1500,90,-1.52718039842721,-131.327272727273,-1,-1,-1
2611,1500,91,-0.308196346163996,-130.327272727273,-1,-1,-1
2611,1500,92,-0.243522714109286,-129.327272727273,-1,-1,-1
2611,1500,93,6.24312560011382,-128.327272727273,-1,-1,-1
2611,500,94,6.76584808398677,-127.327272727273,1,-1,-1
2611,1500,95,0.396094331620444,-126.327272727273,-1,1,-1
2611,500,96,5.09155975720813,-125.327272727273,1,-1,1
2611,1500,97,3.35264770897497,-124.327272727273,-1,1,-1
2611,1500,98,2.57020968938486,-123.327272727273,-1,-1,1
2611,500,99,6.05161554015525,-122.327272727273,1,-1,-1
2611,1500,100,11.0690343527769,-121.327272727273,-1,1,-1
2611,1500,101,18.40466449806,-120.327272727273,-1,-1,1
2611,500,102,17.9695757762062,-119.327272727273,1,-1,-1
2611,500,103,17.5727094928474,-118.327272727273,1,1,-1
2611,500,104,10.0616069045689,-117.327272727273,1,1,1
2611,500,105,-0.833705916816461,-116.327272727273,1,1,1
2611,500,106,8.99553408808656,-115.327272727273,1,1,1
2611,1500,107,12.9138627649787,-114.327272727273,-1,1,1
2611,500,108,7.61395216819276,-113.327272727273,1,-1,1
2611,500,109,5.11488929952505,-112.327272727273,1,1,-1
2611,1500,110,2.55275274951491,-111.327272727273,-1,1,1
2611,500,111,-3.13136809256952,-110.327272727273,1,-1,1
2611,500,112,-4.5025593715454,-109.327272727273,1,1,-1
2611,1500,113,5.43070447386612,-108.327272727273,-1,1,1
2611,500,114,-4.39744577442655,-107.327272727273,1,-1,1
2611,500,115,-1.80206672783834,-106.327272727273,1,1,-1
2611,500,116,-1.802927729623,-105.327272727273,1,1,1
2611,1500,117,14.9282460351664,-104.327272727273,-1,1,1
2611,500,118,2.85350212437569,-103.327272727273,1,-1,1
2611,500,119,3.31255394544264,-102.327272727273,1,1,-1
2611,500,120,-6.42819028840843,-101.327272727273,1,1,1
2611,1500,121,-15.2487128131028,-100.327272727273,-1,1,1
2611,500,122,-4.22794205791834,-99.3272727272727,1,-1,1
2611,500,123,0.327879960848499,-98.3272727272727,1,1,-1
2611,1500,124,-3.46580228643085,-97.3272727272727,-1,1,1
2611,500,125,-4.52776712630217,-96.3272727272727,1,-1,1
2611,1500,126,-7.96974293952333,-95.3272727272727,-1,1,-1
2611,500,127,-3.20833192251762,-94.3272727272727,1,-1,1
2611,500,128,-19.7601190191723,-93.3272727272727,1,1,-1
2611,1500,129,-5.98822461594986,-92.3272727272727,-1,1,1
2611,500,130,-1.8456953166149,-91.3272727272727,1,-1,1
2611,500,131,7.55295139875386,-90.3272727272727,1,1,-1
2611,500,132,0.416206062572049,-89.3272727272727,1,1,1
2611,1500,133,12.7973060264407,-88.3272727272727,-1,1,1
2611,500,134,6.82890274850119,-87.3272727272727,1,-1,1
2611,1500,135,-5.49935915795407,-86.3272727272727,-1,1,-1
2611,1500,136,-7.63108433172034,-85.3272727272727,-1,-1,1
2611,500,137,5.55668660267962,-84.3272727272727,1,-1,-1
2611,1500,138,2.65275225968302,-83.3272727272727,-1,1,-1
2611,1500,139,-0.122109441490907,-82.3272727272727,-1,-1,1
2611,500,140,-9.08977325046432,-81.3272727272727,1,-1,-1
2611,1500,141,-3.67666916075347,-80.3272727272727,-1,1,-1
2611,1500,142,2.68733837888658,-79.3272727272727,-1,-1,1
2611,1500,143,-3.68571367040895,-78.3272727272727,-1,-1,-1
2611,1500,144,1.00550535172122,-77.3272727272727,-1,-1,-1
2611,500,145,-12.9478704914915,-76.3272727272727,1,-1,-1
2611,500,146,12.363259150895,-75.3272727272727,1,1,-1
2611,1500,147,10.6180370565881,-74.3272727272727,-1,1,1
2611,1500,148,8.37410946547059,-73.3272727272727,-1,-1,1
2611,500,149,10.3041326964043,-72.3272727272727,1,-1,-1
2611,500,150,6.79906117009223,-71.3272727272727,1,1,-1
2611,500,151,3.64426888620788,-70.3272727272727,1,1,1
2611,1500,152,-7.26243864764222,-69.3272727272727,-1,1,1
2611,500,153,-8.00360462629116,-68.3272727272727,1,-1,1
2611,1500,154,0.321815148206233,-67.3272727272727,-1,1,-1
2611,1500,155,1.60545586986476,-66.3272727272727,-1,-1,1
2611,1500,156,6.56128115611777,-65.3272727272727,-1,-1,-1
2611,1500,157,6.47639530652011,-64.3272727272727,-1,-1,-1
2611,500,158,1.39532126988709,-63.3272727272727,1,-1,-1
2611,1500,159,13.8451376834394,-62.3272727272727,-1,1,-1
2611,1500,160,15.8732881581253,-61.3272727272727,-1,-1,1
2611,1500,161,8.15578132502549,-60.3272727272727,-1,-1,-1
2611,1500,162,2.09953283492697,-59.3272727272727,-1,-1,-1
2611,1500,163,-5.01346648786487,-58.3272727272727,-1,-1,-1
2611,500,164,-1.52341854749464,-57.3272727272727,1,-1,-1
2611,500,165,7.35272947739896,-56.3272727272727,1,1,-1
2611,500,166,7.36483175289526,-55.3272727272727,1,1,1
2611,500,167,4.44291997741826,-54.3272727272727,1,1,1
2611,1500,168,9.24433436318609,-53.3272727272727,-1,1,1
2611,500,169,1.856796690288,-52.3272727272727,1,-1,1
2611,1500,170,3.79339079691403,-51.3272727272727,-1,1,-1
2611,1500,171,-0.847663764262666,-50.3272727272727,-1,-1,1
2611,1500,172,-8.40873151157112,-49.3272727272727,-1,-1,-1
2611,1500,173,-1.21889796047378,-48.3272727272727,-1,-1,-1
2611,500,174,-5.3713208332618,-47.3272727272727,1,-1,-1
2611,500,175,4.98263690653341,-46.3272727272727,1,1,-1
2611,500,176,7.93277814136896,-45.3272727272727,1,1,1
2611,500,177,14.1862665685139,-44.3272727272727,1,1,1
2611,1500,178,11.3049624016145,-43.3272727272727,-1,1,1
2611,500,179,0.837337986752809,-42.3272727272727,1,-1,1
2611,1500,180,11.549447688254,-41.3272727272727,-1,1,-1
2611,1500,181,-3.69862855730527,-40.3272727272727,-1,-1,1
2611,1500,182,9.12949386803079,-39.3272727272727,-1,-1,-1
2611,500,183,2.28754498849178,-38.3272727272727,1,-1,-1
2611,500,184,4.12060657226219,-37.3272727272727,1,1,-1
2611,500,185,6.40567733861728,-36.3272727272727,1,1,1
2611,1500,186,6.74310831482259,-35.3272727272727,-1,1,1
2611,1500,187,2.05466430241648,-34.3272727272727,-1,-1,1
2611,1500,188,0.740251493930214,-33.3272727272727,-1,-1,-1
2611,1500,189,-1.51896067207401,-32.3272727272727,-1,-1,-1
2611,500,190,0.281954819388149,-31.3272727272727,1,-1,-1
2611,500,191,6.26882760804631,-30.3272727272727,1,1,-1
2611,1500,192,9.89009388335099,-29.3272727272727,-1,1,1
2611,500,193,3.39379804087188,-28.3272727272727,1,-1,1
2611,500,194,9.66031481535646,-27.3272727272727,1,1,-1
2611,1500,195,2.2358362138049,-26.3272727272727,-1,1,1
2611,1500,196,-5.48323502332812,-25.3272727272727,-1,-1,1
2611,500,197,-6.18564909471058,-24.3272727272727,1,-1,-1
2611,1500,198,-14.9105288862427,-23.3272727272727,-1,1,-1
2611,1500,199,-1.19493679404188,-22.3272727272727,-1,-1,1
2611,500,200,-3.74544969735905,-21.3272727272727,1,-1,-1
2611,500,201,3.05360471905236,-20.3272727272727,1,1,-1
2611,500,202,7.52688613559916,-19.3272727272727,1,1,1
2611,500,203,1.83978779883931,-18.3272727272727,1,1,1
2611,1500,204,6.85283546990089,-17.3272727272727,-1,1,1
2611,1500,205,0.919096145754233,-16.3272727272727,-1,-1,1
2611,1500,206,0.691737217777914,-15.3272727272727,-1,-1,-1
2611,1500,207,2.9023551634437,-14.3272727272727,-1,-1,-1
2611,500,208,1.88603676896253,-13.3272727272727,1,-1,-1
2611,1500,209,7.81127136365189,-12.3272727272727,-1,1,-1
2611,1500,210,5.83958227727239,-11.3272727272727,-1,-1,1
2611,1500,212,-0.559018516961697,-9.32727272727271,-1,-1,-1
2611,500,213,0.715279929813699,-8.32727272727271,1,-1,-1
2611,500,214,5.86421179196572,-7.32727272727271,1,1,-1
2611,1500,215,5.09556666923239,-6.32727272727271,-1,1,1
2611,1500,216,-4.13763473614909,-5.32727272727271,-1,-1,1
2611,500,217,2.14184284285632,-4.32727272727271,1,-1,-1
2611,500,218,-1.18169937835345,-3.32727272727271,1,1,-1
2611,500,219,3.76224615978431,-2.32727272727271,1,1,1
2611,1500,220,-2.24683635858132,-1.32727272727271,-1,1,1
2611,500,221,7.60990439662656,-0.327272727272714,1,-1,1
2611,1500,222,4.13605986986776,0.672727272727286,-1,1,-1
2611,500,223,4.08754578924613,1.67272727272729,1,-1,1
2611,500,224,2.81717033755476,2.67272727272729,1,1,-1
2611,500,225,-2.02909816007829,3.67272727272729,1,1,1
2611,500,226,2.77622999750948,4.67272727272729,1,1,1
2611,1500,227,5.16067035168495,5.67272727272729,-1,1,1
2611,1500,228,2.13575241546901,6.67272727272729,-1,-1,1
2611,500,229,2.47590911939929,7.67272727272729,1,-1,-1
2611,500,230,-3.48673422237872,8.67272727272729,1,1,-1
2611,1500,231,14.2928764125785,9.67272727272729,-1,1,1
2611,500,232,-18.9622573290755,10.6727272727273,1,-1,1
2611,1500,233,13.1413423393941,11.6727272727273,-1,1,-1
2611,1500,234,3.06835231730648,12.6727272727273,-1,-1,1
2611,1500,235,3.74904182093957,13.6727272727273,-1,-1,-1
2611,1500,236,2.35456401557505,14.6727272727273,-1,-1,-1
2611,1500,237,-12.4197010770995,15.6727272727273,-1,-1,-1
2611,500,238,-3.86869568585339,16.6727272727273,1,-1,-1
2611,1500,239,-2.00841952972756,17.6727272727273,-1,1,-1
2611,1500,240,6.69711882608739,18.6727272727273,-1,-1,1
2611,1500,241,-2.07528874288725,19.6727272727273,-1,-1,-1
2611,1500,242,6.79985580019199,20.6727272727273,-1,-1,-1
2611,500,243,6.20062725275476,21.6727272727273,1,-1,-1
2611,500,244,4.39323971974177,22.6727272727273,1,1,-1
2611,500,245,4.04910944046098,23.6727272727273,1,1,1
2611,500,246,-1.49634730156065,24.6727272727273,1,1,1
2611,500,247,4.09418216746981,25.6727272727273,1,1,1
2611,1500,248,6.92987737998329,26.6727272727273,-1,1,1
2611,500,249,-4.77209331524553,27.6727272727273,1,-1,1
2611,500,250,8.95334016473726,28.6727272727273,1,1,-1
2611,1500,251,-0.732647828598816,29.6727272727273,-1,1,1
2611,1500,252,-3.19605685144532,30.6727272727273,-1,-1,1
2611,1500,253,-9.49448151529356,31.6727272727273,-1,-1,-1
2611,500,254,-3.73638915019999,32.6727272727273,1,-1,-1
2611,500,255,4.22362176813037,33.6727272727273,1,1,-1
2611,500,256,6.41757914236951,34.6727272727273,1,1,1
2611,500,257,3.58011370022857,35.6727272727273,1,1,1
2611,500,258,-2.98230007963833,36.6727272727273,1,1,1
2611,500,259,-6.80628119836992,37.6727272727273,1,1,1
2611,500,260,-4.91578495487386,38.6727272727273,1,1,1
2611,500,261,-10.4619511456026,39.6727272727273,1,1,1
2611,1500,262,-13.8325472573343,40.6727272727273,-1,1,1
2611,1500,263,-23.9452351347051,41.6727272727273,-1,-1,1
2611,500,264,-19.9431433194698,42.6727272727273,1,-1,-1
2611,1500,265,-16.7460212653083,43.6727272727273,-1,1,-1
2611,1500,267,-21.0252869843213,45.6727272727273,-1,-1,-1
2611,500,268,-18.7378374782571,46.6727272727273,1,-1,-1
2611,500,269,6.88780464345389,47.6727272727273,1,1,-1
2611,500,270,-7.76840192904966,48.6727272727273,1,1,1
2611,500,271,-22.7287019232764,49.6727272727273,1,1,1
2611,500,272,5.73752732560563,50.6727272727273,1,1,1
2611,1500,274,-9.3354766688083,52.6727272727273,-1,-1,1
2611,1500,275,-9.3955349417361,53.6727272727273,-1,-1,-1
2611,500,276,-7.92841366984416,54.6727272727273,1,-1,-1
2611,1500,277,-1.03987127764479,55.6727272727273,-1,1,-1
2611,1500,278,-4.0573945790949,56.6727272727273,-1,-1,1
2611,500,279,-10.3780212381081,57.6727272727273,1,-1,-1
2611,1500,280,-5.25457471235727,58.6727272727273,-1,1,-1
2611,1500,282,-10.1594575557951,60.6727272727273,-1,-1,-1
2611,500,283,-0.0610783285973211,61.6727272727273,1,-1,-1
2611,500,284,0.805953579588129,62.6727272727273,1,1,-1
2611,500,285,1.23866103454107,63.6727272727273,1,1,1
2611,500,286,-2.50148326955773,64.6727272727273,1,1,1
2611,1500,287,2.51233264726409,65.6727272727273,-1,1,1
2611,500,288,2.50282550909336,66.6727272727273,1,-1,1
2611,500,289,-10.4277323087733,67.6727272727273,1,1,-1
2611,1500,290,-1.90854702070745,68.6727272727273,-1,1,1
2611,500,291,-8.98194203560351,69.6727272727273,1,-1,1
2611,1500,292,-11.9248213109419,70.6727272727273,-1,1,-1
2611,1500,293,-3.39371946370136,71.6727272727273,-1,-1,1
2611,500,294,-2.21865914730336,72.6727272727273,1,-1,-1
2611,1500,295,1.61742046792525,73.6727272727273,-1,1,-1
2611,500,296,-7.46131260924509,74.6727272727273,1,-1,1
2611,1500,297,-4.79357251767728,75.6727272727273,-1,1,-1
2611,1500,298,-6.01365672387386,76.6727272727273,-1,-1,1
2611,1500,299,-9.7178898859421,77.6727272727273,-1,-1,-1
2611,500,300,-0.191648800842241,78.6727272727273,1,-1,-1
2611,500,301,-0.404497002762611,79.6727272727273,1,1,-1
2611,1500,302,6.05837526198122,80.6727272727273,-1,1,1
2611,500,303,-1.43695121829811,81.6727272727273,1,-1,1
2611,1500,304,6.61915071956519,82.6727272727273,-1,1,-1
2611,500,305,1.56307934778939,83.6727272727273,1,-1,1
2611,500,306,-0.798284616226941,84.6727272727273,1,1,-1
2611,1500,307,-0.630279540727657,85.6727272727273,-1,1,1
2611,1500,308,-7.16785147978355,86.6727272727273,-1,-1,1
2611,500,309,-9.78519863808545,87.6727272727273,1,-1,-1
2611,1500,310,-8.78086693613624,88.6727272727273,-1,1,-1
2611,1500,311,0.420374736705234,89.6727272727273,-1,-1,1
2611,1500,312,-8.37263687053631,90.6727272727273,-1,-1,-1
2611,1500,313,-4.17124933023766,91.6727272727273,-1,-1,-1
2611,500,314,-0.430533979298181,92.6727272727273,1,-1,-1
2611,500,315,0.123998840088579,93.6727272727273,1,1,-1
2611,500,316,2.83936464608421,94.6727272727273,1,1,1
2611,500,317,10.0439881213197,95.6727272727273,1,1,1
2611,500,319,-2.16729896626839,97.6727272727273,1,-1,1
2611,1500,320,2.93658897204659,98.6727272727273,-1,1,-1
2611,500,321,2.80870711365994,99.6727272727273,1,-1,1
2611,500,322,7.88835759632896,100.672727272727,1,1,-1
2611,1500,323,7.59446436866869,101.672727272727,-1,1,1
2611,500,324,2.14105073177703,102.672727272727,1,-1,1
2611,1500,325,6.24946469745093,103.672727272727,-1,1,-1
2611,500,326,-0.653623475304651,104.672727272727,1,-1,1
2611,1500,327,0.722015023574984,105.672727272727,-1,1,-1
2611,500,328,-2.81331812449022,106.672727272727,1,-1,1
2611,1500,329,-10.1985342573315,107.672727272727,-1,1,-1
2611,1500,330,-10.7538003826749,108.672727272727,-1,-1,1
2611,500,331,0.966459692340679,109.672727272727,1,-1,-1
2611,500,332,6.63361690882206,110.672727272727,1,1,-1
2611,500,333,5.75914526414895,111.672727272727,1,1,1
2611,1500,334,-0.394579094663846,112.672727272727,-1,1,1
2611,500,335,-4.49626730314521,113.672727272727,1,-1,1
2611,500,336,-0.146198442805911,114.672727272727,1,1,-1
2611,500,337,-2.15196085660843,115.672727272727,1,1,1
2611,1500,338,-5.68659499214906,116.672727272727,-1,1,1
2611,500,339,-7.66682993313848,117.672727272727,1,-1,1
2611,500,340,-10.6646518322141,118.672727272727,1,1,-1
2611,500,341,5.31202036590563,119.672727272727,1,1,1
2611,500,342,4.25107981169692,120.672727272727,1,1,1
2611,500,345,2.30382031471051,123.672727272727,1,1,-1
2611,500,346,6.72074239434437,124.672727272727,1,1,1
2611,500,347,7.84553152294626,125.672727272727,1,1,1
2611,500,348,-2.87398310053062,126.672727272727,1,1,1
2611,500,349,4.73975777234174,127.672727272727,1,1,1
2611,1500,350,-5.01041067589471,128.672727272727,-1,1,1
2611,500,351,-7.64148034203005,129.672727272727,1,-1,1
2611,1500,352,-14.0686361876758,130.672727272727,-1,1,-1
2611,1500,353,-2.62729248600024,131.672727272727,-1,-1,1
2611,1500,354,-4.70156774350083,132.672727272727,-1,-1,-1
2611,1500,355,-8.99851689936181,133.672727272727,-1,-1,-1
2611,1500,356,-2.3963140392889,134.672727272727,-1,-1,-1
2611,500,357,-8.19360194436312,135.672727272727,1,-1,-1
2611,500,358,5.5176525573784,136.672727272727,1,1,-1
2611,1500,359,4.33261248246378,137.672727272727,-1,1,1
2611,1500,360,0.405232242902184,138.672727272727,-1,-1,1
2611,500,361,-0.404733606582001,139.672727272727,1,-1,-1
2611,1500,362,4.50458085120595,140.672727272727,-1,1,-1
2611,1500,363,5.07090780450751,141.672727272727,-1,-1,1
2611,500,364,5.78345269000938,142.672727272727,1,-1,-1
2611,1500,365,6.13862478217963,143.672727272727,-1,1,-1
2611,1500,366,3.5825596501005,144.672727272727,-1,-1,1
2611,500,367,0.907783001877519,145.672727272727,1,-1,-1
2611,500,368,9.12046750168846,146.672727272727,1,1,-1
2611,1500,369,8.70830549433979,147.672727272727,-1,1,1
2611,500,370,0.618902995726649,148.672727272727,1,-1,1
2611,1500,371,4.56810545518956,149.672727272727,-1,1,-1
2611,500,372,0.460797618177349,150.672727272727,1,-1,1
2611,1500,373,5.08785318321263,151.672727272727,-1,1,-1
2611,500,374,-0.167601946183541,152.672727272727,1,-1,1
2611,1500,375,1.78253892115643,153.672727272727,-1,1,-1
2611,500,376,1.46460671069181,154.672727272727,1,-1,1
2611,500,377,11.6246130226785,155.672727272727,1,1,-1
2611,1500,378,-5.34411860719243,156.672727272727,-1,1,1
2611,500,379,3.76026717447256,157.672727272727,1,-1,1
2611,1500,380,0.131710685593374,158.672727272727,-1,1,-1
2611,1500,381,-0.672461706692256,159.672727272727,-1,-1,1
2611,1500,383,-6.48491620737002,161.672727272727,-1,-1,-1
2611,1500,384,-8.57255524451572,162.672727272727,-1,-1,-1
2611,500,385,-4.60608302227961,163.672727272727,1,-1,-1
2611,500,386,-8.11741514882845,164.672727272727,1,1,-1
2611,1500,387,-10.7414458144122,165.672727272727,-1,1,1
2611,1500,388,-10.1763736380032,166.672727272727,-1,-1,1
2611,500,389,-5.4359418921344,167.672727272727,1,-1,-1
2611,1500,390,4.82088034997489,168.672727272727,-1,1,-1
2611,500,391,-2.01185386627377,169.672727272727,1,-1,1
2611,1500,393,0.00172909313753333,171.672727272727,-1,1,1
2611,1500,394,-0.650048641093317,172.672727272727,-1,-1,1
2611,1500,395,6.87310283670379,173.672727272727,-1,-1,-1
2611,1500,396,7.26333520833659,174.672727272727,-1,-1,-1
2611,1500,397,0.138011618959104,175.672727272727,-1,-1,-1
2611,1500,398,-1.20308939750513,176.672727272727,-1,-1,-1
2611,500,399,0.864023418549919,177.672727272727,1,-1,-1
2611,500,400,4.48307197866487,178.672727272727,1,1,-1
2611,500,401,3.57494217155334,179.672727272727,1,1,1
2611,500,402,5.61235526353035,180.672727272727,1,1,1
2611,1500,403,8.91643989473619,181.672727272727,-1,1,1
2611,1500,404,5.33867744989866,182.672727272727,-1,-1,1
2611,1500,405,0.276624693237824,183.672727272727,-1,-1,-1
2611,1500,406,12.7053851358486,184.672727272727,-1,-1,-1
2611,500,407,-0.445654608256451,185.672727272727,1,-1,-1
2611,1500,408,6.52989081929525,186.672727272727,-1,1,-1
2611,500,409,4.28005182249923,187.672727272727,1,-1,1
2611,1500,410,6.98291839136809,188.672727272727,-1,1,-1
2611,1500,411,9.56664977573659,189.672727272727,-1,-1,1
2611,500,412,5.76231846340618,190.672727272727,1,-1,-1
2611,1500,413,4.01545639909935,191.672727272727,-1,1,-1
2611,500,414,-3.59161352589078,192.672727272727,1,-1,1
2611,500,415,4.33479350233045,193.672727272727,1,1,-1
2611,1500,416,-6.94146650012539,194.672727272727,-1,1,1
2611,500,417,-0.411600716324701,195.672727272727,1,-1,1
2611,1500,418,2.59705819189345,196.672727272727,-1,1,-1
2611,500,419,5.40872384520661,197.672727272727,1,-1,1
2611,1500,420,3.4671301944254,198.672727272727,-1,1,-1
2612,500,23,-18.1099284221146,-185.872340425532,1,-1,-1
2612,500,24,0.308495088347817,-184.872340425532,1,1,-1
2612,500,25,9.33297406695049,-183.872340425532,1,1,1
2612,1500,26,14.2881604247611,-182.872340425532,-1,1,1
2612,1500,27,4.91623787461761,-181.872340425532,-1,-1,1
2612,500,28,-3.26696917218007,-180.872340425532,1,-1,-1
2612,1500,30,-1.6650380679427,-178.872340425532,-1,-1,1
2612,1500,31,-13.8956849348164,-177.872340425532,-1,-1,-1
2612,1500,32,-12.0848519564295,-176.872340425532,-1,-1,-1
2612,1500,33,-10.0702142817128,-175.872340425532,-1,-1,-1
2612,500,34,-12.0287670802681,-174.872340425532,1,-1,-1
2612,1500,35,-6.16341098327331,-173.872340425532,-1,1,-1
2612,500,36,-3.42790920723746,-172.872340425532,1,-1,1
2612,500,38,-0.351344259998755,-170.872340425532,1,-1,1
2612,500,39,6.71806966209073,-169.872340425532,1,1,-1
2612,1500,40,7.86413222643758,-168.872340425532,-1,1,1
2612,1500,41,-1.38072579990292,-167.872340425532,-1,-1,1
2612,1500,42,-0.254022913776299,-166.872340425532,-1,-1,-1
2612,500,43,-0.350604913080393,-165.872340425532,1,-1,-1
2612,500,44,15.7177506578923,-164.872340425532,1,1,-1
2612,500,46,10.5428094491337,-162.872340425532,1,-1,1
2612,500,47,18.3492501960889,-161.872340425532,1,1,-1
2612,500,49,16.3769001477819,-159.872340425532,1,-1,1
2612,500,50,13.3606586228145,-158.872340425532,1,1,-1
2612,500,51,26.4263413547154,-157.872340425532,1,1,1
2612,500,52,24.35193685934,-156.872340425532,1,1,1
2612,500,53,19.4014136747105,-155.872340425532,1,1,1
2612,1500,54,27.4426532857561,-154.872340425532,-1,1,1
2612,1500,55,11.0000263357843,-153.872340425532,-1,-1,1
2612,500,57,15.228695273448,-151.872340425532,1,-1,-1
2612,500,58,24.359087316439,-150.872340425532,1,1,-1
2612,1500,59,24.216126997965,-149.872340425532,-1,1,1
2612,1500,60,17.7733035449162,-148.872340425532,-1,-1,1
2612,500,61,17.9662820331456,-147.872340425532,1,-1,-1
2612,500,62,21.0763820508078,-146.872340425532,1,1,-1
2612,500,64,23.5105455530586,-144.872340425532,1,-1,1
2612,500,65,28.2658092826025,-143.872340425532,1,1,-1
2612,1500,66,26.4426604477995,-142.872340425532,-1,1,1
2612,1500,67,19.6102626358626,-141.872340425532,-1,-1,1
2612,1500,68,12.7358199175099,-140.872340425532,-1,-1,-1
2612,500,69,14.1069157100444,-139.872340425532,1,-1,-1
2612,1500,70,15.8519362380573,-138.872340425532,-1,1,-1
2612,1500,71,15.898237179655,-137.872340425532,-1,-1,1
2612,500,72,19.4193144157987,-136.872340425532,1,-1,-1
2612,1500,73,16.6110381669871,-135.872340425532,-1,1,-1
2612,1500,74,12.3867529933636,-134.872340425532,-1,-1,1
2612,500,75,16.9608584921415,-133.872340425532,1,-1,-1
2612,500,76,21.8209593353188,-132.872340425532,1,1,-1
2612,500,77,25.1560133339604,-131.872340425532,1,1,1
2612,500,78,26.2990528592419,-130.872340425532,1,1,1
2612,1500,79,22.0894968665736,-129.872340425532,-1,1,1
2612,500,80,21.6335783785455,-128.872340425532,1,-1,1
2612,500,81,26.7294304499325,-127.872340425532,1,1,-1
2612,500,82,28.1157900932761,-126.872340425532,1,1,1
2612,500,83,21.5494929812563,-125.872340425532,1,1,1
2612,1500,84,21.6230827196781,-124.872340425532,-1,1,1
2612,500,85,15.7340806649778,-123.872340425532,1,-1,1
2612,500,86,24.4969406301858,-122.872340425532,1,1,-1
2612,500,87,28.3160646098958,-121.872340425532,1,1,1
2612,500,88,28.8022568569362,-120.872340425532,1,1,1
2612,1500,90,22.8438161034869,-118.872340425532,-1,-1,1
2612,500,91,19.2010830998985,-117.872340425532,1,-1,-1
2612,1500,92,15.9425831996526,-116.872340425532,-1,1,-1
2612,500,93,18.6565397365983,-115.872340425532,1,-1,1
2612,1500,94,10.2020039649587,-114.872340425532,-1,1,-1
2612,500,95,19.9440326685556,-113.872340425532,1,-1,1
2612,1500,96,13.5406470634114,-112.872340425532,-1,1,-1
2612,500,97,13.3219671954386,-111.872340425532,1,-1,1
2612,500,98,17.5427423438,-110.872340425532,1,1,-1
2612,500,99,22.232005582267,-109.872340425532,1,1,1
2612,500,100,28.3496966165512,-108.872340425532,1,1,1
2612,1500,103,12.5133086732372,-105.872340425532,-1,-1,1
2612,500,104,7.385826576512,-104.872340425532,1,-1,-1
2612,500,105,21.8300925299394,-103.872340425532,1,1,-1
2612,500,106,26.4635069495012,-102.872340425532,1,1,1
2612,1500,108,1.41731213928356,-100.872340425532,-1,-1,1
2612,500,109,17.1759637336482,-99.8723404255319,1,-1,-1
2612,500,110,24.9734645932799,-98.8723404255319,1,1,-1
2612,500,111,26.7997613197772,-97.8723404255319,1,1,1
2612,500,112,28.1860099324465,-96.8723404255319,1,1,1
2612,1500,114,13.2495562104191,-94.8723404255319,-1,1,1
2612,1500,115,0.89098383177644,-93.8723404255319,-1,-1,1
2612,500,116,12.1723561674934,-92.8723404255319,1,-1,-1
2612,500,117,19.6882756912572,-91.8723404255319,1,1,-1
2612,500,118,16.9207365569448,-90.8723404255319,1,1,1
2612,1500,119,4.34119591103246,-89.8723404255319,-1,1,1
2612,1500,120,-5.50916497894238,-88.8723404255319,-1,-1,1
2612,1500,121,-12.2107320031755,-87.8723404255319,-1,-1,-1
2612,1500,122,-9.87691403023736,-86.8723404255319,-1,-1,-1
2612,1500,124,-16.6637120597538,-84.8723404255319,-1,-1,-1
2612,1500,126,-18.8020024855874,-82.8723404255319,-1,-1,-1
2612,1500,127,-15.7778498545419,-81.8723404255319,-1,-1,-1
2612,500,129,3.23568130988245,-79.8723404255319,1,-1,-1
2612,1500,130,-20.297697533705,-78.8723404255319,-1,1,-1
2612,1500,131,-13.5131380049617,-77.8723404255319,-1,-1,1
2612,500,132,19.366999621855,-76.8723404255319,1,-1,-1
2612,500,135,-1.73843559599524,-73.8723404255319,1,-1,-1
2612,500,136,6.61532091088059,-72.8723404255319,1,1,-1
2612,1500,137,6.92857427215784,-71.8723404255319,-1,1,1
2612,500,138,7.94296009168155,-70.8723404255319,1,-1,1
2612,500,139,14.9208086628275,-69.8723404255319,1,1,-1
2612,500,140,24.171830721843,-68.8723404255319,1,1,1
2612,1500,141,4.03622795613738,-67.8723404255319,-1,1,1
2612,500,143,4.02399331043255,-65.8723404255319,1,-1,-1
2612,500,144,15.7288327759891,-64.8723404255319,1,1,-1
2612,500,145,17.1468159634184,-63.8723404255319,1,1,1
2612,500,146,21.4816766133011,-62.8723404255319,1,1,1
2612,1500,147,8.62329222686649,-61.8723404255319,-1,1,1
2612,500,148,14.0431546783535,-60.8723404255319,1,-1,1
2612,1500,149,7.63698285175884,-59.8723404255319,-1,1,-1
2612,1500,150,4.15678030650941,-58.8723404255319,-1,-1,1
2612,1500,151,-2.69015314515047,-57.8723404255319,-1,-1,-1
2612,500,152,15.4054207039528,-56.8723404255319,1,-1,-1
2612,1500,153,-3.90669449139783,-55.8723404255319,-1,1,-1
2612,500,154,19.4854462361835,-54.8723404255319,1,-1,1
2612,500,155,23.6513925915181,-53.8723404255319,1,1,-1
2612,500,156,25.3421289862931,-52.8723404255319,1,1,1
2612,500,157,28.2039947439539,-51.8723404255319,1,1,1
2612,500,158,26.1630540869874,-50.8723404255319,1,1,1
2612,500,159,26.5507795307379,-49.8723404255319,1,1,1
2612,1500,160,14.2735414157139,-48.8723404255319,-1,1,1
2612,1500,161,-5.81541113039688,-47.8723404255319,-1,-1,1
2612,500,162,23.8061426845565,-46.8723404255319,1,-1,-1
2612,1500,163,-0.92122364722216,-45.8723404255319,-1,1,-1
2612,1500,164,-1.45029658447663,-44.8723404255319,-1,-1,1
2612,1500,165,-4.51086807198363,-43.8723404255319,-1,-1,-1
2612,1500,166,-8.61047210145275,-42.8723404255319,-1,-1,-1
2612,1500,167,-11.4820640000398,-41.8723404255319,-1,-1,-1
2612,500,168,14.4858655674229,-40.8723404255319,1,-1,-1
2612,500,169,5.39020743966404,-39.8723404255319,1,1,-1
2612,500,170,16.2440220872194,-38.8723404255319,1,1,1
2612,500,171,20.482009140433,-37.8723404255319,1,1,1
2612,500,173,19.8467423217088,-35.8723404255319,1,-1,1
2612,500,174,20.7115365779245,-34.8723404255319,1,1,-1
2612,1500,175,9.40651121710809,-33.8723404255319,-1,1,1
2612,500,176,12.2834839145331,-32.8723404255319,1,-1,1
2612,500,177,24.9157999434068,-31.8723404255319,1,1,-1
2612,1500,178,24.2396006737584,-30.8723404255319,-1,1,1
2612,500,179,21.2978255541153,-29.8723404255319,1,-1,1
2612,1500,181,17.64505131086,-27.8723404255319,-1,1,1
2612,500,182,23.6599959737416,-26.8723404255319,1,-1,1
2612,1500,185,23.8589096339938,-23.8723404255319,-1,1,1
2612,1500,186,8.60071316686749,-22.8723404255319,-1,-1,1
2612,500,187,26.6891709061207,-21.8723404255319,1,-1,-1
2612,1500,188,8.78037874892219,-20.8723404255319,-1,1,-1
2612,1500,189,2.90417402340534,-19.8723404255319,-1,-1,1
2612,1500,190,5.32971510480026,-18.8723404255319,-1,-1,-1
2612,1500,191,-1.44763501814791,-17.8723404255319,-1,-1,-1
2612,500,192,13.9436460460067,-16.8723404255319,1,-1,-1
2612,1500,193,6.36339415208891,-15.8723404255319,-1,1,-1
2612,1500,194,-1.29967269442996,-14.8723404255319,-1,-1,1
2612,1500,196,7.93827276850255,-12.8723404255319,-1,1,-1
2612,1500,197,3.44742260617047,-11.8723404255319,-1,-1,1
2612,500,198,11.8640959050459,-10.8723404255319,1,-1,-1
2612,1500,199,-4.47820860490225,-9.87234042553192,-1,1,-1
2612,500,200,17.9701776167371,-8.87234042553192,1,-1,1
2612,1500,201,-0.764565211491349,-7.87234042553192,-1,1,-1
2612,1500,202,3.65700731328377,-6.87234042553192,-1,-1,1
2612,500,203,12.1883528735175,-5.87234042553192,1,-1,-1
2612,1500,204,4.3856621905937,-4.87234042553192,-1,1,-1
2612,500,205,7.02367108890347,-3.87234042553192,1,-1,1
2612,500,206,18.849013936134,-2.87234042553192,1,1,-1
2612,1500,207,-0.49152517445026,-1.87234042553192,-1,1,1
2612,1500,208,-1.59428545575883,-0.872340425531917,-1,-1,1
2612,500,209,9.10233369492239,0.127659574468083,1,-1,-1
2612,1500,210,3.41293036280511,1.12765957446808,-1,1,-1
2612,500,211,17.859782639293,2.12765957446808,1,-1,1
2612,500,212,22.424720378799,3.12765957446808,1,1,-1
2612,1500,213,12.4112611491154,4.12765957446808,-1,1,1
2612,500,214,22.8701203709436,5.12765957446808,1,-1,1
2612,1500,217,23.8698783103377,8.12765957446808,-1,1,1
2612,1500,218,5.97740913604145,9.12765957446808,-1,-1,1
2612,1500,219,4.3364098308086,10.1276595744681,-1,-1,-1
2612,500,220,22.3372750152759,11.1276595744681,1,-1,-1
2612,500,221,20.8501935515423,12.1276595744681,1,1,-1
2612,1500,222,5.36725576994156,13.1276595744681,-1,1,1
2612,1500,223,-0.95149736565963,14.1276595744681,-1,-1,1
2612,1500,225,-4.1565746103139,16.1276595744681,-1,-1,-1
2612,500,226,2.82512107454827,17.1276595744681,1,-1,-1
2612,500,227,19.1551354762759,18.1276595744681,1,1,-1
2612,500,228,15.7044223608865,19.1276595744681,1,1,1
2612,500,229,19.2520610046528,20.1276595744681,1,1,1
2612,500,230,27.2628356945382,21.1276595744681,1,1,1
2612,1500,231,16.4397947017403,22.1276595744681,-1,1,1
2612,1500,232,3.91265356812301,23.1276595744681,-1,-1,1
2612,1500,233,4.84616954667167,24.1276595744681,-1,-1,-1
2612,1500,234,-1.4389490811086,25.1276595744681,-1,-1,-1
2612,500,235,7.55551404910756,26.1276595744681,1,-1,-1
2612,500,236,20.0873295371192,27.1276595744681,1,1,-1
2612,1500,237,5.79885584770672,28.1276595744681,-1,1,1
2612,500,238,19.86577607713,29.1276595744681,1,-1,1
2612,500,239,27.5355628647414,30.1276595744681,1,1,-1
2612,1500,240,-1.21495570468352,31.1276595744681,-1,1,1
2612,500,241,14.1770975213582,32.1276595744681,1,-1,1
2612,1500,242,17.0468144347919,33.1276595744681,-1,1,-1
2612,500,243,28.0646963671367,34.1276595744681,1,-1,1
2612,1500,244,14.8013752126574,35.1276595744681,-1,1,-1
2612,500,245,27.4847075585534,36.1276595744681,1,-1,1
2612,1500,247,17.198245873755,38.1276595744681,-1,1,1
2612,1500,249,26.450827552135,40.1276595744681,-1,1,-1
2612,1500,250,11.167508000441,41.1276595744681,-1,-1,1
2612,1500,251,8.96304732846959,42.1276595744681,-1,-1,-1
2612,500,252,18.7066373751859,43.1276595744681,1,-1,-1
2612,1500,253,6.84422866141434,44.1276595744681,-1,1,-1
2612,1500,254,0.0649558811885504,45.1276595744681,-1,-1,1
2612,500,255,13.3891321354659,46.1276595744681,1,-1,-1
2612,1500,256,3.25626155638555,47.1276595744681,-1,1,-1
2612,500,257,20.0102472296221,48.1276595744681,1,-1,1
2612,1500,258,12.5884873694447,49.1276595744681,-1,1,-1
2612,1500,259,4.87945233101076,50.1276595744681,-1,-1,1
2612,1500,260,-0.0178125544141596,51.1276595744681,-1,-1,-1
2612,500,261,17.5332724291226,52.1276595744681,1,-1,-1
2612,500,262,22.98952505776,53.1276595744681,1,1,-1
2612,1500,263,7.70028375264705,54.1276595744681,-1,1,1
2612,500,264,12.6472678172474,55.1276595744681,1,-1,1
2612,500,265,21.9320341476295,56.1276595744681,1,1,-1
2612,500,266,28.4823750692695,57.1276595744681,1,1,1
2612,500,267,23.7256975115013,58.1276595744681,1,1,1
2612,1500,268,13.4214027584756,59.1276595744681,-1,1,1
2612,500,269,18.7477244806582,60.1276595744681,1,-1,1
2612,1500,270,3.68323964075517,61.1276595744681,-1,1,-1
2612,500,271,16.7464477983061,62.1276595744681,1,-1,1
2612,1500,272,-1.87063869616692,63.1276595744681,-1,1,-1
2612,500,273,17.3812681560772,64.1276595744681,1,-1,1
2612,1500,274,1.72485727464758,65.1276595744681,-1,1,-1
2612,500,275,25.3760135095149,66.1276595744681,1,-1,1
2612,1500,276,14.3671387395212,67.1276595744681,-1,1,-1
2612,1500,277,2.26421847199424,68.1276595744681,-1,-1,1
2612,1500,278,4.88198608685545,69.1276595744681,-1,-1,-1
2612,1500,279,-2.44120462692936,70.1276595744681,-1,-1,-1
2612,500,280,11.7185909015191,71.1276595744681,1,-1,-1
2612,1500,281,1.44439814584764,72.1276595744681,-1,1,-1
2612,500,282,18.8124699043631,73.1276595744681,1,-1,1
2612,1500,283,4.76245943873199,74.1276595744681,-1,1,-1
2612,500,284,19.7988455503183,75.1276595744681,1,-1,1
2612,500,285,24.8143934887063,76.1276595744681,1,1,-1
2612,1500,286,10.1428987725525,77.1276595744681,-1,1,1
2612,1500,287,-9.04887644602318,78.1276595744681,-1,-1,1
2612,500,288,24.8630563162125,79.1276595744681,1,-1,-1
2612,1500,289,-3.00754786395929,80.1276595744681,-1,1,-1
2612,500,290,10.4692759396943,81.1276595744681,1,-1,1
2612,500,291,18.403814782555,82.1276595744681,1,1,-1
2612,1500,292,7.72874120230586,83.1276595744681,-1,1,1
2612,1500,296,13.0271887292985,87.1276595744681,-1,1,1
2612,1500,298,1.18656820961389,89.1276595744681,-1,1,-1
2612,1500,299,-2.3641746583441,90.1276595744681,-1,-1,1
2612,1500,300,-5.34317584837335,91.1276595744681,-1,-1,-1
2612,500,301,23.2192022085839,92.1276595744681,1,-1,-1
2612,500,302,24.6542788043416,93.1276595744681,1,1,-1
2612,1500,303,5.98146602439084,94.1276595744681,-1,1,1
2612,1500,304,2.20589766480348,95.1276595744681,-1,-1,1
2612,500,305,23.4806708176628,96.1276595744681,1,-1,-1
2612,500,306,18.5810304171164,97.1276595744681,1,1,-1
2612,1500,307,7.46021375126414,98.1276595744681,-1,1,1
2612,500,308,8.50497838408003,99.1276595744681,1,-1,1
2612,500,310,25.9033144962327,101.127659574468,1,1,1
2612,1500,311,8.64321862539149,102.127659574468,-1,1,1
2612,1500,312,2.61074455520949,103.127659574468,-1,-1,1
2612,1500,314,5.00430915622232,105.127659574468,-1,1,-1
2612,1500,315,-2.04745590380371,106.127659574468,-1,-1,1
2612,500,316,22.0227869983867,107.127659574468,1,-1,-1
2612,1500,317,1.65606613256164,108.127659574468,-1,1,-1
2612,1500,318,-8.31491360501313,109.127659574468,-1,-1,1
2612,1500,319,-3.02113211227904,110.127659574468,-1,-1,-1
2612,1500,320,-9.03976268290145,111.127659574468,-1,-1,-1
2612,1500,321,-7.81577633033921,112.127659574468,-1,-1,-1
2612,1500,322,-9.9296107790528,113.127659574468,-1,-1,-1
2612,500,323,17.0716865442741,114.127659574468,1,-1,-1
2612,1500,324,-1.90952785972774,115.127659574468,-1,1,-1
2612,1500,325,-2.49835761786703,116.127659574468,-1,-1,1
2612,1500,326,-2.0416976488235,117.127659574468,-1,-1,-1
2612,500,327,17.4081751513186,118.127659574468,1,-1,-1
2612,1500,328,-4.78124205900385,119.127659574468,-1,1,-1
2612,500,329,22.3828625226065,120.127659574468,1,-1,1
2612,1500,330,-1.18907713250439,121.127659574468,-1,1,-1
2612,1500,331,-4.23087225080114,122.127659574468,-1,-1,1
2612,1500,332,-4.14610929452751,123.127659574468,-1,-1,-1
2612,500,333,23.0209341480105,124.127659574468,1,-1,-1
2612,1500,334,-7.64022640329493,125.127659574468,-1,1,-1
2612,1500,336,-3.99415242787316,127.127659574468,-1,-1,-1
2612,1500,337,-15.205180015464,128.127659574468,-1,-1,-1
2612,500,338,18.4696632963694,129.127659574468,1,-1,-1
2612,1500,341,5.88409790174166,132.127659574468,-1,1,1
2612,1500,343,-12.2800644154568,134.127659574468,-1,1,-1
2612,1500,344,-10.5172429337891,135.127659574468,-1,-1,1
2612,1500,345,-11.6254792302861,136.127659574468,-1,-1,-1
2612,1500,346,-13.3354585623738,137.127659574468,-1,-1,-1
2612,500,347,0.0187578991119568,138.127659574468,1,-1,-1
2612,500,348,18.1081781487634,139.127659574468,1,1,-1
2612,500,349,26.9143430109165,140.127659574468,1,1,1
2612,1500,350,-5.12545794836312,141.127659574468,-1,1,1
2612,1500,351,2.75010352793272,142.127659574468,-1,-1,1
2612,1500,352,-6.38047083347833,143.127659574468,-1,-1,-1
2612,1500,355,-8.57405385718429,146.127659574468,-1,1,-1
2612,1500,356,-9.80046718345721,147.127659574468,-1,-1,1
2612,1500,357,-5.89880765220816,148.127659574468,-1,-1,-1
2612,1500,358,-12.2554097699347,149.127659574468,-1,-1,-1
2612,500,359,17.6445414578649,150.127659574468,1,-1,-1
2612,1500,360,14.7479368358778,151.127659574468,-1,1,-1
2612,1500,361,-1.82616146789081,152.127659574468,-1,-1,1
2612,500,362,14.623183816891,153.127659574468,1,-1,-1
2612,1500,363,5.47733370953524,154.127659574468,-1,1,-1
2612,500,364,27.131750356754,155.127659574468,1,-1,1
2612,1500,365,10.365279261973,156.127659574468,-1,1,-1
2612,1500,366,12.0715676563645,157.127659574468,-1,-1,1
2612,500,368,26.5686206730395,159.127659574468,1,1,-1
2612,1500,369,9.45375297761069,160.127659574468,-1,1,1
2612,1500,370,23.4492935821325,161.127659574468,-1,-1,1
2612,1500,371,13.2546147601381,162.127659574468,-1,-1,-1
2612,1500,372,4.25275220381097,163.127659574468,-1,-1,-1
2612,1500,373,4.62153947864132,164.127659574468,-1,-1,-1
2612,500,374,23.5046854452147,165.127659574468,1,-1,-1
2612,500,375,12.6377812341026,166.127659574468,1,1,-1
2612,500,376,28.0000840704334,167.127659574468,1,1,1
2612,500,378,28.2409684592474,169.127659574468,1,1,1
2612,1500,382,13.7993500674858,173.127659574468,-1,1,1
2612,1500,383,1.59873988112983,174.127659574468,-1,-1,1
2612,500,384,12.5007003975702,175.127659574468,1,-1,-1
2612,1500,392,-2.36031040757028,183.127659574468,-1,-1,1
2612,1500,393,-8.98410875469615,184.127659574468,-1,-1,-1
2612,1500,400,-8.39006177125507,191.127659574468,-1,-1,-1
2612,1500,401,-2.82965408291758,192.127659574468,-1,-1,-1
2612,500,402,21.400966227255,193.127659574468,1,-1,-1
2612,1500,403,4.64337759954375,194.127659574468,-1,1,-1
2612,500,404,27.2758533796331,195.127659574468,1,-1,1
2612,1500,407,1.73041353600555,198.127659574468,-1,-1,1
2612,500,408,22.2579932013268,199.127659574468,1,-1,-1
2612,500,413,27.7669166967847,204.127659574468,1,1,1
2612,1500,415,-2.5097483794566,206.127659574468,-1,-1,1
2613,1500,23,5.36549493374823,-192.80122324159,-1,1,1
2613,1500,24,-10.3693552447101,-191.80122324159,-1,-1,1
2613,1500,25,-12.1961066775289,-190.80122324159,-1,-1,-1
2613,500,26,-9.57233008277287,-189.80122324159,1,-1,-1
2613,1500,27,-12.0592684686815,-188.80122324159,-1,1,-1
2613,1500,28,-14.9492194196375,-187.80122324159,-1,-1,1
2613,1500,29,-22.6603841659618,-186.80122324159,-1,-1,-1
2613,1500,30,-17.929081902495,-185.80122324159,-1,-1,-1
2613,500,31,-14.1649367091595,-184.80122324159,1,-1,-1
2613,1500,32,-19.9079183364448,-183.80122324159,-1,1,-1
2613,500,33,-19.3156500617927,-182.80122324159,1,-1,1
2613,1500,34,-17.3405295127776,-181.80122324159,-1,1,-1
2613,500,36,-17.0074480456951,-179.80122324159,1,-1,-1
2613,500,37,-15.544294752927,-178.80122324159,1,1,-1
2613,500,38,-9.77156733576947,-177.80122324159,1,1,1
2613,500,39,-10.8471935106902,-176.80122324159,1,1,1
2613,500,40,0.625860681283847,-175.80122324159,1,1,1
2613,500,41,-2.04006863108066,-174.80122324159,1,1,1
2613,500,43,-9.51794316272917,-172.80122324159,1,-1,1
2613,1500,44,-10.7554693925839,-171.80122324159,-1,1,-1
2613,1500,45,-14.1030877142041,-170.80122324159,-1,-1,1
2613,1500,46,-13.6198117420035,-169.80122324159,-1,-1,-1
2613,500,47,-9.11805941954457,-168.80122324159,1,-1,-1
2613,500,48,-7.17920180567117,-167.80122324159,1,1,-1
2613,1500,49,-6.40511984288627,-166.80122324159,-1,1,1
2613,1500,50,-11.5782390688521,-165.80122324159,-1,-1,1
2613,500,51,-8.31903339208837,-164.80122324159,1,-1,-1
2613,500,52,-4.18218452507108,-163.80122324159,1,1,-1
2613,500,53,-7.72987260598427,-162.80122324159,1,1,1
2613,500,54,-7.04630813113167,-161.80122324159,1,1,1
2613,500,55,-9.77091953228527,-160.80122324159,1,1,1
2613,1500,56,-12.351062425512,-159.80122324159,-1,1,1
2613,500,57,-7.16416909257607,-158.80122324159,1,-1,1
2613,1500,58,-9.44652694371607,-157.80122324159,-1,1,-1
2613,1500,59,-14.1856362868476,-156.80122324159,-1,-1,1
2613,1500,60,-18.0931212953844,-155.80122324159,-1,-1,-1
2613,500,61,-14.6087729895965,-154.80122324159,1,-1,-1
2613,500,62,-17.7299071234873,-153.80122324159,1,1,-1
2613,500,64,-10.0427439458253,-151.80122324159,1,-1,1
2613,500,65,-6.81312554607047,-150.80122324159,1,1,-1
2613,500,66,-6.20344719713747,-149.80122324159,1,1,1
2613,1500,67,-8.08655139623687,-148.80122324159,-1,1,1
2613,1500,68,-9.15997321791027,-147.80122324159,-1,-1,1
2613,500,69,-5.23325180100945,-146.80122324159,1,-1,-1
2613,500,71,-9.44531991881977,-144.80122324159,1,-1,1
2613,1500,72,-14.4891085017202,-143.80122324159,-1,1,-1
2613,1500,73,-12.0128119604388,-142.80122324159,-1,-1,1
2613,1500,74,-17.4411324479349,-141.80122324159,-1,-1,-1
2613,500,75,-20.5804701943791,-140.80122324159,1,-1,-1
2613,500,76,-8.03464667533757,-139.80122324159,1,1,-1
2613,1500,77,-10.7366196885887,-138.80122324159,-1,1,1
2613,500,78,-10.0449691100291,-137.80122324159,1,-1,1
2613,500,79,-2.93342725557131,-136.80122324159,1,1,-1
2613,1500,80,-10.0792810643041,-135.80122324159,-1,1,1
2613,1500,81,-13.8234262609268,-134.80122324159,-1,-1,1
2613,1500,82,-13.9899620799715,-133.80122324159,-1,-1,-1
2613,500,83,-12.4378925713934,-132.80122324159,1,-1,-1
2613,500,84,-10.1508600507895,-131.80122324159,1,1,-1
2613,1500,85,-15.4888678173962,-130.80122324159,-1,1,1
2613,500,86,-8.50614438233117,-129.80122324159,1,-1,1
2613,1500,87,-15.6340905316486,-128.80122324159,-1,1,-1
2613,500,88,-11.0613815353664,-127.80122324159,1,-1,1
2613,1500,89,-14.4610430680841,-126.80122324159,-1,1,-1
2613,1500,90,-11.526335567973,-125.80122324159,-1,-1,1
2613,500,91,-11.4960453427803,-124.80122324159,1,-1,-1
2613,1500,92,-10.8060492201204,-123.80122324159,-1,1,-1
2613,1500,93,-22.0281713768803,-122.80122324159,-1,-1,1
2613,500,94,-17.1097465235824,-121.80122324159,1,-1,-1
2613,1500,95,-19.7628013511615,-120.80122324159,-1,1,-1
2613,500,96,-18.4661538055973,-119.80122324159,1,-1,1
2613,500,97,-16.112212599677,-118.80122324159,1,1,-1
2613,500,98,-14.4402522678933,-117.80122324159,1,1,1
2613,500,99,-4.37062838379012,-116.80122324159,1,1,1
2613,500,100,-9.88623736072257,-115.80122324159,1,1,1
2613,500,101,-15.4667666600835,-114.80122324159,1,1,1
2613,500,102,-8.14186687929997,-113.80122324159,1,1,1
2613,1500,103,-13.4530802533432,-112.80122324159,-1,1,1
2613,500,104,-17.1286433280877,-111.80122324159,1,-1,1
2613,1500,105,-20.8779933342668,-110.80122324159,-1,1,-1
2613,500,106,-4.36133999067531,-109.80122324159,1,-1,1
2613,1500,107,-14.5048728902565,-108.80122324159,-1,1,-1
2613,500,108,-10.7199056120774,-107.80122324159,1,-1,1
2613,500,109,-7.18211120592157,-106.80122324159,1,1,-1
2613,1500,110,-16.3791989565169,-105.80122324159,-1,1,1
2613,500,111,-14.1444647890923,-104.80122324159,1,-1,1
2613,500,112,-10.7331842040909,-103.80122324159,1,1,-1
2613,1500,113,-21.5706416759105,-102.80122324159,-1,1,1
2613,500,114,-11.4566375376504,-101.80122324159,1,-1,1
2613,1500,115,-23.5172811281405,-100.80122324159,-1,1,-1
2613,1500,116,-6.41768359098797,-99.8012232415902,-1,-1,1
2613,500,117,-12.9976004520689,-98.8012232415902,1,-1,-1
2613,1500,118,-24.4846248084812,-97.8012232415902,-1,1,-1
2613,500,119,-21.3547091673656,-96.8012232415902,1,-1,1
2613,500,120,-19.6405178872871,-95.8012232415902,1,1,-1
2613,500,121,-14.2642713316282,-94.8012232415902,1,1,1
2613,1500,122,-19.6286746606553,-93.8012232415902,-1,1,1
2613,500,123,-23.6187143824717,-92.8012232415902,1,-1,1
2613,1500,124,-18.7623345480739,-91.8012232415902,-1,1,-1
2613,500,126,-23.8339105175952,-89.8012232415902,1,-1,-1
2613,500,127,-17.7890630922461,-88.8012232415902,1,1,-1
2613,1500,131,-21.0253493778119,-84.8012232415902,-1,-1,1
2613,1500,132,-24.870569137911,-83.8012232415902,-1,-1,-1
2613,1500,143,-23.4598623772537,-72.8012232415902,-1,1,1
2613,1500,144,-25.4986386038553,-71.8012232415902,-1,-1,1
2613,1500,148,-18.4225765527601,-67.8012232415902,-1,-1,1
2613,500,150,-25.064773248345,-65.8012232415902,1,-1,-1
2613,1500,153,-25.6369417700915,-62.8012232415902,-1,1,-1
2613,500,155,-15.1253037881765,-60.8012232415902,1,1,-1
2613,1500,156,-14.9728751730712,-59.8012232415902,-1,1,1
2613,1500,157,-16.6944792849637,-58.8012232415902,-1,-1,1
2613,500,158,-9.60820456560917,-57.8012232415902,1,-1,-1
2613,500,159,-11.5181923873427,-56.8012232415902,1,1,-1
2613,500,160,3.61570119058108,-55.8012232415902,1,1,1
2613,500,162,-15.8638208145705,-53.8012232415902,1,-1,1
2613,500,163,-6.85505104308387,-52.8012232415902,1,1,-1
2613,500,164,-5.53435383931056,-51.8012232415902,1,1,1
2613,500,165,-2.95059093897817,-50.8012232415902,1,1,1
2613,500,166,-8.79617846256797,-49.8012232415902,1,1,1
2613,500,167,-4.85738132401155,-48.8012232415902,1,1,1
2613,1500,168,-6.32059379963087,-47.8012232415902,-1,1,1
2613,1500,169,-14.0424169832981,-46.8012232415902,-1,-1,1
2613,1500,170,-21.8807746138168,-45.8012232415902,-1,-1,-1
2613,500,172,-16.5224918159597,-43.8012232415902,1,-1,-1
2613,1500,173,-20.487407303103,-42.8012232415902,-1,1,-1
2613,500,174,-22.0243392887637,-41.8012232415902,1,-1,1
2613,500,175,-16.3594024998403,-40.8012232415902,1,1,-1
2613,500,176,-5.17896864264305,-39.8012232415902,1,1,1
2613,500,177,-1.06465062000755,-38.8012232415902,1,1,1
2613,500,178,-1.58205288821281,-37.8012232415902,1,1,1
2613,1500,179,-1.70990689678755,-36.8012232415902,-1,1,1
2613,1500,180,-13.9251010251176,-35.8012232415902,-1,-1,1
2613,500,181,-5.97381272893607,-34.8012232415902,1,-1,-1
2613,1500,182,-4.59351129669586,-33.8012232415902,-1,1,-1
2613,500,183,-9.06909748483727,-32.8012232415902,1,-1,1
2613,500,184,-6.20088208091577,-31.8012232415902,1,1,-1
2613,1500,185,-1.32445724441576,-30.8012232415902,-1,1,1
2613,500,186,-8.90013213124267,-29.8012232415902,1,-1,1
2613,500,187,-0.0585142401388232,-28.8012232415902,1,1,-1
2613,500,188,-2.94977006354399,-27.8012232415902,1,1,1
2613,1500,189,-9.87047187966127,-26.8012232415902,-1,1,1
2613,500,190,-0.612127857260293,-25.8012232415902,1,-1,1
2613,1500,191,-8.69210344856917,-24.8012232415902,-1,1,-1
2613,500,192,-5.88201960163357,-23.8012232415902,1,-1,1
2613,500,193,-3.13577345989885,-22.8012232415902,1,1,-1
2613,1500,194,-10.3239771467739,-21.8012232415902,-1,1,1
2613,1500,196,-7.29597332421417,-19.8012232415902,-1,-1,-1
2613,500,197,-8.91927046225477,-18.8012232415902,1,-1,-1
2613,500,199,-13.2779796075833,-16.8012232415902,1,-1,1
2613,500,200,-9.14332147991697,-15.8012232415902,1,1,-1
2613,1500,201,-12.847248357227,-14.8012232415902,-1,1,1
2613,1500,202,-17.2806279077247,-13.8012232415902,-1,-1,1
2613,1500,203,-18.1796636919664,-12.8012232415902,-1,-1,-1
2613,500,204,-14.7404532653375,-11.8012232415902,1,-1,-1
2613,1500,205,-22.3182736298156,-10.8012232415902,-1,1,-1
2613,500,207,-13.2892349480464,-8.80122324159021,1,-1,-1
2613,1500,208,-13.3437152499498,-7.80122324159021,-1,1,-1
2613,500,209,-13.2910350135154,-6.80122324159021,1,-1,1
2613,1500,210,-10.7006656750683,-5.80122324159021,-1,1,-1
2613,500,211,-13.3815878448168,-4.80122324159021,1,-1,1
2613,500,212,-5.23605861908714,-3.80122324159021,1,1,-1
2613,1500,213,-3.8954389143287,-2.80122324159021,-1,1,1
2613,1500,215,-14.8567607974115,-0.801223241590208,-1,-1,-1
2613,500,216,-14.0798581618651,0.198776758409792,1,-1,-1
2613,500,217,-10.1049205785166,1.19877675840979,1,1,-1
2613,1500,218,-13.9160027334723,2.19877675840979,-1,1,1
2613,500,219,-10.8089412032225,3.19877675840979,1,-1,1
2613,500,220,-5.38557839667271,4.19877675840979,1,1,-1
2613,1500,221,-10.4851529398078,5.19877675840979,-1,1,1
2613,1500,222,-18.4579524667612,6.19877675840979,-1,-1,1
2613,500,223,-4.61958625345378,7.19877675840979,1,-1,-1
2613,1500,224,-9.53191062904597,8.19877675840979,-1,1,-1
2613,1500,225,-20.6654788797255,9.19877675840979,-1,-1,1
2613,500,226,-19.7506802888625,10.1987767584098,1,-1,-1
2613,1500,227,-10.5735573118593,11.1987767584098,-1,1,-1
2613,1500,228,-21.6321897799643,12.1987767584098,-1,-1,1
2613,500,229,-14.7390393152491,13.1987767584098,1,-1,-1
2613,1500,230,-14.8505923670165,14.1987767584098,-1,1,-1
2613,1500,231,-17.8129428116729,15.1987767584098,-1,-1,1
2613,500,232,-12.0317448065823,16.1987767584098,1,-1,-1
2613,500,233,-9.25667570514847,17.1987767584098,1,1,-1
2613,1500,234,-9.23822969276907,18.1987767584098,-1,1,1
2613,1500,235,-16.8812892102358,19.1987767584098,-1,-1,1
2613,1500,236,-19.1748881195414,20.1987767584098,-1,-1,-1
2613,1500,237,-22.1113418869359,21.1987767584098,-1,-1,-1
2613,500,238,-17.1423771302125,22.1987767584098,1,-1,-1
2613,500,239,-18.5229511433305,23.1987767584098,1,1,-1
2613,500,240,-20.0669196418704,24.1987767584098,1,1,1
2613,1500,241,-10.8099159353488,25.1987767584098,-1,1,1
2613,1500,243,-17.5142732243731,27.1987767584098,-1,-1,-1
2613,500,245,-19.7657403466639,29.1987767584098,1,-1,-1
2613,500,247,-23.601085065038,31.1987767584098,1,-1,1
2613,500,249,-17.78917490471,33.1987767584098,1,-1,1
2613,500,250,-19.3050223823017,34.1987767584098,1,1,-1
2613,500,252,-24.2948083245558,36.1987767584098,1,-1,1
2613,500,253,-5.93521702858497,37.1987767584098,1,1,-1
2613,500,254,-14.4719180415192,38.1987767584098,1,1,1
2613,500,256,-13.9305680572811,40.1987767584098,1,-1,1
2613,500,257,-13.8042373293744,41.1987767584098,1,1,-1
2613,1500,258,-17.376009203456,42.1987767584098,-1,1,1
2613,1500,259,-20.9144257540039,43.1987767584098,-1,-1,1
2613,500,260,-13.2821908081928,44.1987767584098,1,-1,-1
2613,500,261,-6.63149291458667,45.1987767584098,1,1,-1
2613,1500,262,-20.0851857037202,46.1987767584098,-1,1,1
2613,500,263,-15.3808332053158,47.1987767584098,1,-1,1
2613,1500,264,-22.0793902099003,48.1987767584098,-1,1,-1
2613,500,265,-5.96686591815417,49.1987767584098,1,-1,1
2613,1500,267,-17.0389252295093,51.1987767584098,-1,-1,1
2613,500,268,-22.2363011162046,52.1987767584098,1,-1,-1
2613,500,269,-14.082745566673,53.1987767584098,1,1,-1
2613,500,270,-13.0226903777505,54.1987767584098,1,1,1
2613,500,271,-6.04555364963077,55.1987767584098,1,1,1
2613,1500,272,-18.1863147705602,56.1987767584098,-1,1,1
2613,500,273,-15.2659221154275,57.1987767584098,1,-1,1
2613,500,274,-4.02081736718109,58.1987767584098,1,1,-1
2613,1500,275,-14.2612539210726,59.1987767584098,-1,1,1
2613,1500,277,-17.6027967014378,61.1987767584098,-1,-1,-1
2613,1500,278,-20.146217207031,62.1987767584098,-1,-1,-1
2613,500,279,-11.1557908096967,63.1987767584098,1,-1,-1
2613,500,280,-10.7568831747574,64.1987767584098,1,1,-1
2613,1500,281,-25.722766952897,65.1987767584098,-1,1,1
2613,500,282,-12.6656767403609,66.1987767584098,1,-1,1
2613,1500,283,-17.8517288248127,67.1987767584098,-1,1,-1
2613,1500,284,-17.1835418636979,68.1987767584098,-1,-1,1
2613,500,285,-14.4063541281818,69.1987767584098,1,-1,-1
2613,500,286,-19.1592124053776,70.1987767584098,1,1,-1
2613,1500,287,-23.3407941044729,71.1987767584098,-1,1,1
2613,500,291,-18.9679022762199,75.1987767584098,1,-1,-1
2613,1500,292,-15.4064899122867,76.1987767584098,-1,1,-1
2613,500,293,-18.7636481550881,77.1987767584098,1,-1,1
2613,1500,294,-22.9331660682164,78.1987767584098,-1,1,-1
2613,500,295,-17.0489575490862,79.1987767584098,1,-1,1
2613,1500,296,-21.3662924843546,80.1987767584098,-1,1,-1
2613,500,298,-12.9048245083398,82.1987767584098,1,-1,-1
2613,500,301,-23.6161989127346,85.1987767584098,1,-1,-1
2613,1500,302,-24.2176154999041,86.1987767584098,-1,1,-1
2613,500,304,-21.4968424149962,88.1987767584098,1,1,-1
2613,500,305,-21.3524053406774,89.1987767584098,1,1,1
2613,500,306,-10.0752711262495,90.1987767584098,1,1,1
2613,1500,307,-19.602226556534,91.1987767584098,-1,1,1
2613,500,308,-23.4665109287543,92.1987767584098,1,-1,1
2613,1500,309,-16.8092491172462,93.1987767584098,-1,1,-1
2613,1500,310,-24.2550092701261,94.1987767584098,-1,-1,1
2613,500,311,-20.900209295047,95.1987767584098,1,-1,-1
2613,1500,312,-22.9293185412,96.1987767584098,-1,1,-1
2613,1500,313,-15.7995238570662,97.1987767584098,-1,-1,1
2613,1500,314,-21.3406931735387,98.1987767584098,-1,-1,-1
2613,500,316,-21.2225288501049,100.19877675841,1,-1,-1
2613,1500,317,-25.5173983961422,101.19877675841,-1,1,-1
2613,1500,322,-8.84356136810147,106.19877675841,-1,-1,-1
2613,500,323,-19.373155446529,107.19877675841,1,-1,-1
2613,1500,324,-10.2208560748445,108.19877675841,-1,1,-1
2613,1500,325,-25.1779511897788,109.19877675841,-1,-1,1
2613,500,327,-21.8011547921699,111.19877675841,1,-1,-1
2613,1500,328,-25.9622476619569,112.19877675841,-1,1,-1
2613,500,329,-21.9815854241612,113.19877675841,1,-1,1
2613,500,330,-16.3227229520565,114.19877675841,1,1,-1
2613,500,331,-11.0178761574396,115.19877675841,1,1,1
2613,500,332,-8.08801045590497,116.19877675841,1,1,1
2613,1500,333,-19.3001804067594,117.19877675841,-1,1,1
2613,500,334,-11.099778896207,118.19877675841,1,-1,1
2613,500,335,-15.488937937142,119.19877675841,1,1,-1
2613,500,336,-7.95090200427437,120.19877675841,1,1,1
2613,1500,337,-21.1574568953534,121.19877675841,-1,1,1
2613,500,338,-11.9080175304617,122.19877675841,1,-1,1
2613,500,339,-9.28404667160717,123.19877675841,1,1,-1
2613,500,340,0.523466296980027,124.19877675841,1,1,1
2613,500,341,-9.56508782792567,125.19877675841,1,1,1
2613,1500,342,-17.4234878555337,126.19877675841,-1,1,1
2613,1500,343,-16.8900145651501,127.19877675841,-1,-1,1
2613,500,344,-7.14616081827987,128.19877675841,1,-1,-1
2613,500,345,-7.67033071895827,129.19877675841,1,1,-1
2613,500,346,-4.00180582149523,130.19877675841,1,1,1
2613,500,349,-16.4167181538549,133.19877675841,1,-1,-1
2613,500,350,-4.08416282884524,134.19877675841,1,1,-1
2613,500,351,4.07760231524156,135.19877675841,1,1,1
2613,1500,352,-23.9234121226889,136.19877675841,-1,1,1
2613,500,353,-10.2142692680766,137.19877675841,1,-1,1
2613,1500,354,-19.9576059569097,138.19877675841,-1,1,-1
2613,500,355,-12.3950287698073,139.19877675841,1,-1,1
2613,500,356,-12.6936738785645,140.19877675841,1,1,-1
2613,500,357,-17.3505462732259,141.19877675841,1,1,1
2613,500,358,-1.5474125944391,142.19877675841,1,1,1
2613,500,359,-2.23126406278514,143.19877675841,1,1,1
2613,1500,360,-13.781483545057,144.19877675841,-1,1,1
2613,500,361,-6.53322807885207,145.19877675841,1,-1,1
2613,1500,362,-11.4778917432704,146.19877675841,-1,1,-1
2613,500,364,-5.05991528475077,148.19877675841,1,-1,-1
2613,1500,365,-21.0322624429172,149.19877675841,-1,1,-1
2613,1500,366,-22.112616024394,150.19877675841,-1,-1,1
2613,500,367,-7.50996070452617,151.19877675841,1,-1,-1
2613,1500,368,-19.4768513709284,152.19877675841,-1,1,-1
2613,500,369,-18.7169921963028,153.19877675841,1,-1,1
2613,1500,372,-23.2562685662615,156.19877675841,-1,-1,-1
2613,500,373,-18.4098062327644,157.19877675841,1,-1,-1
2613,1500,374,-22.335714820637,158.19877675841,-1,1,-1
2613,1500,376,-20.9524418503513,160.19877675841,-1,-1,-1
2613,500,377,-14.5219301443669,161.19877675841,1,-1,-1
2613,1500,381,-22.5613605451941,165.19877675841,-1,-1,1
2613,1500,382,-22.2630025136699,166.19877675841,-1,-1,-1
2613,500,385,-19.934353232934,169.19877675841,1,-1,-1
2613,1500,386,-23.2399787421079,170.19877675841,-1,1,-1
2613,500,388,-24.2742512005055,172.19877675841,1,-1,-1
2613,500,391,-17.3007658319886,175.19877675841,1,-1,-1
2613,500,392,-22.4788335441535,176.19877675841,1,1,-1
2613,500,393,-11.8308031948454,177.19877675841,1,1,1
2613,500,394,-10.9886066386751,178.19877675841,1,1,1
2613,500,395,-8.10697676428277,179.19877675841,1,1,1
2613,500,396,-6.69528860314517,180.19877675841,1,1,1
2613,500,397,-7.56725555670277,181.19877675841,1,1,1
2613,1500,398,-22.3506523787761,182.19877675841,-1,1,1
2613,500,400,-13.8229616754673,184.19877675841,1,-1,-1
2613,1500,401,-25.7577888178938,185.19877675841,-1,1,-1
2613,500,402,-20.5285926173029,186.19877675841,1,-1,1
2613,1500,403,-22.804826916352,187.19877675841,-1,1,-1
2613,1500,404,-17.1904168605422,188.19877675841,-1,-1,1
2613,500,405,-12.4473538867967,189.19877675841,1,-1,-1
2613,1500,406,-20.9965036914887,190.19877675841,-1,1,-1
2613,500,407,-18.8367291105854,191.19877675841,1,-1,1
2613,500,408,-18.1686409346313,192.19877675841,1,1,-1
2613,1500,409,-19.0409622267809,193.19877675841,-1,1,1
2613,500,413,-17.230114911716,197.19877675841,1,-1,-1
2613,1500,414,-24.5261808916908,198.19877675841,-1,1,-1
2613,500,416,-24.2612185898661,200.19877675841,1,-1,-1
2613,500,417,-14.7805264376565,201.19877675841,1,1,-1
2613,500,418,-17.0230090474465,202.19877675841,1,1,1
2613,500,419,-9.77895225557087,203.19877675841,1,1,1
2613,500,420,-1.04822712689443,204.19877675841,1,1,1
2614,1500,23,1.11481163000239,-198.670103092784,-1,1,-1
2614,1500,24,-6.11907334924322,-197.670103092784,-1,-1,1
2614,1500,25,-4.81704100876111,-196.670103092784,-1,-1,-1
2614,1500,26,0.859453035188798,-195.670103092784,-1,-1,-1
2614,500,27,7.05269171536262,-194.670103092784,1,-1,-1
2614,1500,28,6.32440619615289,-193.670103092784,-1,1,-1
2614,500,29,7.08637323064858,-192.670103092784,1,-1,1
2614,500,30,9.53775546873729,-191.670103092784,1,1,-1
2614,1500,31,8.83144876479369,-190.670103092784,-1,1,1
2614,500,32,15.2700557817565,-189.670103092784,1,-1,1
2614,1500,33,15.6452650094305,-188.670103092784,-1,1,-1
2614,500,34,17.1540174393973,-187.670103092784,1,-1,1
2614,500,35,13.4278780626322,-186.670103092784,1,1,-1
2614,1500,36,19.7432347380983,-185.670103092784,-1,1,1
2614,500,37,15.08735940337,-184.670103092784,1,-1,1
2614,1500,38,-3.38803784609821,-183.670103092784,-1,1,-1
2614,1500,39,-12.6197306130623,-182.670103092784,-1,-1,1
2614,500,40,-13.3543144776147,-181.670103092784,1,-1,-1
2614,500,41,-0.118691104877482,-180.670103092784,1,1,-1
2614,1500,42,24.3874669679242,-179.670103092784,-1,1,1
2614,500,43,3.69082705972034,-178.670103092784,1,-1,1
2614,500,44,19.2645831108929,-177.670103092784,1,1,-1
2614,1500,45,20.5974629584697,-176.670103092784,-1,1,1
2614,1500,46,10.796122780448,-175.670103092784,-1,-1,1
2614,1500,47,11.8163915403914,-174.670103092784,-1,-1,-1
2614,1500,48,12.2608533645167,-173.670103092784,-1,-1,-1
2614,1500,49,6.71669198197541,-172.670103092784,-1,-1,-1
2614,1500,50,15.5570756810417,-171.670103092784,-1,-1,-1
2614,500,51,13.0021817193904,-170.670103092784,1,-1,-1
2614,500,52,6.19396148316573,-169.670103092784,1,1,-1
2614,500,53,5.14781934753339,-168.670103092784,1,1,1
2614,500,54,19.1389498517587,-167.670103092784,1,1,1
2614,500,55,2.96905948116936,-166.670103092784,1,1,1
2614,500,56,2.10642396521453,-165.670103092784,1,1,1
2614,1500,57,27.3386686800241,-164.670103092784,-1,1,1
2614,1500,58,9.89537282414929,-163.670103092784,-1,-1,1
2614,500,59,15.4515959346154,-162.670103092784,1,-1,-1
2614,1500,60,20.5847184719969,-161.670103092784,-1,1,-1
2614,500,61,11.8216569330253,-160.670103092784,1,-1,1
2614,500,62,-5.70834632568776,-159.670103092784,1,1,-1
2614,500,63,1.06733144740856,-158.670103092784,1,1,1
2614,500,65,0.151498110326328,-156.670103092784,1,-1,1
2614,1500,66,1.41293543614926,-155.670103092784,-1,1,-1
2614,500,67,-5.16834984088825,-154.670103092784,1,-1,1
2614,500,68,3.93933589792041,-153.670103092784,1,1,-1
2614,500,69,1.63714383671628,-152.670103092784,1,1,1
2614,1500,71,-0.653272507545862,-150.670103092784,-1,-1,1
2614,500,72,1.38234302230581,-149.670103092784,1,-1,-1
2614,500,73,5.99236263736658,-148.670103092784,1,1,-1
2614,1500,74,8.08695329230102,-147.670103092784,-1,1,1
2614,500,75,3.5400205742661,-146.670103092784,1,-1,1
2614,1500,76,2.05428892352335,-145.670103092784,-1,1,-1
2614,1500,77,-9.8141333192236,-144.670103092784,-1,-1,1
2614,1500,78,-14.291425224583,-143.670103092784,-1,-1,-1
2614,1500,79,5.76383100991052,-142.670103092784,-1,-1,-1
2614,500,80,-1.60355009420182,-141.670103092784,1,-1,-1
2614,500,81,21.04019219672,-140.670103092784,1,1,-1
2614,1500,82,19.5901331752556,-139.670103092784,-1,1,1
2614,500,83,11.3957252012569,-138.670103092784,1,-1,1
2614,500,84,14.9493067437467,-137.670103092784,1,1,-1
2614,500,85,21.0033976868769,-136.670103092784,1,1,1
2614,1500,86,16.7618739413016,-135.670103092784,-1,1,1
2614,500,87,15.9947246796329,-134.670103092784,1,-1,1
2614,500,88,21.5177584677868,-133.670103092784,1,1,-1
2614,1500,89,17.2005369128031,-132.670103092784,-1,1,1
2614,1500,90,13.8495219721921,-131.670103092784,-1,-1,1
2614,500,91,9.10347483008989,-130.670103092784,1,-1,-1
2614,1500,92,12.6421132765325,-129.670103092784,-1,1,-1
2614,1500,93,13.5799633558209,-128.670103092784,-1,-1,1
2614,1500,94,10.3577789526328,-127.670103092784,-1,-1,-1
2614,500,95,5.82114387066698,-126.670103092784,1,-1,-1
2614,500,96,8.26459993179719,-125.670103092784,1,1,-1
2614,1500,97,10.8009346250263,-124.670103092784,-1,1,1
2614,500,98,12.4613473761102,-123.670103092784,1,-1,1
2614,500,99,20.5473657133506,-122.670103092784,1,1,-1
2614,1500,100,15.0903413751979,-121.670103092784,-1,1,1
2614,500,101,6.88859654609795,-120.670103092784,1,-1,1
2614,1500,102,13.9104240611994,-119.670103092784,-1,1,-1
2614,500,103,4.14749573472883,-118.670103092784,1,-1,1
2614,1500,104,17.0795333551666,-117.670103092784,-1,1,-1
2614,500,105,4.19200477474966,-116.670103092784,1,-1,1
2614,1500,106,18.4428411323333,-115.670103092784,-1,1,-1
2614,1500,107,8.45266354910309,-114.670103092784,-1,-1,1
2614,1500,108,5.07996671646642,-113.670103092784,-1,-1,-1
2614,1500,109,7.07559793934333,-112.670103092784,-1,-1,-1
2614,500,110,4.19204745861697,-111.670103092784,1,-1,-1
2614,1500,111,15.2115766335673,-110.670103092784,-1,1,-1
2614,1500,112,0.00597469066458833,-109.670103092784,-1,-1,1
2614,500,113,8.08924836429159,-108.670103092784,1,-1,-1
2614,500,114,2.8170627989955,-107.670103092784,1,1,-1
2614,1500,115,4.17831601882324,-106.670103092784,-1,1,1
2614,1500,116,3.71438282401796,-105.670103092784,-1,-1,1
2614,1500,117,4.99768276642365,-104.670103092784,-1,-1,-1
2614,500,118,5.12870358638993,-103.670103092784,1,-1,-1
2614,1500,119,1.36390955739499,-102.670103092784,-1,1,-1
2614,500,120,0.927747567037698,-101.670103092784,1,-1,1
2614,1500,121,1.44248828152767,-100.670103092784,-1,1,-1
2614,1500,122,1.33086416586224,-99.6701030927835,-1,-1,1
2614,500,124,-1.1885610441281,-97.6701030927835,1,-1,-1
2614,1500,125,3.02438587175201,-96.6701030927835,-1,1,-1
2614,1500,126,0.799849374159629,-95.6701030927835,-1,-1,1
2614,1500,127,-6.89480408328853,-94.6701030927835,-1,-1,-1
2614,500,128,-3.02176572321155,-93.6701030927835,1,-1,-1
2614,1500,129,1.02440426747239,-92.6701030927835,-1,1,-1
2614,500,130,2.17836677559919,-91.6701030927835,1,-1,1
2614,1500,131,3.84547237484596,-90.6701030927835,-1,1,-1
2614,500,132,-0.165394244874162,-89.6701030927835,1,-1,1
2614,500,133,10.3034519320207,-88.6701030927835,1,1,-1
2614,500,134,25.0836361620127,-87.6701030927835,1,1,1
2614,500,135,9.76490957657919,-86.6701030927835,1,1,1
2614,1500,136,8.53392920022019,-85.6701030927835,-1,1,1
2614,1500,137,2.76611519606982,-84.6701030927835,-1,-1,1
2614,500,138,5.92734644184029,-83.6701030927835,1,-1,-1
2614,500,139,7.55259704664199,-82.6701030927835,1,1,-1
2614,1500,140,6.24693415250603,-81.6701030927835,-1,1,1
2614,500,141,4.48790355090088,-80.6701030927835,1,-1,1
2614,1500,143,0.982670585983018,-78.6701030927835,-1,-1,1
2614,500,144,0.949862869874278,-77.6701030927835,1,-1,-1
2614,500,145,11.1998106042946,-76.6701030927835,1,1,-1
2614,1500,146,10.1337765968628,-75.6701030927835,-1,1,1
2614,500,147,3.41220414633539,-74.6701030927835,1,-1,1
2614,500,148,1.59285374135652,-73.6701030927835,1,1,-1
2614,1500,149,8.25641413266319,-72.6701030927835,-1,1,1
2614,1500,150,2.2118271422915,-71.6701030927835,-1,-1,1
2614,500,151,3.67518157118271,-70.6701030927835,1,-1,-1
2614,1500,152,8.00858296863422,-69.6701030927835,-1,1,-1
2614,500,153,6.71176287534761,-68.6701030927835,1,-1,1
2614,500,154,12.3742733862155,-67.6701030927835,1,1,-1
2614,500,155,14.3364825305747,-66.6701030927835,1,1,1
2614,1500,156,11.0588969832355,-65.6701030927835,-1,1,1
2614,500,157,14.0730500825101,-64.6701030927835,1,-1,1
2614,500,158,11.291033947867,-63.6701030927835,1,1,-1
2614,1500,159,8.35419575280419,-62.6701030927835,-1,1,1
2614,1500,160,0.634395648852148,-61.6701030927835,-1,-1,1
2614,1500,161,4.82171691949895,-60.6701030927835,-1,-1,-1
2614,1500,162,-0.871811167610451,-59.6701030927835,-1,-1,-1
2614,1500,163,1.29796656114783,-58.6701030927835,-1,-1,-1
2614,500,164,2.94682184067143,-57.6701030927835,1,-1,-1
2614,1500,165,-0.285287450580272,-56.6701030927835,-1,1,-1
2614,500,166,1.82170903359348,-55.6701030927835,1,-1,1
2614,500,167,4.25430292678855,-54.6701030927835,1,1,-1
2614,1500,168,5.90705857008559,-53.6701030927835,-1,1,1
2614,500,169,5.68238085756497,-52.6701030927835,1,-1,1
2614,500,170,6.3058349539267,-51.6701030927835,1,1,-1
2614,500,171,6.47792066343671,-50.6701030927835,1,1,1
2614,500,172,15.6237191511204,-49.6701030927835,1,1,1
2614,500,173,22.3688815552918,-48.6701030927835,1,1,1
2614,1500,174,-0.219508697168092,-47.6701030927835,-1,1,1
2614,1500,175,4.21557351173285,-46.6701030927835,-1,-1,1
2614,1500,176,-3.89437635072023,-45.6701030927835,-1,-1,-1
2614,500,177,8.14449466478889,-44.6701030927835,1,-1,-1
2614,500,178,15.5988549254088,-43.6701030927835,1,1,-1
2614,1500,179,7.60363135990452,-42.6701030927835,-1,1,1
2614,500,180,7.26928470350019,-41.6701030927835,1,-1,1
2614,1500,181,5.55232559728021,-40.6701030927835,-1,1,-1
2614,1500,182,0.972131501951679,-39.6701030927835,-1,-1,1
2614,1500,183,-5.21539463753718,-38.6701030927835,-1,-1,-1
2614,500,184,-3.0155485171488,-37.6701030927835,1,-1,-1
2614,1500,185,-4.27199803189027,-36.6701030927835,-1,1,-1
2614,1500,186,-7.70921313988048,-35.6701030927835,-1,-1,1
2614,500,187,-4.62116380931261,-34.6701030927835,1,-1,-1
2614,500,188,11.8495709450094,-33.6701030927835,1,1,-1
2614,1500,189,5.60622417632628,-32.6701030927835,-1,1,1
2614,1500,190,-0.0822719717978115,-31.6701030927835,-1,-1,1
2614,1500,191,-14.9744780383702,-30.6701030927835,-1,-1,-1
2614,500,192,-13.2952684370632,-29.6701030927835,1,-1,-1
2614,500,193,8.22891772380399,-28.6701030927835,1,1,-1
2614,1500,194,-9.0360823995841,-27.6701030927835,-1,1,1
2614,1500,195,-12.6391380024343,-26.6701030927835,-1,-1,1
2614,1500,196,-10.9166282130528,-25.6701030927835,-1,-1,-1
2614,500,197,-6.31206414107456,-24.6701030927835,1,-1,-1
2614,500,198,4.48196389438076,-23.6701030927835,1,1,-1
2614,500,199,-2.17221394741818,-22.6701030927835,1,1,1
2614,500,200,-3.52392140762467,-21.6701030927835,1,1,1
2614,500,201,11.5998272905152,-20.6701030927835,1,1,1
2614,1500,202,9.49168761043119,-19.6701030927835,-1,1,1
2614,500,203,0.241285615594578,-18.6701030927835,1,-1,1
2614,1500,204,11.4027468678509,-17.6701030927835,-1,1,-1
2614,500,205,-5.18519020404988,-16.6701030927835,1,-1,1
2614,1500,206,8.48425756892049,-15.6701030927835,-1,1,-1
2614,1500,207,0.615862524877619,-14.6701030927835,-1,-1,1
2614,500,208,3.06040402523776,-13.6701030927835,1,-1,-1
2614,1500,209,0.254168089853808,-12.6701030927835,-1,1,-1
2614,500,210,-2.25404297541517,-11.6701030927835,1,-1,1
2614,1500,211,2.13830933316848,-10.6701030927835,-1,1,-1
2614,500,212,-1.08007157983943,-9.67010309278351,1,-1,1
2614,500,213,11.572056721925,-8.67010309278351,1,1,-1
2614,500,214,15.0898967088549,-7.67010309278351,1,1,1
2614,500,215,20.5990056017467,-6.67010309278351,1,1,1
2614,1500,216,9.84622239065759,-5.67010309278351,-1,1,1
2614,1500,217,1.07160386880341,-4.67010309278351,-1,-1,1
2614,500,218,5.60248261815785,-3.67010309278351,1,-1,-1
2614,500,219,18.3279356114825,-2.67010309278351,1,1,-1
2614,500,220,15.3067006794533,-1.67010309278351,1,1,1
2614,1500,222,1.60931244138179,0.329896907216494,-1,-1,1
2614,500,223,-2.26152537061433,1.32989690721649,1,-1,-1
2614,500,224,5.1085981088289,2.32989690721649,1,1,-1
2614,500,225,14.8528242240014,3.32989690721649,1,1,1
2614,1500,226,5.07790740890706,4.32989690721649,-1,1,1
2614,1500,227,-6.21485224811117,5.32989690721649,-1,-1,1
2614,500,228,2.56319989689489,6.32989690721649,1,-1,-1
2614,1500,229,0.291765881500418,7.32989690721649,-1,1,-1
2614,1500,230,-0.894868819776471,8.32989690721649,-1,-1,1
2614,1500,231,-3.05663946777552,9.32989690721649,-1,-1,-1
2614,500,232,-3.76828803154097,10.3298969072165,1,-1,-1
2614,1500,233,1.67361681518411,11.3298969072165,-1,1,-1
2614,500,234,1.43780698255338,12.3298969072165,1,-1,1
2614,500,235,2.05459228454261,13.3298969072165,1,1,-1
2614,1500,236,-5.45411605815057,14.3298969072165,-1,1,1
2614,1500,237,11.1636261293063,15.3298969072165,-1,-1,1
2614,500,238,7.89641455058459,16.3298969072165,1,-1,-1
2614,500,239,13.807334066732,17.3298969072165,1,1,-1
2614,500,240,13.3182696261582,18.3298969072165,1,1,1
2614,500,241,20.1806892079001,19.3298969072165,1,1,1
2614,500,242,19.8897141032554,20.3298969072165,1,1,1
2614,1500,243,17.3709156292292,21.3298969072165,-1,1,1
2614,1500,244,12.5246194699912,22.3298969072165,-1,-1,1
2614,1500,245,9.96375344334619,23.3298969072165,-1,-1,-1
2614,1500,246,10.1943887545968,24.3298969072165,-1,-1,-1
2614,500,247,15.2135184590311,25.3298969072165,1,-1,-1
2614,500,248,16.3144769756788,26.3298969072165,1,1,-1
2614,500,249,12.2826232624409,27.3298969072165,1,1,1
2614,500,250,15.3458326466723,28.3298969072165,1,1,1
2614,1500,251,10.1859461809344,29.3298969072165,-1,1,1
2614,1500,252,3.7254703641454,30.3298969072165,-1,-1,1
2614,500,253,8.52439868902999,31.3298969072165,1,-1,-1
2614,500,254,15.1555529350971,32.3298969072165,1,1,-1
2614,1500,255,13.5299387566742,33.3298969072165,-1,1,1
2614,1500,257,7.30440401514709,35.3298969072165,-1,-1,-1
2614,1500,258,11.2306654913855,36.3298969072165,-1,-1,-1
2614,1500,259,7.75481966721394,37.3298969072165,-1,-1,-1
2614,500,260,13.1285950802339,38.3298969072165,1,-1,-1
2614,500,261,15.2660242590768,39.3298969072165,1,1,-1
2614,500,262,16.5328831514211,40.3298969072165,1,1,1
2614,500,263,21.4248078603464,41.3298969072165,1,1,1
2614,500,264,18.8506807583225,42.3298969072165,1,1,1
2614,1500,265,14.6512767746549,43.3298969072165,-1,1,1
2614,500,266,13.7334083529465,44.3298969072165,1,-1,1
2614,1500,267,13.8361158570583,45.3298969072165,-1,1,-1
2614,500,268,10.5021234927062,46.3298969072165,1,-1,1
2614,1500,269,9.47395821527959,47.3298969072165,-1,1,-1
2614,1500,270,8.82233791332019,48.3298969072165,-1,-1,1
2614,500,271,7.19772987226326,49.3298969072165,1,-1,-1
2614,1500,272,5.39700325159461,50.3298969072165,-1,1,-1
2614,500,273,16.6526799554679,51.3298969072165,1,-1,1
2614,500,275,12.9364105221683,53.3298969072165,1,-1,1
2614,500,276,12.9361088581507,54.3298969072165,1,1,-1
2614,500,277,12.7699063546433,55.3298969072165,1,1,1
2614,1500,278,13.9665778872091,56.3298969072165,-1,1,1
2614,1500,279,10.419341138484,57.3298969072165,-1,-1,1
2614,1500,280,9.70693925237469,58.3298969072165,-1,-1,-1
2614,1500,281,3.86571105532311,59.3298969072165,-1,-1,-1
2614,1500,282,8.55246904126269,60.3298969072165,-1,-1,-1
2614,1500,283,9.86061280777349,61.3298969072165,-1,-1,-1
2614,500,284,7.51286233882684,62.3298969072165,1,-1,-1
2614,1500,285,6.66126645390838,63.3298969072165,-1,1,-1
2614,1500,286,5.41404244435115,64.3298969072165,-1,-1,1
2614,500,287,5.41804429262967,65.3298969072165,1,-1,-1
2614,500,288,6.24588105539736,66.3298969072165,1,1,-1
2614,500,289,10.9465332377441,67.3298969072165,1,1,1
2614,500,290,12.588364831123,68.3298969072165,1,1,1
2614,500,291,13.1976071162862,69.3298969072165,1,1,1
2614,500,292,17.83122078401,70.3298969072165,1,1,1
2614,500,293,20.5853850381977,71.3298969072165,1,1,1
2614,500,294,21.8362267712251,72.3298969072165,1,1,1
2614,500,295,26.6279936942231,73.3298969072165,1,1,1
2614,1500,296,19.1912141570211,74.3298969072165,-1,1,1
2614,500,297,18.6946252896729,75.3298969072165,1,-1,1
2614,500,298,13.816884923969,76.3298969072165,1,1,-1
2614,1500,299,14.0405929644601,77.3298969072165,-1,1,1
2614,1500,300,8.88653342345189,78.3298969072165,-1,-1,1
2614,500,301,7.0625627381519,79.3298969072165,1,-1,-1
2614,1500,302,9.37480803571329,80.3298969072165,-1,1,-1
2614,1500,303,1.86224460774345,81.3298969072165,-1,-1,1
2614,500,304,9.66201718156809,82.3298969072165,1,-1,-1
2614,1500,305,3.781601097938,83.3298969072165,-1,1,-1
2614,1500,306,5.70193408242982,84.3298969072165,-1,-1,1
2614,500,307,5.48452072468844,85.3298969072165,1,-1,-1
2614,500,309,5.38617769611359,87.3298969072165,1,-1,1
2614,1500,310,2.52453597626266,88.3298969072165,-1,1,-1
2614,1500,311,0.466962379886338,89.3298969072165,-1,-1,1
2614,500,312,1.37340133128454,90.3298969072165,1,-1,-1
2614,500,313,4.03753203754023,91.3298969072165,1,1,-1
2614,500,314,8.99461460756429,92.3298969072165,1,1,1
2614,1500,315,7.15488594091786,93.3298969072165,-1,1,1
2614,500,316,4.97373776842241,94.3298969072165,1,-1,1
2614,500,317,7.48183259920776,95.3298969072165,1,1,-1
2614,1500,318,3.56662334939777,96.3298969072165,-1,1,1
2614,1500,319,3.55861673251081,97.3298969072165,-1,-1,1
2614,500,320,-0.589014381313072,98.3298969072165,1,-1,-1
2614,1500,321,6.0791397609494,99.3298969072165,-1,1,-1
2614,1500,322,2.45946913528046,100.329896907216,-1,-1,1
2614,1500,323,1.38030649862687,101.329896907216,-1,-1,-1
2614,1500,324,5.6248716958096,102.329896907216,-1,-1,-1
2614,1500,325,5.69785130565338,103.329896907216,-1,-1,-1
2614,500,326,5.1905089940728,104.329896907216,1,-1,-1
2614,1500,327,8.33841383838609,105.329896907216,-1,1,-1
2614,500,328,7.31028378559708,106.329896907216,1,-1,1
2614,500,329,4.26546436211324,107.329896907216,1,1,-1
2614,1500,330,5.10853623044524,108.329896907216,-1,1,1
2614,500,331,-0.737574019791682,109.329896907216,1,-1,1
2614,500,332,3.19930255197574,110.329896907216,1,1,-1
2614,500,333,14.4217801279233,111.329896907216,1,1,1
2614,1500,334,5.06679791984916,112.329896907216,-1,1,1
2614,1500,335,5.04400559549147,113.329896907216,-1,-1,1
2614,500,336,3.45411057193641,114.329896907216,1,-1,-1
2614,500,337,4.44696370981401,115.329896907216,1,1,-1
2614,1500,338,9.66653135465749,116.329896907216,-1,1,1
2614,500,339,8.03044430004399,117.329896907216,1,-1,1
2614,500,340,8.86551956495399,118.329896907216,1,1,-1
2614,1500,341,13.4304526189178,119.329896907216,-1,1,1
2614,500,342,10.5378964177737,120.329896907216,1,-1,1
2614,500,343,14.9003200015279,121.329896907216,1,1,-1
2614,1500,344,9.68764274163419,122.329896907216,-1,1,1
2614,500,347,-1.2143100986078,125.329896907216,1,-1,-1
2614,500,348,4.28077065220457,126.329896907216,1,1,-1
2614,500,349,2.5014401417082,127.329896907216,1,1,1
2614,1500,350,6.89497410276775,128.329896907216,-1,1,1
2614,1500,351,-5.5844869581205,129.329896907216,-1,-1,1
2614,1500,352,0.365644053436328,130.329896907216,-1,-1,-1
2614,500,353,-1.03330922769756,131.329896907216,1,-1,-1
2614,1500,354,5.58676987504941,132.329896907216,-1,1,-1
2614,500,355,4.4909306211129,133.329896907216,1,-1,1
2614,1500,356,2.51583560846474,134.329896907216,-1,1,-1
2614,1500,357,-4.72634701449278,135.329896907216,-1,-1,1
2614,500,358,4.31201908930428,136.329896907216,1,-1,-1
2614,500,359,4.40153801251287,137.329896907216,1,1,-1
2614,500,360,9.54567171132849,138.329896907216,1,1,1
2614,1500,361,8.75376737687719,139.329896907216,-1,1,1
2614,1500,362,-0.689585750102282,140.329896907216,-1,-1,1
2614,1500,363,-1.27312797476199,141.329896907216,-1,-1,-1
2614,500,364,3.76865679976569,142.329896907216,1,-1,-1
2614,1500,365,1.23465756098944,143.329896907216,-1,1,-1
2614,500,366,0.828211502686328,144.329896907216,1,-1,1
2614,500,367,2.72708774958721,145.329896907216,1,1,-1
2614,500,368,10.4745725168284,146.329896907216,1,1,1
2614,1500,369,2.94880999174013,147.329896907216,-1,1,1
2614,1500,370,1.66798813253502,148.329896907216,-1,-1,1
2614,500,371,-1.70121676626989,149.329896907216,1,-1,-1
2614,1500,372,3.70782433521538,150.329896907216,-1,1,-1
2614,500,373,2.42301758491571,151.329896907216,1,-1,1
2614,1500,374,-0.0763478462667515,152.329896907216,-1,1,-1
2614,1500,375,-3.5054675387281,153.329896907216,-1,-1,1
2614,500,376,5.64758588984302,154.329896907216,1,-1,-1
2614,500,377,9.40991471679209,155.329896907216,1,1,-1
2614,1500,378,7.96631288602156,156.329896907216,-1,1,1
2614,500,379,12.7353250707771,157.329896907216,1,-1,1
2614,1500,380,16.733983384455,158.329896907216,-1,1,-1
2614,500,381,11.4516324482645,159.329896907216,1,-1,1
2614,1500,382,8.07676996992571,160.329896907216,-1,1,-1
2614,1500,383,8.66938635648709,161.329896907216,-1,-1,1
2614,1500,384,0.232073313380579,162.329896907216,-1,-1,-1
2614,500,385,-0.144870883073842,163.329896907216,1,-1,-1
2614,1500,386,3.78176018630205,164.329896907216,-1,1,-1
2614,500,387,8.85746626395019,165.329896907216,1,-1,1
2614,1500,388,13.1725949096909,166.329896907216,-1,1,-1
2614,1500,389,7.79932405101346,167.329896907216,-1,-1,1
2614,1500,390,6.694841408558,168.329896907216,-1,-1,-1
2614,1500,391,2.35007124190394,169.329896907216,-1,-1,-1
2614,500,392,4.83719911175751,170.329896907216,1,-1,-1
2614,1500,393,9.26408507465239,171.329896907216,-1,1,-1
2614,500,394,6.94510328422767,172.329896907216,1,-1,1
2614,1500,395,8.85284021520449,173.329896907216,-1,1,-1
2614,1500,396,5.62619448185004,174.329896907216,-1,-1,1
2614,1500,397,0.807533017772988,175.329896907216,-1,-1,-1
2614,1500,398,-1.16011398792877,176.329896907216,-1,-1,-1
2614,500,399,-2.6348337808139,177.329896907216,1,-1,-1
2614,500,400,9.70322337086919,178.329896907216,1,1,-1
2614,500,401,5.41256274776705,179.329896907216,1,1,1
2614,500,402,15.1616513393954,180.329896907216,1,1,1
2614,1500,403,8.79045491219319,181.329896907216,-1,1,1
2614,500,404,12.101471432555,182.329896907216,1,-1,1
2614,500,405,12.3355479450668,183.329896907216,1,1,-1
2614,1500,406,18.0977610814008,184.329896907216,-1,1,1
2614,500,407,7.87425870373659,185.329896907216,1,-1,1
2614,500,408,15.3863518711455,186.329896907216,1,1,-1
2614,1500,409,13.4025782381704,187.329896907216,-1,1,1
2614,1500,410,4.10948600105356,188.329896907216,-1,-1,1
2614,500,411,14.3402040531959,189.329896907216,1,-1,-1
2614,1500,412,12.3294528610162,190.329896907216,-1,1,-1
2614,500,413,16.1832146817171,191.329896907216,1,-1,1
2614,1500,414,2.82672331432417,192.329896907216,-1,1,-1
2614,500,415,8.77607576004849,193.329896907216,1,-1,1
2614,1500,416,7.11183005754095,194.329896907216,-1,1,-1
2614,500,417,9.41737594634639,195.329896907216,1,-1,1
2614,1500,418,2.70817177170751,196.329896907216,-1,1,-1
2614,500,419,9.99279905624179,197.329896907216,1,-1,1
2614,1500,420,12.0828493260457,198.329896907216,-1,1,-1
2615,500,23,1.82046929509355,-185.567765567766,1,-1,1
2615,1500,28,-14.065860343695,-180.567765567766,-1,-1,-1
2615,1500,31,-6.59588514025413,-177.567765567766,-1,1,-1
2615,1500,32,-10.3701823621001,-176.567765567766,-1,-1,1
2615,500,33,-12.5289675689176,-175.567765567766,1,-1,-1
2615,1500,34,-4.11859235696542,-174.567765567766,-1,1,-1
2615,500,38,1.42767533724615,-170.567765567766,1,1,-1
2615,500,41,-8.26305761027218,-167.567765567766,1,-1,-1
2615,1500,42,-7.37472652228722,-166.567765567766,-1,1,-1
2615,1500,43,-14.6769244382744,-165.567765567766,-1,-1,1
2615,500,44,-8.18000811145794,-164.567765567766,1,-1,-1
2615,500,45,0.0476870073399929,-163.567765567766,1,1,-1
2615,500,46,-4.5934106610362,-162.567765567766,1,1,1
2615,1500,47,-1.8488793406006,-161.567765567766,-1,1,1
2615,1500,48,-14.119127657906,-160.567765567766,-1,-1,1
2615,1500,49,-20.6125133440957,-159.567765567766,-1,-1,-1
2615,500,50,-8.45400300333697,-158.567765567766,1,-1,-1
2615,500,51,-4.77034702686348,-157.567765567766,1,1,-1
2615,500,52,-8.00127152450868,-156.567765567766,1,1,1
2615,500,53,-1.42283604136218,-155.567765567766,1,1,1
2615,500,54,-3.78890013870661,-154.567765567766,1,1,1
2615,500,55,-6.24784546369138,-153.567765567766,1,1,1
2615,500,56,-2.83618743828747,-152.567765567766,1,1,1
2615,1500,57,-7.17496672994924,-151.567765567766,-1,1,1
2615,1500,58,-14.238429998906,-150.567765567766,-1,-1,1
2615,500,59,-6.7400840165174,-149.567765567766,1,-1,-1
2615,1500,60,-8.92644723759259,-148.567765567766,-1,1,-1
2615,1500,61,-17.3768525553207,-147.567765567766,-1,-1,1
2615,1500,62,-19.5707320824497,-146.567765567766,-1,-1,-1
2615,500,63,-14.4898036639044,-145.567765567766,1,-1,-1
2615,1500,64,-10.386487973949,-144.567765567766,-1,1,-1
2615,500,66,-8.69517345371052,-142.567765567766,1,1,-1
2615,1500,67,-11.0113531203328,-141.567765567766,-1,1,1
2615,500,69,-11.4646651335728,-139.567765567766,1,-1,-1
2615,1500,70,-11.8599399535742,-138.567765567766,-1,1,-1
2615,500,71,-12.9392004455224,-137.567765567766,1,-1,1
2615,500,72,-12.6806640665549,-136.567765567766,1,1,-1
2615,500,73,-10.2580175818376,-135.567765567766,1,1,1
2615,1500,74,-10.2139758248379,-134.567765567766,-1,1,1
2615,1500,75,-25.426670398002,-133.567765567766,-1,-1,1
2615,500,76,-18.8476617997796,-132.567765567766,1,-1,-1
2615,500,78,-27.8703214965155,-130.567765567766,1,-1,1
2615,500,79,-21.217798137695,-129.567765567766,1,1,-1
2615,1500,80,-12.1999137031842,-128.567765567766,-1,1,1
2615,1500,83,-22.1145086290177,-125.567765567766,-1,-1,-1
2615,500,86,-16.0586886182271,-122.567765567766,1,1,-1
2615,500,89,-21.6226387671182,-119.567765567766,1,1,-1
2615,1500,93,-25.0453042828776,-115.567765567766,-1,-1,1
2615,500,94,-15.8422420847177,-114.567765567766,1,-1,-1
2615,1500,95,-19.6056634130262,-113.567765567766,-1,1,-1
2615,1500,96,-20.5621698067236,-112.567765567766,-1,-1,1
2615,500,99,-26.4582373374856,-109.567765567766,1,-1,-1
2615,500,100,-24.5035167546234,-108.567765567766,1,1,-1
2615,1500,101,-18.4568145418729,-107.567765567766,-1,1,1
2615,500,102,-25.8809369759053,-106.567765567766,1,-1,1
2615,500,103,-13.8869731090216,-105.567765567766,1,1,-1
2615,1500,104,-17.9966734724323,-104.567765567766,-1,1,1
2615,500,105,-13.8366105260457,-103.567765567766,1,-1,1
2615,500,106,-14.8008388013622,-102.567765567766,1,1,-1
2615,1500,107,-22.7322723657725,-101.567765567766,-1,1,1
2615,500,108,-23.0263017524959,-100.567765567766,1,-1,1
2615,500,109,-21.0725874963581,-99.5677655677656,1,1,-1
2615,1500,111,-25.031204419418,-97.5677655677656,-1,-1,1
2615,500,112,-17.2135669729761,-96.5677655677656,1,-1,-1
2615,500,113,-17.7785905896771,-95.5677655677656,1,1,-1
2615,1500,114,-20.5629171154623,-94.5677655677656,-1,1,1
2615,1500,115,-25.2682619227788,-93.5677655677656,-1,-1,1
2615,500,116,-22.3681621495959,-92.5677655677656,1,-1,-1
2615,500,117,-8.9941308959582,-91.5677655677656,1,1,-1
2615,1500,118,-9.89761416525446,-90.5677655677656,-1,1,1
2615,500,119,-20.295318827157,-89.5677655677656,1,-1,1
2615,1500,120,-17.3855513211825,-88.5677655677656,-1,1,-1
2615,1500,121,-22.8770242543826,-87.5677655677656,-1,-1,1
2615,1500,122,-22.6588911139901,-86.5677655677656,-1,-1,-1
2615,1500,123,-30.2805949812178,-85.5677655677656,-1,-1,-1
2615,500,125,-25.0121556047524,-83.5677655677656,1,-1,-1
2615,500,126,-18.3033675976588,-82.5677655677656,1,1,-1
2615,1500,127,-17.5021855667986,-81.5677655677656,-1,1,1
2615,500,128,-18.0022164186687,-80.5677655677656,1,-1,1
2615,500,129,-17.5342129493603,-79.5677655677656,1,1,-1
2615,500,131,-11.7793451916006,-77.5677655677656,1,-1,1
2615,1500,132,-17.6481705498766,-76.5677655677656,-1,1,-1
2615,500,133,-18.3805635963015,-75.5677655677656,1,-1,1
2615,500,134,-17.0364392732664,-74.5677655677656,1,1,-1
2615,1500,137,-23.5752737937055,-71.5677655677656,-1,-1,-1
2615,1500,138,-25.2179266467946,-70.5677655677656,-1,-1,-1
2615,1500,139,-24.5512885336427,-69.5677655677656,-1,-1,-1
2615,500,140,-20.9371739334681,-68.5677655677656,1,-1,-1
2615,1500,141,-19.1421006178559,-67.5677655677656,-1,1,-1
2615,500,142,-23.027875300602,-66.5677655677656,1,-1,1
2615,500,143,-13.9493784022379,-65.5677655677656,1,1,-1
2615,1500,148,-19.5920785528144,-60.5677655677656,-1,-1,-1
2615,1500,152,-20.4552613726001,-56.5677655677656,-1,-1,-1
2615,500,153,-19.106329048797,-55.5677655677656,1,-1,-1
2615,500,154,-17.4119265618223,-54.5677655677656,1,1,-1
2615,500,155,-13.9537099059212,-53.5677655677656,1,1,1
2615,1500,156,-15.6063891090597,-52.5677655677656,-1,1,1
2615,500,157,-20.6656562763439,-51.5677655677656,1,-1,1
2615,500,158,-18.6330555032212,-50.5677655677656,1,1,-1
2615,500,159,-17.8595678079226,-49.5677655677656,1,1,1
2615,500,160,-11.8937440181917,-48.5677655677656,1,1,1
2615,500,161,-17.6586507975552,-47.5677655677656,1,1,1
2615,1500,162,-13.3129599550278,-46.5677655677656,-1,1,1
2615,500,163,-17.0262357705642,-45.5677655677656,1,-1,1
2615,500,164,-18.3941161333901,-44.5677655677656,1,1,-1
2615,500,165,-11.9028968708408,-43.5677655677656,1,1,1
2615,500,166,-7.34123437886011,-42.5677655677656,1,1,1
2615,1500,168,-20.6327109081294,-40.5677655677656,-1,1,1
2615,500,169,-21.2826071134505,-39.5677655677656,1,-1,1
2615,500,171,-17.3328889769481,-37.5677655677656,1,-1,1
2615,1500,172,-22.5427499503044,-36.5677655677656,-1,1,-1
2615,500,174,-28.9488318630427,-34.5677655677656,1,-1,-1
2615,500,176,-22.6412135328,-32.5677655677656,1,-1,1
2615,500,178,-24.7403158631308,-30.5677655677656,1,-1,1
2615,500,181,-24.3369345226602,-27.5677655677656,1,-1,-1
2615,1500,182,-16.9374614857683,-26.5677655677656,-1,1,-1
2615,500,183,-11.2518546118589,-25.5677655677656,1,-1,1
2615,500,184,-7.69604641999473,-24.5677655677656,1,1,-1
2615,1500,185,-15.6257964246228,-23.5677655677656,-1,1,1
2615,500,186,-28.6971177478462,-22.5677655677656,1,-1,1
2615,1500,188,-27.0587870376111,-20.5677655677656,-1,1,1
2615,500,189,-19.0195596700602,-19.5677655677656,1,-1,1
2615,1500,190,-22.9502843479903,-18.5677655677656,-1,1,-1
2615,500,191,-26.1756977103037,-17.5677655677656,1,-1,1
2615,1500,192,-25.5090766922016,-16.5677655677656,-1,1,-1
2615,1500,194,-25.3440957461855,-14.5677655677656,-1,1,-1
2615,1500,195,-29.3766061288258,-13.5677655677656,-1,-1,1
2615,500,196,-27.9355589158348,-12.5677655677656,1,-1,-1
2615,1500,197,-24.8771174702429,-11.5677655677656,-1,1,-1
2615,500,199,-22.6454574105263,-9.56776556776558,1,-1,-1
2615,1500,201,-29.6906748557087,-7.56776556776558,-1,-1,1
2615,500,202,-30.2407523343771,-6.56776556776558,1,-1,-1
2615,500,203,-20.8032401811106,-5.56776556776558,1,1,-1
2615,500,204,-12.9246007695657,-4.56776556776558,1,1,1
2615,500,205,-1.96829951758263,-3.56776556776558,1,1,1
2615,500,209,-21.810162267324,0.432234432234424,1,-1,-1
2615,1500,210,-19.5325409927288,1.43223443223442,-1,1,-1
2615,500,211,-18.0102071587316,2.43223443223442,1,-1,1
2615,500,212,-11.0640307758316,3.43223443223442,1,1,-1
2615,500,213,-15.2265340634931,4.43223443223442,1,1,1
2615,500,214,-13.1818771831763,5.43223443223442,1,1,1
2615,500,216,-22.9564356026689,7.43223443223442,1,-1,1
2615,500,217,-25.3820977428972,8.43223443223442,1,1,-1
2615,500,218,-18.4885064879989,9.43223443223442,1,1,1
2615,500,219,-22.3692690818431,10.4322344322344,1,1,1
2615,500,220,-27.8813463889987,11.4322344322344,1,1,1
2615,500,222,-23.7610376261073,13.4322344322344,1,1,1
2615,500,224,-22.0965034154674,15.4322344322344,1,-1,1
2615,500,225,-16.6548663493034,16.4322344322344,1,1,-1
2615,1500,226,-22.6722054157831,17.4322344322344,-1,1,1
2615,500,227,-27.7573074449921,18.4322344322344,1,-1,1
2615,500,228,-14.9045428374251,19.4322344322344,1,1,-1
2615,1500,229,-15.9334059386017,20.4322344322344,-1,1,1
2615,1500,230,-18.1744400730923,21.4322344322344,-1,-1,1
2615,500,231,-24.4092642053366,22.4322344322344,1,-1,-1
2615,1500,232,-12.9471404116521,23.4322344322344,-1,1,-1
2615,500,234,-14.781805672277,25.4322344322344,1,-1,-1
2615,500,235,-14.9067849130444,26.4322344322344,1,1,-1
2615,500,236,-13.0469255599795,27.4322344322344,1,1,1
2615,1500,237,-18.0520658265269,28.4322344322344,-1,1,1
2615,500,239,-20.3252796536233,30.4322344322344,1,-1,-1
2615,500,240,-23.1387974924648,31.4322344322344,1,1,-1
2615,1500,241,-24.3596399177558,32.4322344322344,-1,1,1
2615,500,242,-24.822030856203,33.4322344322344,1,-1,1
2615,500,243,-12.3455642034394,34.4322344322344,1,1,-1
2615,1500,244,-16.8621034878705,35.4322344322344,-1,1,1
2615,500,245,-14.8400980386026,36.4322344322344,1,-1,1
2615,500,246,-20.9334565637496,37.4322344322344,1,1,-1
2615,1500,247,-26.6256366247508,38.4322344322344,-1,1,1
2615,500,248,-19.8199569525931,39.4322344322344,1,-1,1
2615,500,249,-14.4368264531746,40.4322344322344,1,1,-1
2615,500,250,-14.370625240889,41.4322344322344,1,1,1
2615,500,252,-12.6455898287954,43.4322344322344,1,-1,1
2615,500,253,-19.4626791727699,44.4322344322344,1,1,-1
2615,1500,254,-14.1532218115792,45.4322344322344,-1,1,1
2615,500,255,-15.2904226010708,46.4322344322344,1,-1,1
2615,500,256,-14.8362515986782,47.4322344322344,1,1,-1
2615,1500,257,-20.6652219874775,48.4322344322344,-1,1,1
2615,500,258,-20.8873845711564,49.4322344322344,1,-1,1
2615,500,259,-13.5324261205519,50.4322344322344,1,1,-1
2615,1500,260,-13.7437496996782,51.4322344322344,-1,1,1
2615,500,261,-23.6474372204491,52.4322344322344,1,-1,1
2615,1500,264,-23.643429142957,55.4322344322344,-1,1,-1
2615,1500,265,-29.608192791469,56.4322344322344,-1,-1,1
2615,500,266,-29.5060211570514,57.4322344322344,1,-1,-1
2615,500,267,-26.8764314309644,58.4322344322344,1,1,-1
2615,1500,268,-25.1030822809059,59.4322344322344,-1,1,1
2615,500,269,-17.6380812400448,60.4322344322344,1,-1,1
2615,1500,273,-28.135519320909,64.4322344322344,-1,-1,-1
2615,500,274,-21.692761183851,65.4322344322344,1,-1,-1
2615,1500,275,-29.1245736152043,66.4322344322344,-1,1,-1
2615,500,276,-26.3610692419739,67.4322344322344,1,-1,1
2615,1500,277,-22.8251798225801,68.4322344322344,-1,1,-1
2615,500,278,-23.7505482218317,69.4322344322344,1,-1,1
2615,500,279,-13.8948511381239,70.4322344322344,1,1,-1
2615,500,280,-13.567178452752,71.4322344322344,1,1,1
2615,1500,281,-22.3983043772715,72.4322344322344,-1,1,1
2615,1500,282,-30.0835824998853,73.4322344322344,-1,-1,1
2615,500,283,-24.5851902326185,74.4322344322344,1,-1,-1
2615,500,287,-26.3339604677303,78.4322344322344,1,-1,-1
2615,500,288,-20.1319619065164,79.4322344322344,1,1,-1
2615,500,289,-18.2624596772985,80.4322344322344,1,1,1
2615,500,290,-14.2444951111244,81.4322344322344,1,1,1
2615,1500,291,-14.6399832586052,82.4322344322344,-1,1,1
2615,500,292,-15.0640535324563,83.4322344322344,1,-1,1
2615,500,293,-21.8943815127977,84.4322344322344,1,1,-1
2615,500,296,-22.6281718282117,87.4322344322344,1,-1,-1
2615,500,297,-17.2997635933173,88.4322344322344,1,1,-1
2615,500,298,-16.8036100931094,89.4322344322344,1,1,1
2615,500,299,-13.6586862414195,90.4322344322344,1,1,1
2615,1500,300,-18.8475878110529,91.4322344322344,-1,1,1
2615,500,301,-19.4610779378729,92.4322344322344,1,-1,1
2615,1500,302,-21.6955119904556,93.4322344322344,-1,1,-1
2615,500,303,-22.7997727446724,94.4322344322344,1,-1,1
2615,1500,304,-24.8900291759038,95.4322344322344,-1,1,-1
2615,500,305,-17.905184220671,96.4322344322344,1,-1,1
2615,500,306,-22.3446126083453,97.4322344322344,1,1,-1
2615,1500,307,-20.4975217570184,98.4322344322344,-1,1,1
2615,1500,308,-24.1093291601007,99.4322344322344,-1,-1,1
2615,500,309,-19.0988581798376,100.432234432234,1,-1,-1
2615,500,310,-9.61226821590297,101.432234432234,1,1,-1
2615,500,312,-13.8187319195256,103.432234432234,1,-1,1
2615,1500,313,-26.5351059458432,104.432234432234,-1,1,-1
2615,500,314,-16.4384722865166,105.432234432234,1,-1,1
2615,500,315,-16.023102093748,106.432234432234,1,1,-1
2615,1500,318,-28.7059320537833,109.432234432234,-1,-1,-1
2615,500,321,-25.7802179373586,112.432234432234,1,-1,-1
2615,1500,323,-21.8275322570772,114.432234432234,-1,-1,1
2615,500,324,-22.5113128187425,115.432234432234,1,-1,-1
2615,1500,325,-19.8252852975425,116.432234432234,-1,1,-1
2615,1500,326,-25.6303217774524,117.432234432234,-1,-1,1
2615,500,327,-24.8418023130303,118.432234432234,1,-1,-1
2615,500,328,-6.71394661935032,119.432234432234,1,1,-1
2615,500,329,-18.3223568380984,120.432234432234,1,1,1
2615,500,332,-24.8497985775405,123.432234432234,1,-1,-1
2615,500,333,-24.4570893649977,124.432234432234,1,1,-1
2615,1500,334,-27.6190261150285,125.432234432234,-1,1,1
2615,500,335,-23.0290738831918,126.432234432234,1,-1,1
2615,500,337,-16.9897411040943,128.432234432234,1,-1,1
2615,1500,338,-18.9399452417459,129.432234432234,-1,1,-1
2615,1500,339,-25.6490078548108,130.432234432234,-1,-1,1
2615,500,340,-27.3870800136483,131.432234432234,1,-1,-1
2615,1500,341,-14.0440066196953,132.432234432234,-1,1,-1
2615,500,343,-20.8986971183781,134.432234432234,1,-1,-1
2615,1500,344,-25.1007044426284,135.432234432234,-1,1,-1
2615,500,345,-25.2298260568016,136.432234432234,1,-1,1
2615,500,365,-29.8347828638894,156.432234432234,1,1,-1
2615,1500,367,-19.9820556191862,158.432234432234,-1,1,1
2615,500,368,-23.9333538364527,159.432234432234,1,-1,1
2615,500,380,-28.902839661756,171.432234432234,1,-1,-1
2615,500,381,-27.7926605591066,172.432234432234,1,1,-1
2615,1500,383,-25.5513370636734,174.432234432234,-1,1,1
2615,1500,384,-28.364035875755,175.432234432234,-1,-1,1
2615,500,385,-29.8147939876493,176.432234432234,1,-1,-1
2615,500,389,-26.3414598473093,180.432234432234,1,-1,-1
2615,500,391,-28.4788355865754,182.432234432234,1,1,1
2615,500,393,-24.6013475927835,184.432234432234,1,-1,1
2615,1500,394,-29.2591373755825,185.432234432234,-1,1,-1
2615,500,396,-29.5586509127389,187.432234432234,1,-1,-1
2615,500,402,-25.430901965973,193.432234432234,1,-1,-1
2615,1500,403,-28.0810092231146,194.432234432234,-1,1,-1
2615,500,406,-14.1756366844119,197.432234432234,1,1,-1
2615,500,408,-18.2136173335114,199.432234432234,1,-1,1
2615,1500,409,-24.4198657393008,200.432234432234,-1,1,-1
2615,1500,410,-22.6467315573578,201.432234432234,-1,-1,1
2615,500,411,-19.9551224664531,202.432234432234,1,-1,-1
2615,500,412,-18.1863666290667,203.432234432234,1,1,-1
2615,1500,413,-26.3832782768664,204.432234432234,-1,1,1
2615,500,414,-26.9718908490518,205.432234432234,1,-1,1
2615,500,415,-16.4639154005804,206.432234432234,1,1,-1
2615,1500,416,-25.7275970845953,207.432234432234,-1,1,1
2615,500,419,-22.6928082029711,210.432234432234,1,-1,-1
2615,500,420,-17.1414263443202,211.432234432234,1,1,-1
2616,500,23,27.5065876269135,-195.620320855615,1,1,1
2616,500,26,23.5108179816126,-192.620320855615,1,-1,1
2616,1500,27,21.1104735980706,-191.620320855615,-1,1,-1
2616,1500,28,24.6934801777998,-190.620320855615,-1,-1,1
2616,1500,29,18.3553379462807,-189.620320855615,-1,-1,-1
2616,1500,30,16.6034926575641,-188.620320855615,-1,-1,-1
2616,1500,31,13.4389586701894,-187.620320855615,-1,-1,-1
2616,500,32,12.9045146706266,-186.620320855615,1,-1,-1
2616,500,33,24.3773967863884,-185.620320855615,1,1,-1
2616,500,34,26.0291427766084,-184.620320855615,1,1,1
2616,1500,36,21.1499880878428,-182.620320855615,-1,-1,1
2616,500,37,16.8437115305502,-181.620320855615,1,-1,-1
2616,1500,38,23.4303649850834,-180.620320855615,-1,1,-1
2616,1500,39,17.9456110724658,-179.620320855615,-1,-1,1
2616,1500,40,17.6902602237478,-178.620320855615,-1,-1,-1
2616,1500,41,13.4878731391567,-177.620320855615,-1,-1,-1
2616,1500,42,12.4823213448098,-176.620320855615,-1,-1,-1
2616,1500,43,12.2888819958558,-175.620320855615,-1,-1,-1
2616,1500,44,13.8322174250748,-174.620320855615,-1,-1,-1
2616,1500,45,16.4316297086792,-173.620320855615,-1,-1,-1
2616,1500,46,14.5143384557506,-172.620320855615,-1,-1,-1
2616,1500,47,11.2012721844339,-171.620320855615,-1,-1,-1
2616,1500,48,15.0796354844504,-170.620320855615,-1,-1,-1
2616,500,49,11.5184637954645,-169.620320855615,1,-1,-1
2616,1500,50,22.0423857862671,-168.620320855615,-1,1,-1
2616,500,51,13.472994916554,-167.620320855615,1,-1,1
2616,1500,52,16.6680541301707,-166.620320855615,-1,1,-1
2616,1500,53,16.4278501866383,-165.620320855615,-1,-1,1
2616,1500,54,14.5229775123858,-164.620320855615,-1,-1,-1
2616,1500,55,10.6541599509263,-163.620320855615,-1,-1,-1
2616,1500,56,8.79337358881628,-162.620320855615,-1,-1,-1
2616,500,57,12.1454956719772,-161.620320855615,1,-1,-1
2616,1500,58,16.614959389649,-160.620320855615,-1,1,-1
2616,500,59,17.8491798549043,-159.620320855615,1,-1,1
2616,1500,61,23.6468151806071,-157.620320855615,-1,1,1
2616,500,62,17.4506085918935,-156.620320855615,1,-1,1
2616,1500,63,22.780585923383,-155.620320855615,-1,1,-1
2616,1500,64,17.0818754622416,-154.620320855615,-1,-1,1
2616,1500,65,12.2131247428898,-153.620320855615,-1,-1,-1
2616,1500,66,11.3011849408565,-152.620320855615,-1,-1,-1
2616,500,67,14.4577900100696,-151.620320855615,1,-1,-1
2616,500,68,22.8178482975061,-150.620320855615,1,1,-1
2616,1500,69,28.1127602442119,-149.620320855615,-1,1,1
2616,1500,70,21.7370541612624,-148.620320855615,-1,-1,1
2616,500,71,21.1687102613065,-147.620320855615,1,-1,-1
2616,1500,72,23.7470011569191,-146.620320855615,-1,1,-1
2616,1500,73,18.8806501064181,-145.620320855615,-1,-1,1
2616,1500,74,13.5796522215942,-144.620320855615,-1,-1,-1
2616,1500,75,15.3042079600806,-143.620320855615,-1,-1,-1
2616,1500,76,14.2495141402176,-142.620320855615,-1,-1,-1
2616,500,77,11.5499743263974,-141.620320855615,1,-1,-1
2616,1500,78,20.4869832408283,-140.620320855615,-1,1,-1
2616,500,79,19.641078251916,-139.620320855615,1,-1,1
2616,500,80,28.1684866794135,-138.620320855615,1,1,-1
2616,500,81,28.6135253649695,-137.620320855615,1,1,1
2616,1500,82,21.2153764684276,-136.620320855615,-1,1,1
2616,500,83,19.9212372891106,-135.620320855615,1,-1,1
2616,1500,84,21.036408831346,-134.620320855615,-1,1,-1
2616,1500,85,21.4322961970148,-133.620320855615,-1,-1,1
2616,500,86,23.7229534313049,-132.620320855615,1,-1,-1
2616,1500,87,17.9556907248912,-131.620320855615,-1,1,-1
2616,500,88,28.1192256504444,-130.620320855615,1,-1,1
2616,1500,89,24.6107576770293,-129.620320855615,-1,1,-1
2616,500,90,23.7193933482808,-128.620320855615,1,-1,1
2616,500,91,26.7509529460881,-127.620320855615,1,1,-1
2616,1500,92,18.4246371793739,-126.620320855615,-1,1,1
2616,1500,93,18.1776573019281,-125.620320855615,-1,-1,1
2616,500,94,20.920299981667,-124.620320855615,1,-1,-1
2616,1500,95,19.6385706888576,-123.620320855615,-1,1,-1
2616,500,96,22.9380221408925,-122.620320855615,1,-1,1
2616,500,97,24.1083014184342,-121.620320855615,1,1,-1
2616,500,98,23.0298262055905,-120.620320855615,1,1,1
2616,1500,99,21.0709245690448,-119.620320855615,-1,1,1
2616,500,100,26.1165155128358,-118.620320855615,1,-1,1
2616,500,101,20.5972546451908,-117.620320855615,1,1,-1
2616,500,102,26.9109033134842,-116.620320855615,1,1,1
2616,1500,103,25.505516647842,-115.620320855615,-1,1,1
2616,1500,104,25.1431156060739,-114.620320855615,-1,-1,1
2616,500,105,21.1707724658919,-113.620320855615,1,-1,-1
2616,500,107,27.115411834254,-111.620320855615,1,-1,1
2616,1500,108,20.0350662332097,-110.620320855615,-1,1,-1
2616,1500,109,15.3012701799113,-109.620320855615,-1,-1,1
2616,1500,110,17.1005321088782,-108.620320855615,-1,-1,-1
2616,500,111,19.2645451115499,-107.620320855615,1,-1,-1
2616,500,112,22.0524168737471,-106.620320855615,1,1,-1
2616,500,113,21.3480651664485,-105.620320855615,1,1,1
2616,500,114,24.3483692159497,-104.620320855615,1,1,1
2616,1500,115,26.811509505333,-103.620320855615,-1,1,1
2616,500,116,19.5579126164345,-102.620320855615,1,-1,1
2616,1500,117,20.8999342301907,-101.620320855615,-1,1,-1
2616,1500,118,14.4942148462203,-100.620320855615,-1,-1,1
2616,1500,119,14.4948811206843,-99.620320855615,-1,-1,-1
2616,1500,120,11.7530410161688,-98.620320855615,-1,-1,-1
2616,1500,121,16.8451705702265,-97.620320855615,-1,-1,-1
2616,500,122,15.3861704394381,-96.620320855615,1,-1,-1
2616,500,123,24.1423087086655,-95.620320855615,1,1,-1
2616,1500,124,27.475361914142,-94.620320855615,-1,1,1
2616,500,125,23.4047584277274,-93.620320855615,1,-1,1
2616,1500,126,24.00442808441,-92.620320855615,-1,1,-1
2616,1500,127,22.1120996089862,-91.620320855615,-1,-1,1
2616,1500,128,20.8664917435915,-90.620320855615,-1,-1,-1
2616,1500,129,18.9118533048277,-89.620320855615,-1,-1,-1
2616,1500,130,16.7952119216674,-88.620320855615,-1,-1,-1
2616,1500,131,12.932837692284,-87.620320855615,-1,-1,-1
2616,500,132,19.753732819625,-86.620320855615,1,-1,-1
2616,1500,133,23.7012668127919,-85.620320855615,-1,1,-1
2616,1500,134,17.8496911786476,-84.620320855615,-1,-1,1
2616,500,135,19.6844196581133,-83.620320855615,1,-1,-1
2616,500,136,24.4487370028554,-82.620320855615,1,1,-1
2616,1500,137,21.1800354473658,-81.620320855615,-1,1,1
2616,500,138,21.1289944988032,-80.620320855615,1,-1,1
2616,500,139,24.2149682670821,-79.620320855615,1,1,-1
2616,500,140,25.447311446626,-78.620320855615,1,1,1
2616,1500,141,26.7812786203073,-77.620320855615,-1,1,1
2616,500,142,23.8979061637321,-76.620320855615,1,-1,1
2616,500,143,26.0438938797989,-75.620320855615,1,1,-1
2616,500,144,27.6939894285292,-74.620320855615,1,1,1
2616,1500,145,17.5207691384045,-73.620320855615,-1,1,1
2616,500,146,25.5088409931269,-72.620320855615,1,-1,1
2616,500,147,22.4711926252376,-71.620320855615,1,1,-1
2616,500,148,24.4918604281491,-70.620320855615,1,1,1
2616,1500,149,22.5439057820046,-69.620320855615,-1,1,1
2616,1500,150,14.2708134973963,-68.620320855615,-1,-1,1
2616,500,151,26.0058256136317,-67.620320855615,1,-1,-1
2616,500,152,26.1899448267892,-66.620320855615,1,1,-1
2616,1500,153,22.4501440413725,-65.620320855615,-1,1,1
2616,1500,154,17.813754655282,-64.620320855615,-1,-1,1
2616,1500,155,16.9369686394263,-63.620320855615,-1,-1,-1
2616,500,156,17.7465997416416,-62.620320855615,1,-1,-1
2616,500,157,24.1951879333347,-61.620320855615,1,1,-1
2616,500,158,24.1266537054542,-60.620320855615,1,1,1
2616,500,159,24.2210865375431,-59.620320855615,1,1,1
2616,1500,160,20.8518352142653,-58.620320855615,-1,1,1
2616,500,161,13.6739632008511,-57.620320855615,1,-1,1
2616,500,162,20.1730359767263,-56.620320855615,1,1,-1
2616,1500,163,17.0446041940798,-55.620320855615,-1,1,1
2616,1500,164,14.5746646548415,-54.620320855615,-1,-1,1
2616,1500,165,13.900304993363,-53.620320855615,-1,-1,-1
2616,500,166,20.4231495751465,-52.620320855615,1,-1,-1
2616,1500,168,14.8309084897931,-50.620320855615,-1,-1,1
2616,500,169,14.691591833663,-49.620320855615,1,-1,-1
2616,500,170,21.0061007572605,-48.620320855615,1,1,-1
2616,500,171,22.4523861228561,-47.620320855615,1,1,1
2616,500,172,20.4821561771099,-46.620320855615,1,1,1
2616,500,173,24.9134158575832,-45.620320855615,1,1,1
2616,1500,174,19.521664747792,-44.620320855615,-1,1,1
2616,1500,175,18.2424317825115,-43.620320855615,-1,-1,1
2616,1500,176,15.288082939107,-42.620320855615,-1,-1,-1
2616,1500,177,19.1107356963118,-41.620320855615,-1,-1,-1
2616,1500,178,20.7112826795419,-40.620320855615,-1,-1,-1
2616,1500,179,17.0799593326558,-39.620320855615,-1,-1,-1
2616,500,180,15.9305630159715,-38.620320855615,1,-1,-1
2616,500,181,22.2518480057281,-37.620320855615,1,1,-1
2616,1500,182,23.1969749462949,-36.620320855615,-1,1,1
2616,500,183,19.6545066279115,-35.620320855615,1,-1,1
2616,1500,184,25.2378830942226,-34.620320855615,-1,1,-1
2616,1500,185,12.5470435217183,-33.620320855615,-1,-1,1
2616,500,186,18.5552764772668,-32.620320855615,1,-1,-1
2616,500,187,25.6529506168317,-31.620320855615,1,1,-1
2616,500,188,17.0766606212052,-30.620320855615,1,1,1
2616,500,189,20.4045315054397,-29.620320855615,1,1,1
2616,500,191,11.9941282282464,-27.620320855615,1,-1,1
2616,500,192,20.2055937009087,-26.620320855615,1,1,-1
2616,500,193,17.5204999166133,-25.620320855615,1,1,1
2616,500,194,17.9421179162081,-24.620320855615,1,1,1
2616,500,195,22.8568673959516,-23.620320855615,1,1,1
2616,1500,196,18.9055840076017,-22.620320855615,-1,1,1
2616,500,197,18.0113793549065,-21.620320855615,1,-1,1
2616,500,198,24.9154423594209,-20.620320855615,1,1,-1
2616,500,199,22.1376645590842,-19.620320855615,1,1,1
2616,1500,200,22.1312814459176,-18.620320855615,-1,1,1
2616,1500,201,12.1525310986931,-17.620320855615,-1,-1,1
2616,1500,202,10.1541795731007,-16.620320855615,-1,-1,-1
2616,1500,203,8.49982154437028,-15.620320855615,-1,-1,-1
2616,500,204,20.452944578157,-14.620320855615,1,-1,-1
2616,500,205,23.083149419421,-13.620320855615,1,1,-1
2616,500,206,18.7742029430177,-12.620320855615,1,1,1
2616,1500,207,18.606028860187,-11.620320855615,-1,1,1
2616,500,208,17.1856037452035,-10.620320855615,1,-1,1
2616,500,209,16.6656492521679,-9.62032085561498,1,1,-1
2616,500,210,12.8981097848375,-8.62032085561498,1,1,1
2616,500,211,12.7938184997352,-7.62032085561498,1,1,1
2616,1500,212,10.9843327678913,-6.62032085561498,-1,1,1
2616,1500,213,10.3146101448904,-5.62032085561498,-1,-1,1
2616,1500,214,9.40705780087588,-4.62032085561498,-1,-1,-1
2616,1500,215,8.56896826242018,-3.62032085561498,-1,-1,-1
2616,500,216,8.84229097969495,-2.62032085561498,1,-1,-1
2616,500,217,12.6054263871583,-1.62032085561498,1,1,-1
2616,1500,218,7.96662964256535,-0.620320855614978,-1,1,1
2616,500,219,8.2730400135735,0.379679144385022,1,-1,1
2616,500,220,10.1223140668016,1.37967914438502,1,1,-1
2616,1500,221,7.78670921720166,2.37967914438502,-1,1,1
2616,1500,222,4.72515624698554,3.37967914438502,-1,-1,1
2616,1500,223,12.7195705322656,4.37967914438502,-1,-1,-1
2616,1500,224,6.8805210833707,5.37967914438502,-1,-1,-1
2616,500,225,8.41693627195454,6.37967914438502,1,-1,-1
2616,500,226,17.1724351724016,7.37967914438502,1,1,-1
2616,500,227,16.7725635585783,8.37967914438502,1,1,1
2616,500,228,20.3217114381613,9.37967914438502,1,1,1
2616,500,229,14.7816824495849,10.379679144385,1,1,1
2616,500,230,15.6676335567815,11.379679144385,1,1,1
2616,500,231,16.2554761897381,12.379679144385,1,1,1
2616,1500,232,5.01299983992631,13.379679144385,-1,1,1
2616,1500,233,10.1804420890848,14.379679144385,-1,-1,1
2616,500,234,17.0912562392928,15.379679144385,1,-1,-1
2616,500,235,23.0322263860297,16.379679144385,1,1,-1
2616,500,236,16.6925501111642,17.379679144385,1,1,1
2616,1500,237,16.2922418018631,18.379679144385,-1,1,1
2616,500,238,11.7911171564459,19.379679144385,1,-1,1
2616,500,239,15.1772624027548,20.379679144385,1,1,-1
2616,1500,240,12.9166923549319,21.379679144385,-1,1,1
2616,500,241,17.3399835898267,22.379679144385,1,-1,1
2616,500,242,16.9704341286798,23.379679144385,1,1,-1
2616,500,243,16.8777844926802,24.379679144385,1,1,1
2616,500,244,18.7680988969867,25.379679144385,1,1,1
2616,500,245,19.9577935148075,26.379679144385,1,1,1
2616,1500,246,18.0718958857333,27.379679144385,-1,1,1
2616,500,247,14.3497654395482,28.379679144385,1,-1,1
2616,1500,248,18.0252828641286,29.379679144385,-1,1,-1
2616,500,249,14.8372571215956,30.379679144385,1,-1,1
2616,1500,250,13.0756276712252,31.379679144385,-1,1,-1
2616,1500,251,10.1472897392197,32.379679144385,-1,-1,1
2616,1500,252,14.4920724910762,33.379679144385,-1,-1,-1
2616,500,253,17.6764422631603,34.379679144385,1,-1,-1
2616,1500,254,19.323016312839,35.379679144385,-1,1,-1
2616,1500,255,20.1067328510753,36.379679144385,-1,-1,1
2616,1500,256,15.6438301896553,37.379679144385,-1,-1,-1
2616,500,257,18.2573189073667,38.379679144385,1,-1,-1
2616,1500,258,20.2532134477066,39.379679144385,-1,1,-1
2616,1500,259,11.7217504697175,40.379679144385,-1,-1,1
2616,1500,260,18.3011226479674,41.379679144385,-1,-1,-1
2616,500,261,23.133295394449,42.379679144385,1,-1,-1
2616,1500,262,19.1449473305393,43.379679144385,-1,1,-1
2616,500,264,24.3423496422588,45.379679144385,1,1,-1
2616,1500,265,21.893116176073,46.379679144385,-1,1,1
2616,1500,266,17.0816471054476,47.379679144385,-1,-1,1
2616,500,267,28.3072529942299,48.379679144385,1,-1,-1
2616,1500,268,19.6678174154699,49.379679144385,-1,1,-1
2616,1500,269,28.0507775249347,50.379679144385,-1,-1,1
2616,1500,270,22.535731448653,51.379679144385,-1,-1,-1
2616,500,271,19.1740248257623,52.379679144385,1,-1,-1
2616,1500,272,15.2777371552241,53.379679144385,-1,1,-1
2616,500,273,26.4475908980585,54.379679144385,1,-1,1
2616,1500,274,24.3027797030971,55.379679144385,-1,1,-1
2616,1500,275,23.207147482581,56.379679144385,-1,-1,1
2616,1500,276,20.3491927316667,57.379679144385,-1,-1,-1
2616,500,277,25.0472336159571,58.379679144385,1,-1,-1
2616,500,278,25.4178706699401,59.379679144385,1,1,-1
2616,1500,279,23.9209853964511,60.379679144385,-1,1,1
2616,1500,281,19.312079088458,62.379679144385,-1,-1,-1
2616,500,282,26.4155840942959,63.379679144385,1,-1,-1
2616,1500,283,25.0708480562989,64.379679144385,-1,1,-1
2616,1500,284,26.729601141373,65.379679144385,-1,-1,1
2616,500,285,26.1835625162519,66.379679144385,1,-1,-1
2616,500,287,18.7348366513755,68.379679144385,1,1,1
2616,1500,288,26.4016419472444,69.379679144385,-1,1,1
2616,1500,289,16.5927462243046,70.379679144385,-1,-1,1
2616,500,290,21.5418461323402,71.379679144385,1,-1,-1
2616,500,291,27.3366048804642,72.379679144385,1,1,-1
2616,500,292,24.0233180462666,73.379679144385,1,1,1
2616,500,293,28.3534564978925,74.379679144385,1,1,1
2616,1500,294,17.9390766564868,75.379679144385,-1,1,1
2616,500,295,23.0566836147698,76.379679144385,1,-1,1
2616,1500,296,18.2128806588241,77.379679144385,-1,1,-1
2616,1500,297,17.5140759782542,78.379679144385,-1,-1,1
2616,500,298,22.0829231629684,79.379679144385,1,-1,-1
2616,1500,299,15.4760913673125,80.379679144385,-1,1,-1
2616,500,300,21.9162770039239,81.379679144385,1,-1,1
2616,500,302,28.0668803273743,83.379679144385,1,1,1
2616,1500,303,23.9610602284262,84.379679144385,-1,1,1
2616,1500,304,16.009100067044,85.379679144385,-1,-1,1
2616,500,305,19.7807452274049,86.379679144385,1,-1,-1
2616,1500,306,17.1486369696288,87.379679144385,-1,1,-1
2616,500,307,27.9329437621131,88.379679144385,1,-1,1
2616,500,308,28.3667821709859,89.379679144385,1,1,-1
2616,500,309,26.06568645299,90.379679144385,1,1,1
2616,500,310,28.3701409272802,91.379679144385,1,1,1
2616,1500,313,23.1888900294409,94.379679144385,-1,1,1
2616,1500,314,20.9268112391386,95.379679144385,-1,-1,1
2616,500,315,22.9912477907935,96.379679144385,1,-1,-1
2616,1500,316,28.3781739576658,97.379679144385,-1,1,-1
2616,500,317,22.262861806586,98.379679144385,1,-1,1
2616,500,318,28.3295711524541,99.379679144385,1,1,-1
2616,500,320,18.6368652255124,101.379679144385,1,1,1
2616,500,321,23.9046727038671,102.379679144385,1,1,1
2616,500,322,26.3808920126228,103.379679144385,1,1,1
2616,1500,323,23.979444135412,104.379679144385,-1,1,1
2616,500,324,24.7862924299491,105.379679144385,1,-1,1
2616,500,325,25.3685305515376,106.379679144385,1,1,-1
2616,500,326,22.4539651398817,107.379679144385,1,1,1
2616,1500,327,19.631960292489,108.379679144385,-1,1,1
2616,1500,329,19.6597802366888,110.379679144385,-1,1,-1
2616,500,330,23.1007818650088,111.379679144385,1,-1,1
2616,1500,333,22.2881706396166,114.379679144385,-1,-1,1
2616,1500,334,16.2534655243413,115.379679144385,-1,-1,-1
2616,500,335,18.1509642770003,116.379679144385,1,-1,-1
2616,500,336,16.4705131590044,117.379679144385,1,1,-1
2616,500,337,19.9523082002866,118.379679144385,1,1,1
2616,500,338,25.4499430478723,119.379679144385,1,1,1
2616,500,339,27.7669254484029,120.379679144385,1,1,1
2616,500,340,22.5126922803727,121.379679144385,1,1,1
2616,1500,341,21.1568223914767,122.379679144385,-1,1,1
2616,500,342,22.0048158394383,123.379679144385,1,-1,1
2616,1500,343,21.0811616167603,124.379679144385,-1,1,-1
2616,1500,344,17.94656381125,125.379679144385,-1,-1,1
2616,1500,345,16.2689050783807,126.379679144385,-1,-1,-1
2616,1500,346,17.0611316097515,127.379679144385,-1,-1,-1
2616,500,347,19.2226907399561,128.379679144385,1,-1,-1
2616,500,348,21.670000287748,129.379679144385,1,1,-1
2616,500,349,19.6195632900667,130.379679144385,1,1,1
2616,1500,350,14.6783033172858,131.379679144385,-1,1,1
2616,1500,351,16.3554414224821,132.379679144385,-1,-1,1
2616,1500,352,16.5371579501333,133.379679144385,-1,-1,-1
2616,1500,353,10.0079267869281,134.379679144385,-1,-1,-1
2616,500,354,16.530285746596,135.379679144385,1,-1,-1
2616,1500,355,12.4953451191705,136.379679144385,-1,1,-1
2616,1500,356,14.5972084775536,137.379679144385,-1,-1,1
2616,500,357,11.9133121799862,138.379679144385,1,-1,-1
2616,1500,359,19.7669332899112,140.379679144385,-1,-1,1
2616,500,360,15.0789359796366,141.379679144385,1,-1,-1
2616,1500,361,15.3916581433315,142.379679144385,-1,1,-1
2616,1500,362,18.1424999673794,143.379679144385,-1,-1,1
2616,500,363,20.2667111718998,144.379679144385,1,-1,-1
2616,1500,364,21.2147917018324,145.379679144385,-1,1,-1
2616,500,365,24.9833533136113,146.379679144385,1,-1,1
2616,1500,366,21.458593768456,147.379679144385,-1,1,-1
2616,500,367,22.1134528219635,148.379679144385,1,-1,1
2616,500,368,18.2158617701842,149.379679144385,1,1,-1
2616,500,369,22.4688250682816,150.379679144385,1,1,1
2616,500,370,22.8117927291337,151.379679144385,1,1,1
2616,500,371,26.1607353288384,152.379679144385,1,1,1
2616,500,372,21.4978666149823,153.379679144385,1,1,1
2616,1500,373,16.7414303554282,154.379679144385,-1,1,1
2616,1500,374,16.4810814927177,155.379679144385,-1,-1,1
2616,500,375,18.8251001342958,156.379679144385,1,-1,-1
2616,1500,377,20.7088572359602,158.379679144385,-1,1,1
2616,1500,378,12.1332380523185,159.379679144385,-1,-1,1
2616,1500,379,15.3865737997792,160.379679144385,-1,-1,-1
2616,500,380,16.8135711407023,161.379679144385,1,-1,-1
2616,1500,381,14.778626960278,162.379679144385,-1,1,-1
2616,1500,382,15.8995961204579,163.379679144385,-1,-1,1
2616,500,384,28.0988063023248,165.379679144385,1,-1,-1
2616,1500,385,17.6861513241567,166.379679144385,-1,1,-1
2616,500,386,26.4657870482501,167.379679144385,1,-1,1
2616,1500,387,20.1477438027503,168.379679144385,-1,1,-1
2616,500,388,22.5394556947713,169.379679144385,1,-1,1
2616,1500,390,15.8735472441051,171.379679144385,-1,-1,1
2616,500,391,17.3295095432178,172.379679144385,1,-1,-1
2616,1500,392,17.0738978563647,173.379679144385,-1,1,-1
2616,500,393,19.525974502175,174.379679144385,1,-1,1
2616,1500,394,16.6846689917293,175.379679144385,-1,1,-1
2616,500,395,22.7455801462234,176.379679144385,1,-1,1
2616,1500,396,22.9633442627811,177.379679144385,-1,1,-1
2616,500,398,27.2409634591261,179.379679144385,1,1,-1
2616,1500,399,21.1906784315729,180.379679144385,-1,1,1
2616,500,400,23.4151842871462,181.379679144385,1,-1,1
2616,1500,401,23.2602323427871,182.379679144385,-1,1,-1
2616,500,402,24.6587241167399,183.379679144385,1,-1,1
2616,1500,403,21.1582804649948,184.379679144385,-1,1,-1
2616,1500,404,20.4745873690822,185.379679144385,-1,-1,1
2616,500,405,28.4517096708512,186.379679144385,1,-1,-1
2616,1500,407,25.815117212023,188.379679144385,-1,-1,1
2616,500,408,20.8322886619972,189.379679144385,1,-1,-1
2616,1500,409,19.4691462925659,190.379679144385,-1,1,-1
2616,500,410,21.2274933384803,191.379679144385,1,-1,1
2616,1500,411,22.7026384231583,192.379679144385,-1,1,-1
2616,1500,412,23.0766488403897,193.379679144385,-1,-1,1
2616,500,413,25.0423941774213,194.379679144385,1,-1,-1
2616,1500,415,23.9238634162355,196.379679144385,-1,1,1
2616,500,416,25.6266659195753,197.379679144385,1,-1,1
2616,500,417,26.6866526605228,198.379679144385,1,1,-1
2616,1500,418,20.6604023165311,199.379679144385,-1,1,1
2616,1500,419,16.6477672224141,200.379679144385,-1,-1,1
2616,500,420,20.8304245253251,201.379679144385,1,-1,-1
2620,1500,23,2.84706643022452,-200.511936339523,-1,1,-1
2620,1500,24,-0.597247833689095,-199.511936339523,-1,-1,1
2620,500,25,-1.72070824134798,-198.511936339523,1,-1,-1
2620,1500,26,4.94658680372481,-197.511936339523,-1,1,-1
2620,1500,27,-1.38307731899001,-196.511936339523,-1,-1,1
2620,1500,28,-7.63992779560921,-195.511936339523,-1,-1,-1
2620,500,29,-6.37214661020533,-194.511936339523,1,-1,-1
2620,1500,30,-5.68034375198003,-193.511936339523,-1,1,-1
2620,500,31,-3.30293991644172,-192.511936339523,1,-1,1
2620,500,32,-1.58849517090091,-191.511936339523,1,1,-1
2620,500,33,-5.49773935704864,-190.511936339523,1,1,1
2620,1500,34,0.267958245032705,-189.511936339523,-1,1,1
2620,500,35,-3.02481809895128,-188.511936339523,1,-1,1
2620,1500,36,2.25857147549802,-187.511936339523,-1,1,-1
2620,1500,37,-1.14014989779645,-186.511936339523,-1,-1,1
2620,500,38,-5.3654498897175,-185.511936339523,1,-1,-1
2620,500,39,-5.82243183923838,-184.511936339523,1,1,-1
2620,1500,40,1.63764759948495,-183.511936339523,-1,1,1
2620,1500,41,-4.22120322379434,-182.511936339523,-1,-1,1
2620,500,42,4.25671472833888,-181.511936339523,1,-1,-1
2620,500,43,1.50160851486579,-180.511936339523,1,1,-1
2620,1500,44,0.0326535739417351,-179.511936339523,-1,1,1
2620,1500,45,0.325439011843945,-178.511936339523,-1,-1,1
2620,1500,46,-2.6365324904705,-177.511936339523,-1,-1,-1
2620,500,47,-1.93991986049342,-176.511936339523,1,-1,-1
2620,1500,48,-1.19570044360514,-175.511936339523,-1,1,-1
2620,1500,49,-14.2011102024232,-174.511936339523,-1,-1,1
2620,1500,51,-12.4896600118266,-172.511936339523,-1,-1,-1
2620,1500,52,-14.3987014696206,-171.511936339523,-1,-1,-1
2620,1500,53,-13.2415945029002,-170.511936339523,-1,-1,-1
2620,500,56,-20.2665964272607,-167.511936339523,1,-1,-1
2620,1500,57,-10.3075548534435,-166.511936339523,-1,1,-1
2620,500,58,-9.53036235577694,-165.511936339523,1,-1,1
2620,1500,60,-4.6108848666052,-163.511936339523,-1,-1,1
2620,1500,61,4.28437615410959,-162.511936339523,-1,-1,-1
2620,1500,62,-2.93670196048617,-161.511936339523,-1,-1,-1
2620,1500,63,-7.35558750582376,-160.511936339523,-1,-1,-1
2620,500,64,-1.66797722331578,-159.511936339523,1,-1,-1
2620,1500,65,7.83371951778044,-158.511936339523,-1,1,-1
2620,1500,66,1.15193624532639,-157.511936339523,-1,-1,1
2620,1500,67,-3.34142586113571,-156.511936339523,-1,-1,-1
2620,500,68,-1.43643308476925,-155.511936339523,1,-1,-1
2620,1500,69,5.20715187206918,-154.511936339523,-1,1,-1
2620,1500,70,1.85558742539201,-153.511936339523,-1,-1,1
2620,1500,71,-2.79720715748525,-152.511936339523,-1,-1,-1
2620,1500,72,-6.3145190803721,-151.511936339523,-1,-1,-1
2620,500,73,-5.27034117849004,-150.511936339523,1,-1,-1
2620,1500,74,4.1029705941915,-149.511936339523,-1,1,-1
2620,500,75,-4.44362340210729,-148.511936339523,1,-1,1
2620,500,76,13.3589655028928,-147.511936339523,1,1,-1
2620,500,77,15.7964852781327,-146.511936339523,1,1,1
2620,1500,78,12.9366252735749,-145.511936339523,-1,1,1
2620,500,79,12.8555580764052,-144.511936339523,1,-1,1
2620,500,80,11.6774925694949,-143.511936339523,1,1,-1
2620,500,81,9.66986778232686,-142.511936339523,1,1,1
2620,1500,82,12.3154068892901,-141.511936339523,-1,1,1
2620,1500,83,8.18705798660783,-140.511936339523,-1,-1,1
2620,500,84,9.52454190751046,-139.511936339523,1,-1,-1
2620,500,85,17.2416617830515,-138.511936339523,1,1,-1
2620,500,86,11.9835909611407,-137.511936339523,1,1,1
2620,500,87,17.7864728371757,-136.511936339523,1,1,1
2620,1500,88,22.7818339134815,-135.511936339523,-1,1,1
2620,500,89,16.4408427865881,-134.511936339523,1,-1,1
2620,1500,91,20.6774033071022,-132.511936339523,-1,1,1
2620,500,92,16.8026684335892,-131.511936339523,1,-1,1
2620,500,93,23.6191151790208,-130.511936339523,1,1,-1
2620,500,95,19.1769398332083,-128.511936339523,1,1,1
2620,1500,96,26.6989819386461,-127.511936339523,-1,1,1
2620,500,97,14.9240825898319,-126.511936339523,1,-1,1
2620,500,98,21.6936115018242,-125.511936339523,1,1,-1
2620,1500,99,23.4399295926249,-124.511936339523,-1,1,1
2620,1500,100,12.3798024445502,-123.511936339523,-1,-1,1
2620,500,101,23.6252658081758,-122.511936339523,1,-1,-1
2620,500,102,20.164251230264,-121.511936339523,1,1,-1
2620,500,104,23.3649980588791,-119.511936339523,1,-1,1
2620,500,105,24.1655092661017,-118.511936339523,1,1,-1
2620,500,109,15.8025965107198,-114.511936339523,1,-1,1
2620,1500,110,14.7485955489898,-113.511936339523,-1,1,-1
2620,1500,111,6.98682084761548,-112.511936339523,-1,-1,1
2620,1500,112,7.34296695310431,-111.511936339523,-1,-1,-1
2620,500,113,1.51867615129572,-110.511936339523,1,-1,-1
2620,1500,114,8.50349031683726,-109.511936339523,-1,1,-1
2620,500,115,4.70456788198014,-108.511936339523,1,-1,1
2620,500,116,12.8549281632134,-107.511936339523,1,1,-1
2620,1500,117,13.9698529215798,-106.511936339523,-1,1,1
2620,1500,118,7.8861838348382,-105.511936339523,-1,-1,1
2620,1500,119,6.70502938318664,-104.511936339523,-1,-1,-1
2620,500,120,-7.81077914549734,-103.511936339523,1,-1,-1
2620,500,121,5.15552653392795,-102.511936339523,1,1,-1
2620,1500,122,5.24038982829449,-101.511936339523,-1,1,1
2620,1500,123,2.7900963790072,-100.511936339523,-1,-1,1
2620,1500,124,-1.36189099047321,-99.5119363395225,-1,-1,-1
2620,500,125,2.07566752566085,-98.5119363395225,1,-1,-1
2620,500,126,2.14611453412506,-97.5119363395225,1,1,-1
2620,1500,127,9.661590985433,-96.5119363395225,-1,1,1
2620,1500,128,2.34489694236885,-95.5119363395225,-1,-1,1
2620,500,129,8.89227056183265,-94.5119363395225,1,-1,-1
2620,1500,130,9.4858715835686,-93.5119363395225,-1,1,-1
2620,1500,131,7.23956390635816,-92.5119363395225,-1,-1,1
2620,500,132,-1.82245364825969,-91.5119363395225,1,-1,-1
2620,1500,133,10.303415193049,-90.5119363395225,-1,1,-1
2620,500,134,8.93920968114936,-89.5119363395225,1,-1,1
2620,500,135,6.25039155314425,-88.5119363395225,1,1,-1
2620,1500,136,4.6619305807189,-87.5119363395225,-1,1,1
2620,500,137,3.85064782270125,-86.5119363395225,1,-1,1
2620,500,138,13.9402500255219,-85.5119363395225,1,1,-1
2620,1500,139,4.69164590710504,-84.5119363395225,-1,1,1
2620,500,140,7.32531185142916,-83.5119363395225,1,-1,1
2620,1500,141,15.5511331512767,-82.5119363395225,-1,1,-1
2620,1500,142,4.62404826383274,-81.5119363395225,-1,-1,1
2620,500,143,1.79166980257322,-80.5119363395225,1,-1,-1
2620,1500,144,4.10600768322923,-79.5119363395225,-1,1,-1
2620,1500,145,6.09637977374256,-78.5119363395225,-1,-1,1
2620,500,146,-3.66449214905628,-77.5119363395225,1,-1,-1
2620,500,147,-3.26776232525904,-76.5119363395225,1,1,-1
2620,1500,148,7.35806658622042,-75.5119363395225,-1,1,1
2620,1500,149,-3.22580921525063,-74.5119363395225,-1,-1,1
2620,1500,150,3.27764625860987,-73.5119363395225,-1,-1,-1
2620,500,151,-5.24328727775162,-72.5119363395225,1,-1,-1
2620,500,152,-5.57430587259571,-71.5119363395225,1,1,-1
2620,1500,153,-3.39915498842269,-70.5119363395225,-1,1,1
2620,500,154,-7.85178942727113,-69.5119363395225,1,-1,1
2620,1500,155,-6.76880204969826,-68.5119363395225,-1,1,-1
2620,500,156,-4.9252327331613,-67.5119363395225,1,-1,1
2620,500,157,-1.76692409277256,-66.5119363395225,1,1,-1
2620,500,158,3.98970371298415,-65.5119363395225,1,1,1
2620,1500,159,-0.0262975156575851,-64.5119363395225,-1,1,1
2620,1500,160,-5.48464038146811,-63.5119363395225,-1,-1,1
2620,500,161,-9.81339085946441,-62.5119363395225,1,-1,-1
2620,500,162,-3.12869714176008,-61.5119363395225,1,1,-1
2620,1500,163,0.258815391722235,-60.5119363395225,-1,1,1
2620,500,164,-6.44447370090962,-59.5119363395225,1,-1,1
2620,500,165,-4.45962268146639,-58.5119363395225,1,1,-1
2620,500,166,-3.32199733100831,-57.5119363395225,1,1,1
2620,1500,167,1.29758931201766,-56.5119363395225,-1,1,1
2620,500,168,-1.59165902873881,-55.5119363395225,1,-1,1
2620,1500,169,-1.94722885903228,-54.5119363395225,-1,1,-1
2620,1500,170,-5.5855768620072,-53.5119363395225,-1,-1,1
2620,1500,171,-5.31923571486599,-52.5119363395225,-1,-1,-1
2620,500,172,-6.42237593376983,-51.5119363395225,1,-1,-1
2620,500,174,-3.44413170044885,-49.5119363395225,1,-1,1
2620,500,176,-2.33229495093993,-47.5119363395225,1,-1,1
2620,500,177,3.13827060483527,-46.5119363395225,1,1,-1
2620,500,178,-2.46164013861996,-45.5119363395225,1,1,1
2620,500,179,-0.0454398596975847,-44.5119363395225,1,1,1
2620,500,180,3.1337419498633,-43.5119363395225,1,1,1
2620,500,181,1.04325480796971,-42.5119363395225,1,1,1
2620,1500,183,-6.28119390383666,-40.5119363395225,-1,-1,1
2620,500,184,-11.1982808045836,-39.5119363395225,1,-1,-1
2620,1500,185,-5.9301574341385,-38.5119363395225,-1,1,-1
2620,500,186,1.70354519400868,-37.5119363395225,1,-1,1
2620,500,187,4.64571051499423,-36.5119363395225,1,1,-1
2620,500,188,-0.431870555444084,-35.5119363395225,1,1,1
2620,1500,189,4.26826205795959,-34.5119363395225,-1,1,1
2620,500,190,-5.38265623857733,-33.5119363395225,1,-1,1
2620,1500,191,-6.03203106663024,-32.5119363395225,-1,1,-1
2620,500,192,-2.19897533383807,-31.5119363395225,1,-1,1
2620,500,193,5.12547019756738,-30.5119363395225,1,1,-1
2620,1500,194,9.3631103099534,-29.5119363395225,-1,1,1
2620,1500,195,3.14413815264115,-28.5119363395225,-1,-1,1
2620,500,196,-4.43475333677731,-27.5119363395225,1,-1,-1
2620,500,197,5.09679928629497,-26.5119363395225,1,1,-1
2620,1500,198,0.851209057325045,-25.5119363395225,-1,1,1
2620,1500,199,-2.97726827256571,-24.5119363395225,-1,-1,1
2620,500,200,0.385021391889266,-23.5119363395225,1,-1,-1
2620,500,201,5.11403963425719,-22.5119363395225,1,1,-1
2620,1500,202,6.58385548941997,-21.5119363395225,-1,1,1
2620,500,203,4.49318849473996,-20.5119363395225,1,-1,1
2620,1500,204,-2.38144149300318,-19.5119363395225,-1,1,-1
2620,500,205,-7.79107095156163,-18.5119363395225,1,-1,1
2620,1500,206,-3.54157508771319,-17.5119363395225,-1,1,-1
2620,1500,207,-3.01946307508311,-16.5119363395225,-1,-1,1
2620,500,208,-5.24853198351003,-15.5119363395225,1,-1,-1
2620,1500,209,-1.53310304609207,-14.5119363395225,-1,1,-1
2620,500,210,6.60624607436066,-13.5119363395225,1,-1,1
2620,500,211,3.50308722277754,-12.5119363395225,1,1,-1
2620,1500,212,6.41521509483464,-11.5119363395225,-1,1,1
2620,1500,213,1.54014157253512,-10.5119363395225,-1,-1,1
2620,500,214,0.691488945917295,-9.51193633952255,1,-1,-1
2620,500,215,6.8020903819502,-8.51193633952255,1,1,-1
2620,500,216,4.21013049847635,-7.51193633952255,1,1,1
2620,1500,217,5.22507846255655,-6.51193633952255,-1,1,1
2620,500,218,-4.76172343076485,-5.51193633952255,1,-1,1
2620,500,219,0.120763741294395,-4.51193633952255,1,1,-1
2620,500,221,5.50712112088621,-2.51193633952255,1,-1,1
2620,500,222,6.56921263077827,-1.51193633952255,1,1,-1
2620,1500,223,8.6804205955513,-0.511936339522549,-1,1,1
2620,1500,224,0.756812754934115,0.488063660477451,-1,-1,1
2620,1500,225,-3.06667520239943,1.48806366047745,-1,-1,-1
2620,1500,226,-1.4944587193819,2.48806366047745,-1,-1,-1
2620,1500,227,-2.70983080389605,3.48806366047745,-1,-1,-1
2620,500,228,-1.96836188027336,4.48806366047745,1,-1,-1
2620,1500,229,-4.2551025831384,5.48806366047745,-1,1,-1
2620,500,230,-8.57171258305133,6.48806366047745,1,-1,1
2620,500,231,5.92028747009613,7.48806366047745,1,1,-1
2620,500,232,6.26648323819088,8.48806366047745,1,1,1
2620,500,233,7.62552498604975,9.48806366047745,1,1,1
2620,1500,234,7.18482492150732,10.4880636604775,-1,1,1
2620,1500,235,-2.37819676375102,11.4880636604775,-1,-1,1
2620,1500,236,-1.83289677411557,12.4880636604775,-1,-1,-1
2620,500,237,-7.7244476302928,13.4880636604775,1,-1,-1
2620,1500,238,-1.6134758779965,14.4880636604775,-1,1,-1
2620,1500,239,-13.0915994946977,15.4880636604775,-1,-1,1
2620,500,240,-4.13289588097846,16.4880636604775,1,-1,-1
2620,1500,241,-5.58485333413081,17.4880636604775,-1,1,-1
2620,1500,242,-10.7732173023785,18.4880636604775,-1,-1,1
2620,500,243,2.28945607196963,19.4880636604775,1,-1,-1
2620,1500,244,-8.50726600744344,20.4880636604775,-1,1,-1
2620,1500,245,-11.5966316621428,21.4880636604775,-1,-1,1
2620,500,246,-11.3743204722438,22.4880636604775,1,-1,-1
2620,500,247,-1.13688198365763,23.4880636604775,1,1,-1
2620,1500,248,-14.702976466741,24.4880636604775,-1,1,1
2620,1500,249,-14.3784316908626,25.4880636604775,-1,-1,1
2620,1500,250,-12.0334291630534,26.4880636604775,-1,-1,-1
2620,1500,251,-15.6552403619937,27.4880636604775,-1,-1,-1
2620,500,252,-2.75800010420543,28.4880636604775,1,-1,-1
2620,500,253,5.09291021143964,29.4880636604775,1,1,-1
2620,500,254,3.26455229457776,30.4880636604775,1,1,1
2620,1500,255,4.00210558497774,31.4880636604775,-1,1,1
2620,500,256,5.20173454617925,32.4880636604775,1,-1,1
2620,1500,257,-1.80146243499354,33.4880636604775,-1,1,-1
2620,500,258,-10.9427648854075,34.4880636604775,1,-1,1
2620,1500,259,-1.1389696878709,35.4880636604775,-1,1,-1
2620,1500,260,-0.075159564848835,36.4880636604775,-1,-1,1
2620,500,261,-1.35711769826722,37.4880636604775,1,-1,-1
2620,1500,263,-8.45871036733936,39.4880636604775,-1,-1,1
2620,1500,264,-3.62042453872502,40.4880636604775,-1,-1,-1
2620,500,265,-2.02832209325251,41.4880636604775,1,-1,-1
2620,500,266,6.15596342897607,42.4880636604775,1,1,-1
2620,500,267,1.7802657600007,43.4880636604775,1,1,1
2620,1500,268,8.43798613258872,44.4880636604775,-1,1,1
2620,1500,269,-4.52464446612158,45.4880636604775,-1,-1,1
2620,500,270,-4.24932635373685,46.4880636604775,1,-1,-1
2620,500,271,-0.0999556075486945,47.4880636604775,1,1,-1
2620,500,272,-0.0946658266423048,48.4880636604775,1,1,1
2620,500,273,9.23062036762635,49.4880636604775,1,1,1
2620,500,274,-1.68708535796721,50.4880636604775,1,1,1
2620,500,275,-3.13174419668265,51.4880636604775,1,1,1
2620,1500,276,0.789559568079885,52.4880636604775,-1,1,1
2620,500,277,2.96019649806537,53.4880636604775,1,-1,1
2620,1500,278,2.76820960624336,54.4880636604775,-1,1,-1
2620,1500,279,-0.447193164268485,55.4880636604775,-1,-1,1
2620,500,280,1.53039157726293,56.4880636604775,1,-1,-1
2620,1500,281,1.40252852024263,57.4880636604775,-1,1,-1
2620,1500,282,-3.60710750638765,58.4880636604775,-1,-1,1
2620,500,283,1.01938049034598,59.4880636604775,1,-1,-1
2620,1500,284,0.562579507339675,60.4880636604775,-1,1,-1
2620,1500,285,3.18269869070052,61.4880636604775,-1,-1,1
2620,500,286,-11.5352831526902,62.4880636604775,1,-1,-1
2620,1500,287,-4.49525603870327,63.4880636604775,-1,1,-1
2620,1500,288,-2.69674774103316,64.4880636604775,-1,-1,1
2620,1500,289,-3.79449097885752,65.4880636604775,-1,-1,-1
2620,1500,290,-2.36367035267625,66.4880636604775,-1,-1,-1
2620,1500,291,2.02450692867705,67.4880636604775,-1,-1,-1
2620,500,292,-7.75145035621424,68.4880636604775,1,-1,-1
2620,1500,293,6.19738456194364,69.4880636604775,-1,1,-1
2620,500,294,-4.6268470121292,70.4880636604775,1,-1,1
2620,1500,295,-3.07568327121831,71.4880636604775,-1,1,-1
2620,1500,296,-3.1806241777952,72.4880636604775,-1,-1,1
2620,500,297,-1.23631490917287,73.4880636604775,1,-1,-1
2620,500,298,-4.91658835982264,74.4880636604775,1,1,-1
2620,500,299,6.73489023190042,75.4880636604775,1,1,1
2620,1500,300,2.67004809920207,76.4880636604775,-1,1,1
2620,1500,301,0.283329187881035,77.4880636604775,-1,-1,1
2620,1500,302,-6.62148590128387,78.4880636604775,-1,-1,-1
2620,1500,303,-1.92657779705966,79.4880636604775,-1,-1,-1
2620,500,305,0.551181923536305,81.4880636604775,1,-1,-1
2620,500,308,4.03982833753835,84.4880636604775,1,-1,-1
2620,1500,309,5.25026724978724,85.4880636604775,-1,1,-1
2620,1500,310,-4.58578946001612,86.4880636604775,-1,-1,1
2620,500,311,-4.86943908463958,87.4880636604775,1,-1,-1
2620,1500,312,-3.41803228911574,88.4880636604775,-1,1,-1
2620,500,313,-0.311946595589145,89.4880636604775,1,-1,1
2620,500,314,0.488640441643295,90.4880636604775,1,1,-1
2620,500,315,3.72397972962112,91.4880636604775,1,1,1
2620,500,316,-1.82148063352614,92.4880636604775,1,1,1
2620,500,317,4.34613652847711,93.4880636604775,1,1,1
2620,1500,318,3.54296887316214,94.4880636604775,-1,1,1
2620,1500,319,-4.93589362453005,95.4880636604775,-1,-1,1
2620,500,320,-1.50473725914126,96.4880636604775,1,-1,-1
2620,500,321,1.19365915560434,97.4880636604775,1,1,-1
2620,1500,322,-1.57418710347573,98.4880636604775,-1,1,1
2620,1500,323,-6.60763037821659,99.4880636604775,-1,-1,1
2620,1500,324,-6.42925510056586,100.488063660477,-1,-1,-1
2620,1500,325,-2.79786621472036,101.488063660477,-1,-1,-1
2620,500,326,-8.96276630970848,102.488063660477,1,-1,-1
2620,1500,327,-0.881434898475593,103.488063660477,-1,1,-1
2620,500,328,2.4186891401032,104.488063660477,1,-1,1
2620,500,329,3.94686721325619,105.488063660477,1,1,-1
2620,500,330,-4.41143788377622,106.488063660477,1,1,1
2620,500,331,1.65212250028179,107.488063660477,1,1,1
2620,500,332,8.75827976340075,108.488063660477,1,1,1
2620,500,333,-4.92172759283722,109.488063660477,1,1,1
2620,500,334,-10.2176382165607,110.488063660477,1,1,1
2620,500,335,1.69019966493565,111.488063660477,1,1,1
2620,500,336,-7.00093748468251,112.488063660477,1,1,1
2620,500,337,-8.07706749087327,113.488063660477,1,1,1
2620,1500,338,-2.29439037082419,114.488063660477,-1,1,1
2620,500,339,-11.6894878800468,115.488063660477,1,-1,1
2620,500,340,-8.06253866219589,116.488063660477,1,1,-1
2620,500,341,-8.51304907633856,117.488063660477,1,1,1
2620,500,342,-15.4833268087734,118.488063660477,1,1,1
2620,1500,343,-28.4580076158992,119.488063660477,-1,1,1
2620,500,344,-11.9018937019546,120.488063660477,1,-1,1
2620,500,345,-13.8897754132087,121.488063660477,1,1,-1
2620,500,346,-5.07742471469401,122.488063660477,1,1,1
2620,500,347,-20.2224600846752,123.488063660477,1,1,1
2620,500,348,-11.2387110963276,124.488063660477,1,1,1
2620,500,349,-12.9235027530274,125.488063660477,1,1,1
2620,500,351,-9.18259625780586,127.488063660477,1,-1,1
2620,500,352,1.87234428748121,128.488063660477,1,1,-1
2620,1500,353,-3.00025637867319,129.488063660477,-1,1,1
2620,500,354,-2.82492371654029,130.488063660477,1,-1,1
2620,1500,355,0.00725268462065487,131.488063660477,-1,1,-1
2620,1500,356,-5.29625294938714,132.488063660477,-1,-1,1
2620,1500,357,-7.32815938595012,133.488063660477,-1,-1,-1
2620,1500,358,-5.08363848106469,134.488063660477,-1,-1,-1
2620,500,359,-1.20257543939303,135.488063660477,1,-1,-1
2620,500,360,3.95013128491738,136.488063660477,1,1,-1
2620,500,361,5.76131318909665,137.488063660477,1,1,1
2620,1500,362,-5.98419569901928,138.488063660477,-1,1,1
2620,500,363,1.86153736832149,139.488063660477,1,-1,1
2620,1500,364,-1.02413127939039,140.488063660477,-1,1,-1
2620,500,365,-1.2889622425606,141.488063660477,1,-1,1
2620,500,366,-0.422583815301095,142.488063660477,1,1,-1
2620,500,367,-4.82356540559488,143.488063660477,1,1,1
2620,500,368,-0.128400034645904,144.488063660477,1,1,1
2620,500,369,-7.46862979760878,145.488063660477,1,1,1
2620,1500,370,-5.60186460781692,146.488063660477,-1,1,1
2620,500,371,-5.06726684811633,147.488063660477,1,-1,1
2620,1500,372,-8.00276780784323,148.488063660477,-1,1,-1
2620,500,373,-15.5627859755842,149.488063660477,1,-1,1
2620,1500,374,-19.3687646965881,150.488063660477,-1,1,-1
2620,1500,375,-10.0960059190169,151.488063660477,-1,-1,1
2620,500,376,-10.5708989185455,152.488063660477,1,-1,-1
2620,500,377,-21.5791849931122,153.488063660477,1,1,-1
2620,500,378,1.13400204397818,154.488063660477,1,1,1
2620,1500,379,-9.62406403727553,155.488063660477,-1,1,1
2620,1500,380,-9.76798113163835,156.488063660477,-1,-1,1
2620,1500,381,-14.8364138662425,157.488063660477,-1,-1,-1
2620,1500,382,-11.005738670702,158.488063660477,-1,-1,-1
2620,1500,383,-13.3409892766249,159.488063660477,-1,-1,-1
2620,500,384,-11.4757072146178,160.488063660477,1,-1,-1
2620,500,385,-3.54130542753491,161.488063660477,1,1,-1
2620,1500,386,-6.34639679514025,162.488063660477,-1,1,1
2620,1500,387,-12.4749175029393,163.488063660477,-1,-1,1
2620,1500,388,-18.712633876953,164.488063660477,-1,-1,-1
2620,1500,389,-10.7058921072849,165.488063660477,-1,-1,-1
2620,500,390,-10.8357634994253,166.488063660477,1,-1,-1
2620,500,391,1.82688571477089,167.488063660477,1,1,-1
2620,500,392,-5.23887727486454,168.488063660477,1,1,1
2620,500,394,0.581222413355005,170.488063660477,1,-1,1
2620,1500,396,-1.55209525432498,172.488063660477,-1,-1,1
2620,500,397,-5.58805278452806,173.488063660477,1,-1,-1
2620,500,398,-5.45858561813252,174.488063660477,1,1,-1
2620,500,399,-0.337049675816635,175.488063660477,1,1,1
2620,1500,400,2.06257600269935,176.488063660477,-1,1,1
2620,500,401,-2.36452893618946,177.488063660477,1,-1,1
2620,500,402,-0.872164716403525,178.488063660477,1,1,-1
2620,500,403,6.23404176661625,179.488063660477,1,1,1
2620,1500,404,7.53396500989371,180.488063660477,-1,1,1
2620,1500,405,-1.41125239531343,181.488063660477,-1,-1,1
2620,1500,406,-4.59599500035556,182.488063660477,-1,-1,-1
2620,500,407,-1.81340400845384,183.488063660477,1,-1,-1
2620,1500,408,-4.88733570529789,184.488063660477,-1,1,-1
2620,1500,409,-8.0937452289936,185.488063660477,-1,-1,1
2620,1500,410,-8.75665265976257,186.488063660477,-1,-1,-1
2620,1500,411,-13.7447111166288,187.488063660477,-1,-1,-1
2620,1500,412,-8.73872378365033,188.488063660477,-1,-1,-1
2620,1500,413,-5.97662586570637,189.488063660477,-1,-1,-1
2620,1500,414,-12.7418343078112,190.488063660477,-1,-1,-1
2620,1500,415,-16.4249176570742,191.488063660477,-1,-1,-1
2620,500,416,-11.2180283902927,192.488063660477,1,-1,-1
2620,1500,417,-7.5541605069067,193.488063660477,-1,1,-1
2620,500,418,-3.02535078775252,194.488063660477,1,-1,1
2620,1500,419,-7.24445797563262,195.488063660477,-1,1,-1
2620,500,420,4.2813681193031,196.488063660477,1,-1,1
2621,1500,23,0.682670778431572,-195.967032967033,-1,-1,1
2621,500,24,-5.10234871982043,-194.967032967033,1,-1,-1
2621,500,25,2.32422887869983,-193.967032967033,1,1,-1
2621,1500,26,2.60570599176638,-192.967032967033,-1,1,1
2621,500,27,-3.90326894890911,-191.967032967033,1,-1,1
2621,500,28,0.590508285554787,-190.967032967033,1,1,-1
2621,1500,29,7.80474506919818,-189.967032967033,-1,1,1
2621,1500,30,-2.13366822558436,-188.967032967033,-1,-1,1
2621,500,31,-10.2086477711165,-187.967032967033,1,-1,-1
2621,500,32,2.61796032662224,-186.967032967033,1,1,-1
2621,1500,33,-3.9841722993517,-185.967032967033,-1,1,1
2621,500,34,-8.02174897027937,-184.967032967033,1,-1,1
2621,500,35,-5.94656534898878,-183.967032967033,1,1,-1
2621,500,36,0.414995791288697,-182.967032967033,1,1,1
2621,500,37,-5.27138170151764,-181.967032967033,1,1,1
2621,1500,38,0.894814638521432,-180.967032967033,-1,1,1
2621,1500,39,-0.992563071552178,-179.967032967033,-1,-1,1
2621,1500,40,-10.9612343105517,-178.967032967033,-1,-1,-1
2621,500,41,-6.43864253777232,-177.967032967033,1,-1,-1
2621,500,42,-0.939891713667843,-176.967032967033,1,1,-1
2621,500,43,-2.77057650664429,-175.967032967033,1,1,1
2621,1500,44,0.505394057116572,-174.967032967033,-1,1,1
2621,1500,45,-0.636036248697718,-173.967032967033,-1,-1,1
2621,1500,46,-6.64355819809763,-172.967032967033,-1,-1,-1
2621,1500,47,-13.9160508526565,-171.967032967033,-1,-1,-1
2621,500,48,-8.80058392604487,-170.967032967033,1,-1,-1
2621,1500,49,-6.94786833830743,-169.967032967033,-1,1,-1
2621,1500,50,-6.23251048509273,-168.967032967033,-1,-1,1
2621,500,51,-12.6948580640383,-167.967032967033,1,-1,-1
2621,1500,52,-3.82005782817107,-166.967032967033,-1,1,-1
2621,500,53,-8.46269612410527,-165.967032967033,1,-1,1
2621,1500,54,-4.58669427432894,-164.967032967033,-1,1,-1
2621,500,55,-8.81729238528167,-163.967032967033,1,-1,1
2621,1500,56,-4.38274035074438,-162.967032967033,-1,1,-1
2621,500,57,-6.0601627782289,-161.967032967033,1,-1,1
2621,500,58,-7.79257713412677,-160.967032967033,1,1,-1
2621,500,59,-4.19452469758169,-159.967032967033,1,1,1
2621,500,60,-0.656272414687193,-158.967032967033,1,1,1
2621,1500,61,-5.62145164962753,-157.967032967033,-1,1,1
2621,1500,62,-0.827541427233768,-156.967032967033,-1,-1,1
2621,500,64,-2.19453718531672,-154.967032967033,1,-1,-1
2621,1500,67,-5.49356934302043,-151.967032967033,-1,-1,-1
2621,1500,68,-11.864845630823,-150.967032967033,-1,-1,-1
2621,1500,69,-16.3054069706265,-149.967032967033,-1,-1,-1
2621,500,70,-20.3716775945823,-148.967032967033,1,-1,-1
2621,500,72,-8.41418672606807,-146.967032967033,1,-1,1
2621,500,73,-6.49740787227637,-145.967032967033,1,1,-1
2621,1500,74,-4.36765165546082,-144.967032967033,-1,1,1
2621,1500,75,-5.44656418615183,-143.967032967033,-1,-1,1
2621,1500,76,-13.8610717786251,-142.967032967033,-1,-1,-1
2621,1500,77,-12.7596677428426,-141.967032967033,-1,-1,-1
2621,500,78,-20.7658688555414,-140.967032967033,1,-1,-1
2621,1500,79,-4.35931336077983,-139.967032967033,-1,1,-1
2621,500,80,-3.41210499893833,-138.967032967033,1,-1,1
2621,500,81,-4.10193328177986,-137.967032967033,1,1,-1
2621,500,82,-0.629116061506953,-136.967032967033,1,1,1
2621,500,83,-5.87952795204811,-135.967032967033,1,1,1
2621,500,84,0.255386906551597,-134.967032967033,1,1,1
2621,1500,85,1.26508508955708,-133.967032967033,-1,1,1
2621,1500,86,-6.90938033022683,-132.967032967033,-1,-1,1
2621,1500,87,-4.00032725140439,-131.967032967033,-1,-1,-1
2621,1500,88,-14.4538888011678,-130.967032967033,-1,-1,-1
2621,500,89,-6.76536312413906,-129.967032967033,1,-1,-1
2621,500,90,3.79094246668057,-128.967032967033,1,1,-1
2621,500,91,-1.87040343679235,-127.967032967033,1,1,1
2621,1500,92,-5.11062860249155,-126.967032967033,-1,1,1
2621,500,93,-0.769972178983683,-125.967032967033,1,-1,1
2621,500,95,-1.74828549978772,-123.967032967033,1,-1,1
2621,1500,96,-5.20906611454812,-122.967032967033,-1,1,-1
2621,1500,97,-0.884662747413578,-121.967032967033,-1,-1,1
2621,1500,98,-7.14712632987453,-120.967032967033,-1,-1,-1
2621,500,99,-7.81834115645247,-119.967032967033,1,-1,-1
2621,1500,100,-11.4596227887853,-118.967032967033,-1,1,-1
2621,1500,101,-14.3686298819544,-117.967032967033,-1,-1,1
2621,500,102,-10.335533960902,-116.967032967033,1,-1,-1
2621,1500,103,-11.3333891892486,-115.967032967033,-1,1,-1
2621,1500,104,-13.0696993078924,-114.967032967033,-1,-1,1
2621,1500,105,-17.6050786128578,-113.967032967033,-1,-1,-1
2621,500,106,-8.90003590755927,-112.967032967033,1,-1,-1
2621,500,107,-15.7761256725804,-111.967032967033,1,1,-1
2621,500,108,-8.33073835452797,-110.967032967033,1,1,1
2621,500,109,-0.193342391685213,-109.967032967033,1,1,1
2621,500,110,-0.595698241943913,-108.967032967033,1,1,1
2621,1500,111,5.42914225945533,-107.967032967033,-1,1,1
2621,500,112,-5.10021397775632,-106.967032967033,1,-1,1
2621,500,113,-2.48443278545344,-105.967032967033,1,1,-1
2621,1500,114,-8.57744340533153,-104.967032967033,-1,1,1
2621,500,115,-10.7766398141136,-103.967032967033,1,-1,1
2621,1500,116,-1.80322201266942,-102.967032967033,-1,1,-1
2621,500,117,-3.5834467806158,-101.967032967033,1,-1,1
2621,1500,118,-7.99164410131413,-100.967032967033,-1,1,-1
2621,500,119,-8.55149183773157,-99.967032967033,1,-1,1
2621,500,120,-1.50452428443351,-98.967032967033,1,1,-1
2621,1500,121,-1.9969363897846,-97.967032967033,-1,1,1
2621,1500,122,-11.8781205593031,-96.967032967033,-1,-1,1
2621,1500,123,-9.76974206926833,-95.967032967033,-1,-1,-1
2621,1500,124,-6.22766684454473,-94.967032967033,-1,-1,-1
2621,500,125,-7.1374436764861,-93.967032967033,1,-1,-1
2621,1500,127,-6.19282172620453,-91.967032967033,-1,-1,1
2621,1500,128,-9.31667818392383,-90.967032967033,-1,-1,-1
2621,1500,129,-17.2702081417053,-89.967032967033,-1,-1,-1
2621,1500,130,-1.75588021421382,-88.967032967033,-1,-1,-1
2621,500,131,-3.25004775067791,-87.967032967033,1,-1,-1
2621,500,133,-8.46080907614407,-85.967032967033,1,-1,1
2621,1500,134,-5.00188759742808,-84.967032967033,-1,1,-1
2621,500,135,-5.56015240247485,-83.967032967033,1,-1,1
2621,500,136,-0.564701012434373,-82.967032967033,1,1,-1
2621,500,137,0.620593327923437,-81.967032967033,1,1,1
2621,1500,138,0.789095604411032,-80.967032967033,-1,1,1
2621,500,139,-2.38702784032912,-79.967032967033,1,-1,1
2621,500,140,-0.501665154275523,-78.967032967033,1,1,-1
2621,500,141,3.35827850607276,-77.967032967033,1,1,1
2621,1500,142,7.84002807810408,-76.967032967033,-1,1,1
2621,500,143,2.50684937700621,-75.967032967033,1,-1,1
2621,1500,144,7.2948145186406,-74.967032967033,-1,1,-1
2621,500,145,-3.74515071445009,-73.967032967033,1,-1,1
2621,1500,146,-3.98266642714791,-72.967032967033,-1,1,-1
2621,1500,147,-0.986309486827038,-71.967032967033,-1,-1,1
2621,1500,149,-1.33448322552562,-69.967032967033,-1,-1,-1
2621,500,150,-13.4409947826555,-68.967032967033,1,-1,-1
2621,500,151,-2.5554230767696,-67.967032967033,1,1,-1
2621,1500,152,-0.267076734325028,-66.967032967033,-1,1,1
2621,1500,153,0.505341830413092,-65.967032967033,-1,-1,1
2621,500,154,-12.0850727637805,-64.967032967033,1,-1,-1
2621,1500,155,-8.05193970640053,-63.967032967033,-1,1,-1
2621,500,157,-5.90151185348242,-61.967032967033,1,-1,-1
2621,500,158,0.452197486369047,-60.967032967033,1,1,-1
2621,500,159,1.71982246882208,-59.967032967033,1,1,1
2621,500,160,-3.1495261455834,-58.967032967033,1,1,1
2621,500,161,5.55189041367991,-57.967032967033,1,1,1
2621,500,162,3.34401361166232,-56.967032967033,1,1,1
2621,1500,163,7.02220863000528,-55.967032967033,-1,1,1
2621,500,164,6.55177504877013,-54.967032967033,1,-1,1
2621,1500,165,2.3232815618477,-53.967032967033,-1,1,-1
2621,500,166,2.12978127633902,-52.967032967033,1,-1,1
2621,1500,167,4.74785645621985,-51.967032967033,-1,1,-1
2621,1500,168,-0.0298978704238584,-50.967032967033,-1,-1,1
2621,500,169,-2.8525596448443,-49.967032967033,1,-1,-1
2621,1500,170,3.27211869681695,-48.967032967033,-1,1,-1
2621,1500,171,-4.92442529603619,-47.967032967033,-1,-1,1
2621,1500,172,-4.64408238076831,-46.967032967033,-1,-1,-1
2621,500,173,-0.909828809262993,-45.967032967033,1,-1,-1
2621,500,175,-2.87946362162984,-43.967032967033,1,-1,1
2621,500,176,2.74998145782451,-42.967032967033,1,1,-1
2621,1500,177,-0.982011403803468,-41.967032967033,-1,1,1
2621,1500,180,-10.4315988949584,-38.967032967033,-1,-1,-1
2621,1500,181,-20.3617081803836,-37.967032967033,-1,-1,-1
2621,500,182,-6.94187049904325,-36.967032967033,1,-1,-1
2621,1500,183,-5.97948947856973,-35.967032967033,-1,1,-1
2621,1500,184,-18.1250967628425,-34.967032967033,-1,-1,1
2621,1500,185,-12.6812491672805,-33.967032967033,-1,-1,-1
2621,500,186,-12.0849478313682,-32.967032967033,1,-1,-1
2621,500,187,-11.6887370727143,-31.967032967033,1,1,-1
2621,500,188,-5.88377027476401,-30.967032967033,1,1,1
2621,500,189,-2.25370047215265,-29.967032967033,1,1,1
2621,1500,190,-5.60554902142953,-28.967032967033,-1,1,1
2621,1500,191,-8.33015389734403,-27.967032967033,-1,-1,1
2621,500,192,-7.98657923418077,-26.967032967033,1,-1,-1
2621,1500,193,-9.46969093246283,-25.967032967033,-1,1,-1
2621,500,194,-12.8549712591001,-24.967032967033,1,-1,1
2621,500,195,-5.96483941369647,-23.967032967033,1,1,-1
2621,500,196,-12.4689369871778,-22.967032967033,1,1,1
2621,1500,197,-7.56977136204683,-21.967032967033,-1,1,1
2621,500,198,-8.80062838771217,-20.967032967033,1,-1,1
2621,1500,199,-10.3800519546874,-19.967032967033,-1,1,-1
2621,1500,200,-13.1404180896344,-18.967032967033,-1,-1,1
2621,500,201,-13.60565195617,-17.967032967033,1,-1,-1
2621,500,202,-12.1715445363526,-16.967032967033,1,1,-1
2621,500,203,-4.96554363788018,-15.967032967033,1,1,1
2621,500,204,-1.86801428006993,-14.967032967033,1,1,1
2621,1500,205,-4.70436650408961,-13.967032967033,-1,1,1
2621,1500,206,-1.65722540129252,-12.967032967033,-1,-1,1
2621,500,207,-1.31697557100373,-11.967032967033,1,-1,-1
2621,1500,208,-4.65516718249669,-10.967032967033,-1,1,-1
2621,1500,209,-13.6194022152369,-9.96703296703296,-1,-1,1
2621,1500,210,-21.5256184313111,-8.96703296703296,-1,-1,-1
2621,500,212,-1.94953179880502,-6.96703296703296,1,-1,-1
2621,500,213,-5.59718139232713,-5.96703296703296,1,1,-1
2621,1500,215,-13.4390703751292,-3.96703296703296,-1,-1,1
2621,1500,216,-15.0654529170145,-2.96703296703296,-1,-1,-1
2621,500,217,-21.8222576021654,-1.96703296703296,1,-1,-1
2621,500,218,-10.1458386232207,-0.967032967032964,1,1,-1
2621,500,219,-12.5044835460453,0.0329670329670364,1,1,1
2621,1500,221,-13.1541396033433,2.03296703296704,-1,-1,1
2621,500,222,-14.51140655719,3.03296703296704,1,-1,-1
2621,1500,223,-15.3526776492565,4.03296703296704,-1,1,-1
2621,500,224,-13.676407528715,5.03296703296704,1,-1,1
2621,1500,225,-21.1851444486124,6.03296703296704,-1,1,-1
2621,1500,226,-19.2127792137265,7.03296703296704,-1,-1,1
2621,1500,227,-12.5280990461317,8.03296703296704,-1,-1,-1
2621,500,230,-20.3038216718631,11.032967032967,1,-1,-1
2621,500,231,-13.465200304412,12.032967032967,1,1,-1
2621,1500,232,-14.5561450224953,13.032967032967,-1,1,1
2621,500,233,-18.9993033252507,14.032967032967,1,-1,1
2621,500,234,-8.36889142083847,15.032967032967,1,1,-1
2621,1500,235,-5.25760823844233,16.032967032967,-1,1,1
2621,500,236,-11.9787224108024,17.032967032967,1,-1,1
2621,500,237,-7.1304414374552,18.032967032967,1,1,-1
2621,1500,238,-13.7269778143529,19.032967032967,-1,1,1
2621,500,239,-11.1438402325508,20.032967032967,1,-1,1
2621,500,240,-8.62650813442877,21.032967032967,1,1,-1
2621,500,241,-5.62759780006174,22.032967032967,1,1,1
2621,500,242,-2.36357852514132,23.032967032967,1,1,1
2621,1500,243,-8.63530327735673,24.032967032967,-1,1,1
2621,1500,244,-10.6915289618027,25.032967032967,-1,-1,1
2621,500,245,-6.67632787003654,26.032967032967,1,-1,-1
2621,1500,246,-6.54854391862733,27.032967032967,-1,1,-1
2621,1500,247,-15.0155639209872,28.032967032967,-1,-1,1
2621,1500,248,-12.0453275350045,29.032967032967,-1,-1,-1
2621,1500,249,-19.2653290024808,30.032967032967,-1,-1,-1
2621,500,250,-12.5451363686084,31.032967032967,1,-1,-1
2621,1500,251,-10.4535941243487,32.032967032967,-1,1,-1
2621,500,252,-13.3971356274249,33.032967032967,1,-1,1
2621,1500,253,-12.0520298421175,34.032967032967,-1,1,-1
2621,500,254,-10.7976690715908,35.032967032967,1,-1,1
2621,1500,255,-8.04878767570553,36.032967032967,-1,1,-1
2621,500,256,-6.8145691938037,37.032967032967,1,-1,1
2621,1500,257,-8.42777105768793,38.032967032967,-1,1,-1
2621,500,258,-7.87838024477637,39.032967032967,1,-1,1
2621,1500,259,-7.98563233173683,40.032967032967,-1,1,-1
2621,1500,260,-14.1413858384074,41.032967032967,-1,-1,1
2621,500,261,-7.82414811428387,42.032967032967,1,-1,-1
2621,1500,262,-11.3715711753294,43.032967032967,-1,1,-1
2621,1500,263,-13.297460448752,44.032967032967,-1,-1,1
2621,500,264,-7.62177897511297,45.032967032967,1,-1,-1
2621,1500,265,-2.71116738534059,46.032967032967,-1,1,-1
2621,1500,267,-8.01655817600833,48.032967032967,-1,-1,-1
2621,1500,268,-14.8929786863547,49.032967032967,-1,-1,-1
2621,1500,269,-12.562506135657,50.032967032967,-1,-1,-1
2621,500,270,-15.9380751410612,51.032967032967,1,-1,-1
2621,500,271,-6.54107081285867,52.032967032967,1,1,-1
2621,500,272,-4.67269311826298,53.032967032967,1,1,1
2621,500,273,-4.33820999811132,54.032967032967,1,1,1
2621,1500,274,-8.12934274767933,55.032967032967,-1,1,1
2621,1500,275,-8.75215331444533,56.032967032967,-1,-1,1
2621,500,276,-3.51233935457244,57.032967032967,1,-1,-1
2621,1500,277,-9.33165048711243,58.032967032967,-1,1,-1
2621,1500,278,-14.1083694643628,59.032967032967,-1,-1,1
2621,1500,279,-20.6222780828667,60.032967032967,-1,-1,-1
2621,500,280,-10.6647245509687,61.032967032967,1,-1,-1
2621,500,281,-2.61726204888328,62.032967032967,1,1,-1
2621,1500,282,1.97491445687325,63.032967032967,-1,1,1
2621,1500,283,-2.28027222079866,64.032967032967,-1,-1,1
2621,1500,284,-17.1122943850309,65.032967032967,-1,-1,-1
2621,500,285,-11.5624407274408,66.032967032967,1,-1,-1
2621,500,289,-6.07798394530522,70.032967032967,1,-1,-1
2621,1500,290,-2.22471558354402,71.032967032967,-1,1,-1
2621,500,291,-2.03497531294827,72.032967032967,1,-1,1
2621,500,292,-5.37357730979017,73.032967032967,1,1,-1
2621,500,293,3.14380082705754,74.032967032967,1,1,1
2621,1500,294,-2.64381375539684,75.032967032967,-1,1,1
2621,1500,295,-7.74813664039953,76.032967032967,-1,-1,1
2621,1500,296,-2.78942309896179,77.032967032967,-1,-1,-1
2621,500,297,-2.22963674431501,78.032967032967,1,-1,-1
2621,500,299,1.2100484339311,80.032967032967,1,-1,1
2621,1500,300,-1.03283253538155,81.032967032967,-1,1,-1
2621,1500,301,7.43787654209247,82.032967032967,-1,-1,1
2621,1500,302,0.854336211455932,83.032967032967,-1,-1,-1
2621,1500,303,-1.3625815026696,84.032967032967,-1,-1,-1
2621,1500,304,-4.35341086098083,85.032967032967,-1,-1,-1
2621,500,305,-1.53030179756559,86.032967032967,1,-1,-1
2621,1500,306,6.10135600726386,87.032967032967,-1,1,-1
2621,500,307,4.38343036573097,88.032967032967,1,-1,1
2621,500,308,0.300473985999547,89.032967032967,1,1,-1
2621,500,309,2.87979579318168,90.032967032967,1,1,1
2621,500,310,4.69194023630994,91.032967032967,1,1,1
2621,1500,312,-5.83705366756163,93.032967032967,-1,-1,1
2621,500,313,-3.12653890123117,94.032967032967,1,-1,-1
2621,500,314,6.85887426979574,95.032967032967,1,1,-1
2621,500,315,7.13230333799328,96.032967032967,1,1,1
2621,500,316,8.30256677037027,97.032967032967,1,1,1
2621,1500,317,3.4153446673542,98.032967032967,-1,1,1
2621,500,318,-0.925874399385453,99.032967032967,1,-1,1
2621,500,319,4.15331134393384,100.032967032967,1,1,-1
2621,500,320,3.40780999158232,101.032967032967,1,1,1
2621,500,321,3.63245685017388,102.032967032967,1,1,1
2621,1500,322,-0.0820389804155681,103.032967032967,-1,1,1
2621,1500,323,0.369356927947812,104.032967032967,-1,-1,1
2621,1500,324,-4.99171780898447,105.032967032967,-1,-1,-1
2621,1500,325,-8.38048133847443,106.032967032967,-1,-1,-1
2621,1500,326,-4.62076096851445,107.032967032967,-1,-1,-1
2621,500,327,-4.21082118928273,108.032967032967,1,-1,-1
2621,500,328,0.0158565370512771,109.032967032967,1,1,-1
2621,1500,329,-0.274501898191348,110.032967032967,-1,1,1
2621,1500,330,-3.20631169198235,111.032967032967,-1,-1,1
2621,1500,331,-0.203024956823108,112.032967032967,-1,-1,-1
2621,500,332,-0.471795288610713,113.032967032967,1,-1,-1
2621,500,333,5.35616021952814,114.032967032967,1,1,-1
2621,500,334,-3.32674087145836,115.032967032967,1,1,1
2621,1500,335,5.44250003168682,116.032967032967,-1,1,1
2621,500,336,-1.91346657056309,117.032967032967,1,-1,1
2621,1500,337,4.45433995557129,118.032967032967,-1,1,-1
2621,500,338,1.58269214125803,119.032967032967,1,-1,1
2621,500,339,-3.81244976749531,120.032967032967,1,1,-1
2621,1500,340,1.35696441147315,121.032967032967,-1,1,1
2621,500,341,2.85591440873982,122.032967032967,1,-1,1
2621,500,342,4.59624319008266,123.032967032967,1,1,-1
2621,1500,343,8.47163753824186,124.032967032967,-1,1,1
2621,1500,344,7.09822647660127,125.032967032967,-1,-1,1
2621,1500,346,-3.28311843668937,127.032967032967,-1,-1,-1
2621,500,347,4.03163398656661,128.032967032967,1,-1,-1
2621,500,348,2.37937113948972,129.032967032967,1,1,-1
2621,500,349,1.31734435986711,130.032967032967,1,1,1
2621,500,350,2.07328273067666,131.032967032967,1,1,1
2621,500,351,5.50769826982016,132.032967032967,1,1,1
2621,500,352,2.55931593335603,133.032967032967,1,1,1
2621,500,353,5.32081856565982,134.032967032967,1,1,1
2621,500,354,9.70483848035894,135.032967032967,1,1,1
2621,1500,356,5.41031497947032,137.032967032967,-1,-1,1
2621,500,357,5.40333794618943,138.032967032967,1,-1,-1
2621,500,358,6.75962562535992,139.032967032967,1,1,-1
2621,500,359,9.00357593337844,140.032967032967,1,1,1
2621,1500,360,1.55057471631931,141.032967032967,-1,1,1
2621,500,362,-3.52206592284335,143.032967032967,1,-1,-1
2621,500,363,-3.82706437523364,144.032967032967,1,1,-1
2621,500,364,7.06944711200475,145.032967032967,1,1,1
2621,500,366,5.21602464111383,147.032967032967,1,-1,1
2621,500,367,3.11210869546939,148.032967032967,1,1,-1
2621,1500,368,6.34628070950465,149.032967032967,-1,1,1
2621,500,369,-2.74380125258856,150.032967032967,1,-1,1
2621,500,370,-0.632580603089163,151.032967032967,1,1,-1
2621,500,371,0.499199694607237,152.032967032967,1,1,1
2621,500,372,5.60233771323957,153.032967032967,1,1,1
2621,500,373,10.2290112386243,154.032967032967,1,1,1
2621,500,374,17.0760875190843,155.032967032967,1,1,1
2621,500,376,7.66307038554351,157.032967032967,1,-1,1
2621,500,377,-3.1577448728542,158.032967032967,1,1,-1
2621,500,378,5.9964892555255,159.032967032967,1,1,1
2621,1500,379,12.7128845822125,160.032967032967,-1,1,1
2621,500,382,7.64790915863668,163.032967032967,1,1,-1
2621,1500,383,8.64868978129633,164.032967032967,-1,1,1
2621,500,384,4.34463932439231,165.032967032967,1,-1,1
2621,500,385,8.72772629097862,166.032967032967,1,1,-1
2621,1500,386,1.01120664631961,167.032967032967,-1,1,1
2621,1500,387,-3.73691534827295,168.032967032967,-1,-1,1
2621,500,388,4.92442709364023,169.032967032967,1,-1,-1
2621,1500,389,2.56015122581581,170.032967032967,-1,1,-1
2621,500,390,5.13319463651524,171.032967032967,1,-1,1
2621,1500,392,1.16454398141021,173.032967032967,-1,-1,1
2621,500,393,1.53166695416264,174.032967032967,1,-1,-1
2621,1500,394,5.58038948276246,175.032967032967,-1,1,-1
2621,1500,396,1.47325689854033,177.032967032967,-1,-1,-1
2621,500,397,5.51248585425408,178.032967032967,1,-1,-1
2621,1500,398,7.59516113771194,179.032967032967,-1,1,-1
2621,500,399,4.64309824738736,180.032967032967,1,-1,1
2621,500,400,2.65954148857976,181.032967032967,1,1,-1
2621,500,401,8.86827254735299,182.032967032967,1,1,1
2621,500,403,9.79760064247601,184.032967032967,1,1,1
2621,1500,404,5.47870023872229,185.032967032967,-1,1,1
2621,1500,405,10.1516603848393,186.032967032967,-1,-1,1
2621,1500,406,8.09253843692728,187.032967032967,-1,-1,-1
2621,500,407,6.02315972709839,188.032967032967,1,-1,-1
2621,500,408,9.00581862850714,189.032967032967,1,1,-1
2621,500,409,7.51448123565424,190.032967032967,1,1,1
2621,1500,410,7.08999010803733,191.032967032967,-1,1,1
2621,1500,411,5.0733445174639,192.032967032967,-1,-1,1
2621,500,412,4.89813936230893,193.032967032967,1,-1,-1
2621,500,414,7.0142110292767,195.032967032967,1,-1,1
2621,500,415,6.60470000186566,196.032967032967,1,1,-1
2621,1500,416,4.32115293389772,197.032967032967,-1,1,1
2621,1500,417,8.3571165391988,198.032967032967,-1,-1,1
2621,500,418,7.2921092970292,199.032967032967,1,-1,-1
2621,500,419,13.4081550016495,200.032967032967,1,1,-1
2621,1500,420,9.28466242399237,201.032967032967,-1,1,1
2624,1500,23,6.44977707527494,-199.148825065274,-1,1,1
2624,500,24,-4.96140672627631,-198.148825065274,1,-1,1
2624,1500,25,1.25757991951466,-197.148825065274,-1,1,-1
2624,1500,26,-0.834183337391333,-196.148825065274,-1,-1,1
2624,1500,27,-0.648935822141783,-195.148825065274,-1,-1,-1
2624,500,28,-4.12258594899944,-194.148825065274,1,-1,-1
2624,500,30,-3.62580610655736,-192.148825065274,1,-1,1
2624,1500,31,2.57484606834796,-191.148825065274,-1,1,-1
2624,500,33,-2.24486705900686,-189.148825065274,1,-1,-1
2624,1500,34,1.06476066146884,-188.148825065274,-1,1,-1
2624,500,35,2.67788651845818,-187.148825065274,1,-1,1
2624,500,36,1.11608193995649,-186.148825065274,1,1,-1
2624,1500,37,2.51377259044235,-185.148825065274,-1,1,1
2624,500,38,0.175212816834935,-184.148825065274,1,-1,1
2624,500,39,3.0206872313573,-183.148825065274,1,1,-1
2624,1500,41,2.76207705387064,-181.148825065274,-1,-1,1
2624,500,42,0.359384379626674,-180.148825065274,1,-1,-1
2624,500,43,2.33943366912134,-179.148825065274,1,1,-1
2624,1500,44,1.05635177385271,-178.148825065274,-1,1,1
2624,500,45,1.19921821094873,-177.148825065274,1,-1,1
2624,1500,46,3.47076882571886,-176.148825065274,-1,1,-1
2624,500,47,3.87159873936584,-175.148825065274,1,-1,1
2624,500,48,-0.276143984394845,-174.148825065274,1,1,-1
2624,500,49,-0.870960076429786,-173.148825065274,1,1,1
2624,1500,50,9.13339697216314,-172.148825065274,-1,1,1
2624,1500,51,0.861588741975057,-171.148825065274,-1,-1,1
2624,1500,52,2.02704895745982,-170.148825065274,-1,-1,-1
2624,1500,53,2.71780869121081,-169.148825065274,-1,-1,-1
2624,500,54,3.76736265265544,-168.148825065274,1,-1,-1
2624,500,55,6.40209017088886,-167.148825065274,1,1,-1
2624,500,56,10.6867181188642,-166.148825065274,1,1,1
2624,500,57,9.81316161314749,-165.148825065274,1,1,1
2624,1500,58,4.46071857891128,-164.148825065274,-1,1,1
2624,1500,59,8.60752928007934,-163.148825065274,-1,-1,1
2624,1500,60,-1.31720123452091,-162.148825065274,-1,-1,-1
2624,1500,61,-6.54718055979479,-161.148825065274,-1,-1,-1
2624,500,62,-1.20069880926001,-160.148825065274,1,-1,-1
2624,500,63,-3.07416377670708,-159.148825065274,1,1,-1
2624,500,64,0.900670646335485,-158.148825065274,1,1,1
2624,500,65,3.68453334030331,-157.148825065274,1,1,1
2624,500,66,6.08625216920082,-156.148825065274,1,1,1
2624,1500,67,-1.76685375342161,-155.148825065274,-1,1,1
2624,1500,68,-6.04821417887914,-154.148825065274,-1,-1,1
2624,1500,69,-3.41803672609571,-153.148825065274,-1,-1,-1
2624,1500,70,-1.15900396777944,-152.148825065274,-1,-1,-1
2624,500,71,0.253719582546855,-151.148825065274,1,-1,-1
2624,500,72,4.30544467875766,-150.148825065274,1,1,-1
2624,1500,73,3.58204332411997,-149.148825065274,-1,1,1
2624,1500,74,-0.669491406717683,-148.148825065274,-1,-1,1
2624,500,75,-3.47478189785484,-147.148825065274,1,-1,-1
2624,500,76,-0.405035714537186,-146.148825065274,1,1,-1
2624,500,77,-3.97019363881398,-145.148825065274,1,1,1
2624,500,78,-0.119664524617916,-144.148825065274,1,1,1
2624,500,79,1.99788057868859,-143.148825065274,1,1,1
2624,1500,80,8.81478462042594,-142.148825065274,-1,1,1
2624,500,81,-2.61721938936063,-141.148825065274,1,-1,1
2624,1500,82,0.530502616358747,-140.148825065274,-1,1,-1
2624,500,83,-0.884784959299155,-139.148825065274,1,-1,1
2624,500,84,-2.39718896455905,-138.148825065274,1,1,-1
2624,1500,85,2.36417591824517,-137.148825065274,-1,1,1
2624,1500,86,-5.82834579105671,-136.148825065274,-1,-1,1
2624,500,87,-3.80327087143579,-135.148825065274,1,-1,-1
2624,1500,88,-1.04261708404913,-134.148825065274,-1,1,-1
2624,500,89,-0.871057704598935,-133.148825065274,1,-1,1
2624,1500,90,-0.111122140271143,-132.148825065274,-1,1,-1
2624,1500,91,-9.5850722512946,-131.148825065274,-1,-1,1
2624,1500,92,-7.54042714972738,-130.148825065274,-1,-1,-1
2624,1500,93,-5.35516043775426,-129.148825065274,-1,-1,-1
2624,500,94,-4.63773146385861,-128.148825065274,1,-1,-1
2624,500,95,-2.86902128652552,-127.148825065274,1,1,-1
2624,500,96,0.330855488257694,-126.148825065274,1,1,1
2624,500,97,0.412104181731435,-125.148825065274,1,1,1
2624,500,98,5.71386049702247,-124.148825065274,1,1,1
2624,1500,99,1.01984864644733,-123.148825065274,-1,1,1
2624,1500,100,-3.01988137789468,-122.148825065274,-1,-1,1
2624,500,101,-3.12516547935052,-121.148825065274,1,-1,-1
2624,500,102,-1.00528072483994,-120.148825065274,1,1,-1
2624,500,103,3.26835460543404,-119.148825065274,1,1,1
2624,500,104,7.70147373700428,-118.148825065274,1,1,1
2624,500,105,5.9824450436315,-117.148825065274,1,1,1
2624,1500,106,5.29067616852511,-116.148825065274,-1,1,1
2624,1500,107,0.264737227731287,-115.148825065274,-1,-1,1
2624,500,108,-0.884650456888515,-114.148825065274,1,-1,-1
2624,500,109,1.30823735492448,-113.148825065274,1,1,-1
2624,1500,110,4.58904620330013,-112.148825065274,-1,1,1
2624,1500,111,-2.13709303781036,-111.148825065274,-1,-1,1
2624,500,113,-4.83953563405705,-109.148825065274,1,-1,-1
2624,500,114,1.8644533727268,-108.148825065274,1,1,-1
2624,1500,115,-10.4864697984895,-107.148825065274,-1,1,1
2624,500,116,-6.82143615741459,-106.148825065274,1,-1,1
2624,1500,117,-4.79400259993885,-105.148825065274,-1,1,-1
2624,1500,118,-3.26136212174407,-104.148825065274,-1,-1,1
2624,1500,120,-4.62719968893248,-102.148825065274,-1,-1,-1
2624,1500,121,-2.45366832789534,-101.148825065274,-1,-1,-1
2624,1500,122,-7.03353913370481,-100.148825065274,-1,-1,-1
2624,1500,123,-12.3517880512842,-99.1488250652741,-1,-1,-1
2624,1500,124,-13.318293713101,-98.1488250652741,-1,-1,-1
2624,1500,125,-9.98609337896903,-97.1488250652741,-1,-1,-1
2624,500,126,-13.5588097202958,-96.1488250652741,1,-1,-1
2624,500,127,-6.38684099117119,-95.1488250652741,1,1,-1
2624,1500,129,-9.49274717426049,-93.1488250652741,-1,-1,1
2624,1500,130,-10.1149458807592,-92.1488250652741,-1,-1,-1
2624,1500,131,-3.90959126377467,-91.1488250652741,-1,-1,-1
2624,1500,132,-12.8233089140616,-90.1488250652741,-1,-1,-1
2624,500,133,-5.6177784900465,-89.1488250652741,1,-1,-1
2624,1500,134,-5.5666244332007,-88.1488250652741,-1,1,-1
2624,1500,135,-5.81008402984421,-87.1488250652741,-1,-1,1
2624,1500,136,-8.44097745236841,-86.1488250652741,-1,-1,-1
2624,1500,137,-7.12387546056428,-85.1488250652741,-1,-1,-1
2624,1500,138,-7.41551781153779,-84.1488250652741,-1,-1,-1
2624,500,139,-7.27643675167057,-83.1488250652741,1,-1,-1
2624,500,140,3.16826343488204,-82.1488250652741,1,1,-1
2624,1500,141,7.16662825523934,-81.1488250652741,-1,1,1
2624,500,142,-6.89439304912984,-80.1488250652741,1,-1,1
2624,1500,143,-2.83925547214442,-79.1488250652741,-1,1,-1
2624,500,144,-3.07882645322695,-78.1488250652741,1,-1,1
2624,500,145,0.899814918782865,-77.1488250652741,1,1,-1
2624,500,146,-4.36405086591228,-76.1488250652741,1,1,1
2624,1500,147,5.31328379105754,-75.1488250652741,-1,1,1
2624,1500,148,-8.1473096816754,-74.1488250652741,-1,-1,1
2624,1500,149,-9.76712411370933,-73.1488250652741,-1,-1,-1
2624,500,150,-1.994820749187,-72.1488250652741,1,-1,-1
2624,1500,151,-8.42125602991756,-71.1488250652741,-1,1,-1
2624,500,153,0.0616133364509044,-69.1488250652741,1,-1,-1
2624,1500,154,-6.44862688042414,-68.1488250652741,-1,1,-1
2624,500,155,-3.55137358644557,-67.1488250652741,1,-1,1
2624,500,156,-0.790237231064285,-66.1488250652741,1,1,-1
2624,500,157,-0.0058235151081254,-65.1488250652741,1,1,1
2624,1500,158,6.31959792862543,-64.1488250652741,-1,1,1
2624,1500,159,0.182708457685497,-63.1488250652741,-1,-1,1
2624,500,160,-2.03327401645213,-62.1488250652741,1,-1,-1
2624,1500,161,-3.41337484377627,-61.1488250652741,-1,1,-1
2624,500,162,-0.681982229173845,-60.1488250652741,1,-1,1
2624,500,163,5.52998889350251,-59.1488250652741,1,1,-1
2624,500,164,2.94837260999288,-58.1488250652741,1,1,1
2624,500,166,-0.144593381872435,-56.1488250652741,1,-1,1
2624,500,167,-1.36818531627546,-55.1488250652741,1,1,-1
2624,500,168,3.33360704205687,-54.1488250652741,1,1,1
2624,500,169,1.74900261786668,-53.1488250652741,1,1,1
2624,1500,170,1.0653746804371,-52.1488250652741,-1,1,1
2624,1500,171,-5.56063117208603,-51.1488250652741,-1,-1,1
2624,1500,172,-4.08261742150142,-50.1488250652741,-1,-1,-1
2624,1500,173,-6.32710626301777,-49.1488250652741,-1,-1,-1
2624,1500,174,-6.86092507309978,-48.1488250652741,-1,-1,-1
2624,1500,175,-5.19608034304987,-47.1488250652741,-1,-1,-1
2624,500,176,1.23301461361652,-46.1488250652741,1,-1,-1
2624,1500,177,0.154459187689357,-45.1488250652741,-1,1,-1
2624,500,178,-3.78317082401711,-44.1488250652741,1,-1,1
2624,500,179,-0.439817414775046,-43.1488250652741,1,1,-1
2624,1500,180,3.3988458699856,-42.1488250652741,-1,1,1
2624,1500,181,-0.650045350846763,-41.1488250652741,-1,-1,1
2624,500,182,3.31689910520184,-40.1488250652741,1,-1,-1
2624,500,183,1.10458476403569,-39.1488250652741,1,1,-1
2624,500,184,2.58625153539957,-38.1488250652741,1,1,1
2624,500,185,9.27593470109439,-37.1488250652741,1,1,1
2624,500,186,2.42792383383171,-36.1488250652741,1,1,1
2624,1500,187,-0.957020147518393,-35.1488250652741,-1,1,1
2624,1500,188,-3.98093009970756,-34.1488250652741,-1,-1,1
2624,1500,189,-3.6831389390567,-33.1488250652741,-1,-1,-1
2624,500,190,-2.74415201496273,-32.1488250652741,1,-1,-1
2624,1500,192,-4.9227359272584,-30.1488250652741,-1,-1,1
2624,500,193,-2.85833895516073,-29.1488250652741,1,-1,-1
2624,1500,194,-5.50937593644136,-28.1488250652741,-1,1,-1
2624,500,195,-4.44719292977146,-27.1488250652741,1,-1,1
2624,500,196,2.92274946467971,-26.1488250652741,1,1,-1
2624,500,197,-2.16130775665514,-25.1488250652741,1,1,1
2624,1500,198,-1.82977654062487,-24.1488250652741,-1,1,1
2624,1500,199,-4.93206923528454,-23.1488250652741,-1,-1,1
2624,500,200,-2.69821647032872,-22.1488250652741,1,-1,-1
2624,500,201,1.80643709027084,-21.1488250652741,1,1,-1
2624,500,202,1.82575298760044,-20.1488250652741,1,1,1
2624,1500,203,1.93809988553306,-19.1488250652741,-1,1,1
2624,1500,204,-5.68799864850209,-18.1488250652741,-1,-1,1
2624,1500,205,-2.69786378046899,-17.1488250652741,-1,-1,-1
2624,500,206,-5.83899418120753,-16.1488250652741,1,-1,-1
2624,500,207,-1.83541380561733,-15.1488250652741,1,1,-1
2624,1500,208,0.0083439073436673,-14.1488250652741,-1,1,1
2624,1500,209,-3.06875021244717,-13.1488250652741,-1,-1,1
2624,500,210,-2.09177978348303,-12.1488250652741,1,-1,-1
2624,500,211,3.09623723106617,-11.1488250652741,1,1,-1
2624,500,212,2.62884427586292,-10.1488250652741,1,1,1
2624,500,213,2.45994279166889,-9.14882506527414,1,1,1
2624,500,214,5.30441131504297,-8.14882506527414,1,1,1
2624,500,215,7.85608518028908,-7.14882506527414,1,1,1
2624,500,216,7.27666940722229,-6.14882506527414,1,1,1
2624,500,217,7.1180028984347,-5.14882506527414,1,1,1
2624,500,218,13.6085576525242,-4.14882506527414,1,1,1
2624,1500,219,7.47330810772844,-3.14882506527414,-1,1,1
2624,1500,220,5.63715888622189,-2.14882506527414,-1,-1,1
2624,1500,221,7.11464316318674,-1.14882506527414,-1,-1,-1
2624,1500,222,2.06268861444863,-0.148825065274139,-1,-1,-1
2624,1500,223,-2.88084098231234,0.851174934725861,-1,-1,-1
2624,500,224,-0.184056751126165,1.85117493472586,1,-1,-1
2624,1500,225,9.38365028020504,2.85117493472586,-1,1,-1
2624,1500,226,5.48897343281441,3.85117493472586,-1,-1,1
2624,500,227,4.09558963636023,4.85117493472586,1,-1,-1
2624,1500,228,4.71914051871307,5.85117493472586,-1,1,-1
2624,1500,229,1.20810843357665,6.85117493472586,-1,-1,1
2624,1500,230,0.310516324598947,7.85117493472586,-1,-1,-1
2624,1500,231,-1.12641894815122,8.85117493472586,-1,-1,-1
2624,500,232,1.05045078353208,9.85117493472586,1,-1,-1
2624,500,233,6.54191079480469,10.8511749347259,1,1,-1
2624,500,234,7.67070511825008,11.8511749347259,1,1,1
2624,1500,235,-0.888604610622583,12.8511749347259,-1,1,1
2624,500,236,0.824006723621804,13.8511749347259,1,-1,1
2624,1500,237,2.86681571438187,14.8511749347259,-1,1,-1
2624,500,238,1.26205954429827,15.8511749347259,1,-1,1
2624,1500,239,6.75773594992244,16.8511749347259,-1,1,-1
2624,500,240,5.20519463031693,17.8511749347259,1,-1,1
2624,1500,241,0.499523255442987,18.8511749347259,-1,1,-1
2624,1500,242,1.44324697511967,19.8511749347259,-1,-1,1
2624,1500,243,0.327600789989057,20.8511749347259,-1,-1,-1
2624,1500,244,-1.97088653118698,21.8511749347259,-1,-1,-1
2624,500,245,-0.448114677652375,22.8511749347259,1,-1,-1
2624,1500,246,4.35826068357194,23.8511749347259,-1,1,-1
2624,500,247,2.3194324942909,24.8511749347259,1,-1,1
2624,1500,248,4.75215786155936,25.8511749347259,-1,1,-1
2624,500,249,5.59651566324955,26.8511749347259,1,-1,1
2624,500,250,2.6781976971265,27.8511749347259,1,1,-1
2624,1500,251,-6.87626352101458,28.8511749347259,-1,1,1
2624,1500,252,6.0716112299056,29.8511749347259,-1,-1,1
2624,500,253,6.00975053427527,30.8511749347259,1,-1,-1
2624,1500,254,-1.65529821970127,31.8511749347259,-1,1,-1
2624,1500,255,-0.526649189509173,32.8511749347259,-1,-1,1
2624,1500,256,-5.31817317339366,33.8511749347259,-1,-1,-1
2624,1500,257,-1.41433270111854,34.8511749347259,-1,-1,-1
2624,1500,258,-2.25597486643741,35.8511749347259,-1,-1,-1
2624,1500,259,0.605369365304797,36.8511749347259,-1,-1,-1
2624,500,260,-0.309448131481616,37.8511749347259,1,-1,-1
2624,1500,261,-5.69593693700557,38.8511749347259,-1,1,-1
2624,1500,262,2.63947679362125,39.8511749347259,-1,-1,1
2624,500,263,2.68071487992947,40.8511749347259,1,-1,-1
2624,1500,264,2.35412684561073,41.8511749347259,-1,1,-1
2624,500,265,5.45429756353029,42.8511749347259,1,-1,1
2624,1500,266,1.16292485054275,43.8511749347259,-1,1,-1
2624,500,267,1.44362184755519,44.8511749347259,1,-1,1
2624,1500,268,4.47122800819759,45.8511749347259,-1,1,-1
2624,500,269,2.33905338650142,46.8511749347259,1,-1,1
2624,500,271,2.93871303780176,48.8511749347259,1,-1,1
2624,500,272,6.06070946634233,49.8511749347259,1,1,-1
2624,500,273,6.36136567783548,50.8511749347259,1,1,1
2624,1500,274,9.61537139012954,51.8511749347259,-1,1,1
2624,500,275,4.32576904607812,52.8511749347259,1,-1,1
2624,500,276,5.63080445415225,53.8511749347259,1,1,-1
2624,1500,277,4.12210360639114,54.8511749347259,-1,1,1
2624,500,278,6.04286530939506,55.8511749347259,1,-1,1
2624,1500,279,3.84977542380204,56.8511749347259,-1,1,-1
2624,1500,280,1.94881987498703,57.8511749347259,-1,-1,1
2624,500,281,1.62341651299467,58.8511749347259,1,-1,-1
2624,500,282,8.01338970124138,59.8511749347259,1,1,-1
2624,1500,283,5.66091851095341,60.8511749347259,-1,1,1
2624,500,284,9.81802043356678,61.8511749347259,1,-1,1
2624,1500,285,6.32973038342446,62.8511749347259,-1,1,-1
2624,1500,286,1.67617060804951,63.8511749347259,-1,-1,1
2624,500,287,4.4486228644007,64.8511749347259,1,-1,-1
2624,500,288,9.97483879437338,65.8511749347259,1,1,-1
2624,1500,289,1.12789892010907,66.8511749347259,-1,1,1
2624,500,290,8.02938405642139,67.8511749347259,1,-1,1
2624,1500,291,9.29085606519614,68.8511749347259,-1,1,-1
2624,500,292,1.6788763217721,69.8511749347259,1,-1,1
2624,500,293,2.44047860117851,70.8511749347259,1,1,-1
2624,500,294,1.79029214317125,71.8511749347259,1,1,1
2624,500,295,4.73801156856401,72.8511749347259,1,1,1
2624,500,296,9.20161518707978,73.8511749347259,1,1,1
2624,500,297,4.69503450838482,74.8511749347259,1,1,1
2624,500,298,8.92712025921669,75.8511749347259,1,1,1
2624,500,299,11.8734637345543,76.8511749347259,1,1,1
2624,1500,300,10.4160414341074,77.8511749347259,-1,1,1
2624,500,301,7.74248131999788,78.8511749347259,1,-1,1
2624,500,302,6.69837668762135,79.8511749347259,1,1,-1
2624,500,303,0.673837487876125,80.8511749347259,1,1,1
2624,1500,304,4.64247714576316,81.8511749347259,-1,1,1
2624,500,305,4.78123497434858,82.8511749347259,1,-1,1
2624,1500,306,3.94326318353868,83.8511749347259,-1,1,-1
2624,500,307,0.666985160945615,84.8511749347259,1,-1,1
2624,500,308,7.64761937789968,85.8511749347259,1,1,-1
2624,500,309,11.3556180919719,86.8511749347259,1,1,1
2624,500,310,6.67479358799476,87.8511749347259,1,1,1
2624,1500,311,8.01735832158954,88.8511749347259,-1,1,1
2624,500,312,10.0682048330443,89.8511749347259,1,-1,1
2624,1500,313,5.48464513529809,90.8511749347259,-1,1,-1
2624,1500,314,-0.618453119179203,91.8511749347259,-1,-1,1
2624,500,315,0.649201768733135,92.8511749347259,1,-1,-1
2624,1500,316,4.94533783577098,93.8511749347259,-1,1,-1
2624,1500,317,-3.24924329717498,94.8511749347259,-1,-1,1
2624,500,318,-1.5809305383592,95.8511749347259,1,-1,-1
2624,1500,319,-0.872557150146253,96.8511749347259,-1,1,-1
2624,500,321,8.56158043558348,98.8511749347259,1,-1,-1
2624,500,322,8.09478271917608,99.8511749347259,1,1,-1
2624,1500,323,2.24255014147626,100.851174934726,-1,1,1
2624,1500,324,1.88065062434012,101.851174934726,-1,-1,1
2624,500,325,4.44747150337777,102.851174934726,1,-1,-1
2624,1500,326,4.17414607931648,103.851174934726,-1,1,-1
2624,1500,327,1.856461728465,104.851174934726,-1,-1,1
2624,1500,328,3.59515719465948,105.851174934726,-1,-1,-1
2624,1500,329,0.0482776894238071,106.851174934726,-1,-1,-1
2624,1500,330,2.0910774578746,107.851174934726,-1,-1,-1
2624,500,331,1.83052881419306,108.851174934726,1,-1,-1
2624,500,332,1.53914153258467,109.851174934726,1,1,-1
2624,500,333,2.56987844142687,110.851174934726,1,1,1
2624,1500,334,2.57153904732958,111.851174934726,-1,1,1
2624,500,335,1.81697113069072,112.851174934726,1,-1,1
2624,500,336,1.11240435396643,113.851174934726,1,1,-1
2624,500,337,7.11771552994658,114.851174934726,1,1,1
2624,1500,338,2.3685115777489,115.851174934726,-1,1,1
2624,1500,339,1.3751859984704,116.851174934726,-1,-1,1
2624,500,340,3.36193588064329,117.851174934726,1,-1,-1
2624,1500,341,4.52282276887448,118.851174934726,-1,1,-1
2624,500,342,7.04553728057595,119.851174934726,1,-1,1
2624,500,343,7.88159147910719,120.851174934726,1,1,-1
2624,1500,344,4.51800585753446,121.851174934726,-1,1,1
2624,500,345,6.0484332743791,122.851174934726,1,-1,1
2624,1500,346,1.91539294177327,123.851174934726,-1,1,-1
2624,500,347,2.81336397986915,124.851174934726,1,-1,1
2624,500,348,2.40993980439342,125.851174934726,1,1,-1
2624,500,349,4.7721422307622,126.851174934726,1,1,1
2624,500,350,10.7395615311898,127.851174934726,1,1,1
2624,1500,351,7.84270726245624,128.851174934726,-1,1,1
2624,1500,352,6.77583055315824,129.851174934726,-1,-1,1
2624,1500,354,4.03103239611563,131.851174934726,-1,-1,-1
2624,1500,355,2.86385360708919,132.851174934726,-1,-1,-1
2624,1500,356,6.9668652253065,133.851174934726,-1,-1,-1
2624,500,357,2.76395177388118,134.851174934726,1,-1,-1
2624,500,358,7.47792997281668,135.851174934726,1,1,-1
2624,500,359,3.36589475053986,136.851174934726,1,1,1
2624,1500,360,-0.309633334927603,137.851174934726,-1,1,1
2624,1500,361,3.98683672431392,138.851174934726,-1,-1,1
2624,1500,362,-0.136325115251123,139.851174934726,-1,-1,-1
2624,500,363,3.16501736972297,140.851174934726,1,-1,-1
2624,1500,364,5.93818983326808,141.851174934726,-1,1,-1
2624,500,365,8.36303083571498,142.851174934726,1,-1,1
2624,500,366,7.51702875633938,143.851174934726,1,1,-1
2624,500,367,10.0344806152979,144.851174934726,1,1,1
2624,1500,368,6.71870631012947,145.851174934726,-1,1,1
2624,1500,369,1.59432965970009,146.851174934726,-1,-1,1
2624,500,370,5.20284378960925,147.851174934726,1,-1,-1
2624,1500,371,-1.01894292290888,148.851174934726,-1,1,-1
2624,1500,372,-0.305785519815053,149.851174934726,-1,-1,1
2624,500,373,3.33070611624484,150.851174934726,1,-1,-1
2624,1500,374,6.492584728777,151.851174934726,-1,1,-1
2624,500,375,9.46270799041739,152.851174934726,1,-1,1
2624,500,377,-1.1586893742903,154.851174934726,1,-1,1
2624,1500,378,5.34402385902452,155.851174934726,-1,1,-1
2624,500,379,1.93197546396442,156.851174934726,1,-1,1
2624,1500,380,5.9406711706264,157.851174934726,-1,1,-1
2624,1500,381,1.26120058311276,158.851174934726,-1,-1,1
2624,500,382,-2.21630638488961,159.851174934726,1,-1,-1
2624,1500,383,0.0916064903175773,160.851174934726,-1,1,-1
2624,500,384,2.97988561250995,161.851174934726,1,-1,1
2624,500,385,6.23233422110455,162.851174934726,1,1,-1
2624,500,386,7.81967392698898,163.851174934726,1,1,1
2624,500,388,9.24136648755869,165.851174934726,1,-1,1
2624,1500,389,3.53358944111421,166.851174934726,-1,1,-1
2624,1500,390,-3.47223740833755,167.851174934726,-1,-1,1
2624,1500,391,-1.89804491468359,168.851174934726,-1,-1,-1
2624,500,392,5.27790144232763,169.851174934726,1,-1,-1
2624,500,393,7.57818783320608,170.851174934726,1,1,-1
2624,1500,394,3.18296955557628,171.851174934726,-1,1,1
2624,500,395,9.60102015033948,172.851174934726,1,-1,1
2624,500,396,8.06892306030198,173.851174934726,1,1,-1
2624,1500,397,4.61785342128452,174.851174934726,-1,1,1
2624,500,398,7.34279630156438,175.851174934726,1,-1,1
2624,500,399,13.1791302519595,176.851174934726,1,1,-1
2624,1500,401,9.28075660731274,178.851174934726,-1,-1,1
2624,500,402,2.17523519130925,179.851174934726,1,-1,-1
2624,1500,403,5.2785752775485,180.851174934726,-1,1,-1
2624,500,404,2.66074836836815,181.851174934726,1,-1,1
2624,1500,405,-0.186927735555583,182.851174934726,-1,1,-1
2624,500,406,1.97472684237128,183.851174934726,1,-1,1
2624,500,407,5.50774609578203,184.851174934726,1,1,-1
2624,1500,408,6.44049273882198,185.851174934726,-1,1,1
2624,500,409,6.05937882455058,186.851174934726,1,-1,1
2624,1500,410,5.67219827155349,187.851174934726,-1,1,-1
2624,1500,411,3.97050210006599,188.851174934726,-1,-1,1
2624,500,412,2.98667700931273,189.851174934726,1,-1,-1
2624,500,413,9.33590344313248,190.851174934726,1,1,-1
2624,1500,414,4.68736091753434,191.851174934726,-1,1,1
2624,1500,415,2.37268979473978,192.851174934726,-1,-1,1
2624,1500,416,1.33670237150203,193.851174934726,-1,-1,-1
2624,500,417,3.61543589764039,194.851174934726,1,-1,-1
2624,1500,418,3.47666584098325,195.851174934726,-1,1,-1
2624,500,419,3.59165004723988,196.851174934726,1,-1,1
2624,500,420,7.38144113049168,197.851174934726,1,1,-1
2625,500,23,9.12280295198996,-204.701949860724,1,1,1
2625,500,24,15.2394725409796,-203.701949860724,1,1,1
2625,1500,25,20.9137954415534,-202.701949860724,-1,1,1
2625,1500,26,12.3862083502931,-201.701949860724,-1,-1,1
2625,500,27,0.520152938474859,-200.701949860724,1,-1,-1
2625,1500,28,12.1905873305102,-199.701949860724,-1,1,-1
2625,1500,30,-6.59483050900325,-197.701949860724,-1,-1,-1
2625,1500,31,1.30019982742064,-196.701949860724,-1,-1,-1
2625,1500,32,-9.82582604860756,-195.701949860724,-1,-1,-1
2625,500,33,-4.08290398657313,-194.701949860724,1,-1,-1
2625,500,34,8.60236728436766,-193.701949860724,1,1,-1
2625,500,35,13.9151967407628,-192.701949860724,1,1,1
2625,1500,36,4.36676693293808,-191.701949860724,-1,1,1
2625,500,40,-6.79678673642423,-187.701949860724,1,-1,-1
2625,500,41,-0.542105108291927,-186.701949860724,1,1,-1
2625,1500,42,-3.84206099711653,-185.701949860724,-1,1,1
2625,500,43,-3.74016413857876,-184.701949860724,1,-1,1
2625,500,44,4.0082892888044,-183.701949860724,1,1,-1
2625,1500,45,-1.06402910583818,-182.701949860724,-1,1,1
2625,1500,49,-11.2485891866464,-178.701949860724,-1,-1,-1
2625,500,51,-4.0234925186864,-176.701949860724,1,-1,-1
2625,1500,52,-7.48432840687823,-175.701949860724,-1,1,-1
2625,1500,55,-9.82964971847996,-172.701949860724,-1,-1,-1
2625,500,57,-7.12958094478151,-170.701949860724,1,-1,-1
2625,500,58,-4.58103873055265,-169.701949860724,1,1,-1
2625,500,59,-0.503975804304812,-168.701949860724,1,1,1
2625,1500,61,-3.61456512504886,-166.701949860724,-1,-1,1
2625,1500,62,-7.31129658941226,-165.701949860724,-1,-1,-1
2625,500,63,-7.97189093168714,-164.701949860724,1,-1,-1
2625,500,64,3.25815297237943,-163.701949860724,1,1,-1
2625,1500,65,-0.74010681517417,-162.701949860724,-1,1,1
2625,1500,66,-1.95437505670918,-161.701949860724,-1,-1,1
2625,500,67,-1.51657266630375,-160.701949860724,1,-1,-1
2625,1500,68,6.71964047868482,-159.701949860724,-1,1,-1
2625,1500,69,4.42487433323992,-158.701949860724,-1,-1,1
2625,500,70,-2.74871686159157,-157.701949860724,1,-1,-1
2625,500,71,7.34553872080643,-156.701949860724,1,1,-1
2625,500,74,-4.91810985206024,-153.701949860724,1,-1,-1
2625,500,75,-6.52870609971359,-152.701949860724,1,1,-1
2625,500,76,-5.41206368643518,-151.701949860724,1,1,1
2625,500,78,-4.69560470954346,-149.701949860724,1,-1,1
2625,500,79,-5.78897516306163,-148.701949860724,1,1,-1
2625,500,80,-5.57623535589855,-147.701949860724,1,1,1
2625,1500,81,-7.53187829882869,-146.701949860724,-1,1,1
2625,500,83,-2.89725779745591,-144.701949860724,1,-1,-1
2625,500,84,-0.770398375260389,-143.701949860724,1,1,-1
2625,1500,85,-1.95623892780407,-142.701949860724,-1,1,1
2625,500,86,-5.0747751873112,-141.701949860724,1,-1,1
2625,500,87,1.28901824657378,-140.701949860724,1,1,-1
2625,1500,88,0.756227639345765,-139.701949860724,-1,1,1
2625,500,91,-5.34847424516275,-136.701949860724,1,-1,-1
2625,500,92,0.988123200791339,-135.701949860724,1,1,-1
2625,1500,93,2.1353084182864,-134.701949860724,-1,1,1
2625,500,94,-6.69703663303017,-133.701949860724,1,-1,1
2625,500,95,2.49504781400611,-132.701949860724,1,1,-1
2625,1500,96,2.02334158286739,-131.701949860724,-1,1,1
2625,500,97,1.86866773061049,-130.701949860724,1,-1,1
2625,500,98,2.09852963767372,-129.701949860724,1,1,-1
2625,500,99,2.3541216552269,-128.701949860724,1,1,1
2625,500,100,13.536843840867,-127.701949860724,1,1,1
2625,500,101,8.33081894883574,-126.701949860724,1,1,1
2625,1500,102,2.78755628989371,-125.701949860724,-1,1,1
2625,500,103,2.93611746206596,-124.701949860724,1,-1,1
2625,500,104,13.9439244734311,-123.701949860724,1,1,-1
2625,500,105,13.3075413997638,-122.701949860724,1,1,1
2625,1500,106,5.51509491659531,-121.701949860724,-1,1,1
2625,500,108,-0.774741434099732,-119.701949860724,1,-1,-1
2625,1500,109,10.5362388145221,-118.701949860724,-1,1,-1
2625,1500,110,7.98535808244851,-117.701949860724,-1,-1,1
2625,1500,111,-3.27023243466847,-116.701949860724,-1,-1,-1
2625,1500,112,0.686003679561039,-115.701949860724,-1,-1,-1
2625,500,113,-8.50678930131886,-114.701949860724,1,-1,-1
2625,500,114,0.886677856339368,-113.701949860724,1,1,-1
2625,500,115,0.751983811659498,-112.701949860724,1,1,1
2625,500,117,-1.31687664562213,-110.701949860724,1,-1,1
2625,500,118,1.29888588031196,-109.701949860724,1,1,-1
2625,500,119,11.7504420766126,-108.701949860724,1,1,1
2625,500,120,3.94509276972364,-107.701949860724,1,1,1
2625,1500,121,5.73137791941017,-106.701949860724,-1,1,1
2625,500,122,1.01902537272269,-105.701949860724,1,-1,1
2625,1500,123,-9.20337383862056,-104.701949860724,-1,1,-1
2625,1500,124,-6.37637633732759,-103.701949860724,-1,-1,1
2625,500,125,3.37732738727801,-102.701949860724,1,-1,-1
2625,500,126,-1.46908824021546,-101.701949860724,1,1,-1
2625,1500,127,1.75112079401171,-100.701949860724,-1,1,1
2625,1500,128,-5.23080585402046,-99.7019498607242,-1,-1,1
2625,500,129,-5.07419347364169,-98.7019498607242,1,-1,-1
2625,1500,130,-0.3876065796227,-97.7019498607242,-1,1,-1
2625,500,132,-7.27210468069372,-95.7019498607242,1,-1,-1
2625,1500,133,-16.0581383051667,-94.7019498607242,-1,1,-1
2625,1500,134,-15.7424833496627,-93.7019498607242,-1,-1,1
2625,1500,135,-16.0226531038783,-92.7019498607242,-1,-1,-1
2625,1500,137,-4.15052353635398,-90.7019498607242,-1,-1,-1
2625,500,138,-3.13373066229039,-89.7019498607242,1,-1,-1
2625,1500,139,-6.41320258359732,-88.7019498607242,-1,1,-1
2625,500,140,-1.20571962079114,-87.7019498607242,1,-1,1
2625,500,141,-4.48475667802017,-86.7019498607242,1,1,-1
2625,500,142,1.77744481748111,-85.7019498607242,1,1,1
2625,1500,143,6.5368024577621,-84.7019498607242,-1,1,1
2625,500,144,2.73288430289922,-83.7019498607242,1,-1,1
2625,1500,145,-1.7332953958448,-82.7019498607242,-1,1,-1
2625,500,146,-1.58012930067239,-81.7019498607242,1,-1,1
2625,500,147,-7.98535983097243,-80.7019498607242,1,1,-1
2625,500,148,3.60560699538129,-79.7019498607242,1,1,1
2625,1500,149,-2.55672843034605,-78.7019498607242,-1,1,1
2625,1500,150,1.99976118344366,-77.7019498607242,-1,-1,1
2625,1500,151,-9.02136514443374,-76.7019498607242,-1,-1,-1
2625,500,152,-5.59507611463109,-75.7019498607242,1,-1,-1
2625,1500,153,0.371476323193863,-74.7019498607242,-1,1,-1
2625,500,154,0.714574858842358,-73.7019498607242,1,-1,1
2625,1500,155,10.8275763425137,-72.7019498607242,-1,1,-1
2625,1500,156,4.73696528928163,-71.7019498607242,-1,-1,1
2625,500,157,-1.38994842980279,-70.7019498607242,1,-1,-1
2625,500,158,8.05089278895682,-69.7019498607242,1,1,-1
2625,500,159,5.35026345921718,-68.7019498607242,1,1,1
2625,1500,160,11.515850990922,-67.7019498607242,-1,1,1
2625,500,161,-1.77466837603423,-66.7019498607242,1,-1,1
2625,1500,162,13.969127688901,-65.7019498607242,-1,1,-1
2625,500,163,4.91918574346174,-64.7019498607242,1,-1,1
2625,500,164,-1.26143297218207,-63.7019498607242,1,1,-1
2625,1500,165,3.60413589916271,-62.7019498607242,-1,1,1
2625,1500,166,1.95807762282695,-61.7019498607242,-1,-1,1
2625,1500,167,-2.74510731299489,-60.7019498607242,-1,-1,-1
2625,1500,168,-0.76680599661336,-59.7019498607242,-1,-1,-1
2625,500,169,-0.743608676293068,-58.7019498607242,1,-1,-1
2625,500,170,2.18175273222381,-57.7019498607242,1,1,-1
2625,500,171,3.83998302368361,-56.7019498607242,1,1,1
2625,500,172,2.8385405371948,-55.7019498607242,1,1,1
2625,1500,173,-9.86289569141716,-54.7019498607242,-1,1,1
2625,1500,174,-10.5611845964951,-53.7019498607242,-1,-1,1
2625,1500,175,-17.4303033019122,-52.7019498607242,-1,-1,-1
2625,500,176,2.90923608365793,-51.7019498607242,1,-1,-1
2625,1500,177,-5.10493892384217,-50.7019498607242,-1,1,-1
2625,1500,178,5.23056545153501,-49.7019498607242,-1,-1,1
2625,500,179,-7.32600975157751,-48.7019498607242,1,-1,-1
2625,500,180,-3.30285385526721,-47.7019498607242,1,1,-1
2625,500,181,2.19814453881622,-46.7019498607242,1,1,1
2625,500,182,-8.20485518040232,-45.7019498607242,1,1,1
2625,1500,183,1.70536157170382,-44.7019498607242,-1,1,1
2625,1500,184,-7.18069297664017,-43.7019498607242,-1,-1,1
2625,1500,185,0.333534308469953,-42.7019498607242,-1,-1,-1
2625,1500,186,-9.52490170081286,-41.7019498607242,-1,-1,-1
2625,1500,187,-4.85137035090288,-40.7019498607242,-1,-1,-1
2625,500,188,-2.5869346535988,-39.7019498607242,1,-1,-1
2625,500,189,-5.39162297795356,-38.7019498607242,1,1,-1
2625,500,191,2.64745502901895,-36.7019498607242,1,-1,1
2625,500,192,-0.223420793900411,-35.7019498607242,1,1,-1
2625,500,193,-5.0180054809682,-34.7019498607242,1,1,1
2625,1500,194,5.03873075588743,-33.7019498607242,-1,1,1
2625,1500,195,2.01637666272241,-32.7019498607242,-1,-1,1
2625,500,196,4.34301236222311,-31.7019498607242,1,-1,-1
2625,500,199,-1.20926284265634,-28.7019498607242,1,-1,-1
2625,1500,200,-13.6942185375617,-27.7019498607242,-1,1,-1
2625,500,201,3.97350884309712,-26.7019498607242,1,-1,1
2625,500,202,-0.578997847471102,-25.7019498607242,1,1,-1
2625,1500,203,3.55732096419439,-24.7019498607242,-1,1,1
2625,1500,205,-3.51002813925396,-22.7019498607242,-1,-1,-1
2625,1500,206,-4.12693516003061,-21.7019498607242,-1,-1,-1
2625,500,207,2.44427778150808,-20.7019498607242,1,-1,-1
2625,500,208,3.40624471561549,-19.7019498607242,1,1,-1
2625,1500,209,7.14909487034489,-18.7019498607242,-1,1,1
2625,1500,210,-2.21163574210219,-17.7019498607242,-1,-1,1
2625,500,211,-0.238134928563742,-16.7019498607242,1,-1,-1
2625,1500,212,6.39499034466458,-15.7019498607242,-1,1,-1
2625,500,213,-0.636783182987629,-14.7019498607242,1,-1,1
2625,1500,214,6.94069316028749,-13.7019498607242,-1,1,-1
2625,1500,215,-16.7801416914393,-12.7019498607242,-1,-1,1
2625,500,216,-3.21869629707201,-11.7019498607242,1,-1,-1
2625,1500,217,-1.84800062753818,-10.7019498607242,-1,1,-1
2625,1500,218,-7.39576165504768,-9.70194986072423,-1,-1,1
2625,500,219,-2.51667303735594,-8.70194986072423,1,-1,-1
2625,500,220,7.53806630295147,-7.70194986072423,1,1,-1
2625,1500,221,-3.82548526071403,-6.70194986072423,-1,1,1
2625,1500,222,1.6471090189258,-5.70194986072423,-1,-1,1
2625,500,223,-5.77429545582034,-4.70194986072423,1,-1,-1
2625,500,224,4.49910880154358,-3.70194986072423,1,1,-1
2625,500,225,3.64856599756948,-2.70194986072423,1,1,1
2625,500,226,4.60405616379104,-1.70194986072423,1,1,1
2625,1500,227,8.48076610678989,-0.701949860724227,-1,1,1
2625,1500,228,4.26157019267907,0.298050139275773,-1,-1,1
2625,500,229,-3.16425314170099,1.29805013927577,1,-1,-1
2625,1500,230,7.74710622984672,2.29805013927577,-1,1,-1
2625,1500,231,-6.62732974130278,3.29805013927577,-1,-1,1
2625,1500,232,1.71919794382238,4.29805013927577,-1,-1,-1
2625,1500,234,-9.18478242947586,6.29805013927577,-1,-1,-1
2625,1500,235,4.90510164901025,7.29805013927577,-1,-1,-1
2625,1500,236,-8.30875870923358,8.29805013927577,-1,-1,-1
2625,500,237,-3.31023200591507,9.29805013927577,1,-1,-1
2625,1500,238,2.29034193718872,10.2980501392758,-1,1,-1
2625,500,239,9.73864269986566,11.2980501392758,1,-1,1
2625,1500,240,11.109562121687,12.2980501392758,-1,1,-1
2625,500,241,6.85319378893195,13.2980501392758,1,-1,1
2625,1500,242,1.18323595839853,14.2980501392758,-1,1,-1
2625,500,243,-0.596333306940439,15.2980501392758,1,-1,1
2625,1500,244,4.41145864261041,16.2980501392758,-1,1,-1
2625,500,245,6.2579041983067,17.2980501392758,1,-1,1
2625,1500,246,12.0938794676367,18.2980501392758,-1,1,-1
2625,500,247,11.5171286604768,19.2980501392758,1,-1,1
2625,500,248,11.162810548812,20.2980501392758,1,1,-1
2625,500,249,5.36651229944075,21.2980501392758,1,1,1
2625,1500,250,13.0953446459792,22.2980501392758,-1,1,1
2625,1500,251,12.0667666924967,23.2980501392758,-1,-1,1
2625,500,252,12.3906588050584,24.2980501392758,1,-1,-1
2625,1500,253,7.37510077701635,25.2980501392758,-1,1,-1
2625,1500,254,0.871655325610387,26.2980501392758,-1,-1,1
2625,500,255,5.38077255480255,27.2980501392758,1,-1,-1
2625,500,256,8.65238464443796,28.2980501392758,1,1,-1
2625,1500,257,0.592377165719702,29.2980501392758,-1,1,1
2625,1500,258,3.00191720846396,30.2980501392758,-1,-1,1
2625,1500,259,-4.56378065197575,31.2980501392758,-1,-1,-1
2625,500,260,-2.97955597056561,32.2980501392758,1,-1,-1
2625,500,261,-2.30522725421814,33.2980501392758,1,1,-1
2625,1500,262,-5.85047906457755,34.2980501392758,-1,1,1
2625,500,263,1.01901683201615,35.2980501392758,1,-1,1
2625,500,264,1.6822879257777,36.2980501392758,1,1,-1
2625,1500,265,3.04896762323975,37.2980501392758,-1,1,1
2625,500,266,-1.45678186185819,38.2980501392758,1,-1,1
2625,1500,267,6.68009690572564,39.2980501392758,-1,1,-1
2625,1500,268,16.6824803228116,40.2980501392758,-1,-1,1
2625,500,269,-1.35755361969397,41.2980501392758,1,-1,-1
2625,500,270,1.81076461477604,42.2980501392758,1,1,-1
2625,1500,271,-1.51521118151489,43.2980501392758,-1,1,1
2625,1500,272,-5.0705470501857,44.2980501392758,-1,-1,1
2625,1500,273,-15.7420697305218,45.2980501392758,-1,-1,-1
2625,500,274,-5.54666534030404,46.2980501392758,1,-1,-1
2625,1500,275,-14.0903666242473,47.2980501392758,-1,1,-1
2625,500,276,-6.6204282422711,48.2980501392758,1,-1,1
2625,500,277,-5.30592428781675,49.2980501392758,1,1,-1
2625,1500,278,-20.6866894483314,50.2980501392758,-1,1,1
2625,500,279,-3.68892705230204,51.2980501392758,1,-1,1
2625,500,280,-4.81226141157399,52.2980501392758,1,1,-1
2625,1500,282,2.28638289997816,54.2980501392758,-1,-1,1
2625,1500,283,0.0526474607469942,55.2980501392758,-1,-1,-1
2625,500,284,-0.624799054361741,56.2980501392758,1,-1,-1
2625,500,285,-3.54946147760984,57.2980501392758,1,1,-1
2625,500,286,7.76929829323045,58.2980501392758,1,1,1
2625,1500,289,-6.32106023977754,61.2980501392758,-1,-1,-1
2625,500,290,-12.8630948600193,62.2980501392758,1,-1,-1
2625,500,291,-2.37770316403699,63.2980501392758,1,1,-1
2625,500,292,0.511865923798329,64.2980501392758,1,1,1
2625,500,295,-3.79215645654623,67.2980501392758,1,-1,-1
2625,500,296,0.889751252161559,68.2980501392758,1,1,-1
2625,1500,297,-3.72820650838001,69.2980501392758,-1,1,1
2625,500,298,-7.4352798940555,70.2980501392758,1,-1,1
2625,500,299,1.95702886347712,71.2980501392758,1,1,-1
2625,1500,300,10.3011276788461,72.2980501392758,-1,1,1
2625,500,302,1.05901751059884,74.2980501392758,1,-1,-1
2625,1500,303,0.608454267010301,75.2980501392758,-1,1,-1
2625,1500,304,-6.07301611917606,76.2980501392758,-1,-1,1
2625,500,305,0.290603628651139,77.2980501392758,1,-1,-1
2625,500,306,4.89344712941514,78.2980501392758,1,1,-1
2625,500,307,4.98054434969284,79.2980501392758,1,1,1
2625,500,308,8.17220317054189,80.2980501392758,1,1,1
2625,1500,309,6.37307425255188,81.2980501392758,-1,1,1
2625,1500,310,3.15291021700611,82.2980501392758,-1,-1,1
2625,500,311,-1.43592667971007,83.2980501392758,1,-1,-1
2625,1500,312,-3.7932421150812,84.2980501392758,-1,1,-1
2625,500,314,0.492043073400699,86.2980501392758,1,-1,-1
2625,1500,315,-9.61725886950266,87.2980501392758,-1,1,-1
2625,500,316,1.09391460774875,88.2980501392758,1,-1,1
2625,1500,317,-0.47357521435669,89.2980501392758,-1,1,-1
2625,500,318,5.32825538597702,90.2980501392758,1,-1,1
2625,500,320,4.75105882127064,92.2980501392758,1,-1,1
2625,500,321,5.73562384566531,93.2980501392758,1,1,-1
2625,1500,322,-17.6087851849709,94.2980501392758,-1,1,1
2625,1500,323,-12.4393899977686,95.2980501392758,-1,-1,1
2625,1500,324,-7.01307553667818,96.2980501392758,-1,-1,-1
2625,500,325,-7.84918769630144,97.2980501392758,1,-1,-1
2625,500,326,1.24981530154504,98.2980501392758,1,1,-1
2625,1500,327,-3.57965766328472,99.2980501392758,-1,1,1
2625,500,328,0.799597053759499,100.298050139276,1,-1,1
2625,500,329,-0.860381814452756,101.298050139276,1,1,-1
2625,500,330,8.31500874869535,102.298050139276,1,1,1
2625,500,331,4.58804709821714,103.298050139276,1,1,1
2625,1500,332,5.22331711284107,104.298050139276,-1,1,1
2625,500,333,1.49439115311872,105.298050139276,1,-1,1
2625,500,334,2.54951407314139,106.298050139276,1,1,-1
2625,500,335,11.63067947369,107.298050139276,1,1,1
2625,500,336,-12.1255108100268,108.298050139276,1,1,1
2625,1500,337,-3.4978767630411,109.298050139276,-1,1,1
2625,1500,338,-11.0044804080786,110.298050139276,-1,-1,1
2625,1500,339,-27.2531058278379,111.298050139276,-1,-1,-1
2625,1500,340,-18.56956097412,112.298050139276,-1,-1,-1
2625,500,341,-9.23541752758108,113.298050139276,1,-1,-1
2625,1500,342,-20.099082553241,114.298050139276,-1,1,-1
2625,500,343,-11.2062665102369,115.298050139276,1,-1,1
2625,1500,345,-9.49268169080326,117.298050139276,-1,-1,1
2625,1500,346,-27.3046100249204,118.298050139276,-1,-1,-1
2625,1500,347,-21.7294842238258,119.298050139276,-1,-1,-1
2625,500,348,-7.15358512630356,120.298050139276,1,-1,-1
2625,500,349,-3.18350908551994,121.298050139276,1,1,-1
2625,500,350,-6.79054432315794,122.298050139276,1,1,1
2625,500,352,-3.2736932788522,124.298050139276,1,-1,1
2625,1500,353,-10.0642533778063,125.298050139276,-1,1,-1
2625,500,354,-8.38210813869213,126.298050139276,1,-1,1
2625,1500,355,-1.78840667990836,127.298050139276,-1,1,-1
2625,1500,356,-19.3310648303348,128.298050139276,-1,-1,1
2625,1500,357,-7.25847173797877,129.298050139276,-1,-1,-1
2625,500,358,-10.6327906152222,130.298050139276,1,-1,-1
2625,500,359,-7.08098392040488,131.298050139276,1,1,-1
2625,1500,360,-5.23716810662875,132.298050139276,-1,1,1
2625,1500,361,-8.6965428658038,133.298050139276,-1,-1,1
2625,500,362,-13.5590593159706,134.298050139276,1,-1,-1
2625,1500,363,-11.3020824508856,135.298050139276,-1,1,-1
2625,500,364,-12.9367471044652,136.298050139276,1,-1,1
2625,500,365,-7.47708266902414,137.298050139276,1,1,-1
2625,1500,366,-7.53187468977075,138.298050139276,-1,1,1
2625,500,367,-3.7317309117365,139.298050139276,1,-1,1
2625,1500,368,-15.5010892243885,140.298050139276,-1,1,-1
2625,1500,369,-10.0385837806423,141.298050139276,-1,-1,1
2625,1500,370,-7.89203270262163,142.298050139276,-1,-1,-1
2625,500,371,-17.4998465738691,143.298050139276,1,-1,-1
2625,500,372,2.10728031578909,144.298050139276,1,1,-1
2625,1500,373,-1.77060468801335,145.298050139276,-1,1,1
2625,1500,375,-16.5418867876801,147.298050139276,-1,-1,-1
2625,500,376,-11.081359457253,148.298050139276,1,-1,-1
2625,1500,377,-11.1150662656463,149.298050139276,-1,1,-1
2625,1500,378,-10.8739045346538,150.298050139276,-1,-1,1
2625,500,379,-10.3045854564339,151.298050139276,1,-1,-1
2625,1500,380,-4.08737327227463,152.298050139276,-1,1,-1
2625,500,381,2.82981146585128,153.298050139276,1,-1,1
2625,500,382,1.01412820140982,154.298050139276,1,1,-1
2625,500,383,-5.77269843291927,155.298050139276,1,1,1
2625,1500,384,-23.5921976184609,156.298050139276,-1,1,1
2625,500,385,0.715484034071408,157.298050139276,1,-1,1
2625,500,386,-9.29209326742698,158.298050139276,1,1,-1
2625,500,387,-13.5438619730227,159.298050139276,1,1,1
2625,1500,388,-8.66850351427465,160.298050139276,-1,1,1
2625,1500,389,-22.4155223875078,161.298050139276,-1,-1,1
2625,500,390,-9.01360618143851,162.298050139276,1,-1,-1
2625,500,391,-2.51420926743488,163.298050139276,1,1,-1
2625,500,392,-5.20204510547503,164.298050139276,1,1,1
2625,1500,393,-0.22388338256619,165.298050139276,-1,1,1
2625,1500,394,3.99826529604346,166.298050139276,-1,-1,1
2625,500,395,-9.93859033944817,167.298050139276,1,-1,-1
2625,500,396,-0.0802818946182615,168.298050139276,1,1,-1
2625,500,397,2.65321558671492,169.298050139276,1,1,1
2625,500,398,3.79890604717673,170.298050139276,1,1,1
2625,500,399,-3.4068224217932,171.298050139276,1,1,1
2625,500,400,0.257298460646339,172.298050139276,1,1,1
2625,500,401,6.22690986202112,173.298050139276,1,1,1
2625,500,402,-0.419994687158971,174.298050139276,1,1,1
2625,500,403,-0.576388324156491,175.298050139276,1,1,1
2625,500,404,8.4418488468168,176.298050139276,1,1,1
2625,500,405,-2.18741198270421,177.298050139276,1,1,1
2625,1500,406,-4.73470824277306,178.298050139276,-1,1,1
2625,1500,407,-8.19504122477815,179.298050139276,-1,-1,1
2625,1500,408,-20.087044505939,180.298050139276,-1,-1,-1
2625,500,409,-6.63731677028741,181.298050139276,1,-1,-1
2625,500,410,1.6913873806904,182.298050139276,1,1,-1
2625,500,411,0.695852776971439,183.298050139276,1,1,1
2625,1500,412,-2.36811492757256,184.298050139276,-1,1,1
2625,500,413,-2.03826858635474,185.298050139276,1,-1,1
2625,500,414,-1.16694541390488,186.298050139276,1,1,-1
2625,1500,416,-11.1826646190736,188.298050139276,-1,-1,1
2625,1500,417,-10.0838665962841,189.298050139276,-1,-1,-1
2625,1500,418,-12.3703539344086,190.298050139276,-1,-1,-1
2625,500,419,-17.6568976307343,191.298050139276,1,-1,-1
2625,500,420,-10.9082515617951,192.298050139276,1,1,-1
