id,subTrial,phase,goDelay,rotDir,handAng
1,1,1,1500,0,NaN
1,2,1,1500,0,6.560466813
1,3,1,500,0,0.131773066
1,4,1,1500,0,1.797929136
1,5,1,500,0,-3.556844898
1,6,1,1500,0,-1.988802259
1,7,1,500,0,5.590071139
1,8,1,500,0,0.154748669
1,9,1,1500,0,-0.233841085
1,10,1,500,0,2.282346843
1,11,1,500,0,4.768573556
1,12,1,1500,0,-5.762298566
1,13,1,1500,0,-3.038027604
1,14,1,1500,0,1.440731483
1,15,1,500,0,-6.504441415
1,16,1,500,0,2.886767202
1,17,1,1500,0,-0.915404142
1,18,1,1500,0,-1.4291255
1,19,1,500,0,7.296150502
1,20,1,500,0,4.77178862
1,21,2,500,1,3.366564459
1,22,2,1500,-1,-0.183612522
1,23,2,1500,-1,1.470946031
1,24,2,500,1,8.183954382
1,25,2,500,1,-1.802107004
1,26,2,1500,-1,4.397899666
1,27,2,1500,-1,3.924866525
1,28,2,1500,-1,7.914187852
1,29,2,1500,-1,6.786588576
1,30,2,500,1,11.12407592
1,31,2,500,1,8.508888805
1,32,2,1500,-1,NaN
1,33,2,500,1,9.421751713
1,34,2,500,1,9.489740002
1,35,2,500,1,5.784568318
1,36,2,1500,-1,1.141808129
1,37,2,500,1,8.030085907
1,38,2,500,1,5.59366968
1,39,2,500,1,6.320525122
1,40,2,1500,-1,NaN
1,41,2,1500,-1,2.888364327
1,42,2,1500,-1,6.567950532
1,43,2,1500,-1,10.87640083
1,44,2,1500,-1,6.936700785
1,45,2,1500,-1,7.990104445
1,46,2,500,1,16.91816537
1,47,2,1500,-1,12.5652281
1,48,2,1500,-1,10.14592677
1,49,2,1500,-1,11.16337954
1,50,2,1500,-1,15.16007962
1,51,2,500,1,18.30100715
1,52,2,500,1,13.09092344
1,53,2,1500,-1,11.01194656
1,54,2,500,1,13.98792364
1,55,2,500,1,13.88411811
1,56,2,1500,-1,NaN
1,57,2,500,1,13.36378689
1,58,2,500,1,12.99144636
1,59,2,500,1,15.90654023
1,60,2,500,1,11.35080038
1,61,2,1500,-1,11.5043676
1,62,2,1500,-1,16.43153431
1,63,2,500,1,17.99745055
1,64,2,500,1,13.99483342
1,65,2,500,1,10.81009169
1,66,2,1500,-1,10.84422539
1,67,2,1500,-1,15.7154673
1,68,2,1500,-1,18.66902011
1,69,2,500,1,23.07412231
1,70,2,1500,-1,20.90324824
1,71,2,500,1,19.53716707
1,72,2,500,1,22.58266066
1,73,2,1500,-1,11.41414426
1,74,2,1500,-1,18.20166187
1,75,2,1500,-1,17.00026491
1,76,2,1500,-1,18.09460287
1,77,2,500,1,21.54920435
1,78,2,1500,-1,15.43230398
1,79,2,500,1,21.17578127
1,80,2,1500,-1,19.21580652
1,81,2,1500,-1,13.97883758
1,82,2,1500,-1,12.77679602
1,83,2,1500,-1,17.53774864
1,84,2,1500,-1,18.4134753
1,85,2,1500,-1,16.04379895
1,86,2,1500,-1,22.16905292
1,87,2,500,1,22.16004695
1,88,2,1500,-1,18.65717354
1,89,2,500,1,25.67245983
1,90,2,1500,-1,14.23898344
1,91,2,1500,-1,17.70521606
1,92,2,1500,-1,15.39394143
1,93,2,1500,-1,18.74764171
1,94,2,500,1,15.7873615
1,95,2,1500,-1,12.089809
1,96,2,500,1,16.37099437
1,97,2,500,1,14.08663442
1,98,2,500,1,7.660580599
1,99,2,500,1,11.04138099
1,100,2,1500,-1,7.18946266
1,101,2,1500,-1,9.317134733
1,102,2,1500,-1,6.851881851
1,103,2,500,1,12.28530352
1,104,2,1500,-1,14.79129706
1,105,2,500,1,13.29456595
1,106,2,500,1,12.72308206
1,107,2,500,1,10.94539315
1,108,2,1500,-1,11.45221438
1,109,2,500,1,19.15228325
1,110,2,1500,-1,10.09509727
1,111,2,500,1,14.53158949
1,112,2,1500,-1,8.233683438
1,113,2,500,1,8.552877532
1,114,2,1500,-1,9.157343446
1,115,2,1500,-1,13.51253594
1,116,2,1500,-1,12.96586083
1,117,2,500,1,14.78900202
1,118,2,500,1,7.446596285
1,119,2,500,1,5.159165297
1,120,2,500,1,5.40791623
1,121,2,500,1,1.362125598
1,122,2,1500,-1,1.915858749
1,123,2,500,1,7.535730303
1,124,2,1500,-1,6.815114788
1,125,2,500,1,13.58544961
1,126,2,500,1,8.561872377
1,127,2,500,1,14.01394842
1,128,2,500,1,5.009233715
1,129,2,500,1,10.65764363
1,130,2,1500,-1,2.058933899
1,131,2,500,1,6.42526958
1,132,2,1500,-1,1.204332816
1,133,2,1500,-1,2.665453186
1,134,2,500,1,5.796698611
1,135,2,1500,-1,1.542451997
1,136,2,500,1,4.963434133
1,137,2,1500,-1,7.957150946
1,138,2,500,1,3.140274626
1,139,2,1500,-1,3.420789328
1,140,2,1500,-1,8.830852691
1,141,2,1500,-1,8.889934269
1,142,2,500,1,7.374808054
1,143,2,500,1,7.200463097
1,144,2,1500,-1,3.946696525
1,145,2,500,1,5.847188962
1,146,2,1500,-1,4.48499778
1,147,2,500,1,5.81022624
1,148,2,1500,-1,8.314854211
1,149,2,1500,-1,3.781711501
1,150,2,500,1,8.53353866
1,151,2,1500,-1,9.444421518
1,152,2,500,1,9.639034076
1,153,2,500,1,5.458263411
1,154,2,1500,-1,8.78950239
1,155,2,1500,-1,7.067588435
1,156,2,500,1,8.084196496
1,157,2,1500,-1,NaN
1,158,2,500,1,12.34564472
1,159,2,1500,-1,7.209456497
1,160,2,500,1,6.923212641
1,161,2,500,1,7.064106725
1,162,2,500,1,5.182222105
1,163,2,500,1,6.209238699
1,164,2,500,1,3.206834198
1,165,2,1500,-1,7.701841048
1,166,2,500,1,7.550057896
1,167,2,500,1,6.908663468
1,168,2,1500,-1,4.187137783
1,169,2,500,1,0.321069531
1,170,2,1500,-1,3.18657562
1,171,2,500,1,8.074172977
1,172,2,1500,-1,2.041446909
1,173,2,500,1,3.218313272
1,174,2,500,1,3.397155872
1,175,2,500,1,6.930653575
1,176,2,500,1,4.401094067
1,177,2,1500,-1,7.067075785
1,178,2,1500,-1,8.003955952
1,179,2,1500,-1,6.074020551
1,180,2,500,1,9.604951982
1,181,2,1500,-1,11.20302969
1,182,2,500,1,10.02064259
1,183,2,1500,-1,13.12276156
1,184,2,500,1,10.92772153
1,185,2,1500,-1,13.19939598
1,186,2,500,1,12.1332082
1,187,2,500,1,14.10914463
1,188,2,1500,-1,8.674590683
1,189,2,1500,-1,13.63769439
1,190,2,500,1,13.56213305
1,191,2,1500,-1,11.24014316
1,192,2,500,1,2.588082966
1,193,2,500,1,2.634712181
1,194,2,1500,-1,2.5539414
1,195,2,500,1,6.894724323
1,196,2,500,1,3.290330231
1,197,2,500,1,6.918709129
1,198,2,500,1,1.19895609
1,199,2,1500,-1,6.577300368
1,200,2,500,1,8.168198918
1,201,2,500,1,3.375747758
1,202,2,500,1,0.771840309
1,203,2,1500,-1,5.939161187
1,204,2,500,1,6.950212755
1,205,2,1500,-1,0.30182149
1,206,2,500,1,-4.215627352
1,207,2,500,1,-0.843561503
1,208,2,500,1,1.959019303
1,209,2,1500,-1,3.066612709
1,210,2,500,1,4.322188416
1,211,2,1500,-1,4.538112002
1,212,2,1500,-1,-6.00677293
1,213,2,1500,-1,4.388565031
1,214,2,1500,-1,9.411281764
1,215,2,500,1,11.79667186
1,216,2,1500,-1,5.658302095
1,217,2,500,1,6.248388899
1,218,2,1500,-1,2.672168876
1,219,2,1500,-1,6.474009266
1,220,2,1500,-1,3.049627299
1,221,2,500,1,14.03992557
1,222,2,1500,-1,5.07277516
1,223,2,1500,-1,8.435845893
1,224,2,1500,-1,7.480964373
1,225,2,500,1,5.327742099
1,226,2,1500,-1,8.250139289
1,227,2,1500,-1,5.832261312
1,228,2,500,1,2.466540922
1,229,2,500,1,4.977995073
1,230,2,500,1,1.096378917
1,231,2,500,1,1.937648464
1,232,2,500,1,2.379395889
1,233,2,500,1,-1.870306978
1,234,2,1500,-1,NaN
1,235,2,500,1,8.550828141
1,236,2,1500,-1,3.610651681
1,237,2,1500,-1,5.102008692
1,238,2,500,1,11.19325291
1,239,2,500,1,4.023356032
1,240,2,500,1,5.511292545
1,241,2,1500,-1,5.256367479
1,242,2,500,1,6.820064279
1,243,2,500,1,6.41011395
1,244,2,500,1,8.239965852
1,245,2,1500,-1,9.641471565
1,246,2,500,1,5.644208128
1,247,2,1500,-1,3.205096042
1,248,2,500,1,-0.994273121
1,249,2,500,1,5.299237556
1,250,2,1500,-1,7.421237869
1,251,2,500,1,4.570477334
1,252,2,500,1,-1.587367146
1,253,2,1500,-1,1.468727615
1,254,2,1500,-1,6.62450386
1,255,2,1500,-1,6.110719613
1,256,2,500,1,8.588695374
1,257,2,500,1,0.782699202
1,258,2,500,1,4.040844229
1,259,2,1500,-1,4.818459855
1,260,2,1500,-1,8.155411398
1,261,2,1500,-1,8.669125537
1,262,2,1500,-1,NaN
1,263,2,500,1,11.25916415
1,264,2,500,1,7.761933354
1,265,2,500,1,0.4035221
1,266,2,1500,-1,5.004620701
1,267,2,500,1,7.615509453
1,268,2,500,1,6.57188528
1,269,2,500,1,8.791188778
1,270,2,1500,-1,6.755149481
1,271,2,1500,-1,7.653559457
1,272,2,500,1,10.30811833
1,273,2,500,1,6.508868067
1,274,2,500,1,4.329457907
1,275,2,1500,-1,7.483239169
1,276,2,500,1,7.523577503
1,277,2,1500,-1,4.120804945
1,278,2,500,1,5.001171682
1,279,2,1500,-1,3.43472087
1,280,2,500,1,5.794080162
1,281,2,500,1,1.209259026
1,282,2,500,1,8.7196592
1,283,2,500,1,3.095355425
1,284,2,1500,-1,2.007746112
1,285,2,500,1,2.206222754
1,286,2,1500,-1,2.471145076
1,287,2,500,1,4.364108769
1,288,2,500,1,3.962978581
1,289,2,1500,-1,2.339360726
1,290,2,1500,-1,4.882595528
1,291,2,500,1,4.986744337
1,292,2,500,1,3.508328383
1,293,2,1500,-1,2.553554002
1,294,2,1500,-1,6.918339938
1,295,2,1500,-1,7.904862438
1,296,2,1500,-1,5.925777184
1,297,2,1500,-1,12.27454119
1,298,2,1500,-1,11.78434236
1,299,2,1500,-1,9.614648572
1,300,2,500,1,8.157647579
1,301,2,500,1,5.407350781
1,302,2,500,1,2.214769476
1,303,2,500,1,1.147030321
1,304,2,1500,-1,5.020209618
1,305,2,1500,-1,3.134462265
1,306,2,500,1,7.26205773
1,307,2,1500,-1,NaN
1,308,2,500,1,6.658731994
1,309,2,500,1,6.690989161
1,310,2,1500,-1,5.397294847
1,311,2,500,1,9.130262699
1,312,2,1500,-1,5.203366574
1,313,2,1500,-1,9.941492032
1,314,2,500,1,7.788918479
1,315,2,1500,-1,NaN
1,316,2,1500,-1,10.09323102
1,317,2,500,1,12.71093524
1,318,2,500,1,10.07983657
1,319,2,500,1,8.568273586
1,320,2,1500,-1,7.351890627
1,321,2,1500,-1,4.405521753
1,322,2,1500,-1,3.5693793
1,323,2,500,1,7.564124837
1,324,2,500,1,7.510793653
1,325,2,1500,-1,3.605966854
1,326,2,500,1,7.687752336
1,327,2,1500,-1,13.68144338
1,328,2,1500,-1,11.16302956
1,329,2,1500,-1,11.46251363
1,330,2,500,1,9.204546953
1,331,2,1500,-1,9.863323064
1,332,2,500,1,14.07502196
1,333,2,1500,-1,11.2025748
1,334,2,1500,-1,9.430286722
1,335,2,1500,-1,12.69673459
1,336,2,500,1,11.56255341
1,337,2,500,1,8.683710292
1,338,2,500,1,10.4188796
1,339,2,1500,-1,10.09933374
1,340,2,1500,-1,8.674836312
1,341,2,500,1,3.563270825
1,342,2,1500,-1,5.158526303
1,343,2,1500,-1,7.403713786
1,344,2,500,1,8.816083142
1,345,2,500,1,8.035689848
1,346,2,1500,-1,9.848637119
1,347,2,500,1,8.967098961
1,348,2,500,1,5.053610996
1,349,2,1500,-1,5.828304647
1,350,2,500,1,6.329362153
1,351,2,500,1,5.702493776
1,352,2,500,1,3.124966868
1,353,2,500,1,4.412730041
1,354,2,500,1,3.530772332
1,355,2,1500,-1,7.474296042
1,356,2,500,1,7.104204576
1,357,2,1500,-1,5.732843625
1,358,2,1500,-1,NaN
1,359,2,1500,-1,11.69907971
1,360,2,1500,-1,11.60932173
1,361,2,500,1,11.03050155
1,362,2,1500,-1,10.75313833
1,363,2,1500,-1,7.525822488
1,364,2,1500,-1,11.31927206
1,365,2,1500,-1,10.84455913
1,366,2,500,1,9.071050656
1,367,2,1500,-1,3.641211596
1,368,2,500,1,6.423062126
1,369,2,500,1,-0.556993429
1,370,2,1500,-1,4.043458929
1,371,2,1500,-1,6.857397185
1,372,2,1500,-1,10.31136744
1,373,2,500,1,5.563741679
1,374,2,1500,-1,4.267661044
1,375,2,500,1,4.612312731
1,376,2,500,1,7.684771917
1,377,2,1500,-1,7.809047763
1,378,2,1500,-1,5.450748438
1,379,2,1500,-1,5.786191262
1,380,2,500,1,9.466474773
1,381,2,1500,-1,3.984591951
1,382,2,1500,-1,10.19030563
1,383,2,1500,-1,6.714660387
1,384,2,500,1,10.4720532
1,385,2,500,1,5.732526205
1,386,2,500,1,10.97110311
1,387,2,1500,-1,3.772431705
1,388,2,500,1,1.821707612
1,389,2,500,1,8.606465371
1,390,2,500,1,5.69917147
1,391,2,1500,-1,6.946679721
1,392,2,1500,-1,8.076423382
1,393,2,500,1,13.81803587
1,394,2,1500,-1,3.613852649
1,395,2,500,1,8.872168535
1,396,2,1500,-1,3.012735147
1,397,2,1500,-1,11.26001682
1,398,2,500,1,10.55439079
1,399,2,1500,-1,8.434290048
1,400,2,1500,-1,NaN
1,401,2,1500,-1,11.26800589
1,402,2,500,1,7.708673066
1,403,2,500,1,10.58605704
1,404,2,1500,-1,5.9480992
1,405,2,1500,-1,9.197904776
1,406,2,1500,-1,9.672653973
1,407,2,1500,-1,10.04469051
1,408,2,500,1,7.126640805
1,409,2,1500,-1,5.752580551
1,410,2,1500,-1,10.95914627
1,411,2,500,1,6.170547902
1,412,2,500,1,11.0812612
1,413,2,1500,-1,11.95965202
1,414,2,1500,-1,9.930210062
1,415,2,1500,-1,10.87026947
1,416,2,500,1,12.96526323
1,417,2,1500,-1,9.197792294
1,418,2,500,1,10.91301665
1,419,2,1500,-1,6.700033106
1,420,2,500,1,10.35543277
1,421,3,500,0,10.16933206
1,422,3,750,0,13.16900748
1,423,3,1250,0,8.992773706
1,424,3,500,0,8.418349726
1,425,3,500,0,8.739879867
1,426,3,500,0,12.09926713
1,427,3,500,0,10.9901924
1,428,3,1250,0,4.280472146
1,429,3,1250,0,7.464511553
1,430,3,1500,0,9.865950284
1,431,3,1000,0,11.5373995
1,432,3,1250,0,9.087086115
1,433,3,1500,0,14.87768786
1,434,3,500,0,18.7410852
1,435,3,1500,0,7.708388851
1,436,3,750,0,8.026887649
1,437,3,750,0,11.98241602
1,438,3,1250,0,5.911535487
1,439,3,500,0,8.40191152
1,440,3,750,0,11.62553247
1,441,3,1500,0,NaN
1,442,3,1250,0,6.557785586
1,443,3,1250,0,11.84877243
1,444,3,1250,0,6.561101174
1,445,3,1500,0,15.89415629
1,446,3,500,0,8.889447578
1,447,3,1000,0,3.387677797
1,448,3,750,0,NaN
1,449,3,1250,0,10.52322122
1,450,3,1250,0,4.210674638
1,451,3,1000,0,5.279311664
1,452,3,1000,0,7.074832008
1,453,3,1250,0,6.270122036
1,454,3,1000,0,5.72398945
1,455,3,750,0,-4.245090027
1,456,3,500,0,6.610629886
1,457,3,500,0,5.565272359
1,458,3,1500,0,9.206434513
1,459,3,750,0,10.56766474
1,460,3,1500,0,NaN
1,461,3,500,0,13.17890869
1,462,3,1250,0,10.15622887
1,463,3,1500,0,7.898595955
1,464,3,1250,0,NaN
1,465,3,1000,0,1.858238912
1,466,3,1500,0,10.07451063
1,467,3,500,0,12.48402017
1,468,3,1500,0,NaN
1,469,3,1250,0,3.752061642
1,470,3,750,0,8.072478768
1,471,3,750,0,11.51094837
1,472,3,1250,0,9.591576099
1,473,3,750,0,12.72661159
1,474,3,750,0,5.951544744
1,475,3,1250,0,9.257038477
1,476,3,1000,0,14.9666137
1,477,3,1000,0,10.00014929
1,478,3,500,0,13.56663292
1,479,3,1500,0,11.6588142
1,480,3,1000,0,NaN
1,481,3,1250,0,NaN
1,482,3,750,0,8.438855619
1,483,3,1000,0,9.473674887
1,484,3,500,0,7.131650268
1,485,3,1250,0,1.571262654
1,486,3,500,0,-0.846382842
1,487,3,1500,0,5.900632785
1,488,3,1500,0,5.624554732
1,489,3,750,0,7.121150694
1,490,3,1500,0,7.666101251
1,491,3,750,0,7.50913272
1,492,3,500,0,4.354854466
1,493,3,500,0,9.35916124
1,494,3,1000,0,6.91848971
1,495,3,1000,0,5.29253408
1,496,3,1500,0,5.554444716
1,497,3,1500,0,6.37343432
1,498,3,500,0,8.416722393
1,499,3,1000,0,5.240284963
1,500,3,1500,0,3.254832188
1,501,3,1250,0,7.983702932
1,502,3,1250,0,8.668673352
1,503,3,500,0,8.090246582
1,504,3,1000,0,11.42011021
1,505,3,500,0,10.13123885
1,506,3,1500,0,8.144656586
1,507,3,1500,0,NaN
1,508,3,1000,0,8.426824403
1,509,3,1500,0,5.099075029
1,510,3,750,0,6.780277014
1,511,3,500,0,5.84892174
1,512,3,1250,0,5.644858804
1,513,3,750,0,4.094332269
1,514,3,1500,0,3.149059332
1,515,3,1000,0,5.706290273
1,516,3,1000,0,NaN
1,517,3,500,0,2.959789551
1,518,3,500,0,3.51967693
1,519,3,1000,0,4.485952458
1,520,3,1500,0,4.609123369
1,521,3,750,0,3.247053513
1,522,3,750,0,3.284586459
1,523,3,750,0,3.583216824
1,524,3,1250,0,2.370437814
1,525,3,1500,0,7.491650569
1,526,3,1000,0,5.01242196
1,527,3,750,0,11.77747193
1,528,3,750,0,2.105259692
1,529,3,750,0,7.486336139
1,530,3,750,0,5.441216472
1,531,3,1500,0,5.924891081
1,532,3,1000,0,5.607065229
1,533,3,1250,0,9.555597627
1,534,3,500,0,7.7218722
1,535,3,500,0,3.702898183
1,536,3,750,0,6.860325474
1,537,3,1500,0,-0.111521285
1,538,3,500,0,6.586503794
1,539,3,1500,0,6.685933588
1,540,3,1000,0,7.767667693
1,541,3,1000,0,10.5382123
1,542,3,1000,0,NaN
1,543,3,750,0,7.370031068
1,544,3,750,0,3.91420835
1,545,3,1250,0,4.142861909
1,546,3,750,0,6.591052075
1,547,3,500,0,5.06785021
1,548,3,1250,0,-0.102841599
1,549,3,1000,0,3.827352948
1,550,3,1000,0,5.662604967
1,551,3,1250,0,7.728521809
1,552,3,1000,0,9.792870586
1,553,3,1500,0,2.571438983
1,554,3,750,0,7.690287817
1,555,3,1500,0,8.39975395
1,556,3,1500,0,0.118145518
1,557,3,1250,0,5.115916526
1,558,3,750,0,6.652295384
1,559,3,1250,0,6.956552715
1,560,3,500,0,2.879741965
1,561,3,1500,0,5.210489183
1,562,3,500,0,9.661009089
1,563,3,750,0,-1.305399879
1,564,3,1250,0,8.034800798
1,565,3,1250,0,NaN
1,566,3,1000,0,7.016627887
1,567,3,1000,0,NaN
1,568,3,1000,0,4.803895298
1,569,3,1000,0,6.166519805
1,570,3,500,0,0.77865164
2,1,1,500,0,-1.597848527
2,2,1,500,0,0.990100454
2,3,1,1500,0,0.187998119
2,4,1,1500,0,-0.945719314
2,5,1,1500,0,-1.385563603
2,6,1,1500,0,-2.470172205
2,7,1,500,0,-2.895630208
2,8,1,500,0,5.489981699
2,9,1,1500,0,0.87213789
2,10,1,500,0,1.525956163
2,11,1,1500,0,-8.2622399
2,12,1,500,0,-3.057016917
2,13,1,500,0,11.54761563
2,14,1,500,0,5.720880543
2,15,1,1500,0,-0.034404406
2,16,1,1500,0,-7.910891451
2,17,1,1500,0,2.506688792
2,18,1,1500,0,-0.88915928
2,19,1,500,0,4.429927485
2,20,1,500,0,-0.857512486
2,21,2,1500,-1,18.46567198
2,22,2,1500,-1,4.773794632
2,23,2,500,1,-12.7449953
2,24,2,1500,-1,0.439236619
2,25,2,1500,-1,1.336330917
2,26,2,500,1,0.069330882
2,27,2,500,1,-0.858883009
2,28,2,500,1,-1.210895155
2,29,2,1500,-1,-5.382848796
2,30,2,1500,-1,-0.102532569
2,31,2,1500,-1,-0.910132129
2,32,2,1500,-1,-1.787695021
2,33,2,1500,-1,0.818650427
2,34,2,1500,-1,4.035244539
2,35,2,1500,-1,4.096763911
2,36,2,1500,-1,1.804853125
2,37,2,1500,-1,2.067728835
2,38,2,1500,-1,2.141189921
2,39,2,1500,-1,-1.51360171
2,40,2,500,1,-11.44108442
2,41,2,500,1,-4.945218162
2,42,2,500,1,-8.633396749
2,43,2,500,1,-12.77929674
2,44,2,500,1,-11.45247868
2,45,2,1500,-1,-5.392949339
2,46,2,1500,-1,-2.27566795
2,47,2,500,1,-3.638953372
2,48,2,1500,-1,-4.570087346
2,49,2,500,1,-3.590566188
2,50,2,500,1,-11.06715409
2,51,2,500,1,-5.872365008
2,52,2,500,1,-18.52836285
2,53,2,1500,-1,NaN
2,54,2,500,1,-2.392423499
2,55,2,1500,-1,-6.625772898
2,56,2,500,1,-5.725020497
2,57,2,500,1,-10.95222449
2,58,2,1500,-1,-9.271889564
2,59,2,1500,-1,3.541908102
2,60,2,1500,-1,-3.227178415
2,61,2,500,1,-3.678702165
2,62,2,500,1,-7.278671374
2,63,2,1500,-1,-7.182497889
2,64,2,1500,-1,-5.425154895
2,65,2,500,1,-6.600743038
2,66,2,500,1,-7.815894722
2,67,2,500,1,-6.85955035
2,68,2,1500,-1,-3.897057116
2,69,2,500,1,-12.5671658
2,70,2,1500,-1,-4.821361211
2,71,2,1500,-1,-3.016320352
2,72,2,1500,-1,3.475708005
2,73,2,1500,-1,4.606836535
2,74,2,500,1,-4.873818093
2,75,2,500,1,-6.673187944
2,76,2,500,1,-9.878611993
2,77,2,500,1,-15.57668088
2,78,2,500,1,-11.38935537
2,79,2,1500,-1,-7.18812945
2,80,2,1500,-1,1.143102991
2,81,2,500,1,-13.29538125
2,82,2,500,1,-10.96196755
2,83,2,1500,-1,-7.91790411
2,84,2,1500,-1,0.940560716
2,85,2,1500,-1,0.082433728
2,86,2,500,1,-0.173079994
2,87,2,1500,-1,0.278081903
2,88,2,1500,-1,8.137263123
2,89,2,1500,-1,8.170795295
2,90,2,1500,-1,8.322727852
2,91,2,500,1,-1.326013436
2,92,2,1500,-1,0.475050334
2,93,2,500,1,2.681032544
2,94,2,1500,-1,-3.24343926
2,95,2,500,1,-4.299167763
2,96,2,1500,-1,-0.737865868
2,97,2,500,1,-3.143362395
2,98,2,1500,-1,-5.165034591
2,99,2,500,1,-3.745327281
2,100,2,1500,-1,-7.849597025
2,101,2,500,1,-13.14616686
2,102,2,1500,-1,-4.944173427
2,103,2,1500,-1,3.079979841
2,104,2,1500,-1,7.87022054
2,105,2,1500,-1,5.885919789
2,106,2,500,1,-2.166014788
2,107,2,1500,-1,3.558819825
2,108,2,500,1,0.312960951
2,109,2,1500,-1,-1.849860568
2,110,2,1500,-1,-2.695519451
2,111,2,500,1,-2.93464928
2,112,2,1500,-1,-5.765514599
2,113,2,500,1,-14.08853193
2,114,2,500,1,-8.830378058
2,115,2,500,1,-9.194790456
2,116,2,500,1,-9.264003228
2,117,2,500,1,-10.01366535
2,118,2,1500,-1,-5.988865686
2,119,2,1500,-1,4.15975632
2,120,2,500,1,-7.192301351
2,121,2,500,1,-5.404693991
2,122,2,500,1,-14.77110625
2,123,2,1500,-1,-3.4715245
2,124,2,500,1,-9.058611935
2,125,2,1500,-1,1.841298081
2,126,2,500,1,-0.872477517
2,127,2,500,1,-7.046254845
2,128,2,1500,-1,0.44142923
2,129,2,500,1,-5.173125827
2,130,2,1500,-1,-2.998366688
2,131,2,1500,-1,-4.020978083
2,132,2,500,1,1.082782187
2,133,2,500,1,-15.47373838
2,134,2,1500,-1,0.72790653
2,135,2,500,1,-3.98209274
2,136,2,1500,-1,-0.029521131
2,137,2,500,1,-1.475806597
2,138,2,1500,-1,1.061106234
2,139,2,500,1,-0.832189609
2,140,2,500,1,-5.297665646
2,141,2,500,1,-6.015944015
2,142,2,1500,-1,5.188968743
2,143,2,500,1,1.350478355
2,144,2,500,1,-4.220730274
2,145,2,1500,-1,1.938334229
2,146,2,500,1,-4.576456695
2,147,2,500,1,-5.664074856
2,148,2,1500,-1,1.755340993
2,149,2,500,1,-1.888078285
2,150,2,500,1,-0.833907223
2,151,2,1500,-1,-1.217068698
2,152,2,500,1,-9.709591087
2,153,2,1500,-1,-0.466547795
2,154,2,1500,-1,-1.638250421
2,155,2,500,1,-6.483235625
2,156,2,1500,-1,-0.249518674
2,157,2,1500,-1,2.251477827
2,158,2,1500,-1,10.25190683
2,159,2,1500,-1,11.90627691
2,160,2,500,1,-7.996589699
2,161,2,1500,-1,-1.775834041
2,162,2,1500,-1,5.564743531
2,163,2,500,1,-0.818286389
2,164,2,1500,-1,5.373646624
2,165,2,1500,-1,5.715186756
2,166,2,1500,-1,3.896050731
2,167,2,1500,-1,10.17209118
2,168,2,1500,-1,7.105589812
2,169,2,500,1,-6.706319484
2,170,2,1500,-1,4.374237551
2,171,2,1500,-1,5.403738554
2,172,2,500,1,4.943369857
2,173,2,500,1,-4.102406708
2,174,2,500,1,1.506718523
2,175,2,1500,-1,7.849145207
2,176,2,500,1,-0.060313581
2,177,2,500,1,1.180023688
2,178,2,1500,-1,3.376222056
2,179,2,500,1,-0.372006349
2,180,2,500,1,-1.928199341
2,181,2,500,1,-5.036302155
2,182,2,500,1,-3.144151283
2,183,2,500,1,-8.188148317
2,184,2,500,1,-11.5089798
2,185,2,1500,-1,-6.477160955
2,186,2,500,1,-4.64376641
2,187,2,500,1,-5.760527192
2,188,2,1500,-1,-0.526510489
2,189,2,1500,-1,1.562274737
2,190,2,500,1,-7.677146318
2,191,2,500,1,-7.614958339
2,192,2,1500,-1,0.529431454
2,193,2,500,1,-1.421672563
2,194,2,500,1,-7.396558296
2,195,2,1500,-1,-0.254150072
2,196,2,500,1,-3.677839278
2,197,2,1500,-1,-3.040408718
2,198,2,500,1,-4.401705359
2,199,2,500,1,-6.832517386
2,200,2,500,1,-7.259530726
2,201,2,1500,-1,-3.004628365
2,202,2,1500,-1,2.531748987
2,203,2,1500,-1,4.126696206
2,204,2,500,1,-3.417523085
2,205,2,1500,-1,2.738805617
2,206,2,500,1,-6.192739686
2,207,2,500,1,-8.001879321
2,208,2,1500,-1,-5.552629762
2,209,2,1500,-1,5.535812128
2,210,2,1500,-1,3.769315568
2,211,2,1500,-1,9.400852826
2,212,2,500,1,-4.172824353
2,213,2,500,1,-6.559292387
2,214,2,1500,-1,3.882303072
2,215,2,1500,-1,3.027001001
2,216,2,500,1,-1.165340142
2,217,2,500,1,-6.787205367
2,218,2,1500,-1,-0.712910257
2,219,2,1500,-1,0.673815309
2,220,2,500,1,-1.469132632
2,221,2,500,1,-9.642215674
2,222,2,500,1,-9.363504202
2,223,2,500,1,-12.29531251
2,224,2,1500,-1,-3.301116001
2,225,2,500,1,-8.66992623
2,226,2,500,1,-10.09500149
2,227,2,1500,-1,-7.98865847
2,228,2,1500,-1,4.156277641
2,229,2,1500,-1,0.936314442
2,230,2,500,1,-3.459951819
2,231,2,500,1,-3.750936468
2,232,2,500,1,-10.19266611
2,233,2,500,1,-7.40685591
2,234,2,500,1,-12.40582825
2,235,2,500,1,-7.554939777
2,236,2,500,1,-16.65853069
2,237,2,1500,-1,-7.43925502
2,238,2,1500,-1,-11.24927455
2,239,2,1500,-1,6.910292605
2,240,2,1500,-1,3.833839687
2,241,2,1500,-1,4.327525715
2,242,2,500,1,-5.423742996
2,243,2,1500,-1,5.183928792
2,244,2,500,1,-3.848166863
2,245,2,1500,-1,1.943858561
2,246,2,1500,-1,2.44825117
2,247,2,500,1,-6.431086341
2,248,2,500,1,-11.35103386
2,249,2,1500,-1,-1.914610381
2,250,2,500,1,-9.063104919
2,251,2,500,1,-15.14234153
2,252,2,1500,-1,-5.930547185
2,253,2,500,1,-9.915300507
2,254,2,1500,-1,-0.955703603
2,255,2,1500,-1,10.96801891
2,256,2,500,1,-11.25691822
2,257,2,500,1,-5.852160084
2,258,2,1500,-1,-3.327496349
2,259,2,500,1,-7.843765097
2,260,2,500,1,-14.90607653
2,261,2,500,1,-11.93695328
2,262,2,1500,-1,-4.440149143
2,263,2,500,1,-10.67349064
2,264,2,500,1,-10.17661706
2,265,2,500,1,-14.45545834
2,266,2,1500,-1,6.029638476
2,267,2,500,1,3.321274695
2,268,2,500,1,-0.251235463
2,269,2,500,1,1.376805583
2,270,2,1500,-1,2.370344133
2,271,2,1500,-1,2.587636655
2,272,2,500,1,0.819282818
2,273,2,500,1,-7.266992057
2,274,2,1500,-1,2.694304855
2,275,2,1500,-1,3.666889656
2,276,2,500,1,-12.68075408
2,277,2,1500,-1,3.703001977
2,278,2,1500,-1,8.597131009
2,279,2,500,1,-4.433199085
2,280,2,1500,-1,0.443715096
2,281,2,500,1,-2.147961016
2,282,2,1500,-1,-4.130667537
2,283,2,500,1,-11.81078848
2,284,2,1500,-1,5.64684022
2,285,2,500,1,0.128496022
2,286,2,1500,-1,1.327968934
2,287,2,500,1,-11.31415651
2,288,2,500,1,-7.8576276
2,289,2,500,1,-5.131719705
2,290,2,500,1,-8.985585949
2,291,2,1500,-1,-1.115034228
2,292,2,500,1,-10.86601449
2,293,2,1500,-1,4.160461064
2,294,2,500,1,0.934732776
2,295,2,1500,-1,7.918979239
2,296,2,1500,-1,8.887320993
2,297,2,500,1,-3.733505593
2,298,2,1500,-1,-1.024027048
2,299,2,1500,-1,12.0750374
2,300,2,1500,-1,12.7244522
2,301,2,1500,-1,11.34560069
2,302,2,500,1,-1.397989917
2,303,2,500,1,-3.330208264
2,304,2,500,1,-3.387661832
2,305,2,500,1,0.322111297
2,306,2,500,1,-4.1043462
2,307,2,1500,-1,-2.149931052
2,308,2,1500,-1,6.234285649
2,309,2,1500,-1,3.234901985
2,310,2,500,1,-1.279745393
2,311,2,1500,-1,1.327351875
2,312,2,1500,-1,4.366832533
2,313,2,1500,-1,12.26138392
2,314,2,500,1,-1.744898189
2,315,2,500,1,-3.348036298
2,316,2,500,1,-5.933810335
2,317,2,500,1,-10.5389711
2,318,2,500,1,-5.980960595
2,319,2,500,1,-13.16894525
2,320,2,1500,-1,-1.493698052
2,321,2,1500,-1,1.078800639
2,322,2,500,1,-11.58351375
2,323,2,1500,-1,7.857557795
2,324,2,500,1,-0.871791797
2,325,2,500,1,-5.704924546
2,326,2,500,1,-7.722746701
2,327,2,1500,-1,4.685330516
2,328,2,1500,-1,-5.171254838
2,329,2,1500,-1,2.099522157
2,330,2,500,1,-1.546373364
2,331,2,1500,-1,6.015728286
2,332,2,1500,-1,3.29336481
2,333,2,1500,-1,6.724322938
2,334,2,1500,-1,2.307004438
2,335,2,1500,-1,7.374491459
2,336,2,1500,-1,10.22556192
2,337,2,1500,-1,10.91876392
2,338,2,1500,-1,NaN
2,339,2,500,1,-5.894894084
2,340,2,1500,-1,9.751720249
2,341,2,1500,-1,5.317953908
2,342,2,500,1,-1.855079743
2,343,2,1500,-1,5.063716522
2,344,2,500,1,-2.137142698
2,345,2,1500,-1,5.314727185
2,346,2,1500,-1,7.744766543
2,347,2,500,1,-2.400622608
2,348,2,1500,-1,-4.711430272
2,349,2,1500,-1,-2.095956762
2,350,2,500,1,-3.13508174
2,351,2,1500,-1,4.224075534
2,352,2,1500,-1,8.710554654
2,353,2,500,1,3.482235618
2,354,2,1500,-1,12.06757389
2,355,2,500,1,1.795792002
2,356,2,1500,-1,9.26784126
2,357,2,1500,-1,NaN
2,358,2,500,1,-0.318747305
2,359,2,500,1,-2.774330712
2,360,2,1500,-1,4.586978958
2,361,2,1500,-1,5.631624775
2,362,2,500,1,2.626284365
2,363,2,500,1,-3.768121929
2,364,2,1500,-1,4.708035044
2,365,2,500,1,-2.555404995
2,366,2,1500,-1,3.660941338
2,367,2,500,1,-5.763579853
2,368,2,1500,-1,9.846956767
2,369,2,500,1,-4.090667744
2,370,2,500,1,-2.038554733
2,371,2,500,1,0.183763749
2,372,2,1500,-1,-5.219561656
2,373,2,500,1,-2.968856067
2,374,2,500,1,-11.75277263
2,375,2,500,1,-3.549919588
2,376,2,500,1,-5.174574238
2,377,2,1500,-1,5.150772306
2,378,2,1500,-1,10.15210908
2,379,2,500,1,-2.027834503
2,380,2,1500,-1,8.87353585
2,381,2,500,1,-1.702912219
2,382,2,1500,-1,-6.067372282
2,383,2,500,1,0.881932262
2,384,2,1500,-1,1.927250513
2,385,2,1500,-1,11.89294817
2,386,2,1500,-1,8.855057594
2,387,2,500,1,-4.585468573
2,388,2,1500,-1,7.169464899
2,389,2,500,1,-3.968708733
2,390,2,1500,-1,1.81627509
2,391,2,500,1,-9.070446656
2,392,2,500,1,-3.775194963
2,393,2,1500,-1,-3.155308426
2,394,2,1500,-1,12.19300427
2,395,2,1500,-1,7.784523746
2,396,2,500,1,-11.35122776
2,397,2,1500,-1,-2.723564186
2,398,2,1500,-1,5.471661942
2,399,2,500,1,-5.618769182
2,400,2,500,1,-14.85033467
2,401,2,1500,-1,4.359039778
2,402,2,1500,-1,9.785603698
2,403,2,500,1,-5.414723753
2,404,2,500,1,-6.522011121
2,405,2,1500,-1,0.765816119
2,406,2,500,1,-6.2360276
2,407,2,1500,-1,4.541999335
2,408,2,500,1,-9.876423015
2,409,2,500,1,-5.001872869
2,410,2,1500,-1,-3.932010127
2,411,2,1500,-1,NaN
2,412,2,1500,-1,6.522910559
2,413,2,500,1,-7.989381882
2,414,2,1500,-1,5.784288455
2,415,2,1500,-1,4.243315101
2,416,2,500,1,-0.92616088
2,417,2,500,1,-11.44992913
2,418,2,500,1,-8.337124126
2,419,2,1500,-1,3.253906927
2,420,2,500,1,0.582768458
2,421,3,500,0,-1.793603826
2,422,3,1250,0,-0.108308681
2,423,3,1000,0,1.731909815
2,424,3,1000,0,6.278309386
2,425,3,1500,0,3.792561342
2,426,3,1500,0,8.590534208
2,427,3,1500,0,1.489597994
2,428,3,1000,0,-1.287085908
2,429,3,1000,0,5.605755375
2,430,3,750,0,-4.794286597
2,431,3,1250,0,0.859381892
2,432,3,500,0,-6.427299828
2,433,3,750,0,-2.050199917
2,434,3,750,0,-0.427292738
2,435,3,750,0,-5.484365761
2,436,3,1500,0,0.322414094
2,437,3,1500,0,4.314847286
2,438,3,500,0,-9.780083784
2,439,3,1250,0,-1.257578269
2,440,3,1500,0,0.061662443
2,441,3,500,0,-6.56723914
2,442,3,1500,0,-1.147356944
2,443,3,1250,0,-0.451868335
2,444,3,1500,0,NaN
2,445,3,1250,0,-1.689792533
2,446,3,1250,0,-1.018746117
2,447,3,1250,0,-6.178868842
2,448,3,1500,0,4.997486506
2,449,3,1500,0,NaN
2,450,3,1500,0,-2.052417215
2,451,3,750,0,-9.506879191
2,452,3,1250,0,-5.29638068
2,453,3,1500,0,0.458885309
2,454,3,1500,0,1.114994962
2,455,3,500,0,-2.423261804
2,456,3,1000,0,3.93040844
2,457,3,1500,0,-3.400358539
2,458,3,750,0,-2.654729923
2,459,3,1250,0,NaN
2,460,3,1250,0,0.471534537
2,461,3,1500,0,4.014174544
2,462,3,1250,0,3.867419681
2,463,3,750,0,-5.663718151
2,464,3,1000,0,3.7399475
2,465,3,1000,0,-2.737981081
2,466,3,750,0,-3.288077696
2,467,3,1000,0,0.402918484
2,468,3,1500,0,0.937935587
2,469,3,1000,0,1.764936277
2,470,3,750,0,-11.97248767
2,471,3,500,0,-8.035867169
2,472,3,500,0,-3.037914506
2,473,3,1250,0,2.110416624
2,474,3,500,0,-1.888021461
2,475,3,1500,0,2.041701779
2,476,3,750,0,-5.429529924
2,477,3,1500,0,8.331445766
2,478,3,750,0,-0.25143545
2,479,3,500,0,1.341972266
2,480,3,500,0,-3.1758188
2,481,3,1500,0,-3.336989342
2,482,3,1000,0,-3.727779595
2,483,3,1000,0,-5.447867227
2,484,3,500,0,-8.443367198
2,485,3,1000,0,-12.37501055
2,486,3,1000,0,-2.415691298
2,487,3,500,0,-6.443290374
2,488,3,1250,0,-2.896822653
2,489,3,1000,0,-9.646042269
2,490,3,500,0,-7.400864898
2,491,3,1500,0,-0.342857162
2,492,3,750,0,-4.40149785
2,493,3,1000,0,-1.132262274
2,494,3,1250,0,-2.254137701
2,495,3,750,0,-0.29016888
2,496,3,750,0,-7.63430345
2,497,3,1000,0,0.880650966
2,498,3,500,0,-3.422598135
2,499,3,1500,0,3.268784176
2,500,3,750,0,-3.54723679
2,501,3,1500,0,1.711923351
2,502,3,1500,0,0.354036625
2,503,3,1250,0,4.240633315
2,504,3,1000,0,-0.260000694
2,505,3,500,0,-11.3134989
2,506,3,750,0,-2.247103355
2,507,3,1250,0,-1.231593894
2,508,3,1250,0,-11.29348818
2,509,3,1500,0,-4.093294225
2,510,3,1500,0,-3.300920027
2,511,3,750,0,-7.037090055
2,512,3,750,0,-8.168774019
2,513,3,1000,0,0.351499601
2,514,3,500,0,-10.34772903
2,515,3,500,0,-8.853005544
2,516,3,1250,0,-7.785822431
2,517,3,1500,0,-3.023070555
2,518,3,750,0,-6.242428089
2,519,3,1000,0,-1.234632276
2,520,3,1000,0,1.739399401
2,521,3,750,0,-6.582846023
2,522,3,500,0,-3.306904439
2,523,3,750,0,1.374381485
2,524,3,1250,0,4.345083626
2,525,3,750,0,-3.355099429
2,526,3,1000,0,3.55980651
2,527,3,1250,0,4.250223769
2,528,3,750,0,-1.465006122
2,529,3,1250,0,0.862237972
2,530,3,1000,0,1.670729515
2,531,3,1250,0,3.605883699
2,532,3,1000,0,0.842142845
2,533,3,1000,0,-3.66363814
2,534,3,1250,0,-2.380666588
2,535,3,1250,0,0.194402397
2,536,3,1000,0,-0.48876281
2,537,3,1000,0,-1.23074496
2,538,3,500,0,-12.30029031
2,539,3,1000,0,-3.936439559
2,540,3,750,0,-2.863276563
2,541,3,1000,0,-1.235183103
2,542,3,500,0,-6.779290703
2,543,3,1500,0,7.200844876
2,544,3,500,0,-3.285808685
2,545,3,1250,0,-3.767968122
2,546,3,750,0,5.777867497
2,547,3,750,0,-7.0886666
2,548,3,1250,0,3.119730755
2,549,3,500,0,-3.472745185
2,550,3,500,0,-5.368218714
2,551,3,1250,0,8.94603004
2,552,3,1250,0,4.325116288
2,553,3,500,0,2.623583444
2,554,3,1500,0,9.591134707
2,555,3,500,0,-1.954070938
2,556,3,1500,0,-0.208388189
2,557,3,1000,0,-1.592181472
2,558,3,1250,0,0.971433735
2,559,3,500,0,0.991566696
2,560,3,500,0,-6.722838689
2,561,3,750,0,-0.670544172
2,562,3,1250,0,-3.997065686
2,563,3,750,0,3.283761125
2,564,3,1500,0,1.635088087
2,565,3,500,0,-3.835390036
2,566,3,750,0,-5.394569071
2,567,3,1000,0,2.792661217
2,568,3,500,0,-4.62544786
2,569,3,750,0,-10.49300687
2,570,3,500,0,-1.883467833
3,1,1,500,0,NaN
3,2,1,500,0,-8.156719602
3,3,1,500,0,2.656587018
3,4,1,1500,0,3.431815016
3,5,1,1500,0,-1.159380013
3,6,1,1500,0,0.688048281
3,7,1,500,0,2.674372977
3,8,1,500,0,2.369248866
3,9,1,1500,0,NaN
3,10,1,1500,0,3.05498371
3,11,1,1500,0,5.146865058
3,12,1,500,0,3.931906602
3,13,1,500,0,7.205712249
3,14,1,1500,0,7.822750483
3,15,1,1500,0,5.004790508
3,16,1,1500,0,6.171363626
3,17,1,500,0,9.061238799
3,18,1,1500,0,6.750804766
3,19,1,500,0,7.961489463
3,20,1,500,0,6.517714919
3,21,2,1500,-1,10.46183096
3,22,2,1500,-1,18.91320521
3,23,2,500,1,17.92500794
3,24,2,500,1,10.18448178
3,25,2,500,1,7.537270234
3,26,2,500,1,5.381582657
3,27,2,500,1,5.697354116
3,28,2,1500,-1,11.37960843
3,29,2,1500,-1,21.65697129
3,30,2,500,1,19.71068313
3,31,2,1500,-1,18.4960268
3,32,2,1500,-1,NaN
3,33,2,1500,-1,19.05574416
3,34,2,500,1,13.52975089
3,35,2,500,1,11.90130007
3,36,2,500,1,12.88295865
3,37,2,1500,-1,17.52574175
3,38,2,1500,-1,7.719843231
3,39,2,500,1,18.35487819
3,40,2,500,1,18.68488941
3,41,2,500,1,20.11989906
3,42,2,1500,-1,20.56136185
3,43,2,1500,-1,25.81527075
3,44,2,1500,-1,22.22354413
3,45,2,500,1,20.39477812
3,46,2,1500,-1,23.2301973
3,47,2,500,1,19.15472589
3,48,2,1500,-1,19.86966965
3,49,2,1500,-1,19.89244539
3,50,2,500,1,19.49766567
3,51,2,1500,-1,19.00571059
3,52,2,1500,-1,NaN
3,53,2,1500,-1,16.3100636
3,54,2,500,1,13.18923466
3,55,2,1500,-1,16.23315723
3,56,2,500,1,8.49819242
3,57,2,500,1,9.514872365
3,58,2,1500,-1,5.809809271
3,59,2,1500,-1,6.787995759
3,60,2,500,1,1.59063139
3,61,2,500,1,8.989077834
3,62,2,1500,-1,16.46797029
3,63,2,500,1,12.81018065
3,64,2,1500,-1,18.03730169
3,65,2,1500,-1,24.43152619
3,66,2,1500,-1,22.66162666
3,67,2,1500,-1,19.67837994
3,68,2,1500,-1,16.17100861
3,69,2,1500,-1,14.16004847
3,70,2,500,1,8.729836603
3,71,2,500,1,14.09610711
3,72,2,1500,-1,19.44127529
3,73,2,500,1,18.64709054
3,74,2,500,1,21.67018464
3,75,2,1500,-1,11.69725388
3,76,2,500,1,13.82791254
3,77,2,1500,-1,12.60676826
3,78,2,500,1,8.46497084
3,79,2,1500,-1,11.2362256
3,80,2,500,1,13.0936922
3,81,2,500,1,10.25886108
3,82,2,1500,-1,21.53305486
3,83,2,500,1,8.817500031
3,84,2,500,1,12.01043467
3,85,2,1500,-1,12.18947051
3,86,2,500,1,11.81267103
3,87,2,1500,-1,12.93808078
3,88,2,1500,-1,12.25925056
3,89,2,1500,-1,12.98742024
3,90,2,1500,-1,20.8573961
3,91,2,1500,-1,13.32722342
3,92,2,1500,-1,12.77779604
3,93,2,1500,-1,15.08294854
3,94,2,1500,-1,17.60701353
3,95,2,1500,-1,13.23243675
3,96,2,1500,-1,18.58703644
3,97,2,1500,-1,18.88628632
3,98,2,500,1,17.87346493
3,99,2,500,1,4.987881902
3,100,2,1500,-1,11.13891891
3,101,2,1500,-1,18.15473627
3,102,2,1500,-1,21.37558269
3,103,2,1500,-1,17.3839429
3,104,2,500,1,11.96526387
3,105,2,500,1,7.309525249
3,106,2,1500,-1,8.640176683
3,107,2,1500,-1,11.71051214
3,108,2,1500,-1,13.0312942
3,109,2,500,1,11.23788173
3,110,2,500,1,8.541651232
3,111,2,500,1,10.96181493
3,112,2,500,1,14.57277633
3,113,2,1500,-1,11.99666595
3,114,2,1500,-1,17.96174754
3,115,2,500,1,19.50175308
3,116,2,500,1,16.82913057
3,117,2,500,1,21.28912078
3,118,2,1500,-1,27.33252706
3,119,2,500,1,21.09164792
3,120,2,500,1,16.82877833
3,121,2,500,1,15.52699342
3,122,2,500,1,17.4459407
3,123,2,500,1,22.73693216
3,124,2,1500,-1,25.99419751
3,125,2,1500,-1,25.76658611
3,126,2,1500,-1,29.35578522
3,127,2,500,1,23.0469053
3,128,2,500,1,26.20955361
3,129,2,1500,-1,20.40391474
3,130,2,1500,-1,24.73439961
3,131,2,500,1,20.390429
3,132,2,1500,-1,24.97410301
3,133,2,1500,-1,29.91995433
3,134,2,500,1,26.65062201
3,135,2,500,1,21.47052091
3,136,2,1500,-1,25.65533313
3,137,2,1500,-1,27.3108059
3,138,2,1500,-1,23.65264142
3,139,2,1500,-1,25.45896965
3,140,2,500,1,18.41922655
3,141,2,1500,-1,20.77111818
3,142,2,500,1,15.11210979
3,143,2,1500,-1,16.54010412
3,144,2,1500,-1,21.48607852
3,145,2,500,1,18.22931451
3,146,2,500,1,13.84200389
3,147,2,1500,-1,17.25735056
3,148,2,500,1,17.00087945
3,149,2,500,1,14.39931863
3,150,2,500,1,13.95339921
3,151,2,500,1,14.52147969
3,152,2,500,1,11.45888463
3,153,2,500,1,12.22425313
3,154,2,500,1,9.041745497
3,155,2,1500,-1,15.67315568
3,156,2,500,1,15.5232597
3,157,2,1500,-1,15.85705721
3,158,2,1500,-1,20.47516898
3,159,2,1500,-1,24.24054705
3,160,2,1500,-1,25.57784569
3,161,2,500,1,24.58696166
3,162,2,500,1,14.35108832
3,163,2,500,1,14.83652132
3,164,2,1500,-1,16.66781833
3,165,2,1500,-1,NaN
3,166,2,1500,-1,22.47419892
3,167,2,500,1,17.1633052
3,168,2,1500,-1,20.19135159
3,169,2,1500,-1,24.50804212
3,170,2,500,1,18.94913086
3,171,2,1500,-1,18.49682927
3,172,2,1500,-1,26.27468679
3,173,2,500,1,19.52912565
3,174,2,1500,-1,24.45328272
3,175,2,500,1,11.08117091
3,176,2,1500,-1,16.5318031
3,177,2,1500,-1,20.30728775
3,178,2,500,1,13.72106044
3,179,2,1500,-1,NaN
3,180,2,500,1,13.43336783
3,181,2,1500,-1,15.43697673
3,182,2,500,1,17.31470708
3,183,2,1500,-1,16.16652797
3,184,2,1500,-1,17.31603099
3,185,2,1500,-1,20.23073481
3,186,2,1500,-1,26.45893031
3,187,2,500,1,18.05131694
3,188,2,500,1,13.47076031
3,189,2,500,1,20.0321215
3,190,2,1500,-1,22.83444807
3,191,2,500,1,21.93616086
3,192,2,500,1,15.50816221
3,193,2,1500,-1,15.10636371
3,194,2,500,1,17.50341055
3,195,2,500,1,13.46441277
3,196,2,500,1,12.28798285
3,197,2,1500,-1,16.74144502
3,198,2,500,1,18.35910543
3,199,2,1500,-1,20.27458362
3,200,2,500,1,18.85868413
3,201,2,1500,-1,18.60327634
3,202,2,500,1,20.16889221
3,203,2,500,1,10.23843361
3,204,2,1500,-1,20.98768409
3,205,2,500,1,18.18091408
3,206,2,500,1,11.40832025
3,207,2,1500,-1,19.44032377
3,208,2,500,1,15.40260213
3,209,2,500,1,15.74332716
3,210,2,1500,-1,18.85342394
3,211,2,1500,-1,22.81875197
3,212,2,500,1,23.04929175
3,213,2,500,1,22.20597884
3,214,2,500,1,17.72819235
3,215,2,1500,-1,22.44742536
3,216,2,1500,-1,25.18558837
3,217,2,500,1,16.80508419
3,218,2,1500,-1,16.44747101
3,219,2,1500,-1,25.64588389
3,220,2,500,1,21.71618906
3,221,2,1500,-1,23.34573077
3,222,2,1500,-1,24.9854943
3,223,2,500,1,16.65007626
3,224,2,1500,-1,21.43940981
3,225,2,500,1,14.46113818
3,226,2,1500,-1,20.03581881
3,227,2,500,1,15.01615178
3,228,2,1500,-1,21.88203476
3,229,2,500,1,18.15608907
3,230,2,500,1,13.09937319
3,231,2,500,1,7.708146719
3,232,2,500,1,11.95785699
3,233,2,1500,-1,19.80834256
3,234,2,500,1,15.14390225
3,235,2,500,1,17.59766732
3,236,2,500,1,11.04320342
3,237,2,1500,-1,12.85722075
3,238,2,500,1,19.53856725
3,239,2,1500,-1,17.00329318
3,240,2,500,1,16.78568969
3,241,2,500,1,11.72254748
3,242,2,500,1,11.69063618
3,243,2,500,1,13.53223695
3,244,2,500,1,16.12845632
3,245,2,500,1,14.54319107
3,246,2,500,1,22.14465772
3,247,2,1500,-1,24.55891474
3,248,2,1500,-1,26.8818033
3,249,2,500,1,22.09779191
3,250,2,1500,-1,20.52515715
3,251,2,500,1,20.21672611
3,252,2,1500,-1,23.37551374
3,253,2,500,1,20.62840393
3,254,2,1500,-1,21.07140951
3,255,2,500,1,20.07746552
3,256,2,1500,-1,25.95577776
3,257,2,1500,-1,27.24054819
3,258,2,500,1,22.95209181
3,259,2,500,1,19.46389767
3,260,2,1500,-1,23.99956058
3,261,2,1500,-1,21.59327108
3,262,2,1500,-1,23.51952787
3,263,2,500,1,18.64967849
3,264,2,500,1,21.01674114
3,265,2,500,1,14.91924915
3,266,2,1500,-1,18.26073806
3,267,2,500,1,13.53080147
3,268,2,500,1,18.13157271
3,269,2,500,1,19.24171949
3,270,2,500,1,24.69531073
3,271,2,1500,-1,17.92866002
3,272,2,1500,-1,24.06619974
3,273,2,500,1,24.61456108
3,274,2,1500,-1,NaN
3,275,2,500,1,24.63863548
3,276,2,1500,-1,25.98935307
3,277,2,1500,-1,25.27354726
3,278,2,500,1,20.36678186
3,279,2,1500,-1,19.86458554
3,280,2,500,1,22.96227176
3,281,2,1500,-1,20.97515972
3,282,2,500,1,22.9034329
3,283,2,500,1,29.3772397
3,284,2,500,1,25.2544102
3,285,2,500,1,25.99415773
3,286,2,1500,-1,22.79260389
3,287,2,500,1,18.96926722
3,288,2,1500,-1,23.5941777
3,289,2,1500,-1,24.17610425
3,290,2,500,1,20.80425285
3,291,2,1500,-1,21.71667977
3,292,2,1500,-1,24.68488034
3,293,2,1500,-1,28.09729006
3,294,2,1500,-1,23.96880714
3,295,2,1500,-1,24.23928712
3,296,2,1500,-1,23.44016106
3,297,2,1500,-1,24.25187073
3,298,2,500,1,18.06852497
3,299,2,1500,-1,17.11351524
3,300,2,1500,-1,22.5408896
3,301,2,500,1,19.65560431
3,302,2,500,1,12.16324444
3,303,2,1500,-1,16.08150613
3,304,2,1500,-1,19.74393759
3,305,2,1500,-1,19.75563671
3,306,2,500,1,18.5050143
3,307,2,500,1,9.292699994
3,308,2,500,1,14.50899113
3,309,2,1500,-1,21.36293104
3,310,2,500,1,15.64660158
3,311,2,1500,-1,23.94781543
3,312,2,1500,-1,21.5639742
3,313,2,500,1,16.78418384
3,314,2,1500,-1,24.83342616
3,315,2,1500,-1,24.70231991
3,316,2,1500,-1,21.14180837
3,317,2,500,1,19.7610834
3,318,2,500,1,22.61886844
3,319,2,1500,-1,26.58795273
3,320,2,1500,-1,NaN
3,321,2,1500,-1,27.26511825
3,322,2,500,1,18.89262436
3,323,2,1500,-1,25.00059362
3,324,2,500,1,19.0122104
3,325,2,500,1,16.28597303
3,326,2,500,1,13.42869571
3,327,2,500,1,13.01584151
3,328,2,1500,-1,22.9896405
3,329,2,500,1,22.44209415
3,330,2,1500,-1,26.6839076
3,331,2,500,1,25.73739433
3,332,2,500,1,27.28370787
3,333,2,500,1,20.16447996
3,334,2,500,1,21.67492933
3,335,2,500,1,23.74046239
3,336,2,500,1,26.21566648
3,337,2,500,1,24.02774087
3,338,2,500,1,24.98797591
3,339,2,500,1,29.70526305
3,340,2,500,1,21.58046322
3,341,2,1500,-1,23.45845318
3,342,2,1500,-1,24.59645934
3,343,2,500,1,24.08522624
3,344,2,500,1,22.36072182
3,345,2,500,1,20.06309705
3,346,2,1500,-1,22.65642481
3,347,2,1500,-1,23.15364048
3,348,2,1500,-1,22.01978757
3,349,2,500,1,19.23005176
3,350,2,500,1,23.52273932
3,351,2,500,1,22.91311181
3,352,2,1500,-1,25.31516558
3,353,2,1500,-1,25.41946487
3,354,2,500,1,22.78661322
3,355,2,1500,-1,27.03044265
3,356,2,500,1,26.84471551
3,357,2,1500,-1,22.97586921
3,358,2,500,1,24.94648522
3,359,2,500,1,22.38984249
3,360,2,500,1,21.69024414
3,361,2,500,1,19.13972635
3,362,2,500,1,22.7131324
3,363,2,1500,-1,17.79394099
3,364,2,1500,-1,29.62407073
3,365,2,1500,-1,NaN
3,366,2,1500,-1,NaN
3,367,2,1500,-1,NaN
3,368,2,500,1,26.65277379
3,369,2,500,1,15.9303449
3,370,2,1500,-1,21.80824385
3,371,2,1500,-1,22.94050876
3,372,2,500,1,20.41089026
3,373,2,500,1,19.65984861
3,374,2,500,1,17.46274105
3,375,2,1500,-1,24.19818392
3,376,2,1500,-1,27.44583721
3,377,2,500,1,23.3309096
3,378,2,500,1,21.400984
3,379,2,1500,-1,28.05920993
3,380,2,1500,-1,NaN
3,381,2,1500,-1,NaN
3,382,2,500,1,NaN
3,383,2,500,1,NaN
3,384,2,1500,-1,28.25688797
3,385,2,1500,-1,26.45332296
3,386,2,500,1,16.64728204
3,387,2,1500,-1,NaN
3,388,2,1500,-1,27.23980753
3,389,2,1500,-1,28.24156184
3,390,2,1500,-1,28.7100343
3,391,2,500,1,24.99198185
3,392,2,1500,-1,25.89904954
3,393,2,500,1,22.95960645
3,394,2,500,1,14.25449647
3,395,2,1500,-1,NaN
3,396,2,500,1,22.94305826
3,397,2,1500,-1,21.51775255
3,398,2,1500,-1,25.17684114
3,399,2,500,1,23.14332332
3,400,2,500,1,20.83598565
3,401,2,1500,-1,19.78594883
3,402,2,1500,-1,22.58429271
3,403,2,1500,-1,29.09682714
3,404,2,500,1,26.61945965
3,405,2,1500,-1,17.72635358
3,406,2,1500,-1,24.37279704
3,407,2,1500,-1,25.19180803
3,408,2,1500,-1,26.17798021
3,409,2,1500,-1,27.49195187
3,410,2,1500,-1,NaN
3,411,2,500,1,24.5391733
3,412,2,1500,-1,21.73808283
3,413,2,500,1,21.56472835
3,414,2,500,1,19.10562333
3,415,2,500,1,21.49279208
3,416,2,500,1,18.49283603
3,417,2,1500,-1,NaN
3,418,2,500,1,22.70597649
3,419,2,1500,-1,24.89252547
3,420,2,500,1,20.6270591
3,421,3,1500,0,21.00490186
3,422,3,500,0,17.27370221
3,423,3,1250,0,22.76998366
3,424,3,1250,0,25.78360241
3,425,3,1500,0,23.04118166
3,426,3,1000,0,21.73979472
3,427,3,1000,0,21.89957105
3,428,3,1000,0,23.34231242
3,429,3,750,0,20.32665994
3,430,3,750,0,16.07624937
3,431,3,750,0,15.42654025
3,432,3,500,0,15.45013249
3,433,3,1500,0,18.28241845
3,434,3,1500,0,16.39994545
3,435,3,1250,0,14.00353455
3,436,3,1500,0,17.50363227
3,437,3,1500,0,14.25867726
3,438,3,1250,0,14.94187588
3,439,3,750,0,15.20701862
3,440,3,500,0,9.603085202
3,441,3,1250,0,17.36086923
3,442,3,500,0,14.01033673
3,443,3,1000,0,15.69703121
3,444,3,1000,0,17.16863067
3,445,3,750,0,13.52076661
3,446,3,1500,0,16.33950082
3,447,3,750,0,16.15105028
3,448,3,750,0,18.12985264
3,449,3,1000,0,16.02824207
3,450,3,500,0,17.63175697
3,451,3,1250,0,20.50319934
3,452,3,500,0,19.06521889
3,453,3,500,0,19.26557708
3,454,3,500,0,14.54313995
3,455,3,1000,0,16.28044204
3,456,3,1000,0,15.13407051
3,457,3,750,0,17.73165131
3,458,3,1000,0,17.4620836
3,459,3,1000,0,19.49656299
3,460,3,1250,0,19.38895646
3,461,3,500,0,14.35866496
3,462,3,750,0,20.58084546
3,463,3,750,0,14.01726788
3,464,3,1500,0,22.78826624
3,465,3,1500,0,23.36566928
3,466,3,1250,0,22.4287563
3,467,3,750,0,17.62717502
3,468,3,1000,0,18.92980097
3,469,3,750,0,14.68823228
3,470,3,1250,0,18.39061396
3,471,3,750,0,19.04213372
3,472,3,1000,0,18.25264958
3,473,3,1000,0,17.0954664
3,474,3,1000,0,21.26784427
3,475,3,1500,0,18.74642395
3,476,3,750,0,18.43079928
3,477,3,500,0,10.31311288
3,478,3,1000,0,15.89471221
3,479,3,1250,0,17.583357
3,480,3,500,0,18.27523773
3,481,3,1250,0,16.92053722
3,482,3,1000,0,16.2644041
3,483,3,750,0,14.86799988
3,484,3,1250,0,19.03235819
3,485,3,1500,0,20.61641888
3,486,3,1000,0,21.02526038
3,487,3,500,0,12.87359439
3,488,3,1000,0,16.27134345
3,489,3,500,0,18.38808605
3,490,3,1500,0,21.71437686
3,491,3,1250,0,18.72547764
3,492,3,750,0,20.59938586
3,493,3,1500,0,12.12807066
3,494,3,500,0,11.86402447
3,495,3,1000,0,13.52215943
3,496,3,500,0,9.715443926
3,497,3,750,0,13.18473612
3,498,3,1000,0,14.97064109
3,499,3,500,0,9.806009108
3,500,3,750,0,13.76114398
3,501,3,1500,0,14.59182044
3,502,3,1250,0,18.52583688
3,503,3,750,0,16.76684732
3,504,3,1500,0,15.85335979
3,505,3,1500,0,20.69774981
3,506,3,1000,0,13.95864445
3,507,3,750,0,17.87844758
3,508,3,1500,0,16.06743631
3,509,3,1500,0,15.45234555
3,510,3,750,0,13.78668808
3,511,3,1250,0,17.90956948
3,512,3,500,0,10.8350699
3,513,3,500,0,12.59640346
3,514,3,750,0,16.3493155
3,515,3,500,0,10.86590923
3,516,3,500,0,14.31199267
3,517,3,1000,0,18.87340234
3,518,3,1000,0,13.78332227
3,519,3,1250,0,17.43939124
3,520,3,1250,0,16.75605655
3,521,3,1500,0,13.98721845
3,522,3,1250,0,17.42171083
3,523,3,750,0,16.50927522
3,524,3,500,0,12.15772385
3,525,3,1250,0,14.51071405
3,526,3,500,0,15.9410533
3,527,3,1500,0,18.90895347
3,528,3,1250,0,17.63615698
3,529,3,1250,0,15.07379829
3,530,3,500,0,17.07476965
3,531,3,750,0,19.10456205
3,532,3,1500,0,17.71893795
3,533,3,1250,0,20.02238551
3,534,3,750,0,16.5666391
3,535,3,1500,0,13.02225247
3,536,3,1500,0,17.63459452
3,537,3,500,0,11.87648238
3,538,3,750,0,13.54544388
3,539,3,1000,0,14.22802824
3,540,3,1000,0,13.21005265
3,541,3,1500,0,13.50375139
3,542,3,1250,0,13.7021637
3,543,3,1000,0,13.33218729
3,544,3,500,0,13.30492524
3,545,3,1250,0,10.51449254
3,546,3,1250,0,14.47007445
3,547,3,1000,0,9.658230073
3,548,3,500,0,10.11822961
3,549,3,1250,0,11.67278143
3,550,3,1500,0,15.49452239
3,551,3,1500,0,12.90850183
3,552,3,500,0,8.972227956
3,553,3,1250,0,13.70792485
3,554,3,1250,0,10.4871099
3,555,3,1500,0,11.02496841
3,556,3,750,0,6.889172337
3,557,3,500,0,9.213601477
3,558,3,1000,0,11.70102922
3,559,3,1500,0,13.99558601
3,560,3,1250,0,14.83281813
3,561,3,1500,0,16.66863137
3,562,3,750,0,10.94973443
3,563,3,1500,0,13.34679348
3,564,3,1000,0,12.11811909
3,565,3,750,0,15.18749555
3,566,3,750,0,10.96116593
3,567,3,500,0,10.86053117
3,568,3,1000,0,15.36830967
3,569,3,500,0,11.78648884
3,570,3,1250,0,13.84075315
4,1,1,500,0,5.340521447
4,2,1,1500,0,NaN
4,3,1,1500,0,0.098881596
4,4,1,500,0,-7.101434156
4,5,1,1500,0,NaN
4,6,1,500,0,-0.914300246
4,7,1,1500,0,NaN
4,8,1,500,0,-4.223028056
4,9,1,500,0,7.1769356
4,10,1,1500,0,-4.355960976
4,11,1,500,0,-5.014814958
4,12,1,1500,0,-9.380567187
4,13,1,1500,0,-0.792624527
4,14,1,500,0,NaN
4,15,1,1500,0,7.178969668
4,16,1,1500,0,0.417711282
4,17,1,500,0,1.30032929
4,18,1,500,0,2.118551212
4,19,1,1500,0,-0.297506551
4,20,1,500,0,-0.082055988
4,21,2,500,1,5.673149522
4,22,2,500,1,-13.57086008
4,23,2,500,1,-8.808784936
4,24,2,1500,-1,NaN
4,25,2,1500,-1,-2.745239204
4,26,2,1500,-1,NaN
4,27,2,500,1,1.199217758
4,28,2,1500,-1,NaN
4,29,2,1500,-1,-0.880359759
4,30,2,1500,-1,0.735624292
4,31,2,500,1,3.647880927
4,32,2,1500,-1,-5.917403464
4,33,2,500,1,-0.438139818
4,34,2,500,1,-4.21300751
4,35,2,1500,-1,NaN
4,36,2,1500,-1,-8.764675246
4,37,2,1500,-1,-2.181571813
4,38,2,500,1,-1.278911263
4,39,2,1500,-1,-4.985498927
4,40,2,500,1,-5.420001796
4,41,2,500,1,-5.68837525
4,42,2,500,1,-6.957578781
4,43,2,1500,-1,-6.676420465
4,44,2,500,1,-3.280529943
4,45,2,500,1,-7.042640414
4,46,2,1500,-1,NaN
4,47,2,1500,-1,1.435637475
4,48,2,1500,-1,NaN
4,49,2,1500,-1,5.358194791
4,50,2,500,1,1.578882055
4,51,2,1500,-1,0.513419951
4,52,2,500,1,2.549105386
4,53,2,500,1,2.348426178
4,54,2,500,1,-6.398659524
4,55,2,500,1,-8.053062937
4,56,2,1500,-1,-4.641473311
4,57,2,500,1,-3.126252336
4,58,2,500,1,-7.543350388
4,59,2,500,1,-10.67429584
4,60,2,1500,-1,-10.16064414
4,61,2,500,1,-3.766827128
4,62,2,1500,-1,-6.531558115
4,63,2,1500,-1,NaN
4,64,2,1500,-1,2.432318747
4,65,2,500,1,1.967014122
4,66,2,1500,-1,-4.807089864
4,67,2,500,1,-2.675624814
4,68,2,500,1,-11.16986521
4,69,2,500,1,-8.363162451
4,70,2,500,1,-17.35495556
4,71,2,1500,-1,-14.28272044
4,72,2,500,1,-5.078275359
4,73,2,1500,-1,-8.513545173
4,74,2,1500,-1,-1.451238936
4,75,2,500,1,0.860166089
4,76,2,500,1,-16.66474899
4,77,2,500,1,-13.10811599
4,78,2,1500,-1,-10.42750703
4,79,2,500,1,-6.116557759
4,80,2,1500,-1,-5.331083409
4,81,2,1500,-1,-1.548055527
4,82,2,500,1,-9.810274444
4,83,2,1500,-1,-4.408985261
4,84,2,500,1,-6.025805255
4,85,2,500,1,-9.477132615
4,86,2,1500,-1,-5.894323547
4,87,2,1500,-1,-2.811522884
4,88,2,1500,-1,-0.792204897
4,89,2,500,1,-2.888722127
4,90,2,500,1,-7.031066987
4,91,2,500,1,-16.92863379
4,92,2,500,1,-14.05644633
4,93,2,500,1,-18.49064954
4,94,2,1500,-1,-5.061933667
4,95,2,1500,-1,0.554527998
4,96,2,1500,-1,-2.462507099
4,97,2,500,1,-3.103286398
4,98,2,500,1,-12.8945655
4,99,2,1500,-1,NaN
4,100,2,1500,-1,-2.8135716
4,101,2,500,1,-13.86555956
4,102,2,1500,-1,-8.608133694
4,103,2,500,1,-7.812234434
4,104,2,1500,-1,-7.333515919
4,105,2,500,1,-6.924448983
4,106,2,1500,-1,-5.663251114
4,107,2,1500,-1,-4.75408169
4,108,2,1500,-1,-5.749097671
4,109,2,1500,-1,4.324142301
4,110,2,500,1,-0.745387534
4,111,2,1500,-1,-3.798332294
4,112,2,500,1,-3.040170695
4,113,2,500,1,-4.822686255
4,114,2,500,1,-13.37944875
4,115,2,1500,-1,-9.055900207
4,116,2,1500,-1,-7.601415078
4,117,2,500,1,-4.104670115
4,118,2,1500,-1,-3.869013216
4,119,2,1500,-1,-2.373961118
4,120,2,1500,-1,0.092113443
4,121,2,1500,-1,4.491734738
4,122,2,500,1,-4.058897004
4,123,2,1500,-1,-6.136891593
4,124,2,1500,-1,-3.80322929
4,125,2,1500,-1,1.530519571
4,126,2,500,1,-4.755651978
4,127,2,500,1,-11.62283483
4,128,2,1500,-1,-10.02828205
4,129,2,500,1,-7.11895841
4,130,2,500,1,-12.36937455
4,131,2,1500,-1,-9.645726181
4,132,2,500,1,-6.165153872
4,133,2,500,1,-9.916750282
4,134,2,1500,-1,-7.028362722
4,135,2,500,1,-15.22624641
4,136,2,1500,-1,-10.71214065
4,137,2,1500,-1,-2.793522753
4,138,2,1500,-1,16.55363927
4,139,2,500,1,-4.006198026
4,140,2,500,1,-16.36683994
4,141,2,1500,-1,-6.041111606
4,142,2,1500,-1,-1.188819343
4,143,2,1500,-1,-1.663651302
4,144,2,1500,-1,NaN
4,145,2,1500,-1,5.435991992
4,146,2,500,1,0.751663487
4,147,2,500,1,-7.959623797
4,148,2,1500,-1,NaN
4,149,2,500,1,-0.919307064
4,150,2,500,1,-12.04593052
4,151,2,500,1,-10.70437921
4,152,2,1500,-1,-13.86051859
4,153,2,1500,-1,12.74328632
4,154,2,500,1,2.081526843
4,155,2,500,1,-4.58157911
4,156,2,500,1,-9.322612435
4,157,2,1500,-1,-11.61491777
4,158,2,500,1,-6.014886352
4,159,2,500,1,-10.64277037
4,160,2,1500,-1,-11.63469168
4,161,2,500,1,-5.928103014
4,162,2,500,1,-12.66013028
4,163,2,1500,-1,-9.493016493
4,164,2,1500,-1,-4.607315013
4,165,2,1500,-1,-1.695773569
4,166,2,1500,-1,3.19766854
4,167,2,500,1,-4.809564375
4,168,2,500,1,-10.09794013
4,169,2,1500,-1,-5.344708943
4,170,2,1500,-1,-1.659493821
4,171,2,500,1,-9.342734541
4,172,2,1500,-1,-8.971778693
4,173,2,500,1,-2.315217943
4,174,2,500,1,-14.44821783
4,175,2,500,1,-17.96208976
4,176,2,500,1,-14.58229277
4,177,2,500,1,-13.26886649
4,178,2,1500,-1,NaN
4,179,2,1500,-1,-6.089800304
4,180,2,1500,-1,-0.684077803
4,181,2,500,1,-8.598526625
4,182,2,500,1,-13.70337333
4,183,2,500,1,-18.52917827
4,184,2,1500,-1,-9.83740281
4,185,2,1500,-1,-3.708209951
4,186,2,1500,-1,-1.811460111
4,187,2,1500,-1,0.088829571
4,188,2,1500,-1,1.665063378
4,189,2,500,1,-3.907933512
4,190,2,1500,-1,-1.727626816
4,191,2,1500,-1,-0.553848836
4,192,2,1500,-1,-3.049338307
4,193,2,500,1,-3.012486096
4,194,2,1500,-1,-7.493058406
4,195,2,500,1,-2.649220038
4,196,2,500,1,-8.77180259
4,197,2,1500,-1,-5.656300189
4,198,2,1500,-1,-5.722056442
4,199,2,500,1,-8.991544187
4,200,2,500,1,-10.37374993
4,201,2,500,1,-15.0379931
4,202,2,1500,-1,-8.149534342
4,203,2,1500,-1,-5.619515081
4,204,2,1500,-1,-4.063787241
4,205,2,500,1,-9.104795551
4,206,2,1500,-1,-8.866916778
4,207,2,500,1,-3.709007856
4,208,2,500,1,-14.06894019
4,209,2,500,1,-11.63740981
4,210,2,500,1,-14.52866715
4,211,2,1500,-1,-16.5357194
4,212,2,500,1,-10.44575199
4,213,2,1500,-1,-4.573095413
4,214,2,1500,-1,-8.373045082
4,215,2,1500,-1,-3.847886178
4,216,2,500,1,-6.904740541
4,217,2,500,1,-16.50027386
4,218,2,500,1,-12.91880301
4,219,2,500,1,-15.9104304
4,220,2,500,1,-16.52449192
4,221,2,500,1,-14.3714459
4,222,2,1500,-1,-13.69212562
4,223,2,500,1,-7.53328748
4,224,2,500,1,-17.10767912
4,225,2,500,1,-13.80323252
4,226,2,1500,-1,-11.78112893
4,227,2,1500,-1,-7.134784016
4,228,2,1500,-1,-1.401522953
4,229,2,500,1,-9.257128087
4,230,2,500,1,-17.63807517
4,231,2,500,1,-19.26169711
4,232,2,1500,-1,-12.12003008
4,233,2,500,1,-7.298698141
4,234,2,500,1,-11.20363951
4,235,2,500,1,-14.29565468
4,236,2,1500,-1,-13.38910033
4,237,2,1500,-1,-0.061658402
4,238,2,1500,-1,-5.099001922
4,239,2,1500,-1,-4.266666261
4,240,2,500,1,-7.793212875
4,241,2,1500,-1,3.282513949
4,242,2,1500,-1,1.332651193
4,243,2,1500,-1,-1.663632809
4,244,2,500,1,-6.485443724
4,245,2,500,1,-12.63566597
4,246,2,1500,-1,1.088683832
4,247,2,500,1,-10.65971908
4,248,2,1500,-1,-5.429342649
4,249,2,1500,-1,-4.811402515
4,250,2,500,1,-12.08643672
4,251,2,500,1,-14.62301827
4,252,2,1500,-1,-3.945957297
4,253,2,1500,-1,-0.835853833
4,254,2,1500,-1,-8.606594567
4,255,2,1500,-1,-1.255673615
4,256,2,1500,-1,-4.225766218
4,257,2,1500,-1,2.887304167
4,258,2,500,1,-3.740869556
4,259,2,1500,-1,1.635315496
4,260,2,500,1,-7.178728154
4,261,2,1500,-1,-8.065942356
4,262,2,500,1,-5.174069007
4,263,2,500,1,-11.04082704
4,264,2,1500,-1,-1.623725846
4,265,2,500,1,-8.81715175
4,266,2,500,1,-10.21696692
4,267,2,500,1,-12.44115329
4,268,2,500,1,-13.34820107
4,269,2,1500,-1,-0.907226342
4,270,2,1500,-1,2.646647737
4,271,2,500,1,NaN
4,272,2,1500,-1,NaN
4,273,2,500,1,-8.843673732
4,274,2,1500,-1,NaN
4,275,2,1500,-1,-5.893818023
4,276,2,500,1,-6.458117851
4,277,2,500,1,-11.15452805
4,278,2,500,1,-14.72208179
4,279,2,1500,-1,-6.724029398
4,280,2,500,1,-7.509673217
4,281,2,1500,-1,-1.514725007
4,282,2,500,1,-12.51966248
4,283,2,1500,-1,-10.01892204
4,284,2,500,1,-9.163906398
4,285,2,1500,-1,-8.393073156
4,286,2,500,1,-18.68381083
4,287,2,500,1,-16.89100984
4,288,2,1500,-1,-7.242116138
4,289,2,500,1,-8.557296934
4,290,2,1500,-1,-5.583106221
4,291,2,500,1,-9.38164961
4,292,2,1500,-1,-9.259001833
4,293,2,1500,-1,-1.165026083
4,294,2,1500,-1,0.880874048
4,295,2,1500,-1,-2.863631791
4,296,2,1500,-1,1.477928249
4,297,2,500,1,-8.920477596
4,298,2,500,1,-14.01245452
4,299,2,1500,-1,-11.53760888
4,300,2,1500,-1,-7.086893852
4,301,2,500,1,-8.475644648
4,302,2,1500,-1,-6.981471555
4,303,2,500,1,-8.26254413
4,304,2,1500,-1,-5.204512529
4,305,2,500,1,-9.500806796
4,306,2,500,1,-14.97457911
4,307,2,500,1,-17.89204157
4,308,2,500,1,-10.92553854
4,309,2,1500,-1,-7.885269985
4,310,2,1500,-1,-2.582300185
4,311,2,1500,-1,-4.489417862
4,312,2,500,1,-6.612542627
4,313,2,1500,-1,-4.841976349
4,314,2,500,1,-10.295708
4,315,2,1500,-1,-7.51573732
4,316,2,1500,-1,-1.391678462
4,317,2,1500,-1,-0.837007136
4,318,2,500,1,-1.846269416
4,319,2,500,1,-14.82238076
4,320,2,1500,-1,-3.230007729
4,321,2,1500,-1,-1.943046118
4,322,2,500,1,-6.086781374
4,323,2,1500,-1,-10.19705314
4,324,2,500,1,-14.08111703
4,325,2,1500,-1,-6.083260084
4,326,2,500,1,-8.931136695
4,327,2,1500,-1,-8.739499112
4,328,2,1500,-1,-7.099352334
4,329,2,500,1,-13.00030677
4,330,2,1500,-1,-10.25999106
4,331,2,1500,-1,1.571471968
4,332,2,500,1,-10.7514843
4,333,2,1500,-1,-2.795649997
4,334,2,1500,-1,NaN
4,335,2,1500,-1,-4.0135028
4,336,2,1500,-1,3.808943126
4,337,2,500,1,-5.448838347
4,338,2,1500,-1,-4.819336949
4,339,2,500,1,-11.06132587
4,340,2,500,1,-9.004805881
4,341,2,500,1,-10.88931546
4,342,2,500,1,-13.94839201
4,343,2,500,1,-14.91209002
4,344,2,500,1,-14.90932534
4,345,2,500,1,-21.16445798
4,346,2,500,1,-9.730988205
4,347,2,1500,-1,NaN
4,348,2,500,1,-9.104832531
4,349,2,1500,-1,-10.28869057
4,350,2,1500,-1,-0.972646201
4,351,2,500,1,-7.221208748
4,352,2,1500,-1,-7.559185056
4,353,2,1500,-1,1.538631361
4,354,2,1500,-1,-1.771048311
4,355,2,500,1,-4.320421056
4,356,2,500,1,-11.34040408
4,357,2,500,1,-7.430986302
4,358,2,1500,-1,-8.578385944
4,359,2,500,1,-6.708211512
4,360,2,500,1,-17.72321504
4,361,2,1500,-1,-6.352310001
4,362,2,500,1,-9.523195476
4,363,2,500,1,-16.21048857
4,364,2,1500,-1,-7.6770842
4,365,2,500,1,-7.274128939
4,366,2,500,1,-14.17836062
4,367,2,500,1,-15.76032103
4,368,2,1500,-1,-8.342826931
4,369,2,1500,-1,-4.929887873
4,370,2,1500,-1,-5.073215915
4,371,2,1500,-1,-6.999136488
4,372,2,1500,-1,-4.000329757
4,373,2,1500,-1,5.08036624
4,374,2,500,1,-2.896490981
4,375,2,1500,-1,0.26008183
4,376,2,500,1,-12.84577189
4,377,2,500,1,-21.10722461
4,378,2,500,1,-20.76183301
4,379,2,500,1,-14.85198727
4,380,2,500,1,-17.58646198
4,381,2,1500,-1,-2.875680375
4,382,2,500,1,-12.5206344
4,383,2,1500,-1,-6.63617293
4,384,2,500,1,-8.744577689
4,385,2,500,1,-16.97059533
4,386,2,1500,-1,-13.31231004
4,387,2,1500,-1,-7.074448329
4,388,2,500,1,-8.222320342
4,389,2,1500,-1,-7.633942043
4,390,2,1500,-1,-5.275346685
4,391,2,1500,-1,-3.111279046
4,392,2,1500,-1,2.447295242
4,393,2,1500,-1,3.321520229
4,394,2,1500,-1,1.425160126
4,395,2,500,1,-4.934872293
4,396,2,1500,-1,-0.713222886
4,397,2,1500,-1,-2.535093393
4,398,2,1500,-1,-2.981746095
4,399,2,500,1,-4.743238686
4,400,2,500,1,-14.9208869
4,401,2,1500,-1,-1.075605545
4,402,2,500,1,-6.776952317
4,403,2,500,1,-8.337046031
4,404,2,500,1,-10.33618164
4,405,2,500,1,-5.40499185
4,406,2,500,1,-12.88759505
4,407,2,1500,-1,-11.91521386
4,408,2,1500,-1,-0.060290911
4,409,2,500,1,-3.609016037
4,410,2,1500,-1,-2.359336747
4,411,2,1500,-1,1.470969233
4,412,2,1500,-1,-2.365965375
4,413,2,500,1,-3.470814033
4,414,2,500,1,-8.835066471
4,415,2,500,1,-16.36460198
4,416,2,1500,-1,-1.107571127
4,417,2,500,1,-3.11066037
4,418,2,1500,-1,1.847907758
4,419,2,500,1,-4.871745182
4,420,2,500,1,-9.167603108
4,421,3,500,0,-8.081495022
4,422,3,1500,0,NaN
4,423,3,500,0,-6.516475226
4,424,3,500,0,-8.358402508
4,425,3,1500,0,-1.029723639
4,426,3,1000,0,0.083885939
4,427,3,750,0,-4.420485578
4,428,3,1500,0,-0.378426284
4,429,3,1000,0,1.743985171
4,430,3,500,0,-2.734368508
4,431,3,1500,0,3.677305731
4,432,3,750,0,-2.77839715
4,433,3,500,0,-2.020822574
4,434,3,1250,0,0.541368707
4,435,3,1250,0,3.225795939
4,436,3,1250,0,1.496363731
4,437,3,1500,0,1.14042935
4,438,3,500,0,-6.389727133
4,439,3,1250,0,-3.15091968
4,440,3,1500,0,10.35548177
4,441,3,1250,0,5.194812624
4,442,3,1250,0,2.166014527
4,443,3,1500,0,5.241934669
4,444,3,1500,0,7.35674737
4,445,3,1000,0,3.666792663
4,446,3,500,0,-0.007924445
4,447,3,1500,0,3.636716384
4,448,3,1250,0,0.372237998
4,449,3,1500,0,4.760343133
4,450,3,750,0,0.622134296
4,451,3,750,0,3.2414345
4,452,3,1500,0,7.163197648
4,453,3,1000,0,-0.782219829
4,454,3,1500,0,2.151233068
4,455,3,750,0,-1.375250689
4,456,3,1250,0,0.360011056
4,457,3,500,0,-1.098511283
4,458,3,1000,0,-1.799398378
4,459,3,1000,0,1.442893737
4,460,3,500,0,-1.227052855
4,461,3,500,0,-6.52139309
4,462,3,1000,0,1.854608568
4,463,3,1000,0,-6.013676723
4,464,3,500,0,-3.774319623
4,465,3,750,0,-0.726602586
4,466,3,1000,0,0.860024243
4,467,3,1500,0,7.115057022
4,468,3,1250,0,3.430488156
4,469,3,750,0,4.751480938
4,470,3,1500,0,-0.465212874
4,471,3,1500,0,3.488606824
4,472,3,500,0,-1.751572434
4,473,3,500,0,-4.379884961
4,474,3,750,0,-1.361134667
4,475,3,1250,0,0.275747539
4,476,3,1500,0,6.366665976
4,477,3,750,0,-1.887854404
4,478,3,1000,0,4.688962328
4,479,3,1250,0,-2.768994414
4,480,3,500,0,-3.237129409
4,481,3,1500,0,0.002399944
4,482,3,500,0,-4.648138608
4,483,3,1000,0,2.980794904
4,484,3,1500,0,0.986766788
4,485,3,1250,0,1.259504968
4,486,3,1000,0,-4.02866103
4,487,3,1250,0,1.248755606
4,488,3,1500,0,1.323280136
4,489,3,750,0,-0.909387341
4,490,3,750,0,-1.883784255
4,491,3,1000,0,4.303171275
4,492,3,750,0,1.098348542
4,493,3,1000,0,1.527929404
4,494,3,1000,0,1.358453135
4,495,3,750,0,-4.284445611
4,496,3,1250,0,2.197918239
4,497,3,1000,0,0.879517404
4,498,3,1000,0,1.847499357
4,499,3,1000,0,0.436162216
4,500,3,500,0,-5.362668857
4,501,3,1500,0,0.22890746
4,502,3,750,0,-0.870765211
4,503,3,1250,0,0.777181667
4,504,3,1500,0,-1.929770547
4,505,3,1500,0,2.651003971
4,506,3,750,0,-2.464294514
4,507,3,1500,0,-0.517397887
4,508,3,1000,0,-4.862339201
4,509,3,1000,0,-6.999661063
4,510,3,750,0,-8.391317243
4,511,3,500,0,-2.529196325
4,512,3,750,0,-1.641907788
4,513,3,1500,0,-2.773122464
4,514,3,500,0,-5.05048536
4,515,3,1000,0,2.02612507
4,516,3,1250,0,4.903205568
4,517,3,1000,0,-2.829536518
4,518,3,1250,0,-1.209049546
4,519,3,1250,0,0.260912548
4,520,3,1500,0,4.752929001
4,521,3,500,0,-2.136135181
4,522,3,1000,0,NaN
4,523,3,1250,0,6.445657991
4,524,3,1500,0,-4.058313629
4,525,3,1000,0,-1.640616254
4,526,3,1000,0,-0.998668352
4,527,3,750,0,-5.316507549
4,528,3,750,0,-2.120972857
4,529,3,750,0,1.601727836
4,530,3,1250,0,3.912784533
4,531,3,1500,0,-0.711425877
4,532,3,1000,0,3.462253633
4,533,3,1250,0,2.095175126
4,534,3,500,0,-4.817455024
4,535,3,1250,0,2.160597394
4,536,3,500,0,-6.754450736
4,537,3,1250,0,-0.474031712
4,538,3,500,0,-4.382291838
4,539,3,1250,0,0.138993258
4,540,3,750,0,2.122672134
4,541,3,1250,0,0.685921944
4,542,3,1000,0,-1.239429794
4,543,3,500,0,-2.437720542
4,544,3,1500,0,0.210198397
4,545,3,500,0,-5.381236364
4,546,3,500,0,-5.407730282
4,547,3,1500,0,4.470720215
4,548,3,750,0,-1.821326745
4,549,3,750,0,-0.035942171
4,550,3,500,0,-6.499422306
4,551,3,750,0,-5.376447719
4,552,3,1250,0,-2.867815834
4,553,3,1250,0,3.496747327
4,554,3,750,0,0.04414774
4,555,3,750,0,0.635225818
4,556,3,1500,0,0.221656544
4,557,3,750,0,1.457345281
4,558,3,1250,0,0.665837621
4,559,3,1250,0,-2.858706981
4,560,3,750,0,-7.112965689
4,561,3,500,0,-2.440739269
4,562,3,1250,0,1.059351048
4,563,3,750,0,-1.439228737
4,564,3,500,0,-5.431519482
4,565,3,1000,0,3.229922876
4,566,3,500,0,-1.787083755
4,567,3,500,0,-5.719203815
4,568,3,1000,0,2.753118504
4,569,3,1000,0,-0.561855167
4,570,3,750,0,-2.910736754
5,1,1,1500,0,-2.436577594
5,2,1,500,0,0.080356362
5,3,1,1500,0,NaN
5,4,1,500,0,1.363320192
5,5,1,500,0,1.500473169
5,6,1,500,0,0.050861069
5,7,1,1500,0,2.470715778
5,8,1,500,0,1.326912835
5,9,1,1500,0,2.939169625
5,10,1,1500,0,-1.293598474
5,11,1,500,0,3.386354895
5,12,1,500,0,6.093435379
5,13,1,1500,0,4.999582728
5,14,1,500,0,6.579746767
5,15,1,500,0,5.789328403
5,16,1,1500,0,3.890396114
5,17,1,500,0,6.891325373
5,18,1,1500,0,1.238328905
5,19,1,1500,0,3.209127543
5,20,1,1500,0,5.722950175
5,21,2,1500,-1,-2.47134045
5,22,2,1500,-1,14.08526074
5,23,2,1500,-1,10.71016193
5,24,2,1500,-1,17.47716463
5,25,2,500,1,14.5784994
5,26,2,500,1,6.439112065
5,27,2,1500,-1,4.173435324
5,28,2,500,1,8.795652884
5,29,2,1500,-1,5.780188599
5,30,2,1500,-1,11.01665418
5,31,2,500,1,13.79229168
5,32,2,1500,-1,11.71222602
5,33,2,1500,-1,10.24110079
5,34,2,1500,-1,12.35841004
5,35,2,500,1,12.82457463
5,36,2,1500,-1,11.93388607
5,37,2,1500,-1,14.43265517
5,38,2,1500,-1,14.7496425
5,39,2,1500,-1,14.7396552
5,40,2,1500,-1,15.52433941
5,41,2,500,1,13.26324283
5,42,2,500,1,9.303597204
5,43,2,500,1,6.362678691
5,44,2,500,1,10.61464691
5,45,2,1500,-1,12.66964507
5,46,2,1500,-1,12.06293825
5,47,2,500,1,11.6277318
5,48,2,500,1,9.795622559
5,49,2,500,1,10.72881247
5,50,2,1500,-1,12.22268706
5,51,2,1500,-1,13.42142549
5,52,2,1500,-1,13.13798221
5,53,2,500,1,7.181725158
5,54,2,1500,-1,14.69113872
5,55,2,1500,-1,15.86678235
5,56,2,500,1,11.11147214
5,57,2,500,1,11.01247715
5,58,2,500,1,15.13830622
5,59,2,1500,-1,15.08590806
5,60,2,500,1,9.929239608
5,61,2,1500,-1,13.60719798
5,62,2,500,1,11.80788721
5,63,2,500,1,12.68106405
5,64,2,500,1,11.90122257
5,65,2,500,1,9.828674854
5,66,2,1500,-1,11.49457007
5,67,2,500,1,14.39258076
5,68,2,1500,-1,12.73257063
5,69,2,1500,-1,12.56149407
5,70,2,500,1,11.53148374
5,71,2,500,1,9.120146851
5,72,2,1500,-1,13.72990148
5,73,2,1500,-1,15.50744395
5,74,2,1500,-1,14.28037613
5,75,2,1500,-1,14.77016357
5,76,2,500,1,11.99829872
5,77,2,500,1,7.791048674
5,78,2,500,1,5.002370679
5,79,2,1500,-1,13.06781197
5,80,2,1500,-1,14.37221548
5,81,2,500,1,13.13773791
5,82,2,1500,-1,11.92482863
5,83,2,500,1,7.397191399
5,84,2,1500,-1,9.823012461
5,85,2,500,1,6.051213926
5,86,2,1500,-1,11.24202177
5,87,2,500,1,11.67255976
5,88,2,500,1,3.243806356
5,89,2,500,1,5.271116803
5,90,2,500,1,5.677380973
5,91,2,1500,-1,11.22719
5,92,2,1500,-1,11.68721742
5,93,2,1500,-1,11.93640304
5,94,2,1500,-1,12.89785593
5,95,2,1500,-1,11.27858623
5,96,2,1500,-1,11.77730285
5,97,2,500,1,12.62477895
5,98,2,500,1,5.336171176
5,99,2,500,1,4.061243782
5,100,2,1500,-1,7.809220771
5,101,2,500,1,3.132287966
5,102,2,500,1,-0.245989164
5,103,2,500,1,6.971337623
5,104,2,500,1,3.399877835
5,105,2,1500,-1,7.16379127
5,106,2,500,1,5.122794705
5,107,2,500,1,8.790993384
5,108,2,500,1,7.519429646
5,109,2,1500,-1,9.541775732
5,110,2,500,1,6.084768628
5,111,2,500,1,5.447856305
5,112,2,1500,-1,10.39680808
5,113,2,1500,-1,11.55668552
5,114,2,1500,-1,11.46919696
5,115,2,1500,-1,10.88750749
5,116,2,500,1,10.24599026
5,117,2,500,1,12.4649061
5,118,2,500,1,8.526938439
5,119,2,1500,-1,NaN
5,120,2,500,1,13.90578953
5,121,2,500,1,9.916141819
5,122,2,500,1,2.982916756
5,123,2,1500,-1,7.3081877
5,124,2,500,1,7.446592587
5,125,2,500,1,7.150357514
5,126,2,500,1,8.66952904
5,127,2,1500,-1,8.820080642
5,128,2,1500,-1,9.793947915
5,129,2,500,1,6.340354882
5,130,2,1500,-1,8.184917798
5,131,2,500,1,8.023188755
5,132,2,500,1,7.616086443
5,133,2,500,1,7.871206982
5,134,2,1500,-1,7.85563972
5,135,2,500,1,6.720039262
5,136,2,500,1,3.577503545
5,137,2,500,1,6.865204606
5,138,2,1500,-1,9.012079198
5,139,2,1500,-1,10.38901502
5,140,2,1500,-1,13.56303128
5,141,2,500,1,13.13210951
5,142,2,500,1,10.29810806
5,143,2,1500,-1,8.326807401
5,144,2,1500,-1,8.581291892
5,145,2,1500,-1,13.75190663
5,146,2,1500,-1,14.66795762
5,147,2,1500,-1,15.81726788
5,148,2,500,1,11.47702904
5,149,2,500,1,10.75889044
5,150,2,1500,-1,12.65456256
5,151,2,500,1,11.36929204
5,152,2,1500,-1,12.95202133
5,153,2,500,1,11.31876397
5,154,2,1500,-1,11.14293839
5,155,2,1500,-1,15.69144396
5,156,2,1500,-1,11.95090216
5,157,2,500,1,8.332698138
5,158,2,500,1,10.85528237
5,159,2,1500,-1,13.84747968
5,160,2,1500,-1,15.71969023
5,161,2,500,1,12.95549432
5,162,2,500,1,14.57403321
5,163,2,500,1,4.290954062
5,164,2,500,1,10.3287651
5,165,2,500,1,10.32454975
5,166,2,500,1,9.582690678
5,167,2,500,1,10.19342894
5,168,2,1500,-1,NaN
5,169,2,1500,-1,11.97027425
5,170,2,500,1,12.94832771
5,171,2,1500,-1,15.91301582
5,172,2,500,1,15.91944442
5,173,2,500,1,13.18557496
5,174,2,1500,-1,16.81463159
5,175,2,500,1,15.25141818
5,176,2,500,1,6.761559545
5,177,2,1500,-1,11.54068258
5,178,2,1500,-1,12.53884532
5,179,2,500,1,13.45023407
5,180,2,1500,-1,16.22817759
5,181,2,1500,-1,16.40243666
5,182,2,1500,-1,15.28497718
5,183,2,500,1,10.7082442
5,184,2,500,1,9.213340505
5,185,2,1500,-1,7.737812263
5,186,2,1500,-1,10.15437722
5,187,2,500,1,8.669436747
5,188,2,500,1,8.390588722
5,189,2,1500,-1,10.61927576
5,190,2,1500,-1,NaN
5,191,2,500,1,11.75158847
5,192,2,500,1,17.57157363
5,193,2,500,1,11.43148301
5,194,2,500,1,11.69610358
5,195,2,1500,-1,11.98819352
5,196,2,1500,-1,NaN
5,197,2,500,1,11.73018422
5,198,2,500,1,10.59179584
5,199,2,500,1,13.79512601
5,200,2,1500,-1,NaN
5,201,2,500,1,13.59806223
5,202,2,1500,-1,12.93961053
5,203,2,500,1,9.995319367
5,204,2,1500,-1,15.06431758
5,205,2,1500,-1,15.2534651
5,206,2,500,1,5.315880943
5,207,2,1500,-1,8.128090576
5,208,2,500,1,2.264500014
5,209,2,1500,-1,6.291176967
5,210,2,1500,-1,7.515055651
5,211,2,1500,-1,6.564911059
5,212,2,500,1,7.396807933
5,213,2,1500,-1,9.99159713
5,214,2,1500,-1,9.589193546
5,215,2,1500,-1,NaN
5,216,2,500,1,7.298286651
5,217,2,500,1,7.585569233
5,218,2,500,1,2.718116974
5,219,2,1500,-1,4.619895569
5,220,2,500,1,6.628520063
5,221,2,1500,-1,4.43193222
5,222,2,1500,-1,9.976314821
5,223,2,500,1,8.639587169
5,224,2,1500,-1,8.613442927
5,225,2,1500,-1,9.006314544
5,226,2,1500,-1,9.421122585
5,227,2,500,1,8.034936921
5,228,2,1500,-1,11.7994429
5,229,2,1500,-1,8.442934002
5,230,2,500,1,7.998989175
5,231,2,1500,-1,8.156034253
5,232,2,1500,-1,8.362744035
5,233,2,500,1,13.92948291
5,234,2,1500,-1,16.60127571
5,235,2,1500,-1,15.99227198
5,236,2,500,1,16.65499775
5,237,2,500,1,14.1763138
5,238,2,500,1,16.14950245
5,239,2,500,1,10.60141115
5,240,2,1500,-1,13.48801971
5,241,2,500,1,12.27722544
5,242,2,1500,-1,13.69269891
5,243,2,1500,-1,14.88278673
5,244,2,1500,-1,13.48313437
5,245,2,1500,-1,12.83062872
5,246,2,500,1,13.73602196
5,247,2,500,1,11.58526471
5,248,2,1500,-1,10.61687267
5,249,2,1500,-1,14.25975479
5,250,2,1500,-1,10.86798729
5,251,2,1500,-1,11.7337206
5,252,2,1500,-1,7.992508207
5,253,2,500,1,3.284795024
5,254,2,500,1,1.47996304
5,255,2,1500,-1,7.642185575
5,256,2,1500,-1,6.659902294
5,257,2,500,1,6.91819711
5,258,2,1500,-1,9.71949952
5,259,2,500,1,12.71135489
5,260,2,1500,-1,10.96825635
5,261,2,500,1,12.00252096
5,262,2,1500,-1,11.46861675
5,263,2,500,1,8.065554979
5,264,2,1500,-1,10.53607188
5,265,2,500,1,11.15863169
5,266,2,500,1,14.17790134
5,267,2,1500,-1,NaN
5,268,2,500,1,5.010683094
5,269,2,500,1,4.870852447
5,270,2,500,1,6.689570703
5,271,2,1500,-1,10.8531741
5,272,2,1500,-1,12.84732623
5,273,2,500,1,15.67842832
5,274,2,500,1,10.32179301
5,275,2,1500,-1,13.98821649
5,276,2,1500,-1,NaN
5,277,2,500,1,13.24446174
5,278,2,1500,-1,12.24634282
5,279,2,500,1,8.815827569
5,280,2,1500,-1,10.55258454
5,281,2,500,1,4.9540591
5,282,2,500,1,1.719849262
5,283,2,1500,-1,7.071116278
5,284,2,1500,-1,9.621813531
5,285,2,1500,-1,11.2421309
5,286,2,500,1,7.111760682
5,287,2,1500,-1,9.403300035
5,288,2,1500,-1,12.19584861
5,289,2,500,1,8.79584053
5,290,2,500,1,6.44724438
5,291,2,1500,-1,NaN
5,292,2,1500,-1,8.617016675
5,293,2,500,1,5.963870944
5,294,2,500,1,6.865869038
5,295,2,1500,-1,0.489009573
5,296,2,500,1,9.552747293
5,297,2,1500,-1,11.80034839
5,298,2,500,1,10.63309704
5,299,2,1500,-1,11.2859667
5,300,2,1500,-1,7.81447126
5,301,2,500,1,8.343908594
5,302,2,500,1,5.830918263
5,303,2,1500,-1,8.319852267
5,304,2,500,1,8.849436951
5,305,2,500,1,10.40028538
5,306,2,1500,-1,9.912242879
5,307,2,1500,-1,9.045819894
5,308,2,1500,-1,14.61411512
5,309,2,1500,-1,17.81247708
5,310,2,1500,-1,18.07552952
5,311,2,1500,-1,17.28711817
5,312,2,1500,-1,19.72084582
5,313,2,500,1,9.32639407
5,314,2,1500,-1,11.2894291
5,315,2,1500,-1,13.41670071
5,316,2,500,1,10.99395106
5,317,2,1500,-1,NaN
5,318,2,1500,-1,14.97617405
5,319,2,500,1,13.9760464
5,320,2,1500,-1,13.2127267
5,321,2,500,1,11.95244873
5,322,2,1500,-1,13.8826695
5,323,2,1500,-1,16.77683965
5,324,2,500,1,14.55988322
5,325,2,500,1,13.9846711
5,326,2,1500,-1,15.820254
5,327,2,500,1,16.6764276
5,328,2,500,1,12.57209879
5,329,2,500,1,13.41041631
5,330,2,1500,-1,NaN
5,331,2,500,1,NaN
5,332,2,500,1,11.62364837
5,333,2,1500,-1,14.06278046
5,334,2,500,1,12.85079499
5,335,2,500,1,12.37053218
5,336,2,1500,-1,NaN
5,337,2,500,1,15.14727456
5,338,2,500,1,12.84681649
5,339,2,500,1,5.866811426
5,340,2,1500,-1,12.1573986
5,341,2,1500,-1,16.04071775
5,342,2,1500,-1,14.28929391
5,343,2,500,1,14.03556292
5,344,2,500,1,11.30525639
5,345,2,500,1,13.68932433
5,346,2,500,1,13.39949501
5,347,2,500,1,11.09776255
5,348,2,500,1,14.12116556
5,349,2,1500,-1,14.84178197
5,350,2,1500,-1,15.94110532
5,351,2,1500,-1,NaN
5,352,2,500,1,0.09112323
5,353,2,500,1,4.687981842
5,354,2,1500,-1,NaN
5,355,2,500,1,6.131080666
5,356,2,1500,-1,3.549240278
5,357,2,500,1,9.870791454
5,358,2,1500,-1,5.879275272
5,359,2,500,1,6.3607507
5,360,2,500,1,4.721227076
5,361,2,500,1,4.918838194
5,362,2,1500,-1,8.985429715
5,363,2,1500,-1,10.70974843
5,364,2,500,1,7.930080159
5,365,2,500,1,9.131698707
5,366,2,500,1,6.29903167
5,367,2,1500,-1,10.79824858
5,368,2,1500,-1,12.15470864
5,369,2,500,1,4.919456126
5,370,2,1500,-1,14.61889754
5,371,2,1500,-1,11.67610597
5,372,2,500,1,10.40222553
5,373,2,500,1,8.657176685
5,374,2,1500,-1,6.52245177
5,375,2,500,1,5.667866464
5,376,2,1500,-1,11.82850912
5,377,2,500,1,8.471821056
5,378,2,1500,-1,13.22245787
5,379,2,1500,-1,12.22165063
5,380,2,500,1,11.81288209
5,381,2,500,1,5.836376319
5,382,2,1500,-1,1.761926986
5,383,2,1500,-1,9.398107729
5,384,2,500,1,7.815413806
5,385,2,1500,-1,13.15719549
5,386,2,500,1,11.62485731
5,387,2,1500,-1,9.964693
5,388,2,500,1,11.46053703
5,389,2,500,1,6.987374935
5,390,2,1500,-1,10.42213778
5,391,2,500,1,9.459821249
5,392,2,500,1,6.555886119
5,393,2,500,1,7.76015081
5,394,2,1500,-1,8.812971432
5,395,2,1500,-1,16.64308748
5,396,2,1500,-1,13.03422145
5,397,2,1500,-1,18.42157823
5,398,2,1500,-1,24.19558755
5,399,2,1500,-1,9.284993499
5,400,2,500,1,-0.402767444
5,401,2,500,1,12.87649606
5,402,2,1500,-1,16.150638
5,403,2,500,1,9.455079995
5,404,2,500,1,19.64948121
5,405,2,1500,-1,17.71759395
5,406,2,500,1,16.89150181
5,407,2,1500,-1,NaN
5,408,2,500,1,14.39026298
5,409,2,500,1,8.752612403
5,410,2,500,1,6.905385458
5,411,2,1500,-1,NaN
5,412,2,1500,-1,14.73093812
5,413,2,1500,-1,13.48140603
5,414,2,500,1,10.98892604
5,415,2,500,1,10.33911722
5,416,2,500,1,15.26777229
5,417,2,1500,-1,16.15269843
5,418,2,1500,-1,NaN
5,419,2,1500,-1,9.063916343
5,420,2,500,1,8.963668351
5,421,3,750,0,10.2518121
5,422,3,1250,0,16.35594942
5,423,3,1500,0,19.88175089
5,424,3,750,0,6.863307788
5,425,3,500,0,11.30670173
5,426,3,1250,0,14.56916975
5,427,3,1250,0,0.918185367
5,428,3,750,0,3.828064387
5,429,3,500,0,3.770756112
5,430,3,1000,0,9.671491866
5,431,3,750,0,5.19561596
5,432,3,1250,0,13.08268382
5,433,3,750,0,0.940650711
5,434,3,1500,0,13.22903654
5,435,3,1500,0,NaN
5,436,3,750,0,9.109260378
5,437,3,1250,0,14.78363212
5,438,3,1500,0,14.20437651
5,439,3,750,0,10.71964756
5,440,3,1500,0,10.23790062
5,441,3,1250,0,13.28632633
5,442,3,750,0,6.982555092
5,443,3,1500,0,13.47056951
5,444,3,500,0,7.389208511
5,445,3,500,0,8.874371842
5,446,3,750,0,5.916534734
5,447,3,750,0,8.397558821
5,448,3,500,0,7.182972903
5,449,3,750,0,4.553230589
5,450,3,1000,0,4.944186111
5,451,3,750,0,6.166638542
5,452,3,1500,0,7.748371821
5,453,3,1500,0,2.06318507
5,454,3,750,0,5.059182896
5,455,3,1000,0,9.12227044
5,456,3,1000,0,NaN
5,457,3,1250,0,12.02104723
5,458,3,1000,0,7.136224506
5,459,3,1500,0,9.328698862
5,460,3,500,0,3.973637915
5,461,3,1500,0,4.333109266
5,462,3,1500,0,6.04968766
5,463,3,500,0,-0.011093653
5,464,3,1500,0,6.02442589
5,465,3,1250,0,6.0048981
5,466,3,750,0,8.826614081
5,467,3,1000,0,NaN
5,468,3,1000,0,11.3712785
5,469,3,1500,0,NaN
5,470,3,1500,0,7.877180789
5,471,3,750,0,6.007984359
5,472,3,1500,0,10.25363096
5,473,3,1000,0,8.953591717
5,474,3,500,0,7.069574448
5,475,3,1500,0,-2.908476789
5,476,3,1000,0,-1.095750718
5,477,3,500,0,2.550256116
5,478,3,1250,0,1.563667513
5,479,3,500,0,-2.354760273
5,480,3,500,0,2.554071398
5,481,3,750,0,1.831314789
5,482,3,1000,0,5.142074162
5,483,3,1500,0,9.015570757
5,484,3,500,0,3.99036578
5,485,3,1000,0,6.355400349
5,486,3,750,0,-0.763713333
5,487,3,500,0,4.31199053
5,488,3,1500,0,NaN
5,489,3,1000,0,5.048854378
5,490,3,1250,0,NaN
5,491,3,1250,0,7.349666234
5,492,3,750,0,10.13605112
5,493,3,1000,0,12.09144505
5,494,3,1000,0,9.740312368
5,495,3,500,0,10.70847078
5,496,3,750,0,8.744452206
5,497,3,500,0,2.849242614
5,498,3,500,0,7.669750075
5,499,3,750,0,8.129470663
5,500,3,1250,0,NaN
5,501,3,500,0,4.500498989
5,502,3,1250,0,8.760330447
5,503,3,1250,0,3.942092866
5,504,3,750,0,5.453764425
5,505,3,1500,0,8.190805742
5,506,3,750,0,1.732042539
5,507,3,1000,0,4.271794753
5,508,3,1000,0,6.649792265
5,509,3,1250,0,6.201680053
5,510,3,500,0,1.817516798
5,511,3,1250,0,5.093487182
5,512,3,1250,0,6.17453047
5,513,3,1000,0,4.355979659
5,514,3,750,0,6.618769728
5,515,3,1250,0,8.880746515
5,516,3,1250,0,2.37675121
5,517,3,750,0,4.82208668
5,518,3,500,0,6.162907482
5,519,3,500,0,1.363000338
5,520,3,1250,0,NaN
5,521,3,1500,0,NaN
5,522,3,1000,0,7.375801117
5,523,3,1000,0,8.562123303
5,524,3,1000,0,7.014183402
5,525,3,1500,0,7.660973808
5,526,3,500,0,6.208699744
5,527,3,1500,0,5.177408435
5,528,3,500,0,4.650318028
5,529,3,1500,0,6.621391836
5,530,3,1250,0,6.13229713
5,531,3,500,0,-1.058016753
5,532,3,500,0,1.063110578
5,533,3,1000,0,0.543736564
5,534,3,1500,0,-1.974916336
5,535,3,500,0,0.474528019
5,536,3,750,0,-0.821779962
5,537,3,500,0,1.272504223
5,538,3,1250,0,2.917789185
5,539,3,1000,0,1.757764646
5,540,3,1250,0,-2.825558851
5,541,3,750,0,-4.753105114
5,542,3,1500,0,-2.978236328
5,543,3,500,0,3.821232066
5,544,3,1500,0,5.002307434
5,545,3,750,0,3.113976179
5,546,3,500,0,-0.347425946
5,547,3,1250,0,NaN
5,548,3,1000,0,4.493584481
5,549,3,500,0,-0.884852863
5,550,3,750,0,4.131103909
5,551,3,1000,0,7.301104548
5,552,3,1000,0,5.458265237
5,553,3,1000,0,7.072188087
5,554,3,1250,0,12.16471395
5,555,3,750,0,17.94190161
5,556,3,1000,0,13.8100772
5,557,3,1250,0,NaN
5,558,3,500,0,1.322038465
5,559,3,1500,0,2.685849612
5,560,3,1500,0,2.848002594
5,561,3,1000,0,6.02296701
5,562,3,1500,0,4.868209316
5,563,3,1250,0,5.591308102
5,564,3,1250,0,0.220105484
5,565,3,1250,0,6.803636185
5,566,3,750,0,8.111349119
5,567,3,1000,0,8.753437226
5,568,3,1500,0,NaN
5,569,3,1250,0,6.414657741
5,570,3,1000,0,4.735063989
6,1,1,500,-0,0.275734591
6,2,1,1500,-0,NaN
6,3,1,1500,-0,2.406306817
6,4,1,500,-0,1.734654749
6,5,1,1500,-0,-2.228661084
6,6,1,500,-0,-0.125403495
6,7,1,500,-0,5.295399942
6,8,1,1500,-0,-2.508297851
6,9,1,1500,-0,-0.981729383
6,10,1,500,-0,0.441078191
6,11,1,1500,-0,-1.587284964
6,12,1,500,-0,-1.553848338
6,13,1,1500,-0,2.038264998
6,14,1,1500,-0,-2.593017628
6,15,1,500,-0,-7.821133109
6,16,1,1500,-0,-1.675356115
6,17,1,1500,-0,NaN
6,18,1,500,-0,-5.566316774
6,19,1,500,-0,-2.376362679
6,20,1,500,-0,-6.870862433
6,21,2,500,1,-5.393682221
6,22,2,500,1,-13.37394775
6,23,2,500,1,-14.4291484
6,24,2,500,1,-10.71139685
6,25,2,500,1,-13.791354
6,26,2,500,1,-13.93862451
6,27,2,1500,-1,NaN
6,28,2,500,1,-11.32544367
6,29,2,500,1,-14.38986029
6,30,2,500,1,-14.92254687
6,31,2,500,1,-12.33274455
6,32,2,500,1,-14.93511711
6,33,2,500,1,-17.93087748
6,34,2,500,1,-16.33827349
6,35,2,500,1,-13.1669135
6,36,2,500,1,-17.32732197
6,37,2,1500,-1,-15.99249941
6,38,2,1500,-1,-12.26601143
6,39,2,500,1,-13.41793534
6,40,2,500,1,-8.857344524
6,41,2,1500,-1,NaN
6,42,2,500,1,-12.17768305
6,43,2,1500,-1,NaN
6,44,2,1500,-1,-7.638915918
6,45,2,1500,-1,-5.910698435
6,46,2,1500,-1,-1.322952223
6,47,2,1500,-1,-9.924664129
6,48,2,1500,-1,1.830085089
6,49,2,500,1,-1.929264023
6,50,2,500,1,-6.336106106
6,51,2,1500,-1,-13.2118377
6,52,2,1500,-1,-3.259468356
6,53,2,500,1,1.139097722
6,54,2,500,1,-9.015035513
6,55,2,500,1,-12.98726507
6,56,2,500,1,-8.18450029
6,57,2,1500,-1,NaN
6,58,2,500,1,NaN
6,59,2,1500,-1,-2.941806605
6,60,2,1500,-1,-0.868476675
6,61,2,500,1,0.111010771
6,62,2,500,1,-9.220219201
6,63,2,500,1,-12.95416131
6,64,2,1500,-1,-12.26666937
6,65,2,500,1,-6.645462888
6,66,2,1500,-1,-10.48869433
6,67,2,1500,-1,-6.192502762
6,68,2,500,1,-2.108282081
6,69,2,500,1,-7.407555173
6,70,2,1500,-1,-11.48332098
6,71,2,500,1,-8.258999227
6,72,2,1500,-1,-9.291225077
6,73,2,500,1,-3.879239269
6,74,2,500,1,-9.360271156
6,75,2,500,1,-12.19889707
6,76,2,1500,-1,NaN
6,77,2,500,1,-8.086526623
6,78,2,1500,-1,-9.008709792
6,79,2,500,1,-7.455198381
6,80,2,1500,-1,-8.53788133
6,81,2,1500,-1,-6.046464511
6,82,2,1500,-1,-3.486310443
6,83,2,500,1,-2.859193543
6,84,2,1500,-1,-9.392044106
6,85,2,1500,-1,-3.656091693
6,86,2,1500,-1,-3.146828008
6,87,2,1500,-1,-0.813394653
6,88,2,500,1,-1.140971453
6,89,2,1500,-1,-4.736383464
6,90,2,500,1,-7.568596525
6,91,2,500,1,-6.223483807
6,92,2,1500,-1,NaN
6,93,2,500,1,-4.502726012
6,94,2,500,1,-10.8725286
6,95,2,1500,-1,-4.598222888
6,96,2,500,1,-5.003103785
6,97,2,1500,-1,-4.158144669
6,98,2,1500,-1,2.693033558
6,99,2,1500,-1,-3.572861568
6,100,2,1500,-1,-2.541138396
6,101,2,500,1,-9.884683053
6,102,2,500,1,-13.49142187
6,103,2,1500,-1,-4.953800103
6,104,2,1500,-1,-4.211621241
6,105,2,500,1,-6.294298132
6,106,2,500,1,-8.250529177
6,107,2,1500,-1,-8.174419167
6,108,2,500,1,-6.660724577
6,109,2,500,1,-9.047134385
6,110,2,500,1,-11.43620485
6,111,2,500,1,-10.26469554
6,112,2,1500,-1,-9.414439605
6,113,2,1500,-1,-5.563114891
6,114,2,1500,-1,-0.962352047
6,115,2,500,1,-3.905287523
6,116,2,1500,-1,-6.781268352
6,117,2,500,1,-4.970918114
6,118,2,500,1,-7.657691188
6,119,2,1500,-1,NaN
6,120,2,500,1,-2.213974207
6,121,2,1500,-1,NaN
6,122,2,500,1,-2.250843927
6,123,2,500,1,-9.461841343
6,124,2,1500,-1,-9.21522648
6,125,2,500,1,-9.596418392
6,126,2,500,1,-12.40208651
6,127,2,500,1,-13.33505878
6,128,2,1500,-1,-7.567624009
6,129,2,1500,-1,-2.003522093
6,130,2,1500,-1,-0.053763762
6,131,2,500,1,-6.939142265
6,132,2,500,1,-14.29660688
6,133,2,500,1,-3.162902264
6,134,2,500,1,-11.73551629
6,135,2,500,1,-8.017134549
6,136,2,500,1,-14.32475358
6,137,2,1500,-1,-7.218227718
6,138,2,500,1,-10.48740814
6,139,2,500,1,-7.560416368
6,140,2,500,1,-8.3282724
6,141,2,1500,-1,-6.919716551
6,142,2,1500,-1,-3.621583387
6,143,2,1500,-1,-1.774646931
6,144,2,1500,-1,-8.085224444
6,145,2,500,1,-5.229686863
6,146,2,1500,-1,-6.163837643
6,147,2,500,1,-9.04915824
6,148,2,1500,-1,-11.93016078
6,149,2,500,1,-7.417283506
6,150,2,500,1,-10.91397926
6,151,2,500,1,-16.05755833
6,152,2,1500,-1,-3.048841719
6,153,2,1500,-1,-3.899194708
6,154,2,1500,-1,-6.642531664
6,155,2,500,1,-6.911856206
6,156,2,1500,-1,-3.656855908
6,157,2,1500,-1,-1.962853824
6,158,2,500,1,-7.921886909
6,159,2,1500,-1,-4.786468893
6,160,2,500,1,-6.431335423
6,161,2,1500,-1,-4.473894732
6,162,2,1500,-1,-5.673421397
6,163,2,1500,-1,-4.419803234
6,164,2,500,1,-2.370540431
6,165,2,1500,-1,-0.626005666
6,166,2,1500,-1,-2.783902245
6,167,2,500,1,-11.38126897
6,168,2,500,1,-8.511812103
6,169,2,500,1,-8.456708474
6,170,2,1500,-1,-5.813362986
6,171,2,500,1,-9.384848833
6,172,2,500,1,-10.42338143
6,173,2,1500,-1,NaN
6,174,2,500,1,-11.51941684
6,175,2,1500,-1,-9.918165656
6,176,2,500,1,NaN
6,177,2,500,1,-10.60011866
6,178,2,500,1,-5.623252349
6,179,2,500,1,-6.800903542
6,180,2,1500,-1,-7.594161835
6,181,2,1500,-1,-3.868191074
6,182,2,500,1,-5.438792514
6,183,2,1500,-1,-10.10012772
6,184,2,1500,-1,-5.342345108
6,185,2,1500,-1,-5.839661148
6,186,2,500,1,-4.275655661
6,187,2,500,1,-6.679032507
6,188,2,500,1,-6.490584892
6,189,2,500,1,-8.939495307
6,190,2,1500,-1,-5.224657968
6,191,2,1500,-1,-1.849986436
6,192,2,1500,-1,-4.819840395
6,193,2,1500,-1,-3.07053568
6,194,2,1500,-1,2.367058412
6,195,2,1500,-1,-4.502125986
6,196,2,500,1,-6.162974196
6,197,2,1500,-1,-6.328623396
6,198,2,1500,-1,-2.33962591
6,199,2,1500,-1,-6.554734514
6,200,2,500,1,-7.909650245
6,201,2,1500,-1,-1.465815718
6,202,2,500,1,-8.746602475
6,203,2,500,1,-7.796639028
6,204,2,1500,-1,-6.294021525
6,205,2,1500,-1,-2.801147718
6,206,2,500,1,-8.623962131
6,207,2,500,1,-11.18400201
6,208,2,500,1,-8.710708233
6,209,2,500,1,-3.801800357
6,210,2,500,1,-8.494386813
6,211,2,500,1,-9.10394208
6,212,2,1500,-1,-2.938860404
6,213,2,1500,-1,-4.317514634
6,214,2,1500,-1,-2.692090837
6,215,2,500,1,-3.300111198
6,216,2,1500,-1,-7.375463209
6,217,2,1500,-1,-7.255873244
6,218,2,500,1,-6.774384298
6,219,2,500,1,-10.65510403
6,220,2,1500,-1,-1.555427409
6,221,2,1500,-1,-7.574913388
6,222,2,1500,-1,-1.931205879
6,223,2,1500,-1,2.277232571
6,224,2,1500,-1,-0.24418215
6,225,2,1500,-1,1.116684312
6,226,2,500,1,-3.95191984
6,227,2,1500,-1,-3.029197514
6,228,2,500,1,-6.265915107
6,229,2,500,1,-3.574252136
6,230,2,500,1,-6.981986309
6,231,2,500,1,-6.759469461
6,232,2,500,1,-8.221703932
6,233,2,1500,-1,-4.467305718
6,234,2,500,1,-6.192420725
6,235,2,1500,-1,-9.845287165
6,236,2,1500,-1,-1.57707969
6,237,2,1500,-1,-0.600893122
6,238,2,500,1,-2.883194602
6,239,2,1500,-1,-9.848234853
6,240,2,1500,-1,-0.775523913
6,241,2,500,1,-2.649245335
6,242,2,500,1,-9.251157931
6,243,2,500,1,-11.49144032
6,244,2,500,1,-8.40457859
6,245,2,500,1,-8.968598983
6,246,2,1500,-1,-5.703264451
6,247,2,1500,-1,-2.073811557
6,248,2,1500,-1,-0.154768778
6,249,2,1500,-1,-7.67111418
6,250,2,1500,-1,-3.173406504
6,251,2,500,1,-8.003513209
6,252,2,1500,-1,NaN
6,253,2,500,1,-16.62541634
6,254,2,500,1,-15.89401963
6,255,2,1500,-1,-8.701325206
6,256,2,500,1,-10.3526325
6,257,2,500,1,-12.09306078
6,258,2,1500,-1,-1.617501943
6,259,2,1500,-1,-8.924469527
6,260,2,1500,-1,-6.415635434
6,261,2,500,1,-11.48978908
6,262,2,1500,-1,-5.109596881
6,263,2,500,1,-10.28375195
6,264,2,1500,-1,NaN
6,265,2,1500,-1,-5.369760441
6,266,2,1500,-1,-7.119899345
6,267,2,1500,-1,-1.194875447
6,268,2,500,1,-7.373750598
6,269,2,500,1,-9.335737509
6,270,2,1500,-1,-7.953583078
6,271,2,500,1,-6.188404794
6,272,2,1500,-1,-7.210061803
6,273,2,500,1,-7.723726854
6,274,2,1500,-1,-2.010066901
6,275,2,1500,-1,-3.006475115
6,276,2,1500,-1,3.349640583
6,277,2,1500,-1,-2.624847715
6,278,2,500,1,-5.068409626
6,279,2,1500,-1,-6.367865897
6,280,2,1500,-1,-1.191209919
6,281,2,500,1,-8.508666997
6,282,2,1500,-1,-5.6087492
6,283,2,500,1,-3.764817437
6,284,2,1500,-1,-7.104000549
6,285,2,500,1,-8.989518062
6,286,2,1500,-1,-4.753261437
6,287,2,1500,-1,-1.183088801
6,288,2,1500,-1,NaN
6,289,2,500,1,-16.24884874
6,290,2,1500,-1,-11.98292159
6,291,2,500,1,-6.360626077
6,292,2,1500,-1,-4.695021117
6,293,2,1500,-1,-3.542544759
6,294,2,1500,-1,-6.409024183
6,295,2,1500,-1,-0.598742663
6,296,2,500,1,-7.944039027
6,297,2,1500,-1,-1.027812981
6,298,2,500,1,-9.336700583
6,299,2,500,1,-6.705610353
6,300,2,1500,-1,-2.338748839
6,301,2,500,1,-9.051194213
6,302,2,1500,-1,-2.693960467
6,303,2,1500,-1,-5.445285656
6,304,2,500,1,-7.195596957
6,305,2,1500,-1,3.194015883
6,306,2,500,1,-2.782277074
6,307,2,1500,-1,-5.216348268
6,308,2,1500,-1,-2.700401789
6,309,2,1500,-1,-5.13824746
6,310,2,500,1,-4.321801549
6,311,2,1500,-1,-0.835707352
6,312,2,500,1,-7.257451697
6,313,2,500,1,-8.503378392
6,314,2,500,1,-6.884725838
6,315,2,500,1,-6.917131362
6,316,2,500,1,-6.647546284
6,317,2,500,1,-3.306149708
6,318,2,1500,-1,-3.639049708
6,319,2,500,1,-4.412303771
6,320,2,500,1,-4.632506713
6,321,2,1500,-1,NaN
6,322,2,500,1,-19.22649265
6,323,2,1500,-1,-6.738041135
6,324,2,500,1,0.102109671
6,325,2,500,1,-4.165998718
6,326,2,1500,-1,-4.769329636
6,327,2,1500,-1,-1.859151214
6,328,2,1500,-1,-0.020844507
6,329,2,1500,-1,2.824648648
6,330,2,1500,-1,1.374120708
6,331,2,1500,-1,6.427287483
6,332,2,1500,-1,-2.882789991
6,333,2,1500,-1,3.768671358
6,334,2,500,1,-3.207636438
6,335,2,500,1,-4.617427705
6,336,2,1500,-1,NaN
6,337,2,500,1,-6.805251904
6,338,2,1500,-1,-3.296809387
6,339,2,500,1,-4.113543974
6,340,2,1500,-1,-7.130637406
6,341,2,500,1,-3.728763205
6,342,2,500,1,-14.48541711
6,343,2,500,1,-5.835300299
6,344,2,500,1,-8.571425442
6,345,2,1500,-1,-1.326628107
6,346,2,1500,-1,-7.368501404
6,347,2,1500,-1,-1.910190343
6,348,2,1500,-1,-4.287876582
6,349,2,500,1,-2.724399206
6,350,2,500,1,-3.652224004
6,351,2,1500,-1,-4.922514415
6,352,2,1500,-1,-6.566100385
6,353,2,500,1,-6.134045375
6,354,2,1500,-1,-3.626486164
6,355,2,500,1,NaN
6,356,2,500,1,-5.006468367
6,357,2,1500,-1,-4.596632511
6,358,2,1500,-1,-2.955242823
6,359,2,1500,-1,-4.285439329
6,360,2,1500,-1,-1.912693383
6,361,2,1500,-1,-2.734654854
6,362,2,500,1,-7.053937076
6,363,2,500,1,-6.819066615
6,364,2,500,1,-5.653881288
6,365,2,500,1,-4.059823092
6,366,2,500,1,-10.31420804
6,367,2,1500,-1,-9.639071622
6,368,2,1500,-1,-4.247746006
6,369,2,1500,-1,-4.931830169
6,370,2,1500,-1,-2.491541977
6,371,2,500,1,-6.202479034
6,372,2,500,1,-8.601228983
6,373,2,1500,-1,-5.580676159
6,374,2,500,1,NaN
6,375,2,1500,-1,-9.268814217
6,376,2,500,1,-3.937677468
6,377,2,1500,-1,-5.347884448
6,378,2,500,1,-5.404296164
6,379,2,1500,-1,-5.259967134
6,380,2,1500,-1,-3.416441511
6,381,2,500,1,-8.308772746
6,382,2,500,1,-6.783423933
6,383,2,1500,-1,-8.50965329
6,384,2,1500,-1,-2.072722882
6,385,2,1500,-1,-3.729862034
6,386,2,1500,-1,-2.430070962
6,387,2,500,1,-9.936949525
6,388,2,500,1,-5.226574625
6,389,2,1500,-1,-3.670135142
6,390,2,500,1,-7.561857046
6,391,2,1500,-1,-7.790773001
6,392,2,500,1,-7.288296768
6,393,2,1500,-1,-4.86518292
6,394,2,500,1,-9.191020858
6,395,2,500,1,-7.559290182
6,396,2,500,1,-8.732880184
6,397,2,1500,-1,-4.031435323
6,398,2,1500,-1,-5.551369405
6,399,2,1500,-1,-0.071000472
6,400,2,1500,-1,-1.978580582
6,401,2,1500,-1,-2.492579009
6,402,2,500,1,-9.181844444
6,403,2,500,1,-4.734515196
6,404,2,500,1,-5.982252233
6,405,2,500,1,-11.58323829
6,406,2,500,1,-9.540077851
6,407,2,1500,-1,-6.429750777
6,408,2,500,1,-2.820033095
6,409,2,500,1,-5.97661305
6,410,2,1500,-1,-8.60785245
6,411,2,1500,-1,-3.856833229
6,412,2,500,1,-5.080443247
6,413,2,500,1,-4.125368033
6,414,2,1500,-1,NaN
6,415,2,500,1,-11.01133277
6,416,2,1500,-1,4.28270531
6,417,2,500,1,-8.510108744
6,418,2,500,1,-6.451615067
6,419,2,1500,-1,4.420077851
6,420,2,500,1,-8.496112661
6,421,3,1500,-0,-7.55048563
6,422,3,750,-0,-9.233154211
6,423,3,500,-0,-7.887066314
6,424,3,1250,-0,0.534068286
6,425,3,1500,-0,-0.747650261
6,426,3,1500,-0,-4.065355388
6,427,3,750,-0,-7.571522089
6,428,3,1250,-0,-1.442209343
6,429,3,1000,-0,-3.872441055
6,430,3,500,-0,-4.999303059
6,431,3,1000,-0,-2.626668805
6,432,3,750,-0,-7.271820176
6,433,3,750,-0,-6.777320639
6,434,3,1250,-0,-2.537664026
6,435,3,1500,-0,-5.266897585
6,436,3,1000,-0,-5.548518889
6,437,3,1000,-0,-1.825570656
6,438,3,750,-0,-5.37893342
6,439,3,750,-0,-3.623756064
6,440,3,1250,-0,-4.545473883
6,441,3,1250,-0,0.653121933
6,442,3,750,-0,-7.25555923
6,443,3,1250,-0,-4.129078512
6,444,3,1500,-0,-1.062897164
6,445,3,1000,-0,-4.674925791
6,446,3,1500,-0,-5.394922714
6,447,3,1250,-0,-5.96021968
6,448,3,750,-0,-6.701606126
6,449,3,500,-0,-6.767326139
6,450,3,1000,-0,-5.509340126
6,451,3,750,-0,-6.92792579
6,452,3,1000,-0,-5.494659251
6,453,3,750,-0,-6.259873957
6,454,3,1500,-0,-8.411925677
6,455,3,1000,-0,-4.76965254
6,456,3,1250,-0,-5.721634822
6,457,3,500,-0,-3.091852202
6,458,3,1500,-0,NaN
6,459,3,1250,-0,-8.117389805
6,460,3,1000,-0,-2.188762508
6,461,3,1000,-0,-4.64267189
6,462,3,750,-0,-4.594939948
6,463,3,1500,-0,-3.251001595
6,464,3,750,-0,-2.936690059
6,465,3,1250,-0,-6.010320046
6,466,3,1250,-0,-3.39237674
6,467,3,500,-0,-3.035741071
6,468,3,1500,-0,-5.838124857
6,469,3,1500,-0,-6.130569369
6,470,3,1000,-0,0.089695559
6,471,3,1000,-0,-5.478360552
6,472,3,750,-0,-1.633212351
6,473,3,1000,-0,NaN
6,474,3,500,-0,-3.534036238
6,475,3,750,-0,-8.065160226
6,476,3,750,-0,-2.335717944
6,477,3,1500,-0,-1.473646161
6,478,3,500,-0,-3.432207404
6,479,3,1500,-0,-6.914471524
6,480,3,1250,-0,-9.92164991
6,481,3,1000,-0,-1.871483998
6,482,3,1250,-0,-5.394118964
6,483,3,750,-0,-6.28544085
6,484,3,1500,-0,-5.868872168
6,485,3,500,-0,-7.814055802
6,486,3,750,-0,-4.38494565
6,487,3,1250,-0,-6.02925867
6,488,3,1000,-0,NaN
6,489,3,1250,-0,NaN
6,490,3,1000,-0,-9.109620774
6,491,3,500,-0,-5.605383525
6,492,3,1500,-0,-8.351957766
6,493,3,750,-0,-3.932574989
6,494,3,500,-0,-1.87826615
6,495,3,1250,-0,0.597804372
6,496,3,750,-0,-6.065512371
6,497,3,1500,-0,-3.354695538
6,498,3,750,-0,-4.916142821
6,499,3,1000,-0,-5.735198743
6,500,3,1250,-0,-3.145158953
6,501,3,1000,-0,-2.734825638
6,502,3,1500,-0,-7.027041357
6,503,3,750,-0,-4.29945368
6,504,3,1000,-0,-5.302883343
6,505,3,1500,-0,-2.396041251
6,506,3,1500,-0,-3.560667761
6,507,3,1250,-0,-2.599762335
6,508,3,1250,-0,-3.17118405
6,509,3,1000,-0,-3.527722756
6,510,3,1500,-0,-4.986669286
6,511,3,1500,-0,-0.575741265
6,512,3,750,-0,-1.371595126
6,513,3,500,-0,-7.308010767
6,514,3,500,-0,-4.727729299
6,515,3,500,-0,-4.672634679
6,516,3,500,-0,-5.147177085
6,517,3,500,-0,-6.336108157
6,518,3,500,-0,-6.02515165
6,519,3,1250,-0,-4.633044756
6,520,3,1000,-0,-5.416325495
6,521,3,750,-0,-6.577326957
6,522,3,500,-0,-6.024970383
6,523,3,750,-0,NaN
6,524,3,1500,-0,NaN
6,525,3,750,-0,-5.974745102
6,526,3,750,-0,-6.800973622
6,527,3,1000,-0,-8.759894405
6,528,3,1500,-0,-9.051591039
6,529,3,1500,-0,-7.950185568
6,530,3,1000,-0,-4.948980854
6,531,3,1500,-0,-7.415541878
6,532,3,500,-0,-4.980299515
6,533,3,1000,-0,NaN
6,534,3,500,-0,-6.152181718
6,535,3,1250,-0,-6.788193989
6,536,3,750,-0,-5.276215633
6,537,3,1000,-0,-6.231894463
6,538,3,500,-0,-4.275804015
6,539,3,1250,-0,-8.923387418
6,540,3,500,-0,-6.876648745
6,541,3,500,-0,-4.89131363
6,542,3,750,-0,-7.005983651
6,543,3,1500,-0,-7.408597431
6,544,3,1000,-0,-7.678124477
6,545,3,1250,-0,-2.942221837
6,546,3,1500,-0,-5.164941985
6,547,3,750,-0,-4.851404677
6,548,3,1250,-0,-8.78241399
6,549,3,1000,-0,-6.452443081
6,550,3,1000,-0,-2.296344233
6,551,3,1250,-0,-5.179864518
6,552,3,1000,-0,-4.972748278
6,553,3,500,-0,-5.971017208
6,554,3,1250,-0,-8.231967121
6,555,3,1250,-0,-5.909848006
6,556,3,1250,-0,-3.302501017
6,557,3,500,-0,-6.187169046
6,558,3,500,-0,-2.79507997
6,559,3,750,-0,-1.533571171
6,560,3,1500,-0,-2.02327003
6,561,3,1250,-0,-3.569577831
6,562,3,500,-0,-5.778728568
6,563,3,1500,-0,-0.837727675
6,564,3,1000,-0,-3.503967814
6,565,3,500,-0,-5.240630573
6,566,3,500,-0,-5.186895717
6,567,3,1500,-0,-6.285770657
6,568,3,500,-0,-6.54613649
6,569,3,500,-0,-4.986363027
6,570,3,1250,-0,-5.471631972
7,1,1,500,-0,NaN
7,2,1,1500,-0,-4.311864143
7,3,1,500,-0,-4.284016896
7,4,1,500,-0,0.352229382
7,5,1,500,-0,-1.677545316
7,6,1,1500,-0,-4.007995493
7,7,1,1500,-0,-1.029721764
7,8,1,500,-0,-1.299908262
7,9,1,1500,-0,-2.570785396
7,10,1,1500,-0,-3.585646665
7,11,1,1500,-0,-2.456020894
7,12,1,1500,-0,-1.516809812
7,13,1,1500,-0,-3.388544982
7,14,1,500,-0,-6.39262802
7,15,1,1500,-0,-3.336770986
7,16,1,500,-0,-4.553103416
7,17,1,500,-0,-4.875713159
7,18,1,1500,-0,-6.552836992
7,19,1,500,-0,-7.539931552
7,20,1,500,-0,-8.115533236
7,21,2,1500,-1,-4.997810094
7,22,2,1500,-1,3.388579924
7,23,2,1500,-1,4.657066604
7,24,2,500,1,5.718242635
7,25,2,1500,-1,1.526817986
7,26,2,500,1,1.15349581
7,27,2,1500,-1,-4.886880293
7,28,2,1500,-1,-5.096707085
7,29,2,1500,-1,-8.094191209
7,30,2,1500,-1,-9.117182341
7,31,2,1500,-1,-12.23533543
7,32,2,500,1,-3.33128693
7,33,2,1500,-1,-13.12736604
7,34,2,1500,-1,-8.565149184
7,35,2,1500,-1,-5.004964859
7,36,2,1500,-1,-3.010475959
7,37,2,1500,-1,-1.341892566
7,38,2,500,1,-1.84967731
7,39,2,1500,-1,-4.025981539
7,40,2,1500,-1,-6.801418308
7,41,2,500,1,-4.258403679
7,42,2,500,1,-9.851414778
7,43,2,1500,-1,-8.258743937
7,44,2,500,1,-12.08177855
7,45,2,500,1,-11.0898525
7,46,2,1500,-1,-9.979863182
7,47,2,1500,-1,-11.02485165
7,48,2,500,1,-11.56433758
7,49,2,500,1,-12.71237611
7,50,2,1500,-1,-9.693097639
7,51,2,1500,-1,-9.834070398
7,52,2,500,1,-8.456947584
7,53,2,1500,-1,-10.31394689
7,54,2,1500,-1,-11.44597225
7,55,2,500,1,-9.862202748
7,56,2,500,1,-14.00855127
7,57,2,500,1,-15.53124276
7,58,2,500,1,-17.2063821
7,59,2,1500,-1,-13.08346062
7,60,2,500,1,-13.74438005
7,61,2,500,1,-13.54874879
7,62,2,500,1,-13.28850186
7,63,2,500,1,-10.41549944
7,64,2,500,1,-13.19555372
7,65,2,500,1,-11.86216371
7,66,2,1500,-1,-12.07553606
7,67,2,500,1,-10.18815591
7,68,2,1500,-1,-7.989275777
7,69,2,1500,-1,-5.735494088
7,70,2,500,1,-7.218871793
7,71,2,1500,-1,-7.917140902
7,72,2,1500,-1,-1.408344604
7,73,2,500,1,-3.032520055
7,74,2,500,1,-5.141388574
7,75,2,1500,-1,-5.885467921
7,76,2,1500,-1,-6.855120675
7,77,2,1500,-1,2.753603751
7,78,2,500,1,-1.912673678
7,79,2,1500,-1,-3.107706133
7,80,2,1500,-1,-3.417312563
7,81,2,500,1,-6.325384271
7,82,2,500,1,-8.709771356
7,83,2,500,1,-10.6721576
7,84,2,1500,-1,-7.870720306
7,85,2,500,1,-8.407333159
7,86,2,1500,-1,-9.177730998
7,87,2,1500,-1,-5.775650571
7,88,2,1500,-1,-4.78081825
7,89,2,1500,-1,0.677504428
7,90,2,1500,-1,3.366017645
7,91,2,500,1,-0.034617349
7,92,2,1500,-1,-4.186003801
7,93,2,1500,-1,-1.968698037
7,94,2,500,1,-3.714158104
7,95,2,1500,-1,-2.887048624
7,96,2,1500,-1,-4.012772908
7,97,2,1500,-1,-3.300830351
7,98,2,1500,-1,-2.665228411
7,99,2,1500,-1,-3.323236253
7,100,2,1500,-1,-3.991136632
7,101,2,1500,-1,-1.573460939
7,102,2,500,1,-5.80042743
7,103,2,1500,-1,-6.838889449
7,104,2,500,1,-7.046889307
7,105,2,1500,-1,-8.931559792
7,106,2,1500,-1,-8.640250075
7,107,2,500,1,-11.62318896
7,108,2,500,1,-13.39898104
7,109,2,500,1,-16.68921542
7,110,2,500,1,-16.09580689
7,111,2,500,1,-16.93975115
7,112,2,500,1,-18.20387289
7,113,2,1500,-1,-15.78018913
7,114,2,500,1,-16.13915752
7,115,2,500,1,-11.94721168
7,116,2,1500,-1,-10.7745659
7,117,2,1500,-1,-0.204115304
7,118,2,500,1,-4.351044317
7,119,2,1500,-1,-4.48504036
7,120,2,500,1,-10.68775474
7,121,2,500,1,-10.04420949
7,122,2,500,1,-12.93919276
7,123,2,500,1,-14.76285208
7,124,2,500,1,-15.96974989
7,125,2,1500,-1,-14.53095394
7,126,2,1500,-1,-13.90817057
7,127,2,500,1,-17.73476764
7,128,2,500,1,-13.50062282
7,129,2,1500,-1,-13.80073417
7,130,2,500,1,-16.19706079
7,131,2,1500,-1,-10.09617175
7,132,2,500,1,-11.92073204
7,133,2,500,1,-16.07061524
7,134,2,500,1,-19.64053014
7,135,2,1500,-1,-12.16263917
7,136,2,500,1,-13.24681904
7,137,2,1500,-1,-12.50936801
7,138,2,1500,-1,-3.62762009
7,139,2,500,1,-8.641378072
7,140,2,500,1,-9.2149901
7,141,2,500,1,-9.52366792
7,142,2,500,1,-14.35323768
7,143,2,500,1,-16.2584708
7,144,2,500,1,-19.46488107
7,145,2,500,1,-19.31466515
7,146,2,500,1,-19.15145679
7,147,2,500,1,-18.56796953
7,148,2,1500,-1,-17.70301221
7,149,2,500,1,-18.26734698
7,150,2,1500,-1,-15.95837101
7,151,2,1500,-1,-10.52142119
7,152,2,1500,-1,-11.21562265
7,153,2,500,1,-16.91495806
7,154,2,1500,-1,-14.29561687
7,155,2,500,1,-16.23312195
7,156,2,500,1,-16.59751119
7,157,2,1500,-1,-17.45542299
7,158,2,1500,-1,-17.76688168
7,159,2,1500,-1,-19.16544497
7,160,2,1500,-1,-28.58936785
7,161,2,1500,-1,-17.61124348
7,162,2,1500,-1,-16.81352203
7,163,2,500,1,-21.65488914
7,164,2,1500,-1,-8.483749536
7,165,2,500,1,-8.171237626
7,166,2,1500,-1,-8.315013868
7,167,2,500,1,-9.685542817
7,168,2,500,1,-12.6812954
7,169,2,1500,-1,-13.68041297
7,170,2,500,1,-13.50931344
7,171,2,500,1,-18.21119882
7,172,2,500,1,-18.86938983
7,173,2,500,1,-19.66537816
7,174,2,1500,-1,-15.05312622
7,175,2,1500,-1,-16.29786018
7,176,2,500,1,-19.61507535
7,177,2,500,1,-19.59445743
7,178,2,500,1,-17.25842775
7,179,2,500,1,-19.10039371
7,180,2,500,1,-21.02361296
7,181,2,1500,-1,-9.194160749
7,182,2,1500,-1,-8.717242253
7,183,2,500,1,-14.0919972
7,184,2,500,1,-12.53130416
7,185,2,500,1,-8.640179495
7,186,2,1500,-1,-3.648852796
7,187,2,500,1,-11.59947026
7,188,2,1500,-1,-11.25685438
7,189,2,1500,-1,-14.03740152
7,190,2,500,1,-18.60530584
7,191,2,500,1,-16.59216468
7,192,2,1500,-1,-23.4784797
7,193,2,1500,-1,-20.39580374
7,194,2,1500,-1,-21.7569059
7,195,2,500,1,-21.59104809
7,196,2,1500,-1,-14.13314547
7,197,2,1500,-1,-15.38414267
7,198,2,500,1,-18.85107847
7,199,2,1500,-1,-15.27862659
7,200,2,1500,-1,-19.66352591
7,201,2,500,1,-17.48701309
7,202,2,500,1,-9.321035135
7,203,2,500,1,-10.99364686
7,204,2,1500,-1,-9.873421551
7,205,2,1500,-1,-7.429121844
7,206,2,500,1,-9.984551919
7,207,2,1500,-1,-15.06527661
7,208,2,500,1,-17.83725494
7,209,2,1500,-1,-16.41396618
7,210,2,500,1,-21.09263304
7,211,2,1500,-1,-18.95781942
7,212,2,1500,-1,-14.53393093
7,213,2,1500,-1,-13.98480137
7,214,2,500,1,-15.73749112
7,215,2,1500,-1,-14.11954298
7,216,2,500,1,-16.90793038
7,217,2,500,1,-13.9122033
7,218,2,1500,-1,-11.81464166
7,219,2,1500,-1,-10.74189079
7,220,2,500,1,-15.19454194
7,221,2,1500,-1,-12.27948124
7,222,2,500,1,-15.52988688
7,223,2,500,1,-16.14092035
7,224,2,1500,-1,-14.77843321
7,225,2,500,1,-15.77764476
7,226,2,1500,-1,-14.08594581
7,227,2,1500,-1,-15.21086429
7,228,2,500,1,-15.57591981
7,229,2,1500,-1,-16.07268121
7,230,2,1500,-1,-13.32355854
7,231,2,500,1,-14.78890805
7,232,2,500,1,-11.67961251
7,233,2,1500,-1,-10.01303282
7,234,2,500,1,-11.38008366
7,235,2,500,1,-12.92103473
7,236,2,500,1,-15.59358672
7,237,2,1500,-1,-13.09713145
7,238,2,1500,-1,-12.84937741
7,239,2,500,1,-16.24239536
7,240,2,500,1,-14.61922636
7,241,2,1500,-1,-10.67836454
7,242,2,500,1,-14.76406674
7,243,2,500,1,-15.09976812
7,244,2,1500,-1,-12.71560718
7,245,2,500,1,-9.440406045
7,246,2,1500,-1,-9.173426231
7,247,2,1500,-1,-2.984768405
7,248,2,1500,-1,-4.836006535
7,249,2,500,1,-6.920002911
7,250,2,500,1,-10.0684263
7,251,2,1500,-1,-10.93985275
7,252,2,500,1,-10.22232855
7,253,2,500,1,-12.50106512
7,254,2,500,1,-10.90068097
7,255,2,1500,-1,-10.80729846
7,256,2,1500,-1,-10.48738886
7,257,2,500,1,-9.913395399
7,258,2,1500,-1,-3.955169275
7,259,2,1500,-1,-7.817591164
7,260,2,500,1,-10.37535497
7,261,2,500,1,-13.8319261
7,262,2,500,1,-13.40002065
7,263,2,1500,-1,-12.63606169
7,264,2,1500,-1,NaN
7,265,2,1500,-1,-14.17487517
7,266,2,500,1,-12.61487187
7,267,2,1500,-1,-8.056277891
7,268,2,500,1,-10.62220742
7,269,2,500,1,-12.38229627
7,270,2,1500,-1,-17.47940912
7,271,2,500,1,-12.61196417
7,272,2,500,1,-13.05339008
7,273,2,500,1,-12.48294744
7,274,2,500,1,-13.83535952
7,275,2,500,1,-15.67739146
7,276,2,1500,-1,-11.9387922
7,277,2,1500,-1,-5.653580512
7,278,2,1500,-1,-6.49781537
7,279,2,1500,-1,-9.119671073
7,280,2,1500,-1,-7.438347034
7,281,2,1500,-1,-8.572697632
7,282,2,500,1,-11.8288037
7,283,2,1500,-1,-9.792545526
7,284,2,1500,-1,-13.85310505
7,285,2,500,1,-7.068444755
7,286,2,500,1,-9.308763537
7,287,2,1500,-1,-10.15606341
7,288,2,500,1,-8.922907229
7,289,2,1500,-1,-9.447335046
7,290,2,1500,-1,-9.24268647
7,291,2,1500,-1,-9.754677718
7,292,2,1500,-1,-10.37537339
7,293,2,500,1,-12.12061251
7,294,2,500,1,-14.76321725
7,295,2,500,1,-18.94203582
7,296,2,500,1,-14.83712149
7,297,2,500,1,-14.51604358
7,298,2,500,1,-11.69191242
7,299,2,500,1,-15.22136622
7,300,2,1500,-1,-9.189802754
7,301,2,500,1,-7.910063418
7,302,2,500,1,-10.26689719
7,303,2,500,1,-11.75824199
7,304,2,1500,-1,-12.71847726
7,305,2,500,1,-14.7690634
7,306,2,1500,-1,-15.84157022
7,307,2,500,1,-10.34009458
7,308,2,500,1,-15.20379135
7,309,2,1500,-1,-11.70038393
7,310,2,1500,-1,-12.40821934
7,311,2,500,1,-14.67807711
7,312,2,500,1,-15.9687413
7,313,2,1500,-1,-10.5802275
7,314,2,500,1,-16.67243725
7,315,2,500,1,-17.77603875
7,316,2,500,1,-21.5089645
7,317,2,1500,-1,-18.94478546
7,318,2,1500,-1,-10.40461121
7,319,2,1500,-1,-8.274873433
7,320,2,500,1,-12.05780638
7,321,2,500,1,-14.81993064
7,322,2,500,1,-19.19652151
7,323,2,1500,-1,-14.89423757
7,324,2,500,1,-17.28340252
7,325,2,500,1,-20.84391545
7,326,2,1500,-1,-17.30904762
7,327,2,1500,-1,-13.4697927
7,328,2,500,1,-14.24928511
7,329,2,500,1,-17.7570596
7,330,2,1500,-1,-6.293176564
7,331,2,1500,-1,-3.744055343
7,332,2,500,1,-9.806909552
7,333,2,500,1,-12.97976836
7,334,2,500,1,-12.99620501
7,335,2,1500,-1,-6.260022941
7,336,2,1500,-1,-10.61961997
7,337,2,1500,-1,-8.037742943
7,338,2,1500,-1,-10.76520754
7,339,2,500,1,-11.39441869
7,340,2,500,1,-14.6416677
7,341,2,1500,-1,-16.86492769
7,342,2,500,1,-20.7547637
7,343,2,1500,-1,-13.80753332
7,344,2,1500,-1,-17.64084013
7,345,2,1500,-1,-19.29392735
7,346,2,500,1,-18.46854546
7,347,2,1500,-1,-11.58369794
7,348,2,500,1,-15.36383544
7,349,2,500,1,-17.22068818
7,350,2,500,1,-14.60172459
7,351,2,1500,-1,-12.85754102
7,352,2,1500,-1,-17.1340974
7,353,2,1500,-1,-13.63119177
7,354,2,500,1,-15.0191477
7,355,2,1500,-1,-10.90981015
7,356,2,500,1,-16.79277194
7,357,2,1500,-1,-15.63218462
7,358,2,1500,-1,NaN
7,359,2,1500,-1,-11.93559537
7,360,2,500,1,-12.80474127
7,361,2,1500,-1,-11.68931876
7,362,2,1500,-1,-17.09338979
7,363,2,500,1,-18.13772401
7,364,2,1500,-1,-17.80466289
7,365,2,500,1,-17.43472717
7,366,2,1500,-1,-16.3424584
7,367,2,500,1,-20.93781506
7,368,2,500,1,-21.20080892
7,369,2,1500,-1,-18.48202481
7,370,2,1500,-1,-20.68964261
7,371,2,500,1,-16.32059352
7,372,2,1500,-1,-14.70218252
7,373,2,500,1,-19.7489531
7,374,2,1500,-1,-17.95495496
7,375,2,1500,-1,-17.01655421
7,376,2,1500,-1,-18.80982294
7,377,2,1500,-1,-14.83823244
7,378,2,1500,-1,-13.55839958
7,379,2,500,1,-13.4477662
7,380,2,1500,-1,-13.17696601
7,381,2,500,1,-14.09744687
7,382,2,500,1,-18.04006729
7,383,2,500,1,-12.379604
7,384,2,500,1,-7.799049055
7,385,2,500,1,-9.704986833
7,386,2,1500,-1,-12.67367483
7,387,2,1500,-1,-13.43862001
7,388,2,1500,-1,-17.00909281
7,389,2,500,1,-16.87373646
7,390,2,1500,-1,-12.67013379
7,391,2,1500,-1,-13.9638675
7,392,2,1500,-1,-12.45374315
7,393,2,500,1,-11.61662108
7,394,2,500,1,-14.26377418
7,395,2,1500,-1,-15.8650465
7,396,2,1500,-1,-15.17490122
7,397,2,500,1,-10.66432595
7,398,2,1500,-1,-13.06546674
7,399,2,1500,-1,-12.46245439
7,400,2,500,1,-8.990859422
7,401,2,1500,-1,-8.647403149
7,402,2,500,1,-13.64822001
7,403,2,1500,-1,-8.294607279
7,404,2,1500,-1,-8.271630147
7,405,2,500,1,-13.7683796
7,406,2,1500,-1,-6.15074602
7,407,2,500,1,-9.083271088
7,408,2,500,1,-12.29502436
7,409,2,500,1,-13.29216407
7,410,2,1500,-1,-8.413413151
7,411,2,1500,-1,-4.826158598
7,412,2,500,1,-7.774697542
7,413,2,1500,-1,-6.66310472
7,414,2,1500,-1,NaN
7,415,2,500,1,-7.119820478
7,416,2,500,1,-13.04687576
7,417,2,500,1,-16.15780755
7,418,2,1500,-1,-10.21147344
7,419,2,500,1,-10.45838897
7,420,2,500,1,-15.87130979
7,421,3,750,-0,-5.584008145
7,422,3,1000,-0,-9.114011601
7,423,3,750,-0,-12.30960689
7,424,3,1500,-0,-13.75377795
7,425,3,750,-0,-13.94336649
7,426,3,750,-0,-13.54981395
7,427,3,1500,-0,-14.44387302
7,428,3,1000,-0,-14.42356212
7,429,3,1000,-0,-14.74355874
7,430,3,1500,-0,-15.08920031
7,431,3,1000,-0,-16.27290088
7,432,3,1000,-0,-7.387388772
7,433,3,1250,-0,-7.683921633
7,434,3,500,-0,-14.25008038
7,435,3,500,-0,-14.96857697
7,436,3,500,-0,-15.98266574
7,437,3,1250,-0,-11.00439497
7,438,3,750,-0,-13.73306077
7,439,3,1250,-0,-10.16262593
7,440,3,1000,-0,-13.3455986
7,441,3,500,-0,-16.51736819
7,442,3,1500,-0,-13.0000422
7,443,3,750,-0,-18.87580011
7,444,3,750,-0,-11.27202395
7,445,3,1000,-0,-11.90792782
7,446,3,750,-0,-14.48181224
7,447,3,1000,-0,-11.26412572
7,448,3,1250,-0,-14.86770952
7,449,3,500,-0,-14.85172092
7,450,3,1250,-0,-11.53760611
7,451,3,1000,-0,-10.14702516
7,452,3,1500,-0,-13.6918285
7,453,3,750,-0,-10.02929477
7,454,3,1000,-0,-12.03906823
7,455,3,500,-0,-9.877286597
7,456,3,750,-0,-9.416417242
7,457,3,1000,-0,-4.838222359
7,458,3,1000,-0,-3.460157982
7,459,3,1000,-0,-5.595253417
7,460,3,1250,-0,-10.5756285
7,461,3,1500,-0,-2.464588324
7,462,3,500,-0,-10.06315991
7,463,3,750,-0,-10.97588849
7,464,3,750,-0,-10.41113818
7,465,3,750,-0,-11.77316969
7,466,3,1500,-0,-5.538224938
7,467,3,1250,-0,-9.695313685
7,468,3,1500,-0,-12.31784021
7,469,3,1500,-0,-11.64512959
7,470,3,500,-0,-14.80633211
7,471,3,1000,-0,-13.22829705
7,472,3,1500,-0,-15.08719929
7,473,3,500,-0,-10.57922434
7,474,3,1250,-0,-9.040371241
7,475,3,1250,-0,-14.85771272
7,476,3,1250,-0,-16.61412591
7,477,3,750,-0,-16.17811004
7,478,3,1500,-0,-15.0207492
7,479,3,1500,-0,-17.03726264
7,480,3,750,-0,-15.03452026
7,481,3,500,-0,-10.68429297
7,482,3,1250,-0,-5.667533193
7,483,3,750,-0,-5.006336574
7,484,3,1250,-0,-9.113199851
7,485,3,750,-0,-6.713193605
7,486,3,1250,-0,-8.389671939
7,487,3,500,-0,-8.765396755
7,488,3,750,-0,-11.54269985
7,489,3,1000,-0,-11.63224974
7,490,3,1500,-0,-10.38531761
7,491,3,1500,-0,-10.78007146
7,492,3,750,-0,-12.07866836
7,493,3,500,-0,-10.43496966
7,494,3,1250,-0,-11.32957154
7,495,3,1250,-0,-11.72623965
7,496,3,750,-0,-13.13957127
7,497,3,1250,-0,-10.04978389
7,498,3,500,-0,-9.973204821
7,499,3,500,-0,-13.18734169
7,500,3,1250,-0,-11.58665391
7,501,3,1250,-0,-8.845627455
7,502,3,750,-0,-12.39118238
7,503,3,1000,-0,-10.63667048
7,504,3,1000,-0,-8.553028182
7,505,3,1000,-0,-7.55773751
7,506,3,750,-0,-5.188971756
7,507,3,1000,-0,-5.712669757
7,508,3,1250,-0,-10.07938004
7,509,3,1500,-0,-9.705782933
7,510,3,1500,-0,-9.364268151
7,511,3,1250,-0,-3.823152
7,512,3,1250,-0,-6.033684194
7,513,3,1500,-0,-10.32786064
7,514,3,500,-0,-13.91441171
7,515,3,1500,-0,-8.837802504
7,516,3,500,-0,-14.33644874
7,517,3,1500,-0,-9.968945867
7,518,3,500,-0,-13.30383249
7,519,3,500,-0,-12.16971211
7,520,3,1500,-0,-10.08077976
7,521,3,1000,-0,-10.790908
7,522,3,1250,-0,-13.42570965
7,523,3,1000,-0,-10.75144436
7,524,3,1000,-0,-6.942826575
7,525,3,500,-0,-7.343017862
7,526,3,500,-0,-9.772405357
7,527,3,500,-0,-5.935469351
7,528,3,1000,-0,-2.653690753
7,529,3,1250,-0,-4.317940503
7,530,3,500,-0,-2.203554669
7,531,3,500,-0,-8.592980352
7,532,3,1500,-0,-9.461094962
7,533,3,1250,-0,-8.539486884
7,534,3,1500,-0,-8.670701348
7,535,3,1500,-0,-6.904457557
7,536,3,1250,-0,-4.697815686
7,537,3,1000,-0,-7.606133243
7,538,3,1000,-0,-5.470174155
7,539,3,1500,-0,-5.703812078
7,540,3,750,-0,-11.41844802
7,541,3,1000,-0,-12.15748058
7,542,3,1500,-0,-10.41127046
7,543,3,500,-0,-10.35959733
7,544,3,1000,-0,-8.96241525
7,545,3,1000,-0,-9.367231718
7,546,3,1500,-0,-12.96911588
7,547,3,750,-0,-10.21627724
7,548,3,1250,-0,-10.79373141
7,549,3,1000,-0,-13.37244365
7,550,3,1250,-0,-8.862200536
7,551,3,500,-0,-14.19572508
7,552,3,1250,-0,-9.526018109
7,553,3,750,-0,-9.252115742
7,554,3,500,-0,-13.36209914
7,555,3,500,-0,-14.22270739
7,556,3,500,-0,-8.645111055
7,557,3,1500,-0,-7.165529059
7,558,3,500,-0,-11.94864988
7,559,3,1250,-0,-8.937050246
7,560,3,750,-0,-6.53999847
7,561,3,750,-0,-7.278111152
7,562,3,750,-0,-6.439087552
7,563,3,750,-0,-9.095326741
7,564,3,750,-0,-0.87433611
7,565,3,1250,-0,-9.99629173
7,566,3,1500,-0,-6.415119209
7,567,3,1500,-0,-6.164113637
7,568,3,1000,-0,-7.697498416
7,569,3,500,-0,-9.308197631
7,570,3,1500,-0,-2.424632835
8,1,1,1500,-0,-6.89416517
8,2,1,500,-0,6.50944911
8,3,1,500,-0,0.88179286
8,4,1,500,-0,6.147474773
8,5,1,1500,-0,-10.34722023
8,6,1,1500,-0,6.705014583
8,7,1,1500,-0,-4.176446102
8,8,1,500,-0,-2.996092884
8,9,1,500,-0,-3.326737757
8,10,1,1500,-0,-0.0358891
8,11,1,500,-0,-6.555298314
8,12,1,1500,-0,-5.238526552
8,13,1,500,-0,-5.919158933
8,14,1,500,-0,-2.889421831
8,15,1,500,-0,-3.974992254
8,16,1,500,-0,-2.140372405
8,17,1,1500,-0,-7.823261831
8,18,1,1500,-0,-8.529173224
8,19,1,1500,-0,-5.328819664
8,20,1,1500,-0,2.093443849
8,21,2,1500,-1,-12.02773703
8,22,2,1500,-1,-3.130754988
8,23,2,1500,-1,-3.316883673
8,24,2,1500,-1,NaN
8,25,2,1500,-1,-10.62973161
8,26,2,500,1,-5.487699874
8,27,2,500,1,-7.664813241
8,28,2,1500,-1,-8.861132952
8,29,2,1500,-1,-9.793836106
8,30,2,500,1,-1.006036193
8,31,2,500,1,-2.177682309
8,32,2,1500,-1,-7.928117476
8,33,2,500,1,-5.957020713
8,34,2,1500,-1,-13.03570799
8,35,2,1500,-1,-5.988524761
8,36,2,1500,-1,-9.578566026
8,37,2,1500,-1,-12.8700304
8,38,2,500,1,-3.280043444
8,39,2,500,1,-17.55562517
8,40,2,500,1,-17.8475587
8,41,2,500,1,-12.87849845
8,42,2,500,1,-9.845488953
8,43,2,1500,-1,-4.924270944
8,44,2,500,1,1.93590813
8,45,2,1500,-1,-6.552693535
8,46,2,500,1,-5.005491734
8,47,2,500,1,-10.54388481
8,48,2,500,1,-15.34775585
8,49,2,1500,-1,-13.5044757
8,50,2,1500,-1,-6.936946974
8,51,2,500,1,-9.439693367
8,52,2,500,1,-11.63490076
8,53,2,500,1,-13.28510121
8,54,2,500,1,-8.95889962
8,55,2,1500,-1,20.64831878
8,56,2,1500,-1,NaN
8,57,2,500,1,-5.295778066
8,58,2,500,1,-11.9115008
8,59,2,1500,-1,-9.900495506
8,60,2,500,1,-9.109249542
8,61,2,500,1,-12.88427507
8,62,2,500,1,-11.46960105
8,63,2,500,1,-10.18384677
8,64,2,1500,-1,-10.13357557
8,65,2,1500,-1,-13.24225712
8,66,2,1500,-1,-10.10002164
8,67,2,500,1,-13.54034141
8,68,2,1500,-1,-13.66896116
8,69,2,1500,-1,-10.64111581
8,70,2,500,1,-10.96232594
8,71,2,500,1,-10.06965694
8,72,2,500,1,-13.65537447
8,73,2,500,1,-9.69989403
8,74,2,1500,-1,-12.20806596
8,75,2,1500,-1,-13.89917038
8,76,2,1500,-1,-8.938230984
8,77,2,500,1,-10.79560841
8,78,2,500,1,-19.37195063
8,79,2,500,1,-20.97616055
8,80,2,500,1,-16.70344978
8,81,2,1500,-1,-18.30549625
8,82,2,500,1,-14.69780384
8,83,2,500,1,-19.46144481
8,84,2,500,1,-20.95589777
8,85,2,500,1,-20.53614992
8,86,2,500,1,-21.02772109
8,87,2,1500,-1,-20.4798554
8,88,2,1500,-1,-13.80629277
8,89,2,500,1,-13.36325807
8,90,2,1500,-1,-13.98173463
8,91,2,1500,-1,-12.64942777
8,92,2,500,1,-14.46658039
8,93,2,500,1,-14.85341911
8,94,2,1500,-1,-13.50353257
8,95,2,500,1,-7.83434995
8,96,2,1500,-1,-8.700820729
8,97,2,1500,-1,-10.41912316
8,98,2,1500,-1,-7.867256866
8,99,2,500,1,-7.611636786
8,100,2,500,1,-12.27662257
8,101,2,500,1,-7.310401494
8,102,2,1500,-1,-9.544739896
8,103,2,500,1,-8.001335745
8,104,2,1500,-1,-11.48163316
8,105,2,500,1,-8.404079428
8,106,2,1500,-1,-12.52163659
8,107,2,500,1,-11.07843409
8,108,2,500,1,-17.248269
8,109,2,500,1,NaN
8,110,2,500,1,NaN
8,111,2,1500,-1,-8.390281385
8,112,2,1500,-1,-9.788717671
8,113,2,500,1,-11.67556713
8,114,2,1500,-1,-10.08335207
8,115,2,500,1,-7.342116193
8,116,2,500,1,-0.077282697
8,117,2,500,1,-10.84094802
8,118,2,500,1,-14.29802151
8,119,2,1500,-1,-13.25789222
8,120,2,1500,-1,-0.776218818
8,121,2,500,1,-12.81553158
8,122,2,500,1,-8.785348032
8,123,2,500,1,-14.91163258
8,124,2,1500,-1,-12.09465916
8,125,2,500,1,-8.383486861
8,126,2,1500,-1,-8.229897001
8,127,2,500,1,-9.268979753
8,128,2,500,1,-7.332751606
8,129,2,1500,-1,-8.190521206
8,130,2,500,1,-5.614012362
8,131,2,500,1,-12.47146452
8,132,2,1500,-1,-9.979664307
8,133,2,1500,-1,-11.03196491
8,134,2,500,1,-14.49287244
8,135,2,500,1,-14.61594672
8,136,2,1500,-1,-10.66987385
8,137,2,500,1,-9.035920509
8,138,2,500,1,-9.701561504
8,139,2,1500,-1,-8.198125585
8,140,2,500,1,-8.359598392
8,141,2,500,1,-8.668645759
8,142,2,1500,-1,-5.814086271
8,143,2,1500,-1,-2.954719215
8,144,2,500,1,-5.379792305
8,145,2,500,1,-10.85438985
8,146,2,1500,-1,-4.8685353
8,147,2,500,1,-8.690083754
8,148,2,1500,-1,-5.904381339
8,149,2,500,1,-9.857371427
8,150,2,1500,-1,-7.434384634
8,151,2,1500,-1,-2.305273959
8,152,2,500,1,-5.884867927
8,153,2,1500,-1,-4.074234054
8,154,2,1500,-1,6.143040607
8,155,2,1500,-1,-2.571025769
8,156,2,1500,-1,-7.672344489
8,157,2,500,1,-7.156425038
8,158,2,1500,-1,-5.70225689
8,159,2,1500,-1,-5.368611765
8,160,2,1500,-1,-0.825971328
8,161,2,1500,-1,-1.926225124
8,162,2,500,1,-3.776164492
8,163,2,500,1,-2.656063958
8,164,2,500,1,-7.304326618
8,165,2,500,1,-9.672207348
8,166,2,1500,-1,-5.014627837
8,167,2,500,1,-9.085574052
8,168,2,500,1,-10.68889286
8,169,2,500,1,-7.975838564
8,170,2,500,1,-9.708489194
8,171,2,500,1,-9.467640617
8,172,2,1500,-1,-6.489888046
8,173,2,1500,-1,0.03683784
8,174,2,500,1,-5.980378408
8,175,2,500,1,-13.2236808
8,176,2,1500,-1,-10.22570085
8,177,2,1500,-1,-2.546597389
8,178,2,500,1,-4.664378842
8,179,2,500,1,-6.45468726
8,180,2,1500,-1,-12.34699526
8,181,2,1500,-1,-5.210283987
8,182,2,1500,-1,-7.613696043
8,183,2,500,1,-7.882078069
8,184,2,500,1,12.79549922
8,185,2,1500,-1,-8.086861487
8,186,2,1500,-1,-3.511976741
8,187,2,1500,-1,-4.453149755
8,188,2,500,1,-1.448078052
8,189,2,1500,-1,-1.068423711
8,190,2,1500,-1,-2.414830773
8,191,2,500,1,-1.634037067
8,192,2,1500,-1,-8.907067548
8,193,2,500,1,-1.55993217
8,194,2,1500,-1,2.704303882
8,195,2,500,1,12.67674117
8,196,2,1500,-1,-7.390266709
8,197,2,1500,-1,-6.840490105
8,198,2,500,1,-8.967511924
8,199,2,500,1,-11.87665542
8,200,2,1500,-1,-9.764434185
8,201,2,500,1,-11.84447993
8,202,2,1500,-1,-11.95812316
8,203,2,500,1,-7.983334314
8,204,2,1500,-1,-12.63316455
8,205,2,500,1,-7.387935222
8,206,2,1500,-1,-9.862315275
8,207,2,500,1,-7.412666824
8,208,2,1500,-1,-9.998281637
8,209,2,1500,-1,-9.074392517
8,210,2,1500,-1,-6.041079755
8,211,2,1500,-1,-3.043461812
8,212,2,1500,-1,-8.048729797
8,213,2,1500,-1,-4.41500149
8,214,2,500,1,-6.143549783
8,215,2,1500,-1,-11.65473591
8,216,2,500,1,-8.044209861
8,217,2,500,1,-10.69631758
8,218,2,1500,-1,-16.19882231
8,219,2,1500,-1,-12.51971708
8,220,2,1500,-1,-1.965083154
8,221,2,500,1,-6.141495815
8,222,2,500,1,-9.199729993
8,223,2,500,1,-9.590231068
8,224,2,500,1,-10.68224098
8,225,2,500,1,-12.3517791
8,226,2,1500,-1,-9.591459934
8,227,2,500,1,-5.985176644
8,228,2,1500,-1,-8.417389574
8,229,2,500,1,-7.987755028
8,230,2,500,1,-8.754610399
8,231,2,1500,-1,-8.433134844
8,232,2,500,1,-10.14490361
8,233,2,500,1,-10.55239033
8,234,2,500,1,-14.66169989
8,235,2,500,1,-14.70383878
8,236,2,500,1,-12.80810448
8,237,2,500,1,-13.50495189
8,238,2,500,1,-15.63616414
8,239,2,1500,-1,-10.69628707
8,240,2,500,1,-6.523944457
8,241,2,1500,-1,-10.82543792
8,242,2,500,1,-9.639637987
8,243,2,500,1,-9.812400653
8,244,2,1500,-1,-9.365517584
8,245,2,1500,-1,-6.408644323
8,246,2,1500,-1,-3.54348733
8,247,2,1500,-1,-9.8113691
8,248,2,500,1,-7.919225152
8,249,2,1500,-1,-9.295862835
8,250,2,500,1,-6.630805144
8,251,2,1500,-1,-9.198202813
8,252,2,1500,-1,-2.781188442
8,253,2,500,1,-4.635915826
8,254,2,500,1,-9.023336523
8,255,2,1500,-1,-6.706358248
8,256,2,1500,-1,-4.68335174
8,257,2,500,1,-5.120913606
8,258,2,500,1,-2.462566716
8,259,2,500,1,-3.677934535
8,260,2,1500,-1,-4.348730146
8,261,2,500,1,-4.439367334
8,262,2,500,1,-5.739496374
8,263,2,500,1,-8.794671242
8,264,2,500,1,-8.008555563
8,265,2,500,1,-5.033911628
8,266,2,500,1,-7.522859336
8,267,2,1500,-1,-7.373066225
8,268,2,1500,-1,-5.11030355
8,269,2,1500,-1,-4.697875688
8,270,2,500,1,-8.513891863
8,271,2,500,1,-6.457445121
8,272,2,500,1,-10.05822749
8,273,2,500,1,-9.831696037
8,274,2,1500,-1,-6.734184651
8,275,2,1500,-1,-4.225555398
8,276,2,1500,-1,-4.108986657
8,277,2,500,1,-3.126544919
8,278,2,500,1,-3.011026124
8,279,2,1500,-1,-9.520059
8,280,2,500,1,-5.337763371
8,281,2,500,1,-12.69626215
8,282,2,1500,-1,-6.824983868
8,283,2,1500,-1,-6.342109961
8,284,2,1500,-1,-8.476553171
8,285,2,1500,-1,-8.769889289
8,286,2,500,1,-3.414835716
8,287,2,500,1,-7.155162185
8,288,2,1500,-1,-6.270000326
8,289,2,500,1,-4.914924202
8,290,2,500,1,-6.012173708
8,291,2,500,1,-8.57454776
8,292,2,1500,-1,-0.682942669
8,293,2,1500,-1,-2.327254805
8,294,2,1500,-1,-8.949033748
8,295,2,1500,-1,-2.790991721
8,296,2,500,1,-4.026379385
8,297,2,500,1,-6.010305119
8,298,2,1500,-1,-4.794385527
8,299,2,1500,-1,0.806475184
8,300,2,1500,-1,0.384726067
8,301,2,1500,-1,-1.557134982
8,302,2,1500,-1,-1.224207053
8,303,2,1500,-1,-7.767662601
8,304,2,1500,-1,1.391739253
8,305,2,1500,-1,-4.587973985
8,306,2,1500,-1,-0.753440279
8,307,2,500,1,-8.172433387
8,308,2,500,1,-7.368791122
8,309,2,1500,-1,-6.368457244
8,310,2,1500,-1,-3.236710849
8,311,2,1500,-1,5.32762105
8,312,2,1500,-1,-2.054342081
8,313,2,500,1,-4.55401307
8,314,2,1500,-1,-3.695071222
8,315,2,1500,-1,-3.658471268
8,316,2,500,1,-11.49168987
8,317,2,1500,-1,-6.100203011
8,318,2,1500,-1,-6.318069214
8,319,2,1500,-1,-7.049547036
8,320,2,1500,-1,-9.502714872
8,321,2,1500,-1,-3.801195448
8,322,2,500,1,-7.394218076
8,323,2,500,1,-6.239891758
8,324,2,1500,-1,-4.236020891
8,325,2,500,1,-3.758224793
8,326,2,1500,-1,-10.85719519
8,327,2,1500,-1,-8.013340179
8,328,2,500,1,-11.89506749
8,329,2,1500,-1,-2.750883941
8,330,2,1500,-1,-1.562089429
8,331,2,500,1,-1.095628526
8,332,2,500,1,-7.141269453
8,333,2,1500,-1,-7.58462387
8,334,2,1500,-1,-6.016244207
8,335,2,500,1,-8.600210099
8,336,2,1500,-1,-8.53500958
8,337,2,1500,-1,-7.397912278
8,338,2,1500,-1,-5.670646179
8,339,2,1500,-1,-2.250914624
8,340,2,500,1,-5.886937943
8,341,2,1500,-1,1.036441061
8,342,2,500,1,-5.501444515
8,343,2,500,1,-0.750265822
8,344,2,1500,-1,-5.650328423
8,345,2,1500,-1,-1.311325604
8,346,2,1500,-1,-3.26355369
8,347,2,1500,-1,NaN
8,348,2,1500,-1,-5.3086115
8,349,2,1500,-1,-3.931585986
8,350,2,500,1,-6.04390118
8,351,2,500,1,-8.720606972
8,352,2,1500,-1,-7.848304956
8,353,2,500,1,-9.795861719
8,354,2,1500,-1,-9.418004285
8,355,2,1500,-1,-5.237797201
8,356,2,1500,-1,-1.841483551
8,357,2,500,1,-6.452153251
8,358,2,1500,-1,-10.16905629
8,359,2,500,1,-8.844384809
8,360,2,1500,-1,-7.77075147
8,361,2,1500,-1,-6.740959793
8,362,2,500,1,-8.138908451
8,363,2,1500,-1,-8.341681674
8,364,2,500,1,-5.226539579
8,365,2,500,1,-5.257626826
8,366,2,1500,-1,-8.650095296
8,367,2,1500,-1,-4.89523737
8,368,2,500,1,-2.967226132
8,369,2,500,1,-6.028179981
8,370,2,1500,-1,-4.298651239
8,371,2,500,1,-1.913421776
8,372,2,1500,-1,-1.959969341
8,373,2,1500,-1,1.895251107
8,374,2,1500,-1,-0.830485703
8,375,2,500,1,0.483311745
8,376,2,500,1,0.415416763
8,377,2,500,1,-0.848681954
8,378,2,1500,-1,-0.217120827
8,379,2,500,1,-4.558097493
8,380,2,1500,-1,-1.743471515
8,381,2,500,1,-1.913467111
8,382,2,500,1,-3.946726673
8,383,2,500,1,-5.697716592
8,384,2,500,1,-8.188566857
8,385,2,1500,-1,-0.562977158
8,386,2,500,1,-8.593309624
8,387,2,1500,-1,NaN
8,388,2,1500,-1,-7.685869063
8,389,2,500,1,-3.729032106
8,390,2,1500,-1,0.235874399
8,391,2,500,1,-2.184143263
8,392,2,500,1,-4.120583222
8,393,2,500,1,2.547356328
8,394,2,1500,-1,-5.504326635
8,395,2,500,1,-6.634345782
8,396,2,500,1,-6.643178423
8,397,2,1500,-1,-4.771535665
8,398,2,1500,-1,-1.439073628
8,399,2,500,1,2.200389772
8,400,2,1500,-1,-4.648673416
8,401,2,500,1,-5.283461277
8,402,2,500,1,-3.551150847
8,403,2,1500,-1,-2.479298219
8,404,2,1500,-1,-2.283468965
8,405,2,1500,-1,0.828832189
8,406,2,500,1,-3.421352664
8,407,2,500,1,-1.636336235
8,408,2,1500,-1,4.035296992
8,409,2,1500,-1,-3.265153232
8,410,2,1500,-1,-2.224481178
8,411,2,1500,-1,-1.244165994
8,412,2,500,1,-1.631948106
8,413,2,500,1,-1.209899213
8,414,2,500,1,-2.574854595
8,415,2,500,1,-4.707063206
8,416,2,1500,-1,0.692121525
8,417,2,1500,-1,-3.700088679
8,418,2,500,1,-8.676728592
8,419,2,1500,-1,-5.281282342
8,420,2,1500,-1,-1.382767859
8,421,3,750,-0,-12.89095568
8,422,3,1500,-0,-7.452996955
8,423,3,1250,-0,-4.313302498
8,424,3,1500,-0,-8.2596255
8,425,3,750,-0,-7.882263931
8,426,3,1500,-0,0.56052939
8,427,3,1500,-0,-4.605124401
8,428,3,750,-0,-5.813135519
8,429,3,1500,-0,-5.619944471
8,430,3,500,-0,-7.152443383
8,431,3,1250,-0,-4.219186786
8,432,3,500,-0,-2.277840621
8,433,3,750,-0,0.264701974
8,434,3,1000,-0,-0.907750972
8,435,3,1000,-0,-1.412611198
8,436,3,1000,-0,-0.264949905
8,437,3,1250,-0,-7.011816359
8,438,3,750,-0,-4.127643194
8,439,3,500,-0,-4.168016886
8,440,3,1000,-0,-4.464285357
8,441,3,500,-0,-3.003459418
8,442,3,1000,-0,-2.347934578
8,443,3,1000,-0,-4.486854916
8,444,3,1250,-0,-5.789248954
8,445,3,750,-0,-2.071922922
8,446,3,1000,-0,-5.320415629
8,447,3,1000,-0,-3.789052932
8,448,3,1250,-0,-1.310280877
8,449,3,500,-0,-4.443768824
8,450,3,500,-0,0.184618037
8,451,3,1000,-0,1.427699797
8,452,3,500,-0,-6.895679662
8,453,3,500,-0,-3.297076147
8,454,3,750,-0,-0.514202341
8,455,3,500,-0,-3.538010951
8,456,3,500,-0,-1.811582136
8,457,3,1250,-0,-4.729921918
8,458,3,500,-0,-5.241849838
8,459,3,500,-0,1.503206457
8,460,3,750,-0,-4.906093725
8,461,3,1500,-0,-2.310663366
8,462,3,750,-0,-4.515344187
8,463,3,1000,-0,-3.254409682
8,464,3,1250,-0,-0.867740961
8,465,3,500,-0,-3.909013948
8,466,3,1000,-0,-3.658478995
8,467,3,1250,-0,0.85879923
8,468,3,1500,-0,-6.309196982
8,469,3,1000,-0,NaN
8,470,3,500,-0,-6.33175805
8,471,3,1000,-0,-1.870315955
8,472,3,1500,-0,-2.23744553
8,473,3,1250,-0,-7.708258815
8,474,3,1250,-0,NaN
8,475,3,750,-0,0.939914408
8,476,3,1500,-0,-4.248156765
8,477,3,1250,-0,-3.65875286
8,478,3,1000,-0,-7.372625794
8,479,3,1500,-0,-4.336307352
8,480,3,500,-0,-10.31430107
8,481,3,750,-0,-6.114844382
8,482,3,1250,-0,-10.29118308
8,483,3,1250,-0,-8.400294106
8,484,3,750,-0,-8.724841797
8,485,3,1500,-0,-3.773973272
8,486,3,500,-0,-11.64618768
8,487,3,1250,-0,-11.66246993
8,488,3,500,-0,-13.16467529
8,489,3,1500,-0,-15.41853368
8,490,3,1500,-0,-4.209217591
8,491,3,1000,-0,-8.71538014
8,492,3,500,-0,-8.441941152
8,493,3,750,-0,-2.698093324
8,494,3,1500,-0,-6.361980997
8,495,3,1250,-0,-1.298003028
8,496,3,750,-0,-4.548198483
8,497,3,750,-0,-5.008967277
8,498,3,1250,-0,-5.551443376
8,499,3,750,-0,-1.657450567
8,500,3,1250,-0,-3.389689422
8,501,3,750,-0,3.48634042
8,502,3,1250,-0,-5.755425938
8,503,3,750,-0,-0.256426171
8,504,3,750,-0,-7.564090542
8,505,3,1250,-0,-2.421576889
8,506,3,1500,-0,-4.70391989
8,507,3,750,-0,-2.839045575
8,508,3,500,-0,-1.430927621
8,509,3,1000,-0,-3.21542734
8,510,3,1250,-0,NaN
8,511,3,750,-0,-0.918963426
8,512,3,1000,-0,-3.782191465
8,513,3,750,-0,-1.705280679
8,514,3,1250,-0,-1.160637607
8,515,3,1000,-0,NaN
8,516,3,500,-0,-7.391137635
8,517,3,1250,-0,-2.364707926
8,518,3,500,-0,-3.36336124
8,519,3,750,-0,-2.342653923
8,520,3,1250,-0,-3.13732252
8,521,3,1250,-0,-3.068947268
8,522,3,1500,-0,3.180807076
8,523,3,500,-0,-2.719962706
8,524,3,750,-0,0.452560188
8,525,3,1000,-0,3.734030456
8,526,3,1500,-0,NaN
8,527,3,1250,-0,-2.613458309
8,528,3,1000,-0,8.75768264
8,529,3,1500,-0,13.99092299
8,530,3,1250,-0,-3.050969619
8,531,3,500,-0,-1.242543301
8,532,3,1500,-0,6.065183749
8,533,3,1250,-0,-8.872876543
8,534,3,1000,-0,1.785276725
8,535,3,1250,-0,2.522789765
8,536,3,1500,-0,0.398100589
8,537,3,1000,-0,-7.485747555
8,538,3,1500,-0,-7.365105466
8,539,3,750,-0,-2.867898871
8,540,3,500,-0,-1.13169154
8,541,3,500,-0,-3.475003775
8,542,3,500,-0,-2.902061899
8,543,3,750,-0,0.979785116
8,544,3,1500,-0,-2.983146536
8,545,3,1250,-0,1.67415098
8,546,3,750,-0,-2.510307388
8,547,3,1000,-0,-1.233639625
8,548,3,1250,-0,-5.90767842
8,549,3,1500,-0,-0.098469002
8,550,3,1000,-0,NaN
8,551,3,1000,-0,0.36231458
8,552,3,750,-0,-0.877704438
8,553,3,500,-0,-7.016015934
8,554,3,1500,-0,-9.618946874
8,555,3,500,-0,-1.258409753
8,556,3,1500,-0,-0.687332976
8,557,3,1500,-0,NaN
8,558,3,1000,-0,1.468155082
8,559,3,1000,-0,0.492529283
8,560,3,1000,-0,1.466333653
8,561,3,1500,-0,-4.841307219
8,562,3,1000,-0,-6.418456021
8,563,3,750,-0,-2.402650496
8,564,3,1500,-0,-4.741198627
8,565,3,500,-0,-4.351493801
8,566,3,1000,-0,1.385612097
8,567,3,500,-0,-4.33194975
8,568,3,1500,-0,1.440579551
8,569,3,1500,-0,-0.25769236
8,570,3,750,-0,-3.119335498
9,1,1,1500,-0,0.200702748
9,2,1,1500,-0,NaN
9,3,1,500,-0,-0.965988244
9,4,1,1500,-0,-0.726913493
9,5,1,1500,-0,0.173493372
9,6,1,1500,-0,-2.378878319
9,7,1,500,-0,2.997097778
9,8,1,500,-0,-1.665371808
9,9,1,500,-0,1.614520312
9,10,1,500,-0,2.256851878
9,11,1,500,-0,-4.457245267
9,12,1,500,-0,-3.306072945
9,13,1,500,-0,-1.593441134
9,14,1,1500,-0,NaN
9,15,1,500,-0,-3.283950629
9,16,1,1500,-0,-3.913950184
9,17,1,500,-0,-4.863310042
9,18,1,1500,-0,-7.772666302
9,19,1,1500,-0,-5.175958149
9,20,1,1500,-0,-5.49030138
9,21,2,1500,-1,-2.691952417
9,22,2,500,1,0.834385132
9,23,2,1500,-1,-6.962141393
9,24,2,1500,-1,-3.416426559
9,25,2,500,1,-3.750656287
9,26,2,500,1,-10.55124479
9,27,2,500,1,-14.26669185
9,28,2,1500,-1,-14.84140702
9,29,2,500,1,-11.50298625
9,30,2,500,1,-14.02938931
9,31,2,500,1,-19.36009886
9,32,2,1500,-1,-15.58055765
9,33,2,500,1,-12.37177681
9,34,2,1500,-1,-13.83884874
9,35,2,1500,-1,-6.70996069
9,36,2,500,1,-8.582324986
9,37,2,500,1,-12.09197992
9,38,2,1500,-1,-12.11426498
9,39,2,500,1,-14.54044914
9,40,2,500,1,-14.96348789
9,41,2,500,1,-15.3763317
9,42,2,500,1,-16.38229219
9,43,2,500,1,-15.23038805
9,44,2,1500,-1,-13.676927
9,45,2,1500,-1,-10.71657304
9,46,2,1500,-1,-7.87345097
9,47,2,500,1,-8.046729562
9,48,2,1500,-1,-7.945668814
9,49,2,500,1,-11.11137521
9,50,2,1500,-1,-11.79321968
9,51,2,1500,-1,-6.417771039
9,52,2,1500,-1,-1.521973583
9,53,2,1500,-1,-4.030243588
9,54,2,500,1,-5.041166235
9,55,2,500,1,-6.466354909
9,56,2,500,1,-8.618617906
9,57,2,500,1,-10.88406837
9,58,2,500,1,-10.83801775
9,59,2,1500,-1,-5.335843563
9,60,2,1500,-1,-7.900576113
9,61,2,500,1,-10.46851905
9,62,2,500,1,-13.46838296
9,63,2,500,1,-13.44316801
9,64,2,1500,-1,-15.08810656
9,65,2,500,1,-9.666149633
9,66,2,500,1,-12.01834488
9,67,2,1500,-1,-4.23246966
9,68,2,500,1,-9.627808408
9,69,2,1500,-1,-10.23054798
9,70,2,500,1,-12.05871301
9,71,2,1500,-1,-4.301660376
9,72,2,1500,-1,-6.954606794
9,73,2,1500,-1,-7.4376737
9,74,2,1500,-1,-9.970483607
9,75,2,500,1,-7.619736575
9,76,2,1500,-1,-8.083843309
9,77,2,500,1,-9.873048097
9,78,2,500,1,-14.77174654
9,79,2,1500,-1,-7.579886779
9,80,2,1500,-1,-7.449259984
9,81,2,1500,-1,-1.974289114
9,82,2,500,1,-9.769048025
9,83,2,1500,-1,-5.191013752
9,84,2,1500,-1,-4.166692814
9,85,2,500,1,-10.86460996
9,86,2,1500,-1,-4.23100671
9,87,2,1500,-1,NaN
9,88,2,500,1,-9.587791104
9,89,2,1500,-1,-7.960853711
9,90,2,1500,-1,-1.999908105
9,91,2,500,1,-5.814468246
9,92,2,1500,-1,-2.865260529
9,93,2,1500,-1,-0.489884225
9,94,2,1500,-1,5.297524331
9,95,2,1500,-1,-4.97228078
9,96,2,1500,-1,-0.484976208
9,97,2,1500,-1,0.540108891
9,98,2,500,1,-6.320256646
9,99,2,500,1,-7.48589892
9,100,2,1500,-1,-0.961056986
9,101,2,1500,-1,-1.67237328
9,102,2,1500,-1,-1.630903662
9,103,2,500,1,-6.95518742
9,104,2,1500,-1,0.711947138
9,105,2,500,1,-6.766916242
9,106,2,500,1,-9.759813681
9,107,2,1500,-1,-3.564481783
9,108,2,500,1,-5.525312699
9,109,2,500,1,-5.125801464
9,110,2,500,1,-6.104385163
9,111,2,1500,-1,0.334322497
9,112,2,500,1,-5.699394992
9,113,2,500,1,-8.129536329
9,114,2,1500,-1,0.237207253
9,115,2,500,1,-0.046194753
9,116,2,1500,-1,2.021967153
9,117,2,1500,-1,5.522710529
9,118,2,1500,-1,NaN
9,119,2,1500,-1,3.406433784
9,120,2,500,1,-0.593567736
9,121,2,1500,-1,0.181693615
9,122,2,1500,-1,-1.39722181
9,123,2,1500,-1,1.705173718
9,124,2,500,1,-3.167440983
9,125,2,500,1,-2.766757701
9,126,2,500,1,-2.014737787
9,127,2,1500,-1,3.692440443
9,128,2,1500,-1,0.055493101
9,129,2,1500,-1,-0.924857866
9,130,2,500,1,-4.948009928
9,131,2,500,1,-4.011403569
9,132,2,1500,-1,0.055185778
9,133,2,500,1,-6.213829339
9,134,2,1500,-1,-7.080386192
9,135,2,500,1,-7.586356959
9,136,2,1500,-1,-5.080621725
9,137,2,1500,-1,-4.135006558
9,138,2,1500,-1,-3.907039204
9,139,2,500,1,-8.270815498
9,140,2,500,1,-6.71799921
9,141,2,500,1,-8.989010146
9,142,2,500,1,-9.120570329
9,143,2,1500,-1,-5.544351547
9,144,2,1500,-1,-7.316902575
9,145,2,500,1,-8.991392137
9,146,2,1500,-1,-9.585316413
9,147,2,1500,-1,0.623878403
9,148,2,500,1,-5.470354901
9,149,2,1500,-1,-0.505230692
9,150,2,1500,-1,NaN
9,151,2,1500,-1,-0.78146841
9,152,2,1500,-1,-4.873770442
9,153,2,1500,-1,-6.056675774
9,154,2,500,1,-6.853586016
9,155,2,1500,-1,-3.775210102
9,156,2,500,1,-4.174545697
9,157,2,500,1,-6.972688297
9,158,2,500,1,-10.22028335
9,159,2,1500,-1,-5.806609335
9,160,2,500,1,-6.403441587
9,161,2,500,1,-9.434022732
9,162,2,1500,-1,-7.685357471
9,163,2,1500,-1,0.629513141
9,164,2,1500,-1,2.564859864
9,165,2,1500,-1,1.826220046
9,166,2,500,1,-4.489972752
9,167,2,500,1,-6.063177192
9,168,2,500,1,-2.177045447
9,169,2,500,1,-2.391498032
9,170,2,1500,-1,-0.387236556
9,171,2,500,1,0.519410139
9,172,2,1500,-1,6.493900633
9,173,2,500,1,3.666854241
9,174,2,500,1,1.399927915
9,175,2,500,1,1.662562138
9,176,2,1500,-1,NaN
9,177,2,500,1,-4.477197728
9,178,2,500,1,-2.07639879
9,179,2,500,1,-1.014455051
9,180,2,1500,-1,-4.110363433
9,181,2,500,1,-5.563846387
9,182,2,1500,-1,2.741618697
9,183,2,500,1,-3.486689319
9,184,2,500,1,-2.247438048
9,185,2,500,1,-1.930034287
9,186,2,500,1,0.478547036
9,187,2,500,1,-2.087847764
9,188,2,1500,-1,5.532268657
9,189,2,1500,-1,2.499341843
9,190,2,500,1,-0.390817604
9,191,2,1500,-1,2.608645649
9,192,2,1500,-1,2.739743411
9,193,2,500,1,-1.436131399
9,194,2,500,1,-0.196741346
9,195,2,500,1,5.118494573
9,196,2,500,1,-2.447685772
9,197,2,1500,-1,4.554899953
9,198,2,500,1,-0.731115571
9,199,2,1500,-1,1.476885318
9,200,2,1500,-1,1.330748396
9,201,2,1500,-1,-3.761663766
9,202,2,1500,-1,0.155483473
9,203,2,1500,-1,1.871213608
9,204,2,500,1,-6.29545986
9,205,2,500,1,-2.403003974
9,206,2,500,1,-3.847839165
9,207,2,1500,-1,-0.639906076
9,208,2,500,1,-6.936142233
9,209,2,500,1,-9.52064082
9,210,2,500,1,-3.993026699
9,211,2,1500,-1,-0.144660976
9,212,2,1500,-1,6.110824789
9,213,2,1500,-1,0.701974683
9,214,2,1500,-1,0.000758531
9,215,2,1500,-1,-1.403204137
9,216,2,500,1,-8.178039515
9,217,2,1500,-1,-1.364098535
9,218,2,1500,-1,-1.398974862
9,219,2,500,1,-3.735807532
9,220,2,500,1,-6.389670574
9,221,2,500,1,-4.890502183
9,222,2,500,1,-5.784405563
9,223,2,500,1,-4.302531836
9,224,2,500,1,-6.214527607
9,225,2,500,1,-5.100882558
9,226,2,1500,-1,-3.615612918
9,227,2,500,1,-4.755052994
9,228,2,500,1,-7.647526445
9,229,2,1500,-1,-3.578036576
9,230,2,1500,-1,-0.947190838
9,231,2,1500,-1,-0.904655833
9,232,2,1500,-1,NaN
9,233,2,500,1,-2.989491962
9,234,2,500,1,-9.73533449
9,235,2,1500,-1,-8.131760146
9,236,2,500,1,-9.40543009
9,237,2,1500,-1,-3.546069523
9,238,2,500,1,-7.078920542
9,239,2,500,1,-4.762575176
9,240,2,1500,-1,-1.538338041
9,241,2,1500,-1,-5.351194236
9,242,2,500,1,-4.010394065
9,243,2,1500,-1,0.302488297
9,244,2,1500,-1,-3.792470447
9,245,2,1500,-1,-0.778148105
9,246,2,500,1,-7.337898515
9,247,2,500,1,-6.587350972
9,248,2,500,1,-8.792686175
9,249,2,1500,-1,-0.971264236
9,250,2,500,1,-3.604077869
9,251,2,500,1,-5.575578164
9,252,2,1500,-1,4.479107787
9,253,2,1500,-1,2.288843445
9,254,2,500,1,-8.016452326
9,255,2,500,1,-6.899155714
9,256,2,1500,-1,-3.498795043
9,257,2,1500,-1,NaN
9,258,2,500,1,-6.242730419
9,259,2,500,1,-6.140111439
9,260,2,500,1,-6.275012964
9,261,2,500,1,-6.371066886
9,262,2,1500,-1,2.161993331
9,263,2,500,1,-0.543759658
9,264,2,1500,-1,-0.662449649
9,265,2,1500,-1,1.34440582
9,266,2,500,1,0.567947398
9,267,2,1500,-1,3.788941505
9,268,2,500,1,-2.738174315
9,269,2,1500,-1,NaN
9,270,2,500,1,-3.2374436
9,271,2,500,1,-5.609737187
9,272,2,1500,-1,-0.862446974
9,273,2,500,1,-3.752943646
9,274,2,1500,-1,0.733338159
9,275,2,1500,-1,4.677416021
9,276,2,500,1,1.420311372
9,277,2,500,1,-4.193573107
9,278,2,500,1,-0.7299383
9,279,2,500,1,-5.503050419
9,280,2,500,1,-5.940292384
9,281,2,500,1,-5.395023413
9,282,2,500,1,-1.15225213
9,283,2,1500,-1,-1.663543391
9,284,2,500,1,-2.434073421
9,285,2,1500,-1,-1.252180986
9,286,2,500,1,-2.10683912
9,287,2,500,1,-1.367405634
9,288,2,500,1,-0.236932256
9,289,2,1500,-1,3.753885359
9,290,2,500,1,1.000290084
9,291,2,1500,-1,3.082997133
9,292,2,500,1,2.022381371
9,293,2,1500,-1,6.414189228
9,294,2,500,1,-3.066404887
9,295,2,1500,-1,3.608169121
9,296,2,1500,-1,7.430972652
9,297,2,1500,-1,4.609034021
9,298,2,1500,-1,2.259104881
9,299,2,1500,-1,1.52937661
9,300,2,1500,-1,-0.934770094
9,301,2,1500,-1,2.769642068
9,302,2,500,1,-3.820256198
9,303,2,500,1,-2.252278475
9,304,2,1500,-1,-2.098327948
9,305,2,1500,-1,1.734312714
9,306,2,500,1,-3.626508029
9,307,2,1500,-1,3.383366325
9,308,2,500,1,-6.310387294
9,309,2,1500,-1,1.170050708
9,310,2,1500,-1,1.003377709
9,311,2,1500,-1,-3.762261272
9,312,2,500,1,-10.26738155
9,313,2,500,1,-4.9395887
9,314,2,1500,-1,NaN
9,315,2,1500,-1,-0.073636539
9,316,2,500,1,-4.662955955
9,317,2,1500,-1,-0.690649787
9,318,2,1500,-1,-0.925172492
9,319,2,1500,-1,2.762713229
9,320,2,500,1,-3.949636605
9,321,2,500,1,-2.205785661
9,322,2,1500,-1,1.68951146
9,323,2,500,1,0.769809626
9,324,2,1500,-1,1.952864684
9,325,2,500,1,-4.311661816
9,326,2,500,1,-1.624911814
9,327,2,500,1,1.016024938
9,328,2,1500,-1,-3.684046873
9,329,2,1500,-1,2.275542701
9,330,2,500,1,-4.336312495
9,331,2,500,1,-0.054830271
9,332,2,500,1,-0.069541574
9,333,2,1500,-1,4.069100558
9,334,2,1500,-1,7.894001178
9,335,2,500,1,1.600822567
9,336,2,1500,-1,3.909909736
9,337,2,500,1,0.832881759
9,338,2,500,1,2.534316106
9,339,2,500,1,1.294575859
9,340,2,500,1,5.266291208
9,341,2,500,1,0.567229717
9,342,2,1500,-1,NaN
9,343,2,500,1,4.615677472
9,344,2,500,1,1.139114079
9,345,2,1500,-1,7.983286602
9,346,2,1500,-1,11.32400918
9,347,2,500,1,3.732181174
9,348,2,500,1,3.787861851
9,349,2,1500,-1,8.1860652
9,350,2,1500,-1,8.327533229
9,351,2,1500,-1,4.209084945
9,352,2,1500,-1,5.14048568
9,353,2,500,1,1.415933131
9,354,2,500,1,2.915282868
9,355,2,500,1,3.728723098
9,356,2,1500,-1,7.957512468
9,357,2,500,1,4.378508236
9,358,2,500,1,0.140211336
9,359,2,1500,-1,2.883936979
9,360,2,500,1,5.853398618
9,361,2,500,1,-2.275491589
9,362,2,1500,-1,-3.281200883
9,363,2,1500,-1,0.576380595
9,364,2,1500,-1,0.302648162
9,365,2,1500,-1,0.710403144
9,366,2,1500,-1,-1.195501798
9,367,2,1500,-1,NaN
9,368,2,500,1,-0.136696715
9,369,2,500,1,-4.720715971
9,370,2,1500,-1,1.989501338
9,371,2,1500,-1,1.880899372
9,372,2,500,1,-2.016257278
9,373,2,1500,-1,3.032100166
9,374,2,1500,-1,3.753392664
9,375,2,500,1,0.471270164
9,376,2,500,1,-3.256087913
9,377,2,1500,-1,1.542756395
9,378,2,1500,-1,4.285236088
9,379,2,1500,-1,3.637989413
9,380,2,1500,-1,5.889789872
9,381,2,1500,-1,1.42696212
9,382,2,500,1,-6.570345676
9,383,2,1500,-1,-2.031767382
9,384,2,1500,-1,-3.046799205
9,385,2,500,1,-7.352882561
9,386,2,1500,-1,-0.004523801
9,387,2,500,1,-3.65345369
9,388,2,1500,-1,-7.456158389
9,389,2,1500,-1,3.990292807
9,390,2,500,1,-2.658760257
9,391,2,500,1,-8.048881667
9,392,2,500,1,-2.516280688
9,393,2,1500,-1,2.270348903
9,394,2,500,1,2.089333392
9,395,2,1500,-1,7.906021197
9,396,2,500,1,2.099966848
9,397,2,500,1,1.791301581
9,398,2,1500,-1,11.2105916
9,399,2,1500,-1,7.094032694
9,400,2,1500,-1,7.860434128
9,401,2,1500,-1,10.21133492
9,402,2,1500,-1,7.862908415
9,403,2,1500,-1,8.159052871
9,404,2,1500,-1,11.43022793
9,405,2,500,1,-1.140285654
9,406,2,1500,-1,1.552982456
9,407,2,500,1,2.206866294
9,408,2,500,1,6.449944085
9,409,2,500,1,-2.86000488
9,410,2,1500,-1,5.023684231
9,411,2,500,1,-2.895073019
9,412,2,1500,-1,4.151312027
9,413,2,1500,-1,NaN
9,414,2,500,1,-0.660490348
9,415,2,500,1,5.777904102
9,416,2,1500,-1,4.214244969
9,417,2,1500,-1,2.008838268
9,418,2,500,1,-1.0596337
9,419,2,500,1,-0.499919182
9,420,2,500,1,-4.532176003
9,421,3,750,-0,3.795975736
9,422,3,1250,-0,7.191629793
9,423,3,1500,-0,4.981506283
9,424,3,750,-0,2.335322011
9,425,3,1000,-0,0.705483252
9,426,3,1250,-0,3.625851962
9,427,3,1500,-0,4.072905228
9,428,3,1000,-0,0.100162329
9,429,3,1000,-0,5.69745432
9,430,3,500,-0,-2.998996136
9,431,3,1500,-0,NaN
9,432,3,500,-0,-3.163596537
9,433,3,750,-0,-2.488432523
9,434,3,1500,-0,4.065659199
9,435,3,500,-0,-4.85284476
9,436,3,750,-0,-1.655171368
9,437,3,750,-0,1.721734521
9,438,3,750,-0,0.863260824
9,439,3,750,-0,-0.494054432
9,440,3,1500,-0,7.8988831
9,441,3,750,-0,3.459649075
9,442,3,1000,-0,7.617654671
9,443,3,750,-0,8.702925131
9,444,3,1250,-0,4.430230551
9,445,3,1000,-0,2.097736969
9,446,3,1500,-0,4.44154782
9,447,3,750,-0,4.177199993
9,448,3,500,-0,0.762212273
9,449,3,1000,-0,-2.15228264
9,450,3,500,-0,-5.150963189
9,451,3,1500,-0,1.95544767
9,452,3,1250,-0,1.158917278
9,453,3,500,-0,-4.67847548
9,454,3,500,-0,-1.906382559
9,455,3,500,-0,-1.804828567
9,456,3,1250,-0,0.701393276
9,457,3,1500,-0,1.340001274
9,458,3,500,-0,-2.656473805
9,459,3,750,-0,0.899175317
9,460,3,1500,-0,2.860254252
9,461,3,1250,-0,2.199540381
9,462,3,750,-0,-2.690709988
9,463,3,1250,-0,2.568932263
9,464,3,500,-0,-5.179309052
9,465,3,1000,-0,-1.088451675
9,466,3,1000,-0,0.443406338
9,467,3,1500,-0,2.989891233
9,468,3,1250,-0,3.50189047
9,469,3,1500,-0,0.714020598
9,470,3,1500,-0,-4.360381868
9,471,3,1250,-0,NaN
9,472,3,1000,-0,-0.75408012
9,473,3,1250,-0,-1.747098153
9,474,3,500,-0,-2.803782929
9,475,3,1250,-0,-0.824522377
9,476,3,500,-0,-5.176451028
9,477,3,750,-0,NaN
9,478,3,750,-0,-2.416410654
9,479,3,1250,-0,-2.275942128
9,480,3,1000,-0,-3.136536017
9,481,3,1500,-0,0.191937647
9,482,3,1500,-0,-0.000780214
9,483,3,750,-0,-4.766062724
9,484,3,1000,-0,-1.436173493
9,485,3,750,-0,-0.005644099
9,486,3,1250,-0,1.729429106
9,487,3,1250,-0,-1.519760885
9,488,3,1500,-0,0.230567712
9,489,3,1500,-0,0.972462203
9,490,3,1250,-0,3.929281356
9,491,3,1000,-0,0.511525408
9,492,3,1250,-0,3.39914583
9,493,3,1000,-0,1.499087675
9,494,3,500,-0,-2.499013481
9,495,3,500,-0,-4.060359386
9,496,3,500,-0,-2.339546872
9,497,3,750,-0,-1.961470896
9,498,3,500,-0,1.889747749
9,499,3,1500,-0,0.953930268
9,500,3,750,-0,-0.913175313
9,501,3,500,-0,0.556582346
9,502,3,750,-0,1.635115001
9,503,3,750,-0,0.854170376
9,504,3,1000,-0,0.774603897
9,505,3,500,-0,-1.314507225
9,506,3,1500,-0,0.307873591
9,507,3,1500,-0,4.085457709
9,508,3,1000,-0,3.645896311
9,509,3,500,-0,-2.994171284
9,510,3,750,-0,-0.459663003
9,511,3,1250,-0,1.041925744
9,512,3,500,-0,2.192684488
9,513,3,1250,-0,3.324249828
9,514,3,1500,-0,-2.017845949
9,515,3,1000,-0,3.336101565
9,516,3,1500,-0,-0.910273827
9,517,3,1000,-0,0.136699829
9,518,3,1000,-0,3.32796267
9,519,3,1000,-0,1.590549908
9,520,3,500,-0,-1.947256609
9,521,3,750,-0,2.846081414
9,522,3,750,-0,3.569417017
9,523,3,1250,-0,3.79154896
9,524,3,1000,-0,3.301284048
9,525,3,1500,-0,3.15611288
9,526,3,1000,-0,2.257665686
9,527,3,1500,-0,2.703416552
9,528,3,500,-0,-0.640438526
9,529,3,1500,-0,4.228265294
9,530,3,1500,-0,2.428856731
9,531,3,500,-0,3.464866064
9,532,3,500,-0,1.967387791
9,533,3,1500,-0,0.812497527
9,534,3,750,-0,-2.935285944
9,535,3,1250,-0,1.66514224
9,536,3,750,-0,-1.768380058
9,537,3,750,-0,3.374360733
9,538,3,1000,-0,-0.07864699
9,539,3,500,-0,0.793004532
9,540,3,1250,-0,3.312939496
9,541,3,1000,-0,1.05104077
9,542,3,500,-0,-1.920703866
9,543,3,1250,-0,3.353927071
9,544,3,1000,-0,3.224796551
9,545,3,1250,-0,-2.715615787
9,546,3,500,-0,-0.673625473
9,547,3,1000,-0,-0.327682863
9,548,3,750,-0,2.045876271
9,549,3,1250,-0,1.022652807
9,550,3,1500,-0,1.840873427
9,551,3,1250,-0,2.775874232
9,552,3,1500,-0,0.210411227
9,553,3,1000,-0,-0.341252487
9,554,3,750,-0,-1.527744656
9,555,3,1250,-0,0.94279602
9,556,3,1250,-0,5.631381652
9,557,3,1500,-0,3.106313064
9,558,3,500,-0,2.382236322
9,559,3,1000,-0,2.031597302
9,560,3,500,-0,1.549396922
9,561,3,1250,-0,1.953700474
9,562,3,1000,-0,0.089002308
9,563,3,1250,-0,1.543202667
9,564,3,1250,-0,-1.125481794
9,565,3,1000,-0,NaN
9,566,3,750,-0,0.230577502
9,567,3,500,-0,-0.639388985
9,568,3,1500,-0,5.858167242
9,569,3,750,-0,1.218354193
9,570,3,1000,-0,3.269290182
10,1,1,500,-0,-2.188734555
10,2,1,1500,-0,4.409855255
10,3,1,1500,-0,-2.724212684
10,4,1,500,-0,-3.026318131
10,5,1,500,-0,0.419451093
10,6,1,1500,-0,-1.634589952
10,7,1,500,-0,1.548108955
10,8,1,1500,-0,0.262234892
10,9,1,500,-0,-2.539563227
10,10,1,1500,-0,-2.11741799
10,11,1,1500,-0,NaN
10,12,1,1500,-0,-3.688532196
10,13,1,1500,-0,-2.104838499
10,14,1,500,-0,-4.413984818
10,15,1,500,-0,-6.891418389
10,16,1,1500,-0,-1.822731421
10,17,1,500,-0,-3.64956675
10,18,1,1500,-0,-1.585283664
10,19,1,500,-0,-6.539723331
10,20,1,500,-0,-11.06311262
10,21,2,1500,-1,NaN
10,22,2,1500,-1,1.57680796
10,23,2,1500,-1,4.026545361
10,24,2,500,1,7.019600292
10,25,2,1500,-1,-1.569475175
10,26,2,500,1,3.452128035
10,27,2,500,1,-7.02044092
10,28,2,500,1,-3.800455613
10,29,2,500,1,-19.88008405
10,30,2,500,1,-8.466301923
10,31,2,500,1,-14.45667897
10,32,2,1500,-1,-8.854108399
10,33,2,1500,-1,-4.362657515
10,34,2,500,1,-5.851645866
10,35,2,1500,-1,-12.9353396
10,36,2,1500,-1,-4.209415828
10,37,2,1500,-1,1.24936347
10,38,2,1500,-1,-1.201782986
10,39,2,1500,-1,6.962008419
10,40,2,1500,-1,4.751419367
10,41,2,500,1,6.72907279
10,42,2,1500,-1,-3.539583998
10,43,2,500,1,2.302824786
10,44,2,1500,-1,-3.960402565
10,45,2,500,1,-1.75303338
10,46,2,500,1,-7.936576172
10,47,2,500,1,-16.21970405
10,48,2,500,1,-18.4284072
10,49,2,500,1,-21.62842059
10,50,2,1500,-1,-16.45255524
10,51,2,1500,-1,12.03191208
10,52,2,500,1,-1.563961476
10,53,2,1500,-1,-11.05062702
10,54,2,500,1,-4.094974282
10,55,2,500,1,-16.51038893
10,56,2,500,1,-13.55257606
10,57,2,500,1,-17.2120962
10,58,2,500,1,-20.1663018
10,59,2,1500,-1,-11.83669429
10,60,2,500,1,-7.222345417
10,61,2,500,1,-5.97898091
10,62,2,500,1,-14.055752
10,63,2,1500,-1,-10.46122217
10,64,2,1500,-1,-7.131453871
10,65,2,1500,-1,3.463679647
10,66,2,1500,-1,-0.096717894
10,67,2,500,1,-9.645826565
10,68,2,1500,-1,-6.639039875
10,69,2,500,1,-6.234741432
10,70,2,500,1,-17.57593217
10,71,2,500,1,NaN
10,72,2,1500,-1,-22.49040257
10,73,2,1500,-1,NaN
10,74,2,500,1,-17.71485205
10,75,2,1500,-1,-9.144477911
10,76,2,1500,-1,4.382579019
10,77,2,1500,-1,4.444176581
10,78,2,500,1,2.104438175
10,79,2,1500,-1,NaN
10,80,2,1500,-1,4.840414545
10,81,2,500,1,-17.66734201
10,82,2,1500,-1,-14.338229
10,83,2,500,1,-13.54948228
10,84,2,1500,-1,-6.318685162
10,85,2,500,1,-4.169162997
10,86,2,1500,-1,-14.35336062
10,87,2,1500,-1,-4.315968908
10,88,2,500,1,-3.303220948
10,89,2,1500,-1,-13.76133241
10,90,2,500,1,-19.12757561
10,91,2,1500,-1,-6.858505935
10,92,2,500,1,-1.154739574
10,93,2,500,1,-14.2885012
10,94,2,1500,-1,-10.79107339
10,95,2,1500,-1,-9.822657702
10,96,2,1500,-1,-9.566717315
10,97,2,1500,-1,-2.87681785
10,98,2,1500,-1,-6.09930505
10,99,2,500,1,-3.517871931
10,100,2,1500,-1,-14.7226262
10,101,2,1500,-1,-4.210583305
10,102,2,500,1,-7.156279912
10,103,2,500,1,-25.33584088
10,104,2,500,1,-20.46645302
10,105,2,1500,-1,-21.58884233
10,106,2,500,1,-22.70555053
10,107,2,500,1,-20.81061662
10,108,2,500,1,-21.88152975
10,109,2,500,1,-23.05301438
10,110,2,1500,-1,NaN
10,111,2,1500,-1,-1.874701063
10,112,2,500,1,-7.89218616
10,113,2,1500,-1,-9.425586
10,114,2,1500,-1,-7.433688617
10,115,2,1500,-1,-7.900033171
10,116,2,500,1,-13.03761666
10,117,2,500,1,-11.30242129
10,118,2,1500,-1,-12.53415468
10,119,2,500,1,-10.60139047
10,120,2,1500,-1,-16.19356969
10,121,2,1500,-1,-12.54499535
10,122,2,500,1,-29.62919264
10,123,2,500,1,-18.55447966
10,124,2,500,1,-19.45822543
10,125,2,500,1,-25.40338277
10,126,2,500,1,-22.57291219
10,127,2,1500,-1,-24.87370067
10,128,2,1500,-1,-15.94680145
10,129,2,500,1,-12.26041524
10,130,2,500,1,-20.50246363
10,131,2,500,1,-17.265541
10,132,2,500,1,-17.92044008
10,133,2,500,1,-18.65239484
10,134,2,500,1,-18.82501872
10,135,2,1500,-1,-8.811897651
10,136,2,1500,-1,-7.083522802
10,137,2,500,1,-7.295013289
10,138,2,500,1,-15.86803226
10,139,2,500,1,-13.26386549
10,140,2,1500,-1,-15.94953373
10,141,2,1500,-1,-9.296890122
10,142,2,500,1,-17.67747662
10,143,2,500,1,-17.69539992
10,144,2,1500,-1,-15.73612303
10,145,2,500,1,-19.58925917
10,146,2,1500,-1,-10.76833742
10,147,2,1500,-1,NaN
10,148,2,500,1,NaN
10,149,2,1500,-1,-13.916228
10,150,2,1500,-1,-8.077918484
10,151,2,500,1,2.050349118
10,152,2,500,1,NaN
10,153,2,1500,-1,NaN
10,154,2,500,1,-20.21849301
10,155,2,1500,-1,0.755102938
10,156,2,1500,-1,NaN
10,157,2,1500,-1,NaN
10,158,2,500,1,-6.574260497
10,159,2,500,1,-11.95214495
10,160,2,500,1,-18.25487641
10,161,2,1500,-1,NaN
10,162,2,1500,-1,-8.515855763
10,163,2,500,1,-4.770020862
10,164,2,500,1,-13.20070795
10,165,2,1500,-1,-8.389467037
10,166,2,500,1,-3.639120615
10,167,2,1500,-1,-9.384910331
10,168,2,1500,-1,NaN
10,169,2,500,1,-7.078144729
10,170,2,1500,-1,NaN
10,171,2,1500,-1,-1.618125436
10,172,2,1500,-1,0.539859685
10,173,2,1500,-1,-6.989595141
10,174,2,1500,-1,NaN
10,175,2,500,1,-10.52519461
10,176,2,1500,-1,-8.304078514
10,177,2,1500,-1,-7.395328178
10,178,2,500,1,-8.663909063
10,179,2,500,1,-12.08349557
10,180,2,500,1,-17.56143901
10,181,2,1500,-1,-19.50965604
10,182,2,1500,-1,-10.98596774
10,183,2,1500,-1,-10.78858547
10,184,2,500,1,-18.17998633
10,185,2,500,1,-18.38130147
10,186,2,1500,-1,-17.3525978
10,187,2,1500,-1,-14.0400047
10,188,2,1500,-1,-8.184232283
10,189,2,1500,-1,-14.02906181
10,190,2,1500,-1,-16.47357261
10,191,2,1500,-1,-5.86250234
10,192,2,500,1,-2.416122753
10,193,2,500,1,-19.81877459
10,194,2,1500,-1,-19.54699936
10,195,2,500,1,-12.22904787
10,196,2,1500,-1,-14.66844158
10,197,2,1500,-1,-3.857862051
10,198,2,500,1,-15.98650784
10,199,2,500,1,-21.02077511
10,200,2,1500,-1,-15.03461197
10,201,2,500,1,-10.34124435
10,202,2,500,1,-19.9226844
10,203,2,500,1,-15.84572945
10,204,2,1500,-1,-16.55438755
10,205,2,500,1,-8.941555127
10,206,2,1500,-1,-15.00266279
10,207,2,500,1,-14.44234587
10,208,2,500,1,-14.6787967
10,209,2,500,1,-11.98017517
10,210,2,1500,-1,-11.53858188
10,211,2,1500,-1,-12.10257476
10,212,2,500,1,-14.56968612
10,213,2,1500,-1,-13.53322272
10,214,2,500,1,-9.575224174
10,215,2,1500,-1,-1.310171152
10,216,2,500,1,-15.68454885
10,217,2,500,1,-24.06169699
10,218,2,500,1,-16.18320475
10,219,2,1500,-1,-11.79528964
10,220,2,1500,-1,-8.229063911
10,221,2,500,1,-12.21227864
10,222,2,500,1,-16.21585719
10,223,2,1500,-1,-11.82314534
10,224,2,1500,-1,-10.6881281
10,225,2,500,1,-11.06085142
10,226,2,500,1,-17.73741291
10,227,2,1500,-1,-18.28916798
10,228,2,500,1,-19.42664194
10,229,2,1500,-1,-12.17241868
10,230,2,1500,-1,-10.39534728
10,231,2,500,1,-12.03336917
10,232,2,1500,-1,-11.87507701
10,233,2,1500,-1,-6.561824318
10,234,2,500,1,-3.305013937
10,235,2,500,1,-15.50630816
10,236,2,1500,-1,-14.34136103
10,237,2,1500,-1,-10.13033292
10,238,2,1500,-1,-8.688129091
10,239,2,500,1,-2.155849469
10,240,2,1500,-1,-10.19532258
10,241,2,1500,-1,-6.763414025
10,242,2,1500,-1,14.53814879
10,243,2,500,1,-8.595911779
10,244,2,500,1,-16.50352768
10,245,2,1500,-1,-11.70632638
10,246,2,500,1,-11.15413264
10,247,2,500,1,-16.26037744
10,248,2,500,1,-24.83223311
10,249,2,1500,-1,-14.97506495
10,250,2,500,1,-21.59753804
10,251,2,1500,-1,-13.58661372
10,252,2,500,1,-18.37455757
10,253,2,1500,-1,NaN
10,254,2,500,1,-5.92984013
10,255,2,500,1,-13.26357563
10,256,2,1500,-1,-11.35106222
10,257,2,500,1,-10.24747315
10,258,2,500,1,-14.32453559
10,259,2,500,1,-12.22652608
10,260,2,1500,-1,-12.07656897
10,261,2,500,1,-8.319243074
10,262,2,1500,-1,-5.375221385
10,263,2,1500,-1,-9.65388914
10,264,2,1500,-1,-3.242878676
10,265,2,500,1,-8.770276618
10,266,2,500,1,-14.19827128
10,267,2,500,1,-17.75292251
10,268,2,1500,-1,-17.46645489
10,269,2,1500,-1,-7.176911116
10,270,2,500,1,-11.49666239
10,271,2,500,1,-17.77167343
10,272,2,1500,-1,-16.22652603
10,273,2,500,1,-15.58023533
10,274,2,1500,-1,-20.57172055
10,275,2,500,1,-12.17131715
10,276,2,500,1,-14.78302335
10,277,2,1500,-1,-15.85181855
10,278,2,500,1,-18.49730359
10,279,2,500,1,-23.26362314
10,280,2,1500,-1,-29.15310097
10,281,2,1500,-1,-14.11114707
10,282,2,500,1,-16.77257155
10,283,2,500,1,-14.57659613
10,284,2,1500,-1,NaN
10,285,2,1500,-1,-6.490252345
10,286,2,500,1,-11.88920542
10,287,2,1500,-1,-12.69648997
10,288,2,500,1,-9.223922796
10,289,2,1500,-1,-14.41798682
10,290,2,500,1,-21.94522191
10,291,2,500,1,-22.04409739
10,292,2,500,1,-20.12943368
10,293,2,500,1,-22.02535881
10,294,2,1500,-1,-19.43463389
10,295,2,1500,-1,NaN
10,296,2,1500,-1,-7.932172744
10,297,2,500,1,-17.02980898
10,298,2,500,1,-22.75277054
10,299,2,1500,-1,-15.95528637
10,300,2,1500,-1,NaN
10,301,2,500,1,-11.94981006
10,302,2,1500,-1,-12.60928101
10,303,2,1500,-1,-8.431631127
10,304,2,1500,-1,-15.01482763
10,305,2,1500,-1,-9.944275511
10,306,2,500,1,-21.79260708
10,307,2,1500,-1,-22.91486508
10,308,2,500,1,-29.47400969
10,309,2,1500,-1,NaN
10,310,2,500,1,-27.12223418
10,311,2,500,1,-18.42598842
10,312,2,500,1,-22.83609456
10,313,2,500,1,-24.49577022
10,314,2,1500,-1,-23.49841145
10,315,2,1500,-1,-7.311618478
10,316,2,1500,-1,-12.93382662
10,317,2,500,1,-12.20652008
10,318,2,500,1,-13.87901408
10,319,2,1500,-1,-12.38813752
10,320,2,500,1,-11.57132639
10,321,2,500,1,-10.74518058
10,322,2,1500,-1,-14.99255917
10,323,2,1500,-1,-7.923538677
10,324,2,1500,-1,-2.119641124
10,325,2,1500,-1,-5.391696658
10,326,2,500,1,-11.82244117
10,327,2,500,1,-16.07696551
10,328,2,500,1,-21.82811391
10,329,2,1500,-1,-19.97610119
10,330,2,1500,-1,-12.93243769
10,331,2,1500,-1,-14.26823761
10,332,2,1500,-1,-11.59862982
10,333,2,500,1,-9.052391478
10,334,2,500,1,-15.94603807
10,335,2,1500,-1,-11.95342001
10,336,2,1500,-1,-9.04187377
10,337,2,500,1,-6.266622854
10,338,2,1500,-1,-14.53120935
10,339,2,500,1,-10.40260358
10,340,2,1500,-1,-17.57642999
10,341,2,1500,-1,-10.99263555
10,342,2,1500,-1,-10.14961178
10,343,2,500,1,-16.84237578
10,344,2,500,1,-25.11376956
10,345,2,1500,-1,-14.30997557
10,346,2,1500,-1,-11.76374842
10,347,2,1500,-1,-9.482617726
10,348,2,1500,-1,-8.878994101
10,349,2,1500,-1,-11.26743028
10,350,2,1500,-1,-13.02526823
10,351,2,1500,-1,-13.62626378
10,352,2,1500,-1,-12.96421774
10,353,2,1500,-1,-11.80913394
10,354,2,1500,-1,-18.49866587
10,355,2,1500,-1,-18.99501935
10,356,2,500,1,-17.51195489
10,357,2,1500,-1,-21.52344643
10,358,2,1500,-1,-17.09783234
10,359,2,1500,-1,-16.43762465
10,360,2,500,1,-13.70076332
10,361,2,500,1,-25.52895616
10,362,2,500,1,-25.15711512
10,363,2,1500,-1,-21.97223597
10,364,2,1500,-1,-15.71558646
10,365,2,500,1,-21.96314593
10,366,2,1500,-1,-20.54500496
10,367,2,500,1,-16.44811947
10,368,2,1500,-1,-22.51663598
10,369,2,1500,-1,-21.66481891
10,370,2,500,1,NaN
10,371,2,1500,-1,-26.24574969
10,372,2,500,1,-23.17369798
10,373,2,500,1,-19.89136735
10,374,2,500,1,-26.07400334
10,375,2,500,1,-19.57598055
10,376,2,1500,-1,-18.34191509
10,377,2,500,1,-15.22721038
10,378,2,500,1,NaN
10,379,2,1500,-1,-22.83951515
10,380,2,500,1,-13.61808937
10,381,2,1500,-1,-17.17933298
10,382,2,500,1,-12.48800652
10,383,2,500,1,NaN
10,384,2,500,1,-28.80339919
10,385,2,1500,-1,NaN
10,386,2,1500,-1,-5.679827373
10,387,2,500,1,-7.786579797
10,388,2,500,1,-12.3892641
10,389,2,500,1,-23.07188458
10,390,2,1500,-1,-13.7153529
10,391,2,500,1,-10.35974755
10,392,2,500,1,-16.47471345
10,393,2,500,1,-19.43389161
10,394,2,1500,-1,-11.41725408
10,395,2,500,1,-2.279174504
10,396,2,500,1,-15.06435003
10,397,2,500,1,-17.23718046
10,398,2,1500,-1,-13.58214486
10,399,2,500,1,-20.48757889
10,400,2,1500,-1,-12.71936098
10,401,2,500,1,-12.48301452
10,402,2,500,1,-23.44541103
10,403,2,500,1,-19.7253576
10,404,2,1500,-1,-19.61275225
10,405,2,1500,-1,-8.967897871
10,406,2,500,1,-13.15737954
10,407,2,1500,-1,NaN
10,408,2,500,1,-7.416081639
10,409,2,500,1,-16.06986897
10,410,2,500,1,-19.19140499
10,411,2,1500,-1,-16.32837204
10,412,2,500,1,-15.31945483
10,413,2,1500,-1,-8.111056176
10,414,2,500,1,-8.801876412
10,415,2,500,1,-15.27989761
10,416,2,1500,-1,-15.49877733
10,417,2,1500,-1,-9.496065734
10,418,2,1500,-1,-8.654604117
10,419,2,1500,-1,-5.329530084
10,420,2,500,1,-11.84863687
10,421,3,1250,-0,-0.711671901
10,422,3,750,-0,-2.039516494
10,423,3,1000,-0,-0.189749977
10,424,3,1500,-0,-2.52655613
10,425,3,1500,-0,-0.314186169
10,426,3,1000,-0,-5.724571468
10,427,3,1000,-0,-4.688031672
10,428,3,1250,-0,-4.984835078
10,429,3,750,-0,-11.65512882
10,430,3,1000,-0,0.858812428
10,431,3,1250,-0,-10.85077371
10,432,3,1250,-0,-5.526451927
10,433,3,750,-0,-9.92178878
10,434,3,1000,-0,-13.70638514
10,435,3,750,-0,-11.11543839
10,436,3,1500,-0,-5.758070427
10,437,3,1250,-0,-10.57685467
10,438,3,750,-0,-8.084741877
10,439,3,500,-0,-15.72925177
10,440,3,1250,-0,-14.97333705
10,441,3,750,-0,-12.94450736
10,442,3,1500,-0,-8.283753839
10,443,3,1250,-0,-5.010995452
10,444,3,750,-0,-10.76936896
10,445,3,750,-0,-4.868859403
10,446,3,500,-0,-1.073229172
10,447,3,750,-0,-11.59099541
10,448,3,750,-0,-7.954452402
10,449,3,1000,-0,-9.982657473
10,450,3,500,-0,-9.464698118
10,451,3,750,-0,-6.955616246
10,452,3,1250,-0,-7.565002603
10,453,3,1000,-0,-9.948054497
10,454,3,1000,-0,-9.467897453
10,455,3,1250,-0,-11.34502704
10,456,3,750,-0,-13.37360835
10,457,3,1000,-0,-12.00956874
10,458,3,1250,-0,NaN
10,459,3,500,-0,-9.735608277
10,460,3,500,-0,-12.04666427
10,461,3,1500,-0,-9.224683992
10,462,3,1000,-0,-13.8538818
10,463,3,1250,-0,-8.772645089
10,464,3,1250,-0,-9.151386812
10,465,3,750,-0,-18.38890599
10,466,3,1000,-0,-13.68534222
10,467,3,750,-0,-2.129557615
10,468,3,1500,-0,-17.63929514
10,469,3,1250,-0,-9.683196369
10,470,3,1250,-0,-2.399784937
10,471,3,500,-0,-4.276623786
10,472,3,500,-0,-3.382385203
10,473,3,1000,-0,-11.23334837
10,474,3,1250,-0,-5.438440509
10,475,3,1000,-0,-0.309773748
10,476,3,750,-0,-4.283478014
10,477,3,1000,-0,-14.07640577
10,478,3,750,-0,-13.42165609
10,479,3,1500,-0,-2.801754233
10,480,3,1500,-0,-7.064985523
10,481,3,750,-0,-3.611975176
10,482,3,1000,-0,-1.454234599
10,483,3,1000,-0,-10.84377769
10,484,3,750,-0,-3.565059027
10,485,3,1500,-0,-12.25972073
10,486,3,500,-0,-8.633581747
10,487,3,500,-0,-10.64079306
10,488,3,500,-0,-8.560577415
10,489,3,500,-0,-3.376800616
10,490,3,1250,-0,-7.722217048
10,491,3,1250,-0,-8.605841144
10,492,3,500,-0,-8.657245372
10,493,3,1500,-0,-14.0217859
10,494,3,500,-0,-13.33208925
10,495,3,1000,-0,-12.18256959
10,496,3,750,-0,-12.02811017
10,497,3,500,-0,-20.09402342
10,498,3,1000,-0,-11.80259731
10,499,3,1500,-0,-12.43298047
10,500,3,1500,-0,-15.18042097
10,501,3,1500,-0,-14.57359722
10,502,3,1250,-0,-13.01464762
10,503,3,1500,-0,-9.056339005
10,504,3,1500,-0,-14.85695979
10,505,3,1250,-0,-17.67157362
10,506,3,500,-0,-12.99312751
10,507,3,1000,-0,-15.84925225
10,508,3,1250,-0,-12.60759323
10,509,3,1000,-0,-19.53176431
10,510,3,1500,-0,-6.707176069
10,511,3,500,-0,-15.30303351
10,512,3,1000,-0,-12.59317173
10,513,3,1250,-0,NaN
10,514,3,500,-0,-4.349611819
10,515,3,1500,-0,-11.32261887
10,516,3,1250,-0,-10.17016565
10,517,3,1500,-0,NaN
10,518,3,1500,-0,-10.99872911
10,519,3,1250,-0,-10.92713689
10,520,3,1000,-0,-11.48869143
10,521,3,750,-0,-2.958855885
10,522,3,1250,-0,-10.5057865
10,523,3,1250,-0,-0.714442817
10,524,3,1500,-0,-9.07343909
10,525,3,1250,-0,-6.249192927
10,526,3,1500,-0,-9.708213596
10,527,3,1500,-0,-13.60478191
10,528,3,750,-0,-15.37378253
10,529,3,500,-0,-11.17189957
10,530,3,1250,-0,-13.19290681
10,531,3,1000,-0,-14.08963315
10,532,3,750,-0,-14.33580728
10,533,3,750,-0,-12.16123088
10,534,3,1250,-0,-9.759390547
10,535,3,1000,-0,-10.55127399
10,536,3,1500,-0,-12.12650705
10,537,3,500,-0,-13.94985223
10,538,3,750,-0,-14.28546021
10,539,3,500,-0,-17.21354723
10,540,3,1000,-0,-13.884468
10,541,3,500,-0,-14.63841518
10,542,3,500,-0,-13.51986071
10,543,3,1500,-0,-16.98098541
10,544,3,500,-0,-11.34710493
10,545,3,1500,-0,-9.518231247
10,546,3,1500,-0,NaN
10,547,3,1250,-0,-10.04610268
10,548,3,1500,-0,-16.94681802
10,549,3,750,-0,NaN
10,550,3,1000,-0,-10.478115
10,551,3,750,-0,-11.88081827
10,552,3,1000,-0,-11.42629602
10,553,3,500,-0,-11.91790938
10,554,3,500,-0,-11.22851121
10,555,3,1250,-0,-15.14249737
10,556,3,1500,-0,-6.774164469
10,557,3,500,-0,-13.68794041
10,558,3,750,-0,-11.47458278
10,559,3,1000,-0,NaN
10,560,3,1500,-0,-16.45628786
10,561,3,750,-0,-17.94411789
10,562,3,500,-0,-15.27586294
10,563,3,500,-0,-20.95596983
10,564,3,1500,-0,-15.32836332
10,565,3,1000,-0,-9.522065815
10,566,3,750,-0,-11.88810543
10,567,3,500,-0,-10.3904962
10,568,3,750,-0,-11.53447307
10,569,3,1000,-0,-6.442319725
10,570,3,500,-0,-5.715188931
11,1,1,500,-0,-0.060227414
11,2,1,1500,-0,NaN
11,3,1,500,-0,-6.843310386
11,4,1,500,-0,-4.710546906
11,5,1,1500,-0,NaN
11,6,1,1500,-0,-4.252348294
11,7,1,500,-0,-1.951363831
11,8,1,500,-0,-2.706441877
11,9,1,1500,-0,-1.952737836
11,10,1,1500,-0,NaN
11,11,1,500,-0,-7.959827199
11,12,1,1500,-0,-0.676300308
11,13,1,500,-0,-7.348215301
11,14,1,500,-0,-3.490639897
11,15,1,500,-0,-5.614973937
11,16,1,1500,-0,NaN
11,17,1,1500,-0,-8.959005798
11,18,1,1500,-0,-11.94460459
11,19,1,1500,-0,-8.199573917
11,20,1,500,-0,-7.410546815
11,21,2,500,1,-11.20714261
11,22,2,1500,-1,NaN
11,23,2,1500,-1,-8.050742457
11,24,2,500,1,-5.210909632
11,25,2,500,1,-14.20166428
11,26,2,1500,-1,-10.28810376
11,27,2,500,1,-9.109900473
11,28,2,1500,-1,-9.801924443
11,29,2,1500,-1,-11.10973086
11,30,2,500,1,-8.472068179
11,31,2,1500,-1,-14.24349646
11,32,2,500,1,-14.4645699
11,33,2,500,1,-16.18626734
11,34,2,1500,-1,-19.02448196
11,35,2,1500,-1,-17.54560079
11,36,2,1500,-1,-14.79449746
11,37,2,1500,-1,-12.50658558
11,38,2,1500,-1,-15.22496987
11,39,2,500,1,-17.49885447
11,40,2,1500,-1,-15.88819666
11,41,2,1500,-1,-14.43244725
11,42,2,1500,-1,-15.36535817
11,43,2,500,1,-14.50441594
11,44,2,500,1,-16.26762249
11,45,2,1500,-1,-21.37825704
11,46,2,1500,-1,-15.28841013
11,47,2,500,1,-14.38764103
11,48,2,500,1,-17.87174508
11,49,2,1500,-1,-19.99280842
11,50,2,1500,-1,-19.96787991
11,51,2,500,1,-14.35902243
11,52,2,1500,-1,-14.9733876
11,53,2,1500,-1,-17.16393315
11,54,2,1500,-1,-15.02947594
11,55,2,500,1,-14.98565485
11,56,2,1500,-1,-17.22052662
11,57,2,500,1,-12.79216397
11,58,2,1500,-1,-14.15155449
11,59,2,1500,-1,-13.19391233
11,60,2,1500,-1,-13.44022583
11,61,2,500,1,-12.8175841
11,62,2,1500,-1,-16.14052862
11,63,2,1500,-1,NaN
11,64,2,500,1,-17.59069613
11,65,2,1500,-1,-16.41908132
11,66,2,500,1,-16.44338374
11,67,2,500,1,-19.95373134
11,68,2,1500,-1,-14.78838059
11,69,2,1500,-1,-10.70197616
11,70,2,500,1,-13.42020267
11,71,2,500,1,-16.08635028
11,72,2,1500,-1,-14.91356965
11,73,2,1500,-1,-12.82820793
11,74,2,500,1,-12.49773431
11,75,2,1500,-1,-12.6874797
11,76,2,500,1,-13.74924989
11,77,2,500,1,-16.86688598
11,78,2,1500,-1,-12.63120565
11,79,2,500,1,-15.79344159
11,80,2,1500,-1,-14.62209166
11,81,2,500,1,-17.52444843
11,82,2,1500,-1,-14.60971145
11,83,2,1500,-1,-11.69124628
11,84,2,500,1,-16.01239555
11,85,2,500,1,-17.4607825
11,86,2,1500,-1,-18.09058271
11,87,2,1500,-1,-16.72351013
11,88,2,500,1,-15.00391749
11,89,2,1500,-1,-14.43427423
11,90,2,1500,-1,-15.92610146
11,91,2,500,1,-15.14375097
11,92,2,500,1,-15.08046822
11,93,2,1500,-1,-15.4511333
11,94,2,500,1,-17.23331962
11,95,2,500,1,-18.13526846
11,96,2,500,1,-18.91673663
11,97,2,500,1,-16.72686011
11,98,2,500,1,-17.73972696
11,99,2,500,1,-15.62475387
11,100,2,500,1,-16.94844852
11,101,2,500,1,-15.01204541
11,102,2,1500,-1,-18.03514754
11,103,2,1500,-1,-17.09985946
11,104,2,500,1,-18.67608569
11,105,2,500,1,-16.92350064
11,106,2,1500,-1,-14.13783298
11,107,2,1500,-1,NaN
11,108,2,1500,-1,-9.365024135
11,109,2,500,1,-11.88134294
11,110,2,500,1,-13.62541149
11,111,2,500,1,-19.56861853
11,112,2,1500,-1,-18.22280594
11,113,2,500,1,-15.38900767
11,114,2,500,1,-17.17703327
11,115,2,1500,-1,-22.99019878
11,116,2,1500,-1,-16.55744845
11,117,2,500,1,-18.92286455
11,118,2,500,1,-24.71427447
11,119,2,1500,-1,NaN
11,120,2,1500,-1,NaN
11,121,2,500,1,-14.44423311
11,122,2,1500,-1,-15.8655297
11,123,2,1500,-1,-13.85733569
11,124,2,1500,-1,-15.84971971
11,125,2,1500,-1,-13.49224934
11,126,2,500,1,-14.23685096
11,127,2,500,1,-18.61007122
11,128,2,1500,-1,NaN
11,129,2,500,1,-16.97484263
11,130,2,500,1,-18.4040456
11,131,2,1500,-1,-19.70929955
11,132,2,500,1,-15.2114329
11,133,2,500,1,-19.60701603
11,134,2,1500,-1,-19.35513753
11,135,2,1500,-1,-16.06887674
11,136,2,500,1,-18.48167699
11,137,2,500,1,-17.03727929
11,138,2,500,1,-18.8050797
11,139,2,500,1,-23.07792626
11,140,2,500,1,-20.83031998
11,141,2,1500,-1,-22.75855692
11,142,2,1500,-1,-17.39066614
11,143,2,500,1,-16.62757109
11,144,2,500,1,-17.87599362
11,145,2,1500,-1,-19.55232481
11,146,2,500,1,-16.54297818
11,147,2,500,1,-17.86547246
11,148,2,1500,-1,-16.1883611
11,149,2,500,1,-17.73110317
11,150,2,500,1,-19.16082326
11,151,2,500,1,-18.89923382
11,152,2,500,1,-19.69571214
11,153,2,1500,-1,-17.6949382
11,154,2,500,1,-18.26792047
11,155,2,1500,-1,-18.66448074
11,156,2,1500,-1,-15.17936913
11,157,2,1500,-1,-9.733559063
11,158,2,500,1,-14.77492376
11,159,2,500,1,-16.88388222
11,160,2,1500,-1,-14.4254225
11,161,2,1500,-1,-15.04592127
11,162,2,500,1,-15.60131614
11,163,2,1500,-1,-16.18353197
11,164,2,1500,-1,-10.83739262
11,165,2,1500,-1,-14.01249743
11,166,2,1500,-1,-14.41477846
11,167,2,500,1,-13.0342472
11,168,2,1500,-1,-15.93360386
11,169,2,500,1,-16.44373128
11,170,2,500,1,-16.71095595
11,171,2,500,1,-18.06032073
11,172,2,1500,-1,-14.61062363
11,173,2,1500,-1,-13.37550909
11,174,2,1500,-1,-17.83172637
11,175,2,1500,-1,-12.31796856
11,176,2,1500,-1,-11.89631796
11,177,2,1500,-1,-8.387203242
11,178,2,1500,-1,-10.48051725
11,179,2,500,1,-13.60308486
11,180,2,500,1,-16.60890983
11,181,2,500,1,-19.14020179
11,182,2,1500,-1,-15.74941238
11,183,2,500,1,-17.45202841
11,184,2,500,1,-15.88885928
11,185,2,1500,-1,-13.44170465
11,186,2,500,1,-15.74282697
11,187,2,500,1,-18.44667601
11,188,2,1500,-1,-12.92129386
11,189,2,500,1,-15.58192322
11,190,2,500,1,-20.49815379
11,191,2,1500,-1,-19.22175346
11,192,2,1500,-1,-17.26574232
11,193,2,1500,-1,-14.67123306
11,194,2,1500,-1,-14.61301004
11,195,2,500,1,-17.19424065
11,196,2,500,1,-20.44068814
11,197,2,1500,-1,-17.74133843
11,198,2,1500,-1,-18.45351315
11,199,2,1500,-1,-14.8333727
11,200,2,1500,-1,-14.37261281
11,201,2,500,1,-15.86530679
11,202,2,500,1,-16.6796459
11,203,2,1500,-1,-16.01824625
11,204,2,1500,-1,-16.19302374
11,205,2,1500,-1,-18.3741546
11,206,2,1500,-1,-16.01826645
11,207,2,500,1,-16.23729758
11,208,2,1500,-1,-19.32760957
11,209,2,500,1,-19.33970551
11,210,2,500,1,-18.64968768
11,211,2,500,1,-19.04389056
11,212,2,500,1,-22.22320111
11,213,2,1500,-1,-20.6943522
11,214,2,500,1,-18.71631848
11,215,2,1500,-1,-21.4044308
11,216,2,1500,-1,-20.44240514
11,217,2,1500,-1,-15.42017703
11,218,2,500,1,-21.94925812
11,219,2,1500,-1,NaN
11,220,2,500,1,-19.67515156
11,221,2,1500,-1,-19.96143796
11,222,2,500,1,-18.68604795
11,223,2,1500,-1,-20.52556244
11,224,2,500,1,-21.78757682
11,225,2,1500,-1,-17.60754138
11,226,2,1500,-1,-17.94092287
11,227,2,1500,-1,-18.43043908
11,228,2,1500,-1,-14.79639283
11,229,2,1500,-1,-15.92838818
11,230,2,1500,-1,-18.06869695
11,231,2,500,1,-16.86207503
11,232,2,500,1,-21.03858038
11,233,2,1500,-1,-18.07545948
11,234,2,500,1,-17.55348499
11,235,2,500,1,-21.79549577
11,236,2,500,1,-26.11874156
11,237,2,500,1,-26.74275426
11,238,2,1500,-1,-21.33002992
11,239,2,1500,-1,-16.12560424
11,240,2,1500,-1,-20.17085455
11,241,2,1500,-1,-17.16254731
11,242,2,1500,-1,-16.9321
11,243,2,500,1,-14.9805787
11,244,2,500,1,-20.78204944
11,245,2,1500,-1,-19.29541119
11,246,2,1500,-1,-15.32289826
11,247,2,1500,-1,-15.89219466
11,248,2,500,1,-20.6226901
11,249,2,500,1,-23.83668829
11,250,2,500,1,-24.15847526
11,251,2,500,1,-25.62653884
11,252,2,1500,-1,-17.49214647
11,253,2,1500,-1,-18.74276451
11,254,2,500,1,-19.72471997
11,255,2,500,1,-20.32843156
11,256,2,1500,-1,-19.54487124
11,257,2,1500,-1,-19.39410522
11,258,2,1500,-1,-20.06437334
11,259,2,1500,-1,-18.2937375
11,260,2,500,1,-19.50764562
11,261,2,500,1,-23.73479256
11,262,2,1500,-1,-20.70108854
11,263,2,1500,-1,-21.77141583
11,264,2,1500,-1,-15.41719673
11,265,2,1500,-1,-16.8825498
11,266,2,1500,-1,-17.44517736
11,267,2,1500,-1,-17.19467967
11,268,2,500,1,-17.76485241
11,269,2,1500,-1,-16.02017358
11,270,2,500,1,-20.83226468
11,271,2,1500,-1,-12.61632439
11,272,2,1500,-1,-11.06147333
11,273,2,1500,-1,NaN
11,274,2,500,1,-15.33388729
11,275,2,500,1,-15.33628451
11,276,2,1500,-1,-13.47194575
11,277,2,1500,-1,-14.79740624
11,278,2,1500,-1,-14.84753742
11,279,2,1500,-1,-13.13703772
11,280,2,500,1,-11.7394859
11,281,2,500,1,-17.13649222
11,282,2,500,1,-17.1964871
11,283,2,1500,-1,NaN
11,284,2,500,1,-18.45145704
11,285,2,500,1,-19.72885056
11,286,2,500,1,-19.63413931
11,287,2,1500,-1,-17.41243115
11,288,2,500,1,-16.02262188
11,289,2,500,1,-19.33998156
11,290,2,500,1,-24.49554139
11,291,2,1500,-1,-14.82396263
11,292,2,1500,-1,-13.67743279
11,293,2,500,1,-15.18996741
11,294,2,1500,-1,-13.44280751
11,295,2,500,1,-13.86677538
11,296,2,1500,-1,-13.65950328
11,297,2,500,1,-16.69156336
11,298,2,1500,-1,-14.0964003
11,299,2,1500,-1,-11.05773943
11,300,2,500,1,-12.21961028
11,301,2,500,1,-19.61631578
11,302,2,500,1,-16.25027235
11,303,2,500,1,-15.21561651
11,304,2,500,1,-12.63211357
11,305,2,1500,-1,-12.53984623
11,306,2,1500,-1,-11.36518624
11,307,2,1500,-1,-10.60002226
11,308,2,500,1,-11.27556993
11,309,2,500,1,-17.41499617
11,310,2,1500,-1,-15.16669501
11,311,2,1500,-1,-11.91932327
11,312,2,1500,-1,-14.47560849
11,313,2,500,1,-17.41773318
11,314,2,1500,-1,-14.97432279
11,315,2,1500,-1,-20.54608357
11,316,2,500,1,-15.63072251
11,317,2,1500,-1,-19.00079474
11,318,2,500,1,-16.70714155
11,319,2,1500,-1,-16.45494417
11,320,2,500,1,-13.67587759
11,321,2,500,1,-16.61690526
11,322,2,500,1,-22.26723078
11,323,2,500,1,-19.05604889
11,324,2,500,1,-18.65670031
11,325,2,500,1,-23.91761955
11,326,2,1500,-1,-24.48774072
11,327,2,500,1,-21.5703162
11,328,2,1500,-1,-14.96419962
11,329,2,500,1,-21.87362038
11,330,2,500,1,-21.45272888
11,331,2,500,1,-20.32974835
11,332,2,500,1,-22.90570888
11,333,2,500,1,-21.50810987
11,334,2,1500,-1,-16.81758907
11,335,2,500,1,-15.63577555
11,336,2,1500,-1,-7.160853382
11,337,2,500,1,-12.60691736
11,338,2,1500,-1,-10.2053036
11,339,2,500,1,-11.05275296
11,340,2,1500,-1,-11.51541166
11,341,2,1500,-1,-11.95681784
11,342,2,500,1,-13.84208254
11,343,2,500,1,-12.9314555
11,344,2,1500,-1,NaN
11,345,2,1500,-1,-8.197075785
11,346,2,1500,-1,-12.2047174
11,347,2,500,1,-15.15291716
11,348,2,1500,-1,-11.71895522
11,349,2,1500,-1,-10.32934917
11,350,2,1500,-1,-11.78237147
11,351,2,1500,-1,-10.18660222
11,352,2,500,1,-13.51770478
11,353,2,1500,-1,-18.21302218
11,354,2,500,1,-13.92597144
11,355,2,500,1,-19.98752516
11,356,2,500,1,-16.91585351
11,357,2,1500,-1,-17.55355312
11,358,2,500,1,-13.7244433
11,359,2,1500,-1,-17.84839814
11,360,2,500,1,-17.61631973
11,361,2,1500,-1,-17.57861961
11,362,2,1500,-1,-13.90841112
11,363,2,500,1,-16.12117566
11,364,2,1500,-1,-13.57103511
11,365,2,500,1,-17.98063158
11,366,2,500,1,-18.5533592
11,367,2,1500,-1,-13.86841417
11,368,2,500,1,-23.72740526
11,369,2,500,1,-15.15761054
11,370,2,500,1,-20.42744419
11,371,2,1500,-1,-12.20503525
11,372,2,1500,-1,-14.9857135
11,373,2,1500,-1,-9.401688157
11,374,2,1500,-1,-12.42447597
11,375,2,1500,-1,-18.59684227
11,376,2,500,1,-18.01949308
11,377,2,500,1,-18.34290738
11,378,2,500,1,-16.4177617
11,379,2,1500,-1,-13.50689826
11,380,2,500,1,-15.95854689
11,381,2,1500,-1,-12.77313067
11,382,2,1500,-1,-16.82801649
11,383,2,1500,-1,-15.41062396
11,384,2,500,1,-17.76603235
11,385,2,500,1,-14.81536524
11,386,2,500,1,-17.12704656
11,387,2,500,1,-17.06222703
11,388,2,500,1,-22.00051245
11,389,2,500,1,-21.74832532
11,390,2,500,1,-20.14696721
11,391,2,500,1,-19.81789663
11,392,2,500,1,-22.91256437
11,393,2,1500,-1,-17.48636762
11,394,2,1500,-1,-17.77288194
11,395,2,1500,-1,-16.32844931
11,396,2,1500,-1,-17.98642671
11,397,2,500,1,-19.71504311
11,398,2,500,1,-20.67904757
11,399,2,1500,-1,-20.49984286
11,400,2,500,1,-24.70275256
11,401,2,1500,-1,-24.90397258
11,402,2,500,1,-18.17917248
11,403,2,500,1,-16.86580294
11,404,2,1500,-1,-20.32278304
11,405,2,1500,-1,-18.69986601
11,406,2,500,1,-21.54190981
11,407,2,500,1,-20.78714834
11,408,2,500,1,-23.85325155
11,409,2,500,1,-21.29325176
11,410,2,500,1,-25.20588934
11,411,2,500,1,-21.69945601
11,412,2,1500,-1,-19.02595844
11,413,2,500,1,-18.15712746
11,414,2,500,1,-22.42620855
11,415,2,500,1,-23.10344069
11,416,2,1500,-1,-17.37066542
11,417,2,1500,-1,-15.57651671
11,418,2,1500,-1,-16.18353046
11,419,2,500,1,-19.4447718
11,420,2,500,1,-19.43410612
11,421,3,1000,-0,NaN
11,422,3,500,-0,-14.40912245
11,423,3,1250,-0,-10.51378691
11,424,3,500,-0,-12.52307659
11,425,3,500,-0,-16.04319732
11,426,3,1250,-0,-12.60870288
11,427,3,750,-0,-16.10088856
11,428,3,750,-0,-11.93796967
11,429,3,750,-0,-16.36531236
11,430,3,1500,-0,-12.46956098
11,431,3,500,-0,-17.7933431
11,432,3,750,-0,-15.72841637
11,433,3,1250,-0,-15.60023333
11,434,3,1250,-0,-14.44464128
11,435,3,1000,-0,-14.16350415
11,436,3,1250,-0,-12.66203613
11,437,3,750,-0,-17.97592715
11,438,3,500,-0,-13.58514054
11,439,3,1000,-0,-14.10711014
11,440,3,1000,-0,-16.68166178
11,441,3,500,-0,-17.09916162
11,442,3,500,-0,-17.13452625
11,443,3,1250,-0,-12.99745863
11,444,3,1000,-0,-17.17978536
11,445,3,1250,-0,-15.69553306
11,446,3,1250,-0,-18.27915778
11,447,3,500,-0,-17.40165653
11,448,3,1500,-0,-8.152265551
11,449,3,750,-0,-11.12275927
11,450,3,750,-0,-11.58617624
11,451,3,1500,-0,-13.17520717
11,452,3,1250,-0,-9.066300359
11,453,3,750,-0,-14.86118263
11,454,3,750,-0,-14.68463616
11,455,3,1250,-0,-11.755477
11,456,3,750,-0,-14.00103377
11,457,3,750,-0,-13.3464723
11,458,3,750,-0,-14.4449235
11,459,3,1250,-0,-9.778408544
11,460,3,1500,-0,-15.00617209
11,461,3,1500,-0,-10.46653725
11,462,3,1500,-0,-11.64598166
11,463,3,1250,-0,-13.47072679
11,464,3,1000,-0,-14.34253039
11,465,3,1500,-0,-14.99280761
11,466,3,1250,-0,-15.23961896
11,467,3,1500,-0,-18.66191917
11,468,3,1000,-0,-12.04587036
11,469,3,1000,-0,-17.69151535
11,470,3,750,-0,-13.33656614
11,471,3,1500,-0,-14.29611787
11,472,3,1000,-0,-11.23529767
11,473,3,1250,-0,-13.92358647
11,474,3,500,-0,-18.31332927
11,475,3,750,-0,-15.74962855
11,476,3,1000,-0,-15.53809446
11,477,3,1500,-0,-9.864887126
11,478,3,750,-0,-14.29512135
11,479,3,1250,-0,-13.98054418
11,480,3,1000,-0,-11.99854362
11,481,3,750,-0,-16.35545033
11,482,3,500,-0,-16.73923995
11,483,3,750,-0,-14.08821826
11,484,3,1500,-0,-11.71988986
11,485,3,500,-0,-15.15986601
11,486,3,1000,-0,-16.35020446
11,487,3,750,-0,-15.68988083
11,488,3,500,-0,-8.240788823
11,489,3,750,-0,-13.09881715
11,490,3,1000,-0,-6.486264229
11,491,3,500,-0,-9.708490773
11,492,3,1000,-0,-10.5640677
11,493,3,500,-0,-17.36587504
11,494,3,500,-0,-11.09150336
11,495,3,750,-0,-12.67273138
11,496,3,750,-0,-11.40200488
11,497,3,1250,-0,-10.7386733
11,498,3,1500,-0,-14.72876346
11,499,3,500,-0,-10.80687817
11,500,3,1000,-0,-11.96091508
11,501,3,1000,-0,-10.09850667
11,502,3,750,-0,-14.3064566
11,503,3,1250,-0,-8.402369339
11,504,3,750,-0,-11.31136542
11,505,3,500,-0,-8.475989103
11,506,3,1500,-0,-8.546856701
11,507,3,1000,-0,-8.858058788
11,508,3,1500,-0,-10.83519063
11,509,3,1500,-0,-12.81832351
11,510,3,1500,-0,-10.97280977
11,511,3,1250,-0,-13.8903825
11,512,3,1500,-0,-14.66307693
11,513,3,1000,-0,-14.92697814
11,514,3,1250,-0,-15.21786731
11,515,3,750,-0,-14.27688902
11,516,3,1500,-0,-13.62965589
11,517,3,500,-0,-14.69781435
11,518,3,500,-0,-17.14237614
11,519,3,500,-0,-15.6583133
11,520,3,1500,-0,NaN
11,521,3,1000,-0,-16.01968788
11,522,3,1250,-0,-15.0325291
11,523,3,1500,-0,-10.63193648
11,524,3,1000,-0,-9.603754474
11,525,3,1000,-0,-15.14303555
11,526,3,500,-0,-10.22499197
11,527,3,1250,-0,NaN
11,528,3,1500,-0,-11.54512717
11,529,3,1000,-0,-14.86094529
11,530,3,1500,-0,-11.49723067
11,531,3,1500,-0,-15.98879981
11,532,3,500,-0,-12.17380063
11,533,3,500,-0,-13.27157794
11,534,3,1000,-0,-9.483642942
11,535,3,1000,-0,-14.99612181
11,536,3,750,-0,-13.215976
11,537,3,500,-0,-14.60688451
11,538,3,1250,-0,-14.1518803
11,539,3,1250,-0,-13.0436963
11,540,3,500,-0,-17.40765338
11,541,3,750,-0,-15.73724128
11,542,3,1500,-0,-12.64215932
11,543,3,1500,-0,-13.31874619
11,544,3,1000,-0,-12.90984252
11,545,3,1000,-0,-12.38209857
11,546,3,500,-0,-13.04032214
11,547,3,500,-0,-16.48825468
11,548,3,500,-0,-11.58547012
11,549,3,1250,-0,NaN
11,550,3,1000,-0,-11.24331854
11,551,3,1000,-0,-11.86505477
11,552,3,750,-0,-11.93543936
11,553,3,1250,-0,-7.37543535
11,554,3,1500,-0,-14.92298366
11,555,3,1500,-0,NaN
11,556,3,750,-0,-14.36189256
11,557,3,1500,-0,-12.02034242
11,558,3,1250,-0,-13.54261516
11,559,3,500,-0,-14.22279064
11,560,3,1000,-0,-13.84987168
11,561,3,1000,-0,-12.12523345
11,562,3,750,-0,-12.21923967
11,563,3,1250,-0,NaN
11,564,3,1250,-0,-10.28357085
11,565,3,1250,-0,-10.58691522
11,566,3,1500,-0,-10.831489
11,567,3,750,-0,-14.48090532
11,568,3,1250,-0,-10.03137836
11,569,3,1500,-0,-10.50045812
11,570,3,500,-0,-13.95517786
12,1,1,1500,0,NaN
12,2,1,500,0,0.082476174
12,3,1,500,0,-2.793438141
12,4,1,1500,0,2.935027461
12,5,1,500,0,2.866761594
12,6,1,500,0,2.951170344
12,7,1,1500,0,-0.96220792
12,8,1,500,0,-6.497860208
12,9,1,1500,0,0.518398618
12,10,1,1500,0,0.504513974
12,11,1,1500,0,-0.963817149
12,12,1,1500,0,-9.822969229
12,13,1,500,0,-2.673357995
12,14,1,500,0,-4.064317888
12,15,1,1500,0,-0.844488007
12,16,1,500,0,-2.972797079
12,17,1,500,0,-1.615201163
12,18,1,1500,0,-7.844851374
12,19,1,1500,0,-0.776726183
12,20,1,500,0,-7.20678509
12,21,2,500,1,6.494720225
12,22,2,500,1,-12.48135126
12,23,2,1500,-1,-17.78161919
12,24,2,1500,-1,-9.028122189
12,25,2,1500,-1,-4.773266935
12,26,2,1500,-1,-4.122518947
12,27,2,500,1,-1.960585315
12,28,2,1500,-1,-5.586068163
12,29,2,1500,-1,-6.014980174
12,30,2,1500,-1,-1.023780176
12,31,2,1500,-1,2.620453312
12,32,2,500,1,4.477102181
12,33,2,1500,-1,1.38300336
12,34,2,500,1,-4.415291441
12,35,2,1500,-1,0.81870132
12,36,2,500,1,-2.288547477
12,37,2,1500,-1,-2.563427581
12,38,2,500,1,1.407728724
12,39,2,500,1,-13.00811435
12,40,2,500,1,-2.529704264
12,41,2,500,1,-9.605029766
12,42,2,1500,-1,-6.617478597
12,43,2,500,1,-4.842226219
12,44,2,1500,-1,-4.13792441
12,45,2,1500,-1,-3.32645332
12,46,2,1500,-1,-2.717944181
12,47,2,500,1,-10.4766804
12,48,2,1500,-1,-6.334508267
12,49,2,500,1,-9.643105954
12,50,2,1500,-1,-5.197502512
12,51,2,1500,-1,-12.65074383
12,52,2,1500,-1,8.45502557
12,53,2,1500,-1,4.088015107
12,54,2,500,1,-9.167485903
12,55,2,1500,-1,NaN
12,56,2,500,1,1.299285168
12,57,2,1500,-1,1.57783102
12,58,2,500,1,-0.18800305
12,59,2,1500,-1,-0.248920326
12,60,2,500,1,-2.341613879
12,61,2,1500,-1,NaN
12,62,2,500,1,-2.211983271
12,63,2,1500,-1,-3.927166247
12,64,2,1500,-1,-7.100300352
12,65,2,1500,-1,-6.051385673
12,66,2,500,1,-8.390972315
12,67,2,1500,-1,-11.0175734
12,68,2,500,1,-10.24443269
12,69,2,1500,-1,-8.628221246
12,70,2,1500,-1,-4.451679273
12,71,2,500,1,-0.982346996
12,72,2,500,1,-8.216189972
12,73,2,1500,-1,-7.279151087
12,74,2,1500,-1,4.497192883
12,75,2,500,1,-1.239520041
12,76,2,1500,-1,1.734922741
12,77,2,500,1,-4.944111455
12,78,2,1500,-1,0.068196707
12,79,2,500,1,3.688372104
12,80,2,1500,-1,-3.654157319
12,81,2,500,1,-8.871680169
12,82,2,1500,-1,-3.086245709
12,83,2,500,1,-7.767181052
12,84,2,500,1,-3.493749571
12,85,2,1500,-1,-8.263663923
12,86,2,500,1,-5.065635166
12,87,2,1500,-1,2.11940731
12,88,2,500,1,-3.846631915
12,89,2,1500,-1,NaN
12,90,2,1500,-1,2.264676483
12,91,2,500,1,2.876191126
12,92,2,500,1,-5.269694197
12,93,2,1500,-1,-1.139024987
12,94,2,500,1,-4.839825932
12,95,2,500,1,-4.518327742
12,96,2,500,1,-4.182722458
12,97,2,1500,-1,2.79271715
12,98,2,1500,-1,-4.257484345
12,99,2,500,1,-1.773046716
12,100,2,1500,-1,-3.514189791
12,101,2,500,1,-5.581071377
12,102,2,1500,-1,-0.862663407
12,103,2,500,1,1.307292548
12,104,2,500,1,-5.411804735
12,105,2,500,1,-2.146595255
12,106,2,1500,-1,2.677628162
12,107,2,1500,-1,3.372144146
12,108,2,1500,-1,4.816333784
12,109,2,500,1,-4.567280606
12,110,2,1500,-1,6.124821538
12,111,2,500,1,-2.369910362
12,112,2,1500,-1,5.652225562
12,113,2,1500,-1,2.356550095
12,114,2,1500,-1,-0.422179755
12,115,2,500,1,0.74126987
12,116,2,1500,-1,6.2080345
12,117,2,1500,-1,7.74540299
12,118,2,500,1,3.794383813
12,119,2,1500,-1,-0.92287702
12,120,2,1500,-1,9.122682219
12,121,2,1500,-1,2.623427933
12,122,2,1500,-1,4.384582418
12,123,2,1500,-1,4.377864246
12,124,2,500,1,3.380298329
12,125,2,1500,-1,1.200129425
12,126,2,1500,-1,-0.740994213
12,127,2,1500,-1,6.410540594
12,128,2,500,1,4.772241488
12,129,2,1500,-1,NaN
12,130,2,1500,-1,-0.971128984
12,131,2,500,1,1.140341631
12,132,2,500,1,-5.072492216
12,133,2,1500,-1,NaN
12,134,2,500,1,-1.269317531
12,135,2,500,1,-10.73739022
12,136,2,1500,-1,-5.620165223
12,137,2,1500,-1,0.98918575
12,138,2,500,1,-10.15385745
12,139,2,500,1,-9.870732619
12,140,2,1500,-1,-11.40494717
12,141,2,1500,-1,-5.409756563
12,142,2,1500,-1,-10.98699052
12,143,2,500,1,-0.935370333
12,144,2,1500,-1,-0.826900974
12,145,2,500,1,-12.44829519
12,146,2,1500,-1,-3.011107199
12,147,2,1500,-1,-9.054247408
12,148,2,500,1,-6.850249465
12,149,2,1500,-1,-5.676844046
12,150,2,1500,-1,-3.629051101
12,151,2,500,1,-8.952319167
12,152,2,500,1,-11.42244071
12,153,2,1500,-1,-5.28047875
12,154,2,1500,-1,-8.644784595
12,155,2,500,1,-17.81416318
12,156,2,1500,-1,-21.51296051
12,157,2,500,1,-23.30067483
12,158,2,500,1,-24.66128689
12,159,2,1500,-1,-16.54102319
12,160,2,1500,-1,-8.364031025
12,161,2,1500,-1,-9.499548098
12,162,2,500,1,-10.69233717
12,163,2,500,1,-10.26523035
12,164,2,1500,-1,-11.4709409
12,165,2,500,1,-16.93751875
12,166,2,500,1,-15.03288135
12,167,2,1500,-1,-14.75548419
12,168,2,1500,-1,-13.14236095
12,169,2,1500,-1,-6.326466077
12,170,2,500,1,-21.09953128
12,171,2,1500,-1,-10.21888197
12,172,2,1500,-1,-8.678986249
12,173,2,500,1,-16.46196062
12,174,2,500,1,-21.90170212
12,175,2,500,1,-23.05204109
12,176,2,1500,-1,-24.44405227
12,177,2,500,1,-28.72115545
12,178,2,1500,-1,-18.13027865
12,179,2,500,1,-22.11263864
12,180,2,500,1,-23.07238831
12,181,2,1500,-1,-19.10755079
12,182,2,1500,-1,-23.84673754
12,183,2,500,1,-20.43956376
12,184,2,500,1,-19.93749492
12,185,2,500,1,-21.61535262
12,186,2,500,1,-28.32195658
12,187,2,500,1,NaN
12,188,2,500,1,-16.96871044
12,189,2,500,1,-9.585245492
12,190,2,500,1,-23.5618863
12,191,2,500,1,-28.65262936
12,192,2,500,1,-23.31759203
12,193,2,1500,-1,-18.72001595
12,194,2,1500,-1,NaN
12,195,2,1500,-1,-14.40266066
12,196,2,500,1,-19.58063423
12,197,2,500,1,-15.84664527
12,198,2,500,1,-9.777928501
12,199,2,1500,-1,NaN
12,200,2,500,1,-19.75812229
12,201,2,1500,-1,-14.00456311
12,202,2,1500,-1,-9.410746199
12,203,2,500,1,-14.75456389
12,204,2,1500,-1,-16.63827168
12,205,2,500,1,-20.8141871
12,206,2,1500,-1,-15.11916994
12,207,2,500,1,-15.00168983
12,208,2,500,1,-18.69676161
12,209,2,500,1,-21.93946584
12,210,2,1500,-1,-16.71951819
12,211,2,500,1,-22.37493071
12,212,2,500,1,-20.85344319
12,213,2,1500,-1,-17.41338754
12,214,2,1500,-1,-11.15171072
12,215,2,500,1,-15.4479373
12,216,2,500,1,-20.214315
12,217,2,500,1,-22.23561132
12,218,2,1500,-1,-18.56901021
12,219,2,500,1,-22.86144113
12,220,2,500,1,-24.26865091
12,221,2,500,1,-22.5564619
12,222,2,500,1,-26.5438402
12,223,2,500,1,-21.48013504
12,224,2,500,1,-24.35174946
12,225,2,1500,-1,NaN
12,226,2,1500,-1,-27.39214113
12,227,2,500,1,-27.06988338
12,228,2,500,1,NaN
12,229,2,500,1,-27.30717023
12,230,2,500,1,NaN
12,231,2,500,1,-18.75268379
12,232,2,500,1,NaN
12,233,2,500,1,-25.31038462
12,234,2,500,1,-28.38833966
12,235,2,500,1,NaN
12,236,2,1500,-1,NaN
12,237,2,500,1,NaN
12,238,2,1500,-1,NaN
12,239,2,500,1,NaN
12,240,2,1500,-1,NaN
12,241,2,1500,-1,-22.43467004
12,242,2,500,1,NaN
12,243,2,1500,-1,-28.91188138
12,244,2,500,1,NaN
12,245,2,500,1,NaN
12,246,2,500,1,NaN
12,247,2,1500,-1,-12.7092191
12,248,2,1500,-1,-8.242193715
12,249,2,1500,-1,-9.885624857
12,250,2,500,1,-13.6668737
12,251,2,1500,-1,-16.46072652
12,252,2,500,1,-16.3506857
12,253,2,500,1,-15.30000965
12,254,2,500,1,-18.29648309
12,255,2,1500,-1,-11.92492262
12,256,2,1500,-1,-15.06021006
12,257,2,500,1,-14.53870074
12,258,2,500,1,-15.641702
12,259,2,500,1,-19.07575958
12,260,2,1500,-1,-5.334516603
12,261,2,1500,-1,NaN
12,262,2,1500,-1,-6.995764353
12,263,2,500,1,-10.54964009
12,264,2,1500,-1,-3.552749691
12,265,2,1500,-1,-9.046121018
12,266,2,500,1,-7.244326114
12,267,2,500,1,-9.089334031
12,268,2,1500,-1,-5.132835664
12,269,2,1500,-1,-3.777141805
12,270,2,500,1,-12.77223075
12,271,2,1500,-1,-9.956920807
12,272,2,1500,-1,-11.12785607
12,273,2,500,1,-25.93018772
12,274,2,1500,-1,-11.99451598
12,275,2,1500,-1,-2.269173467
12,276,2,1500,-1,-8.026941173
12,277,2,1500,-1,-6.32693069
12,278,2,500,1,-13.86289478
12,279,2,1500,-1,NaN
12,280,2,1500,-1,4.767684626
12,281,2,500,1,1.100140008
12,282,2,500,1,-11.6251127
12,283,2,500,1,-13.79367387
12,284,2,500,1,-15.6250063
12,285,2,500,1,-10.55542584
12,286,2,1500,-1,NaN
12,287,2,1500,-1,5.291340937
12,288,2,1500,-1,-5.439449336
12,289,2,500,1,-4.506749863
12,290,2,1500,-1,-10.38578635
12,291,2,500,1,-19.1939747
12,292,2,500,1,-25.17488342
12,293,2,500,1,-16.62608866
12,294,2,1500,-1,-10.98522103
12,295,2,1500,-1,-12.35665263
12,296,2,500,1,-7.070915313
12,297,2,1500,-1,-6.893083983
12,298,2,500,1,-17.58081734
12,299,2,500,1,-21.97258474
12,300,2,1500,-1,-11.40090253
12,301,2,500,1,-16.50827707
12,302,2,500,1,-20.58287764
12,303,2,500,1,-17.7379297
12,304,2,500,1,-17.59744444
12,305,2,500,1,-19.6268791
12,306,2,1500,-1,-13.02241398
12,307,2,500,1,-19.63092909
12,308,2,1500,-1,-7.976949535
12,309,2,500,1,-16.27885138
12,310,2,1500,-1,-6.465619378
12,311,2,500,1,-21.10109737
12,312,2,500,1,-13.26078126
12,313,2,500,1,-15.99757958
12,314,2,1500,-1,-11.2270083
12,315,2,1500,-1,-7.517779473
12,316,2,1500,-1,-6.983306863
12,317,2,500,1,-16.86419824
12,318,2,500,1,-11.93993761
12,319,2,1500,-1,NaN
12,320,2,1500,-1,-7.268346408
12,321,2,500,1,-9.445380426
12,322,2,500,1,-11.1698005
12,323,2,1500,-1,-3.69783937
12,324,2,500,1,-18.19162353
12,325,2,500,1,-23.794484
12,326,2,500,1,-18.68991918
12,327,2,1500,-1,-10.44127351
12,328,2,1500,-1,-13.03571735
12,329,2,1500,-1,NaN
12,330,2,1500,-1,-8.461531955
12,331,2,500,1,-5.407198482
12,332,2,1500,-1,-12.52693893
12,333,2,500,1,-7.251894961
12,334,2,500,1,-10.23349152
12,335,2,1500,-1,-6.859454377
12,336,2,1500,-1,-8.607622993
12,337,2,500,1,-14.71472282
12,338,2,1500,-1,-4.528754388
12,339,2,1500,-1,NaN
12,340,2,1500,-1,-9.880856014
12,341,2,500,1,-21.3072297
12,342,2,500,1,-17.91229731
12,343,2,1500,-1,-9.280577356
12,344,2,1500,-1,-11.7260055
12,345,2,500,1,-21.59688347
12,346,2,500,1,-24.25638521
12,347,2,1500,-1,-13.05139399
12,348,2,500,1,-16.96362749
12,349,2,1500,-1,-7.517781015
12,350,2,500,1,-19.83163761
12,351,2,500,1,-19.74510783
12,352,2,1500,-1,-19.67437476
12,353,2,1500,-1,-6.181752755
12,354,2,1500,-1,1.355048116
12,355,2,500,1,-2.728000255
12,356,2,500,1,-6.42308345
12,357,2,500,1,-16.32580712
12,358,2,1500,-1,-9.56246663
12,359,2,1500,-1,-12.11274535
12,360,2,500,1,-14.81015071
12,361,2,1500,-1,-16.06309937
12,362,2,1500,-1,-17.01558809
12,363,2,1500,-1,-9.814578269
12,364,2,500,1,-12.14365663
12,365,2,1500,-1,-17.85499359
12,366,2,1500,-1,-5.759831207
12,367,2,1500,-1,-6.562685571
12,368,2,500,1,-20.4721872
12,369,2,1500,-1,-13.7361045
12,370,2,1500,-1,-12.97452095
12,371,2,1500,-1,-5.931021689
12,372,2,500,1,-14.90108919
12,373,2,1500,-1,-12.60716519
12,374,2,500,1,-21.22551835
12,375,2,500,1,-16.97652368
12,376,2,500,1,-27.23967028
12,377,2,1500,-1,-13.91550093
12,378,2,500,1,-26.37307762
12,379,2,1500,-1,-18.36685776
12,380,2,1500,-1,-6.402023007
12,381,2,1500,-1,-4.799545025
12,382,2,500,1,-11.13291206
12,383,2,1500,-1,-8.407141068
12,384,2,1500,-1,-5.162649583
12,385,2,500,1,-14.49087043
12,386,2,1500,-1,NaN
12,387,2,500,1,-10.39474564
12,388,2,500,1,-11.11494702
12,389,2,500,1,-5.331472979
12,390,2,1500,-1,-9.735213502
12,391,2,500,1,-6.406487321
12,392,2,500,1,-11.48644715
12,393,2,500,1,-5.40691878
12,394,2,500,1,-10.024585
12,395,2,500,1,-12.10680714
12,396,2,500,1,-22.64731711
12,397,2,1500,-1,-7.753611571
12,398,2,500,1,-17.03439083
12,399,2,500,1,-18.54120542
12,400,2,1500,-1,-5.886068757
12,401,2,1500,-1,-11.68874436
12,402,2,1500,-1,-6.908505005
12,403,2,1500,-1,-8.900070178
12,404,2,500,1,-19.21709129
12,405,2,500,1,-18.40063789
12,406,2,500,1,-16.18954358
12,407,2,1500,-1,-23.00770805
12,408,2,1500,-1,-24.5605514
12,409,2,500,1,-26.5031749
12,410,2,1500,-1,-13.50451378
12,411,2,500,1,-23.50659241
12,412,2,500,1,-13.39855363
12,413,2,1500,-1,-12.44949969
12,414,2,1500,-1,-13.02513704
12,415,2,1500,-1,-12.36960199
12,416,2,1500,-1,-4.605364093
12,417,2,1500,-1,4.504581773
12,418,2,1500,-1,1.606677053
12,419,2,500,1,-7.532043955
12,420,2,1500,-1,-3.226436103
12,421,3,1250,0,-6.441803754
12,422,3,1000,0,-4.618391968
12,423,3,500,0,-9.713680632
12,424,3,1500,0,-6.747684679
12,425,3,1250,0,-8.081340325
12,426,3,1000,0,-9.955197046
12,427,3,1500,0,-10.78608074
12,428,3,1500,0,-9.444950454
12,429,3,750,0,-12.36239548
12,430,3,1250,0,-5.955515678
12,431,3,1000,0,-10.42178583
12,432,3,500,0,-12.17132874
12,433,3,1000,0,-9.949676643
12,434,3,1500,0,-8.198956003
12,435,3,1250,0,0.054746883
12,436,3,750,0,-11.16620144
12,437,3,750,0,-8.957227364
12,438,3,500,0,-11.40046696
12,439,3,1000,0,-4.777100995
12,440,3,500,0,-18.02683806
12,441,3,1500,0,-10.10039832
12,442,3,1500,0,-6.579240444
12,443,3,1250,0,-1.925579183
12,444,3,500,0,-8.533525177
12,445,3,1500,0,-10.8002634
12,446,3,750,0,-6.977258912
12,447,3,1000,0,-9.704822223
12,448,3,1250,0,-3.373314789
12,449,3,500,0,-8.9780879
12,450,3,1500,0,-14.50818426
12,451,3,1000,0,-13.14115237
12,452,3,1250,0,-7.204862527
12,453,3,1000,0,-7.809671179
12,454,3,500,0,-12.42583792
12,455,3,1500,0,-6.263516606
12,456,3,1250,0,-5.634325031
12,457,3,1500,0,-5.84931865
12,458,3,1500,0,-7.126220162
12,459,3,1250,0,-16.80360833
12,460,3,750,0,-12.77753038
12,461,3,1250,0,-12.91712688
12,462,3,1000,0,-10.44495162
12,463,3,750,0,-11.91712213
12,464,3,1500,0,-12.4313792
12,465,3,1500,0,-11.24648426
12,466,3,500,0,-9.633675817
12,467,3,1000,0,-11.66067052
12,468,3,1500,0,NaN
12,469,3,1500,0,-3.821991663
12,470,3,1000,0,-11.28836909
12,471,3,1000,0,-4.155599174
12,472,3,500,0,-12.26317273
12,473,3,750,0,-7.54418856
12,474,3,1250,0,-8.267987439
12,475,3,750,0,-9.952523689
12,476,3,750,0,-14.90926482
12,477,3,1250,0,-8.799578995
12,478,3,750,0,-19.9619611
12,479,3,1250,0,-1.457259174
12,480,3,500,0,-13.05770692
12,481,3,1500,0,-12.38652512
12,482,3,1000,0,-10.08245566
12,483,3,500,0,-18.66073015
12,484,3,1250,0,-7.47285969
12,485,3,1500,0,-9.091029775
12,486,3,750,0,-10.45079225
12,487,3,1000,0,-4.583057126
12,488,3,1250,0,-5.127384686
12,489,3,1000,0,-13.77139707
12,490,3,1250,0,-9.037091146
12,491,3,1250,0,-9.136187782
12,492,3,750,0,-12.90518116
12,493,3,1250,0,-6.371613874
12,494,3,1250,0,NaN
12,495,3,1250,0,-0.402540288
12,496,3,500,0,-5.180610667
12,497,3,1000,0,-9.006757937
12,498,3,750,0,-21.14868137
12,499,3,500,0,-17.57540471
12,500,3,500,0,-15.85993711
12,501,3,1250,0,-8.009880646
12,502,3,1500,0,-19.4907686
12,503,3,500,0,-14.78394804
12,504,3,1250,0,-12.81536165
12,505,3,750,0,-13.39315061
12,506,3,500,0,-14.0826476
12,507,3,1500,0,-9.622249373
12,508,3,1500,0,-13.75688287
12,509,3,1000,0,-16.80361941
12,510,3,1250,0,-7.283847438
12,511,3,1500,0,-14.98623178
12,512,3,750,0,-9.551455845
12,513,3,500,0,-2.022770194
12,514,3,750,0,-9.008135677
12,515,3,500,0,-5.824374995
12,516,3,1000,0,-10.83716029
12,517,3,750,0,-11.63139956
12,518,3,750,0,2.105489713
12,519,3,500,0,3.269849799
12,520,3,750,0,-6.128056703
12,521,3,1000,0,-0.870288868
12,522,3,500,0,-3.678791916
12,523,3,1000,0,-6.791022046
12,524,3,1000,0,-5.025360855
12,525,3,500,0,-8.218654339
12,526,3,1000,0,-7.29324696
12,527,3,1000,0,-4.621397732
12,528,3,500,0,-3.813878578
12,529,3,1250,0,-10.02735297
12,530,3,1000,0,-16.87375076
12,531,3,1500,0,-11.57254339
12,532,3,1250,0,-10.48840375
12,533,3,1000,0,-10.51555464
12,534,3,1250,0,-5.661318285
12,535,3,500,0,-10.39226416
12,536,3,750,0,-13.98150834
12,537,3,1250,0,-13.26042028
12,538,3,750,0,-4.820650867
12,539,3,1500,0,-12.44055088
12,540,3,750,0,-9.627022972
12,541,3,500,0,-11.51821986
12,542,3,750,0,NaN
12,543,3,500,0,-11.72133889
12,544,3,750,0,-9.27806613
12,545,3,1500,0,-11.13287201
12,546,3,750,0,-6.463289426
12,547,3,500,0,-8.002764802
12,548,3,1000,0,-10.33351214
12,549,3,1000,0,-4.590644904
12,550,3,1500,0,-6.068799361
12,551,3,500,0,-9.513456453
12,552,3,1500,0,-1.404667627
12,553,3,500,0,-3.348905609
12,554,3,500,0,-7.342225566
12,555,3,1000,0,-2.754099649
12,556,3,500,0,0.553380318
12,557,3,750,0,-2.245938291
12,558,3,1500,0,NaN
12,559,3,1250,0,5.290788225
12,560,3,1500,0,-8.366201228
12,561,3,1500,0,-14.61934481
12,562,3,1250,0,-14.14744705
12,563,3,1500,0,-9.931553615
12,564,3,1000,0,-11.60495209
12,565,3,750,0,-10.83079167
12,566,3,750,0,-17.02362239
12,567,3,750,0,-16.88636276
12,568,3,1250,0,-10.24897874
12,569,3,750,0,-12.46315788
12,570,3,1000,0,-12.40721238
13,1,1,500,0,0.821277745
13,2,1,1500,0,NaN
13,3,1,500,0,5.972659935
13,4,1,1500,0,1.060058084
13,5,1,1500,0,5.927289634
13,6,1,1500,0,1.056734529
13,7,1,500,0,2.301879039
13,8,1,1500,0,-0.248715788
13,9,1,500,0,4.856479932
13,10,1,500,0,1.64208101
13,11,1,500,0,5.123235905
13,12,1,500,0,0.621282525
13,13,1,500,0,2.137478778
13,14,1,500,0,2.561795552
13,15,1,1500,0,-1.569027368
13,16,1,500,0,1.298998618
13,17,1,1500,0,-2.309530035
13,18,1,1500,0,2.050170532
13,19,1,1500,0,-1.278550465
13,20,1,1500,0,-3.455127367
13,21,2,500,1,0.940879821
13,22,2,1500,-1,0.497075149
13,23,2,1500,-1,1.751786848
13,24,2,500,1,1.755839112
13,25,2,500,1,-7.313924732
13,26,2,1500,-1,-1.155105893
13,27,2,1500,-1,7.382016001
13,28,2,1500,-1,10.19409714
13,29,2,500,1,5.507365234
13,30,2,1500,-1,-1.43134591
13,31,2,500,1,1.884175865
13,32,2,1500,-1,NaN
13,33,2,500,1,0.14886394
13,34,2,1500,-1,-3.465337453
13,35,2,1500,-1,6.001313098
13,36,2,1500,-1,5.805811285
13,37,2,500,1,7.314279847
13,38,2,1500,-1,0.625404099
13,39,2,1500,-1,4.027701349
13,40,2,1500,-1,3.429220073
13,41,2,500,1,2.438174304
13,42,2,1500,-1,5.177104157
13,43,2,500,1,1.159804073
13,44,2,1500,-1,-6.060448862
13,45,2,1500,-1,3.659915371
13,46,2,500,1,0.740379137
13,47,2,500,1,-5.644561404
13,48,2,1500,-1,-3.641210201
13,49,2,1500,-1,6.982125348
13,50,2,500,1,-3.032878181
13,51,2,500,1,-7.574500875
13,52,2,500,1,-9.789991641
13,53,2,1500,-1,-4.13406063
13,54,2,500,1,-6.081366229
13,55,2,1500,-1,-1.977620138
13,56,2,1500,-1,4.253777908
13,57,2,1500,-1,-0.154109756
13,58,2,1500,-1,2.766265883
13,59,2,500,1,-2.218143387
13,60,2,500,1,-7.005221307
13,61,2,1500,-1,-2.401466379
13,62,2,1500,-1,-4.998458785
13,63,2,500,1,-3.678497804
13,64,2,500,1,-6.343906888
13,65,2,500,1,-12.45090035
13,66,2,500,1,-7.81008649
13,67,2,500,1,-14.02160981
13,68,2,500,1,-11.99657603
13,69,2,500,1,-16.91078331
13,70,2,500,1,-17.2979191
13,71,2,500,1,-23.2220187
13,72,2,1500,-1,NaN
13,73,2,1500,-1,-4.098467026
13,74,2,500,1,-7.044001779
13,75,2,1500,-1,NaN
13,76,2,1500,-1,NaN
13,77,2,1500,-1,3.107631738
13,78,2,500,1,3.445393744
13,79,2,1500,-1,-2.005823668
13,80,2,500,1,-4.12738235
13,81,2,500,1,-8.087509312
13,82,2,1500,-1,-1.324414884
13,83,2,1500,-1,0.15199135
13,84,2,1500,-1,9.999573631
13,85,2,500,1,-2.521416454
13,86,2,1500,-1,7.407629052
13,87,2,1500,-1,3.417210567
13,88,2,1500,-1,4.463761852
13,89,2,500,1,1.306965511
13,90,2,1500,-1,3.460164919
13,91,2,500,1,-1.11739562
13,92,2,1500,-1,1.396921243
13,93,2,500,1,-1.936488689
13,94,2,1500,-1,4.454675162
13,95,2,1500,-1,7.058435376
13,96,2,500,1,2.023417295
13,97,2,500,1,-3.722517583
13,98,2,500,1,-10.84014965
13,99,2,500,1,-9.728337219
13,100,2,500,1,-12.46138968
13,101,2,500,1,-18.25113351
13,102,2,1500,-1,0.732354852
13,103,2,500,1,-7.912761385
13,104,2,500,1,-8.582805257
13,105,2,500,1,-16.81533833
13,106,2,500,1,-13.05777937
13,107,2,1500,-1,-10.89635141
13,108,2,500,1,-8.483969482
13,109,2,1500,-1,0.838072208
13,110,2,1500,-1,-1.296530816
13,111,2,500,1,-3.041617132
13,112,2,1500,-1,5.436359147
13,113,2,500,1,-2.367882654
13,114,2,500,1,-8.241828435
13,115,2,1500,-1,-3.474823946
13,116,2,500,1,1.593504585
13,117,2,1500,-1,-4.453255202
13,118,2,1500,-1,2.497975237
13,119,2,500,1,6.875022399
13,120,2,1500,-1,NaN
13,121,2,500,1,-0.972425817
13,122,2,500,1,-2.541834769
13,123,2,1500,-1,NaN
13,124,2,500,1,-6.324361801
13,125,2,500,1,-3.375385585
13,126,2,500,1,0.958433508
13,127,2,500,1,-4.993227645
13,128,2,500,1,-7.202899104
13,129,2,500,1,-4.916697326
13,130,2,500,1,-9.406597462
13,131,2,1500,-1,-11.46512539
13,132,2,500,1,-5.869483992
13,133,2,1500,-1,5.3420556
13,134,2,1500,-1,1.426117505
13,135,2,1500,-1,NaN
13,136,2,1500,-1,13.3830459
13,137,2,500,1,6.995067216
13,138,2,500,1,-0.823542869
13,139,2,500,1,0.202018753
13,140,2,1500,-1,0.831465744
13,141,2,1500,-1,2.479228046
13,142,2,1500,-1,13.62662746
13,143,2,500,1,3.610123947
13,144,2,500,1,-2.727831329
13,145,2,1500,-1,-3.35948943
13,146,2,500,1,-0.530267759
13,147,2,500,1,-6.010352714
13,148,2,500,1,-7.815741646
13,149,2,1500,-1,1.914323475
13,150,2,1500,-1,5.289765642
13,151,2,500,1,2.189375116
13,152,2,1500,-1,9.554030142
13,153,2,1500,-1,16.54612712
13,154,2,1500,-1,12.68604163
13,155,2,500,1,8.068674784
13,156,2,1500,-1,9.988481581
13,157,2,1500,-1,13.05663989
13,158,2,1500,-1,23.75658381
13,159,2,500,1,11.16624937
13,160,2,500,1,-2.999417294
13,161,2,500,1,-3.842003818
13,162,2,1500,-1,4.734079386
13,163,2,1500,-1,16.5821213
13,164,2,1500,-1,NaN
13,165,2,1500,-1,NaN
13,166,2,1500,-1,NaN
13,167,2,500,1,18.64169591
13,168,2,1500,-1,15.30240471
13,169,2,1500,-1,NaN
13,170,2,500,1,16.30737536
13,171,2,500,1,5.940219805
13,172,2,1500,-1,NaN
13,173,2,1500,-1,NaN
13,174,2,1500,-1,NaN
13,175,2,500,1,9.481407098
13,176,2,1500,-1,10.06261031
13,177,2,500,1,9.183703981
13,178,2,500,1,-3.165503321
13,179,2,1500,-1,2.121759586
13,180,2,1500,-1,10.28730301
13,181,2,500,1,3.702705072
13,182,2,500,1,-0.584144093
13,183,2,500,1,-6.069298516
13,184,2,500,1,-4.887312844
13,185,2,500,1,-7.833719772
13,186,2,500,1,-7.215911352
13,187,2,500,1,-2.295681596
13,188,2,500,1,-4.427624869
13,189,2,500,1,-8.779152052
13,190,2,500,1,-6.046288805
13,191,2,500,1,-14.81930447
13,192,2,500,1,-4.628217385
13,193,2,500,1,-11.59493862
13,194,2,500,1,-11.28569311
13,195,2,1500,-1,4.641755563
13,196,2,500,1,-3.558006418
13,197,2,500,1,-7.17570331
13,198,2,1500,-1,0.323929417
13,199,2,500,1,1.956095901
13,200,2,500,1,-1.496816492
13,201,2,1500,-1,5.894366919
13,202,2,1500,-1,4.399038634
13,203,2,500,1,-3.648275091
13,204,2,1500,-1,4.277418892
13,205,2,500,1,2.286180751
13,206,2,1500,-1,11.51287492
13,207,2,1500,-1,12.72684454
13,208,2,500,1,2.647526394
13,209,2,500,1,2.810048319
13,210,2,1500,-1,5.991338043
13,211,2,1500,-1,19.12549312
13,212,2,500,1,11.4177353
13,213,2,500,1,0.961132135
13,214,2,500,1,-3.222217295
13,215,2,500,1,-1.700197454
13,216,2,500,1,-0.581226866
13,217,2,1500,-1,7.929395743
13,218,2,1500,-1,19.84326356
13,219,2,500,1,4.399120679
13,220,2,500,1,4.600049499
13,221,2,500,1,-1.934496873
13,222,2,500,1,-5.031644429
13,223,2,500,1,-0.508955627
13,224,2,500,1,-2.092451302
13,225,2,1500,-1,3.929049497
13,226,2,1500,-1,19.19827536
13,227,2,1500,-1,26.82712679
13,228,2,500,1,12.78179823
13,229,2,1500,-1,18.68898499
13,230,2,500,1,1.182527396
13,231,2,1500,-1,14.66521915
13,232,2,500,1,4.72774057
13,233,2,500,1,5.586424838
13,234,2,1500,-1,21.24553061
13,235,2,500,1,8.255532956
13,236,2,1500,-1,16.82600796
13,237,2,1500,-1,14.44921413
13,238,2,500,1,8.559776393
13,239,2,1500,-1,12.28468443
13,240,2,1500,-1,15.68678922
13,241,2,500,1,8.208208908
13,242,2,500,1,12.05920429
13,243,2,500,1,10.29634915
13,244,2,1500,-1,9.69925498
13,245,2,1500,-1,20.897482
13,246,2,500,1,13.85135202
13,247,2,1500,-1,12.90922134
13,248,2,500,1,8.39512054
13,249,2,1500,-1,6.246191014
13,250,2,500,1,5.226123593
13,251,2,1500,-1,10.31388026
13,252,2,1500,-1,7.310569252
13,253,2,1500,-1,NaN
13,254,2,1500,-1,NaN
13,255,2,500,1,6.030909489
13,256,2,500,1,3.937968851
13,257,2,1500,-1,14.87350449
13,258,2,1500,-1,14.45861803
13,259,2,500,1,7.906966446
13,260,2,1500,-1,10.43962098
13,261,2,1500,-1,20.94567416
13,262,2,1500,-1,19.93841798
13,263,2,1500,-1,20.04908633
13,264,2,500,1,11.0547938
13,265,2,500,1,9.292581753
13,266,2,500,1,7.282822241
13,267,2,1500,-1,NaN
13,268,2,500,1,9.498767083
13,269,2,1500,-1,13.5829808
13,270,2,1500,-1,20.34445097
13,271,2,1500,-1,23.75177661
13,272,2,500,1,16.36588056
13,273,2,1500,-1,17.61750729
13,274,2,1500,-1,25.15932417
13,275,2,1500,-1,NaN
13,276,2,1500,-1,27.26700654
13,277,2,500,1,17.84516813
13,278,2,500,1,14.1598752
13,279,2,1500,-1,21.65485528
13,280,2,500,1,12.45147729
13,281,2,1500,-1,20.73515851
13,282,2,1500,-1,27.95931341
13,283,2,1500,-1,NaN
13,284,2,1500,-1,NaN
13,285,2,500,1,27.42896171
13,286,2,500,1,18.08715939
13,287,2,500,1,2.902256792
13,288,2,500,1,5.927251471
13,289,2,500,1,7.635018274
13,290,2,1500,-1,12.74447652
13,291,2,1500,-1,21.43912988
13,292,2,500,1,14.36148023
13,293,2,1500,-1,17.02199903
13,294,2,1500,-1,27.96786952
13,295,2,1500,-1,NaN
13,296,2,500,1,9.196898924
13,297,2,500,1,15.94986093
13,298,2,500,1,13.62060406
13,299,2,500,1,9.609228203
13,300,2,1500,-1,19.67692904
13,301,2,500,1,14.62922074
13,302,2,1500,-1,28.87688406
13,303,2,1500,-1,28.8832038
13,304,2,500,1,11.25254095
13,305,2,500,1,12.49703928
13,306,2,1500,-1,16.06397105
13,307,2,500,1,0.528508365
13,308,2,500,1,7.409825926
13,309,2,500,1,12.57296055
13,310,2,500,1,5.433872401
13,311,2,1500,-1,15.46142844
13,312,2,1500,-1,21.26331519
13,313,2,500,1,11.58056418
13,314,2,500,1,15.17352975
13,315,2,1500,-1,27.57697329
13,316,2,500,1,20.10803879
13,317,2,1500,-1,28.66320886
13,318,2,500,1,19.90757965
13,319,2,1500,-1,23.07962826
13,320,2,1500,-1,29.16362515
13,321,2,1500,-1,NaN
13,322,2,500,1,24.20243098
13,323,2,500,1,13.69276192
13,324,2,1500,-1,24.84558848
13,325,2,1500,-1,24.58515518
13,326,2,1500,-1,NaN
13,327,2,1500,-1,NaN
13,328,2,1500,-1,NaN
13,329,2,500,1,14.59211407
13,330,2,1500,-1,29.79556568
13,331,2,500,1,21.14567406
13,332,2,500,1,17.98204918
13,333,2,1500,-1,25.89935758
13,334,2,500,1,22.28020955
13,335,2,1500,-1,23.50002029
13,336,2,500,1,16.48738089
13,337,2,1500,-1,NaN
13,338,2,1500,-1,NaN
13,339,2,500,1,22.11336436
13,340,2,1500,-1,23.63328669
13,341,2,1500,-1,NaN
13,342,2,500,1,24.95399534
13,343,2,500,1,17.49175004
13,344,2,1500,-1,27.20429337
13,345,2,1500,-1,NaN
13,346,2,500,1,22.87027156
13,347,2,1500,-1,28.9230683
13,348,2,1500,-1,NaN
13,349,2,500,1,25.74386727
13,350,2,1500,-1,NaN
13,351,2,1500,-1,NaN
13,352,2,1500,-1,NaN
13,353,2,500,1,25.30544775
13,354,2,500,1,9.869295231
13,355,2,1500,-1,23.8229439
13,356,2,1500,-1,28.78297429
13,357,2,500,1,11.25724148
13,358,2,500,1,14.88726621
13,359,2,1500,-1,23.79239316
13,360,2,500,1,12.25027462
13,361,2,1500,-1,21.56216135
13,362,2,500,1,9.69895739
13,363,2,1500,-1,20.41449026
13,364,2,1500,-1,25.30497373
13,365,2,1500,-1,28.80035066
13,366,2,500,1,19.72368239
13,367,2,500,1,15.87270102
13,368,2,500,1,11.02085061
13,369,2,1500,-1,18.2389454
13,370,2,500,1,17.75984231
13,371,2,500,1,13.07685036
13,372,2,1500,-1,21.41725473
13,373,2,1500,-1,18.82292731
13,374,2,500,1,12.26567495
13,375,2,1500,-1,23.79407885
13,376,2,500,1,13.35271321
13,377,2,500,1,7.844104309
13,378,2,500,1,4.843958453
13,379,2,1500,-1,13.7312859
13,380,2,500,1,4.393668202
13,381,2,1500,-1,18.59934058
13,382,2,500,1,8.549966061
13,383,2,1500,-1,14.17232349
13,384,2,1500,-1,22.5629483
13,385,2,500,1,6.093115371
13,386,2,1500,-1,19.44461804
13,387,2,1500,-1,22.03132917
13,388,2,500,1,14.05798688
13,389,2,1500,-1,20.01625055
13,390,2,500,1,12.81968806
13,391,2,500,1,4.870954095
13,392,2,500,1,3.002254878
13,393,2,500,1,2.542190993
13,394,2,1500,-1,13.07539605
13,395,2,500,1,2.051347244
13,396,2,1500,-1,12.86941532
13,397,2,1500,-1,16.93548401
13,398,2,1500,-1,25.68971594
13,399,2,1500,-1,17.09910537
13,400,2,500,1,4.808114499
13,401,2,500,1,-2.893208419
13,402,2,1500,-1,21.33173223
13,403,2,1500,-1,23.25728652
13,404,2,1500,-1,25.55685578
13,405,2,500,1,10.12307755
13,406,2,1500,-1,19.41273319
13,407,2,500,1,8.730386642
13,408,2,1500,-1,16.69509044
13,409,2,1500,-1,22.31655828
13,410,2,500,1,8.996660631
13,411,2,1500,-1,NaN
13,412,2,1500,-1,15.70542222
13,413,2,1500,-1,17.82266212
13,414,2,1500,-1,19.59496512
13,415,2,500,1,9.585997004
13,416,2,1500,-1,16.89824474
13,417,2,500,1,0.709522407
13,418,2,1500,-1,16.36527394
13,419,2,1500,-1,6.483530562
13,420,2,500,1,-1.221042752
13,421,3,750,0,NaN
13,422,3,1250,0,8.225936672
13,423,3,1250,0,14.97425908
13,424,3,1250,0,16.44567463
13,425,3,1250,0,5.101143669
13,426,3,1500,0,12.49229551
13,427,3,1000,0,7.521247721
13,428,3,1500,0,7.902823549
13,429,3,500,0,2.37262787
13,430,3,1000,0,8.773447383
13,431,3,750,0,12.79584998
13,432,3,750,0,11.02258713
13,433,3,500,0,-1.485775425
13,434,3,1250,0,7.658107981
13,435,3,1500,0,10.63778602
13,436,3,1000,0,10.08990599
13,437,3,1000,0,6.866087382
13,438,3,1500,0,7.238499349
13,439,3,1250,0,12.35330322
13,440,3,1500,0,0.87165829
13,441,3,1500,0,5.013363631
13,442,3,1250,0,8.500150757
13,443,3,1250,0,4.469906542
13,444,3,1000,0,2.536757195
13,445,3,1500,0,3.487512935
13,446,3,500,0,-3.428899319
13,447,3,500,0,-3.670829297
13,448,3,750,0,9.108484581
13,449,3,750,0,1.687570155
13,450,3,500,0,5.091888278
13,451,3,1500,0,12.2313725
13,452,3,750,0,10.14922522
13,453,3,750,0,5.702354291
13,454,3,1500,0,6.214630931
13,455,3,500,0,1.226249493
13,456,3,500,0,2.522364555
13,457,3,1250,0,1.731831659
13,458,3,500,0,-1.480313574
13,459,3,500,0,-3.125973693
13,460,3,750,0,-9.506653934
13,461,3,1000,0,1.325759907
13,462,3,1500,0,1.350789386
13,463,3,1000,0,6.584803536
13,464,3,1000,0,2.488440607
13,465,3,500,0,-3.357581949
13,466,3,1250,0,0.73749764
13,467,3,1250,0,3.926407207
13,468,3,750,0,0.298839483
13,469,3,750,0,-3.657616418
13,470,3,1000,0,1.555947699
13,471,3,750,0,5.833011444
13,472,3,1250,0,3.585322384
13,473,3,1250,0,2.37275929
13,474,3,1250,0,3.851954302
13,475,3,1250,0,3.785605028
13,476,3,1250,0,0.001706311
13,477,3,1500,0,3.088340508
13,478,3,750,0,5.083565043
13,479,3,1500,0,6.073223968
13,480,3,500,0,-9.290427638
13,481,3,500,0,-6.093461363
13,482,3,750,0,-2.60872067
13,483,3,1250,0,-4.896890725
13,484,3,1250,0,2.789402579
13,485,3,1250,0,-0.449988933
13,486,3,1000,0,-3.572589065
13,487,3,1000,0,-2.09680099
13,488,3,1000,0,-3.469232805
13,489,3,1500,0,-0.086416167
13,490,3,1500,0,1.013380103
13,491,3,1500,0,NaN
13,492,3,500,0,-8.863379949
13,493,3,500,0,-0.121936899
13,494,3,750,0,4.914892367
13,495,3,1000,0,3.512538361
13,496,3,1000,0,1.670957622
13,497,3,1250,0,0.323530945
13,498,3,500,0,-3.520415182
13,499,3,500,0,-5.141639753
13,500,3,1250,0,-0.219088916
13,501,3,1250,0,5.679435331
13,502,3,750,0,4.694045458
13,503,3,1000,0,6.865713662
13,504,3,1000,0,3.007858421
13,505,3,1000,0,2.845947503
13,506,3,750,0,6.581736675
13,507,3,1250,0,-0.122117921
13,508,3,1000,0,2.054571334
13,509,3,1500,0,-0.839765922
13,510,3,750,0,-2.539020214
13,511,3,1500,0,3.076753729
13,512,3,1000,0,0.728899593
13,513,3,1000,0,1.325938662
13,514,3,750,0,0.109680075
13,515,3,750,0,-0.047130384
13,516,3,1500,0,3.329691234
13,517,3,1500,0,5.716229481
13,518,3,500,0,-7.248104506
13,519,3,1500,0,1.14682585
13,520,3,500,0,-4.788268782
13,521,3,1000,0,3.873547751
13,522,3,1000,0,1.513930234
13,523,3,750,0,1.518652667
13,524,3,1500,0,2.80802592
13,525,3,1000,0,0.874791897
13,526,3,1500,0,3.817101837
13,527,3,750,0,5.377196982
13,528,3,1500,0,6.202867102
13,529,3,1500,0,3.93974412
13,530,3,1250,0,2.896164465
13,531,3,500,0,-4.65412492
13,532,3,750,0,-6.230120976
13,533,3,750,0,-4.404585555
13,534,3,1250,0,1.83581571
13,535,3,1000,0,3.162636267
13,536,3,750,0,-5.602940825
13,537,3,750,0,1.202591087
13,538,3,1000,0,-0.732606035
13,539,3,750,0,-1.332488467
13,540,3,500,0,0.256832923
13,541,3,500,0,2.531150316
13,542,3,1000,0,2.78286257
13,543,3,750,0,-2.764297448
13,544,3,1000,0,-0.587081015
13,545,3,1250,0,6.550728857
13,546,3,500,0,-3.550212195
13,547,3,1500,0,1.264638083
13,548,3,500,0,-5.143143796
13,549,3,1250,0,0.651148596
13,550,3,500,0,-2.109055748
13,551,3,750,0,-3.66508942
13,552,3,1000,0,-2.212340001
13,553,3,500,0,-4.478590607
13,554,3,500,0,-6.541086261
13,555,3,500,0,-2.33338106
13,556,3,500,0,-6.200717383
13,557,3,1500,0,0.305802529
13,558,3,1500,0,1.032354369
13,559,3,1000,0,-0.308323931
13,560,3,750,0,2.364721289
13,561,3,1500,0,-4.788219274
13,562,3,1250,0,7.081026619
13,563,3,750,0,2.617364241
13,564,3,500,0,-4.830207102
13,565,3,1250,0,3.494452032
13,566,3,1250,0,-3.422725233
13,567,3,1500,0,-3.779481488
13,568,3,500,0,-9.269758192
13,569,3,1500,0,-3.506735324
13,570,3,1000,0,-1.086539827
14,1,1,1500,0,NaN
14,2,1,500,0,0.023623289
14,3,1,500,0,-1.857547054
14,4,1,500,0,2.298996242
14,5,1,1500,0,-1.641368702
14,6,1,500,0,1.343122652
14,7,1,1500,0,-1.911416779
14,8,1,500,0,2.473135595
14,9,1,1500,0,-0.163253409
14,10,1,1500,0,1.562621698
14,11,1,1500,0,-1.720582215
14,12,1,500,0,-3.478437169
14,13,1,1500,0,-4.229181501
14,14,1,500,0,-3.867266886
14,15,1,500,0,-6.216962236
14,16,1,1500,0,-10.28993949
14,17,1,500,0,-3.158231858
14,18,1,1500,0,-7.127809122
14,19,1,500,0,-6.607929939
14,20,1,1500,0,-6.704161002
14,21,2,500,1,-1.820335649
14,22,2,1500,-1,-12.20909801
14,23,2,1500,-1,1.39727081
14,24,2,500,1,1.374842669
14,25,2,1500,-1,-12.28392477
14,26,2,500,1,-2.485342566
14,27,2,1500,-1,-9.114843109
14,28,2,1500,-1,-3.688848635
14,29,2,1500,-1,-0.773537795
14,30,2,1500,-1,5.565130277
14,31,2,500,1,1.881779565
14,32,2,1500,-1,-2.358544062
14,33,2,500,1,0.638993006
14,34,2,500,1,-8.556581246
14,35,2,500,1,-8.973367141
14,36,2,500,1,-7.324139276
14,37,2,1500,-1,-7.563561249
14,38,2,500,1,-4.122799754
14,39,2,1500,-1,-6.087925612
14,40,2,1500,-1,-1.81660976
14,41,2,500,1,-4.240799815
14,42,2,1500,-1,-8.099916411
14,43,2,1500,-1,-4.791831399
14,44,2,500,1,-1.139852422
14,45,2,1500,-1,-4.61774736
14,46,2,1500,-1,-1.926633346
14,47,2,500,1,-6.074444195
14,48,2,1500,-1,-8.44372457
14,49,2,1500,-1,-4.559924892
14,50,2,1500,-1,-0.909269355
14,51,2,1500,-1,2.830901805
14,52,2,1500,-1,-0.520228104
14,53,2,1500,-1,-2.470183304
14,54,2,500,1,-3.984675051
14,55,2,500,1,-6.428959806
14,56,2,1500,-1,-7.839193647
14,57,2,1500,-1,-0.094572167
14,58,2,500,1,-5.655242352
14,59,2,1500,-1,-2.278692429
14,60,2,1500,-1,-2.104146755
14,61,2,500,1,-0.150630569
14,62,2,1500,-1,-4.725103455
14,63,2,500,1,1.142206277
14,64,2,1500,-1,-6.998034073
14,65,2,500,1,-7.921071543
14,66,2,500,1,-6.007664011
14,67,2,500,1,-14.06324487
14,68,2,1500,-1,-11.47742664
14,69,2,500,1,-9.819659177
14,70,2,1500,-1,-13.60705248
14,71,2,1500,-1,-4.719303842
14,72,2,500,1,-1.587872841
14,73,2,500,1,-11.20026788
14,74,2,500,1,-17.95809715
14,75,2,500,1,-18.10826635
14,76,2,1500,-1,-14.85664598
14,77,2,1500,-1,-11.27905814
14,78,2,1500,-1,-11.27035116
14,79,2,500,1,-9.916830444
14,80,2,500,1,-14.57336782
14,81,2,500,1,-14.17405943
14,82,2,500,1,-6.599033662
14,83,2,500,1,-9.955772512
14,84,2,1500,-1,-10.10923815
14,85,2,1500,-1,-4.588402588
14,86,2,500,1,-2.768082127
14,87,2,1500,-1,-0.962959227
14,88,2,500,1,-1.752933149
14,89,2,1500,-1,-5.548872183
14,90,2,1500,-1,-0.73172736
14,91,2,500,1,-4.78287865
14,92,2,500,1,-9.191109569
14,93,2,1500,-1,-13.49484296
14,94,2,500,1,-6.433906676
14,95,2,1500,-1,-5.488281005
14,96,2,1500,-1,-0.070872712
14,97,2,1500,-1,-1.819330641
14,98,2,1500,-1,-0.217748641
14,99,2,1500,-1,3.988295805
14,100,2,500,1,4.334796963
14,101,2,1500,-1,-5.342727535
14,102,2,1500,-1,-2.101450526
14,103,2,500,1,-1.235289422
14,104,2,500,1,-13.3265294
14,105,2,500,1,-11.60463687
14,106,2,500,1,-15.17523865
14,107,2,1500,-1,-6.674827953
14,108,2,1500,-1,-3.684183726
14,109,2,500,1,-1.489479694
14,110,2,500,1,-12.55417694
14,111,2,1500,-1,-4.661551504
14,112,2,1500,-1,-2.416063058
14,113,2,500,1,-4.106938336
14,114,2,500,1,-8.908880889
14,115,2,1500,-1,-10.09816608
14,116,2,1500,-1,-0.575117292
14,117,2,500,1,1.059695595
14,118,2,1500,-1,-7.773881822
14,119,2,500,1,-6.857214884
14,120,2,1500,-1,-9.324473511
14,121,2,500,1,-6.896439605
14,122,2,1500,-1,-5.396425366
14,123,2,1500,-1,-0.055836389
14,124,2,500,1,-4.135381425
14,125,2,500,1,-7.095847968
14,126,2,500,1,-6.615366474
14,127,2,500,1,-17.12521516
14,128,2,500,1,-16.86073313
14,129,2,1500,-1,-11.5705805
14,130,2,500,1,-9.315667766
14,131,2,500,1,-17.27536897
14,132,2,1500,-1,-9.950849056
14,133,2,500,1,-9.572778556
14,134,2,500,1,-14.17705453
14,135,2,1500,-1,-7.918252782
14,136,2,1500,-1,-0.808915799
14,137,2,1500,-1,2.300596144
14,138,2,1500,-1,-3.10626749
14,139,2,1500,-1,1.852672376
14,140,2,500,1,-1.224260587
14,141,2,1500,-1,-5.029398144
14,142,2,1500,-1,1.12573706
14,143,2,1500,-1,0.918028034
14,144,2,500,1,2.757021142
14,145,2,1500,-1,0.072637856
14,146,2,1500,-1,1.444700436
14,147,2,1500,-1,-1.300647562
14,148,2,500,1,1.640928453
14,149,2,500,1,-11.94428609
14,150,2,500,1,-1.436291334
14,151,2,1500,-1,-4.329661781
14,152,2,500,1,-6.801184147
14,153,2,1500,-1,-5.628228249
14,154,2,500,1,-10.77530862
14,155,2,1500,-1,-3.398536592
14,156,2,500,1,-4.691425953
14,157,2,500,1,-8.691045855
14,158,2,1500,-1,-2.256439393
14,159,2,500,1,-8.242874419
14,160,2,500,1,-9.114841704
14,161,2,500,1,-7.031584679
14,162,2,500,1,-6.614737174
14,163,2,500,1,-15.94108572
14,164,2,500,1,-10.10858622
14,165,2,500,1,-12.06954721
14,166,2,1500,-1,-16.14288897
14,167,2,500,1,-11.65067128
14,168,2,500,1,-13.0877294
14,169,2,500,1,-6.616583435
14,170,2,1500,-1,-14.30059249
14,171,2,500,1,-12.43842804
14,172,2,500,1,-21.69031125
14,173,2,1500,-1,-0.7328392
14,174,2,1500,-1,NaN
14,175,2,1500,-1,-6.360696855
14,176,2,1500,-1,2.640066981
14,177,2,1500,-1,1.037146793
14,178,2,500,1,-5.812013391
14,179,2,1500,-1,-13.12585347
14,180,2,1500,-1,-0.536174211
14,181,2,500,1,-2.644993084
14,182,2,1500,-1,7.386617704
14,183,2,500,1,-9.156035485
14,184,2,500,1,-8.978849728
14,185,2,1500,-1,-6.0449212
14,186,2,1500,-1,-1.442425062
14,187,2,500,1,-5.703520277
14,188,2,500,1,-9.446221073
14,189,2,1500,-1,-6.033833681
14,190,2,500,1,-6.176084237
14,191,2,1500,-1,-3.829923017
14,192,2,500,1,-10.05517026
14,193,2,500,1,-6.991392874
14,194,2,500,1,-12.4391732
14,195,2,1500,-1,-4.089487143
14,196,2,1500,-1,-1.011982671
14,197,2,500,1,-13.12162666
14,198,2,1500,-1,-1.236450804
14,199,2,500,1,-5.701264995
14,200,2,1500,-1,-2.807290726
14,201,2,500,1,1.370743179
14,202,2,500,1,-4.902774934
14,203,2,1500,-1,-8.839008651
14,204,2,1500,-1,-5.122658896
14,205,2,1500,-1,-9.245915617
14,206,2,500,1,-7.733202819
14,207,2,500,1,-9.473907464
14,208,2,500,1,-13.94713732
14,209,2,1500,-1,-10.84370767
14,210,2,500,1,-6.450417578
14,211,2,500,1,-15.24889934
14,212,2,1500,-1,-4.717820899
14,213,2,1500,-1,-3.403789757
14,214,2,500,1,-8.771204818
14,215,2,500,1,-15.40393246
14,216,2,1500,-1,-7.675816695
14,217,2,500,1,-11.74130821
14,218,2,1500,-1,-10.34645915
14,219,2,1500,-1,-5.742088849
14,220,2,500,1,-7.311811942
14,221,2,500,1,-19.03959742
14,222,2,500,1,-20.14676981
14,223,2,500,1,-11.49986457
14,224,2,500,1,-13.28464386
14,225,2,1500,-1,2.148243343
14,226,2,500,1,-4.728025161
14,227,2,500,1,-11.43250973
14,228,2,500,1,-16.02377883
14,229,2,500,1,-4.107844165
14,230,2,1500,-1,-7.374031774
14,231,2,500,1,-7.627877603
14,232,2,1500,-1,NaN
14,233,2,1500,-1,0.00781925
14,234,2,1500,-1,0.789348806
14,235,2,500,1,-5.293452022
14,236,2,1500,-1,-7.218205404
14,237,2,1500,-1,-2.526592489
14,238,2,500,1,-1.754932757
14,239,2,1500,-1,-10.67504723
14,240,2,1500,-1,0.376721647
14,241,2,500,1,-10.26984301
14,242,2,1500,-1,-0.749282026
14,243,2,1500,-1,-2.611775393
14,244,2,1500,-1,1.582028816
14,245,2,500,1,-5.42363017
14,246,2,500,1,-8.361523327
14,247,2,500,1,-11.61394705
14,248,2,500,1,-11.81625688
14,249,2,1500,-1,-6.451851259
14,250,2,500,1,-9.918608757
14,251,2,1500,-1,-6.639395513
14,252,2,1500,-1,-1.358249084
14,253,2,1500,-1,0.027709653
14,254,2,1500,-1,2.003292345
14,255,2,1500,-1,1.067404767
14,256,2,500,1,-0.370798883
14,257,2,500,1,-10.78649601
14,258,2,500,1,-8.12832799
14,259,2,500,1,-9.206031862
14,260,2,500,1,-10.16588302
14,261,2,1500,-1,-9.221020174
14,262,2,500,1,-8.545629037
14,263,2,500,1,-11.5867987
14,264,2,500,1,-12.5649384
14,265,2,500,1,-9.053688232
14,266,2,500,1,-11.22582297
14,267,2,500,1,-12.23416815
14,268,2,1500,-1,-12.32241727
14,269,2,1500,-1,-5.00270004
14,270,2,1500,-1,-4.379225558
14,271,2,1500,-1,0.164077896
14,272,2,500,1,-2.978435767
14,273,2,1500,-1,-0.575501535
14,274,2,1500,-1,1.894685696
14,275,2,1500,-1,1.751586867
14,276,2,1500,-1,4.811827416
14,277,2,1500,-1,5.735883761
14,278,2,500,1,0.653302751
14,279,2,1500,-1,-5.857285702
14,280,2,500,1,-2.624388872
14,281,2,1500,-1,-5.119830833
14,282,2,1500,-1,0.551846448
14,283,2,1500,-1,3.541770494
14,284,2,500,1,-4.159805011
14,285,2,500,1,-11.6039096
14,286,2,500,1,-10.52039707
14,287,2,1500,-1,-3.61815932
14,288,2,500,1,-5.354990395
14,289,2,1500,-1,-1.527721099
14,290,2,1500,-1,-2.196477976
14,291,2,500,1,-6.891905118
14,292,2,500,1,-9.34390826
14,293,2,1500,-1,-8.654906465
14,294,2,1500,-1,-0.846954489
14,295,2,500,1,-4.323956423
14,296,2,500,1,-11.76631452
14,297,2,1500,-1,-4.820427497
14,298,2,1500,-1,3.866441841
14,299,2,1500,-1,1.726598604
14,300,2,500,1,-5.288595697
14,301,2,500,1,-10.69739862
14,302,2,1500,-1,-9.331786825
14,303,2,1500,-1,-2.699172779
14,304,2,500,1,-9.530050364
14,305,2,500,1,-13.05229069
14,306,2,500,1,-2.091825602
14,307,2,1500,-1,-0.671815457
14,308,2,500,1,-6.197691811
14,309,2,500,1,-4.484800038
14,310,2,500,1,-5.200790886
14,311,2,1500,-1,-4.042625203
14,312,2,500,1,-2.877311781
14,313,2,500,1,-5.310922854
14,314,2,500,1,-10.8241451
14,315,2,500,1,-15.93053287
14,316,2,500,1,-9.226380569
14,317,2,1500,-1,-10.7199972
14,318,2,500,1,-8.006455707
14,319,2,500,1,-11.73448238
14,320,2,1500,-1,-8.055650977
14,321,2,1500,-1,0.351034428
14,322,2,500,1,-5.68110001
14,323,2,500,1,-14.41895616
14,324,2,1500,-1,-1.932520698
14,325,2,500,1,-10.93761266
14,326,2,500,1,-14.10516692
14,327,2,500,1,-12.29801394
14,328,2,1500,-1,-7.932660713
14,329,2,500,1,-9.162525326
14,330,2,1500,-1,-9.449937356
14,331,2,1500,-1,-2.343236718
14,332,2,500,1,-7.012326463
14,333,2,500,1,-10.90228109
14,334,2,500,1,-6.070607766
14,335,2,500,1,-13.88991834
14,336,2,500,1,-8.926717383
14,337,2,500,1,-14.29682337
14,338,2,1500,-1,-6.056580527
14,339,2,1500,-1,-7.860182476
14,340,2,1500,-1,NaN
14,341,2,1500,-1,-2.598297407
14,342,2,500,1,-4.084303449
14,343,2,500,1,-6.985215492
14,344,2,1500,-1,-6.009378376
14,345,2,500,1,-3.897438408
14,346,2,1500,-1,-4.570930399
14,347,2,500,1,-7.978118305
14,348,2,500,1,-5.35945682
14,349,2,1500,-1,NaN
14,350,2,500,1,-5.047752386
14,351,2,1500,-1,-3.021094606
14,352,2,1500,-1,NaN
14,353,2,500,1,-3.336065261
14,354,2,1500,-1,-5.682628782
14,355,2,1500,-1,NaN
14,356,2,1500,-1,NaN
14,357,2,1500,-1,1.52113711
14,358,2,1500,-1,4.246734539
14,359,2,500,1,-5.150579687
14,360,2,1500,-1,-6.103287388
14,361,2,500,1,-7.732861363
14,362,2,1500,-1,-7.103384346
14,363,2,500,1,-3.642304125
14,364,2,1500,-1,-2.378977175
14,365,2,1500,-1,-4.162777393
14,366,2,1500,-1,-1.935549105
14,367,2,500,1,-5.516533347
14,368,2,1500,-1,-9.913042515
14,369,2,500,1,-8.665227759
14,370,2,500,1,-9.841382427
14,371,2,500,1,-13.7643457
14,372,2,500,1,-20.13609479
14,373,2,1500,-1,-8.6545583
14,374,2,1500,-1,NaN
14,375,2,500,1,-2.739369432
14,376,2,1500,-1,-3.235362617
14,377,2,500,1,-7.0689125
14,378,2,500,1,-10.09894973
14,379,2,1500,-1,-10.1289276
14,380,2,1500,-1,0.01993583
14,381,2,1500,-1,3.862818612
14,382,2,500,1,-0.508471216
14,383,2,1500,-1,-6.203314095
14,384,2,1500,-1,0.795625965
14,385,2,1500,-1,4.931570242
14,386,2,1500,-1,2.828294148
14,387,2,1500,-1,9.409325558
14,388,2,500,1,2.303348143
14,389,2,1500,-1,2.673602823
14,390,2,1500,-1,NaN
14,391,2,500,1,2.126616718
14,392,2,1500,-1,-2.282224083
14,393,2,1500,-1,-5.650303932
14,394,2,500,1,-9.88251997
14,395,2,500,1,-3.124813418
14,396,2,500,1,-4.03291497
14,397,2,1500,-1,-3.429703069
14,398,2,1500,-1,0.609365426
14,399,2,1500,-1,NaN
14,400,2,500,1,3.308579513
14,401,2,500,1,-4.007986524
14,402,2,1500,-1,-0.994432721
14,403,2,1500,-1,2.871050572
14,404,2,1500,-1,-1.330713867
14,405,2,500,1,0.247646323
14,406,2,500,1,-4.69816131
14,407,2,500,1,0.530114865
14,408,2,500,1,-9.516424529
14,409,2,1500,-1,-8.695921873
14,410,2,500,1,-3.987659662
14,411,2,500,1,-6.461281601
14,412,2,1500,-1,-9.838219792
14,413,2,500,1,-8.883601837
14,414,2,500,1,-8.496264276
14,415,2,1500,-1,-1.361376912
14,416,2,1500,-1,-0.637488834
14,417,2,1500,-1,6.195567874
14,418,2,1500,-1,4.285815215
14,419,2,1500,-1,6.939089517
14,420,2,1500,-1,3.921847471
14,421,3,500,0,1.696683861
14,422,3,500,0,-0.639292359
14,423,3,1000,0,-0.708992464
14,424,3,500,0,-3.113138937
14,425,3,1500,0,1.295878248
14,426,3,750,0,-1.32808772
14,427,3,1000,0,-2.907336052
14,428,3,1000,0,0.538671831
14,429,3,1500,0,-2.595900557
14,430,3,1000,0,-4.773678588
14,431,3,750,0,-0.838804536
14,432,3,750,0,0.384727451
14,433,3,750,0,-4.792700862
14,434,3,1250,0,NaN
14,435,3,1500,0,-4.996161986
14,436,3,750,0,-6.480487988
14,437,3,500,0,-6.974070479
14,438,3,1000,0,-3.013856607
14,439,3,1500,0,2.150526863
14,440,3,1500,0,-7.319346293
14,441,3,1250,0,-7.116759115
14,442,3,750,0,-2.666852079
14,443,3,1500,0,-1.576566777
14,444,3,500,0,-9.05518506
14,445,3,1500,0,1.354020153
14,446,3,1500,0,-3.184810639
14,447,3,1000,0,-5.31769077
14,448,3,500,0,-7.11349721
14,449,3,750,0,-8.386128197
14,450,3,1250,0,-5.178368594
14,451,3,1250,0,-4.175839272
14,452,3,500,0,-8.926115222
14,453,3,1250,0,-3.36378773
14,454,3,1500,0,-8.758034979
14,455,3,1250,0,1.640317535
14,456,3,1000,0,-4.403209518
14,457,3,1000,0,-4.969968133
14,458,3,500,0,-6.212235603
14,459,3,1500,0,-3.422698881
14,460,3,750,0,-5.462184648
14,461,3,1500,0,-1.405240163
14,462,3,500,0,-6.118310264
14,463,3,1000,0,2.767912252
14,464,3,1500,0,-1.662752383
14,465,3,1000,0,-2.961967471
14,466,3,750,0,-5.176724402
14,467,3,1000,0,-8.588722102
14,468,3,1250,0,-4.623423055
14,469,3,1000,0,-6.827596595
14,470,3,1250,0,-2.338476233
14,471,3,1500,0,-2.63402099
14,472,3,1000,0,-4.61167423
14,473,3,500,0,-4.515553134
14,474,3,1000,0,-3.330251306
14,475,3,1250,0,-0.074294989
14,476,3,750,0,-3.124584249
14,477,3,1000,0,-2.096210369
14,478,3,750,0,-5.228852567
14,479,3,1500,0,-1.163085707
14,480,3,1500,0,-5.968012321
14,481,3,1250,0,-6.578612996
14,482,3,1500,0,-3.356336344
14,483,3,1250,0,-6.318333666
14,484,3,500,0,-8.743303169
14,485,3,750,0,-10.26820875
14,486,3,750,0,-13.92863729
14,487,3,1000,0,-4.292355948
14,488,3,750,0,-5.40857018
14,489,3,750,0,-2.244130767
14,490,3,750,0,-8.206626408
14,491,3,500,0,-9.175078108
14,492,3,1000,0,-4.116070294
14,493,3,500,0,-11.08260367
14,494,3,750,0,-5.085368346
14,495,3,1500,0,-3.600003555
14,496,3,1500,0,-6.626204599
14,497,3,1250,0,-2.326592911
14,498,3,750,0,-5.753259299
14,499,3,1500,0,-6.079576091
14,500,3,1250,0,-5.458374583
14,501,3,500,0,-8.498163733
14,502,3,500,0,-7.732513218
14,503,3,500,0,-5.975762661
14,504,3,1250,0,-2.359163176
14,505,3,1000,0,-6.7587717
14,506,3,1000,0,-3.785815033
14,507,3,1000,0,0.592393122
14,508,3,1250,0,-2.941985706
14,509,3,1250,0,-5.882183913
14,510,3,1250,0,-2.016886317
14,511,3,750,0,0.8546065
14,512,3,1250,0,-1.21382442
14,513,3,1500,0,-2.921859495
14,514,3,1250,0,-3.478657139
14,515,3,1250,0,-3.997896924
14,516,3,1000,0,-4.622458324
14,517,3,1000,0,2.735637518
14,518,3,500,0,-6.222556196
14,519,3,1250,0,3.277475062
14,520,3,750,0,2.445259682
14,521,3,1000,0,-6.005626599
14,522,3,1000,0,1.104208418
14,523,3,500,0,-7.31816245
14,524,3,1250,0,2.385477156
14,525,3,1250,0,-2.902984453
14,526,3,1250,0,-0.854488001
14,527,3,1500,0,-1.472230874
14,528,3,500,0,-3.333680541
14,529,3,500,0,-7.253202866
14,530,3,750,0,-2.17555127
14,531,3,750,0,-0.323181991
14,532,3,500,0,-4.921141893
14,533,3,1500,0,-0.43147685
14,534,3,750,0,1.811119231
14,535,3,750,0,-0.693497642
14,536,3,1500,0,-2.671134838
14,537,3,1000,0,-1.407530036
14,538,3,1250,0,-4.928442508
14,539,3,1000,0,0.160298762
14,540,3,500,0,-3.670965058
14,541,3,1500,0,1.25697223
14,542,3,1000,0,-0.256428481
14,543,3,1500,0,0.428635436
14,544,3,750,0,-1.308596962
14,545,3,750,0,-0.352646438
14,546,3,1500,0,1.909094357
14,547,3,1250,0,-1.017457064
14,548,3,750,0,1.181335455
14,549,3,500,0,3.468444658
14,550,3,500,0,0.451098018
14,551,3,1250,0,0.924120427
14,552,3,500,0,-7.130275722
14,553,3,1000,0,2.172950315
14,554,3,500,0,-6.459228767
14,555,3,500,0,-2.24406754
14,556,3,500,0,-2.036453079
14,557,3,1500,0,6.057437474
14,558,3,750,0,-2.699644896
14,559,3,1000,0,1.677978334
14,560,3,750,0,-0.620040521
14,561,3,1250,0,2.278426851
14,562,3,500,0,-1.295425575
14,563,3,500,0,1.340687414
14,564,3,750,0,1.299992868
14,565,3,1000,0,3.061390166
14,566,3,1500,0,-3.37511479
14,567,3,1250,0,1.842695826
14,568,3,1500,0,3.366020213
14,569,3,1500,0,2.040567207
14,570,3,1250,0,-4.240425209
15,1,1,500,0,1.510134644
15,2,1,1500,0,-0.884190188
15,3,1,1500,0,NaN
15,4,1,500,0,-0.17826172
15,5,1,500,0,1.059417606
15,6,1,1500,0,-0.883448031
15,7,1,500,0,0.272378961
15,8,1,1500,0,-0.114966733
15,9,1,1500,0,-0.486669527
15,10,1,500,0,1.628049243
15,11,1,1500,0,-1.274588003
15,12,1,500,0,9.147345047
15,13,1,500,0,2.323486439
15,14,1,1500,0,1.03386976
15,15,1,500,0,5.868994196
15,16,1,1500,0,3.257868959
15,17,1,500,0,7.599479176
15,18,1,1500,0,2.804767249
15,19,1,500,0,11.30227812
15,20,1,1500,0,2.543077026
15,21,2,1500,-1,NaN
15,22,2,500,1,15.31034854
15,23,2,500,1,5.396371139
15,24,2,1500,-1,5.311900644
15,25,2,1500,-1,7.214401062
15,26,2,500,1,7.766731232
15,27,2,500,1,0.803344943
15,28,2,1500,-1,-7.04093264
15,29,2,500,1,0.705123699
15,30,2,500,1,-2.223001328
15,31,2,500,1,-5.457697295
15,32,2,1500,-1,NaN
15,33,2,1500,-1,-5.867572605
15,34,2,500,1,-4.630821463
15,35,2,500,1,-7.68836146
15,36,2,1500,-1,-8.429703277
15,37,2,1500,-1,-4.474549612
15,38,2,500,1,-3.504541778
15,39,2,1500,-1,NaN
15,40,2,1500,-1,-8.057727334
15,41,2,500,1,-3.00364332
15,42,2,1500,-1,-5.511885377
15,43,2,500,1,-6.990359546
15,44,2,1500,-1,-10.38972644
15,45,2,1500,-1,-6.96358374
15,46,2,500,1,-6.725413283
15,47,2,500,1,-7.35130611
15,48,2,500,1,-10.56850629
15,49,2,500,1,-12.88619926
15,50,2,1500,-1,-10.82898495
15,51,2,500,1,-9.928765427
15,52,2,1500,-1,-4.997877468
15,53,2,500,1,-8.019660724
15,54,2,500,1,-5.910742253
15,55,2,1500,-1,-11.22237201
15,56,2,1500,-1,-7.476992249
15,57,2,1500,-1,-6.736529928
15,58,2,1500,-1,-5.276688147
15,59,2,500,1,-5.920972732
15,60,2,1500,-1,-7.292231335
15,61,2,1500,-1,-8.09527473
15,62,2,1500,-1,-4.154631941
15,63,2,1500,-1,-1.782891742
15,64,2,1500,-1,-0.113935363
15,65,2,500,1,-0.059380317
15,66,2,500,1,-6.31041022
15,67,2,1500,-1,-5.435918549
15,68,2,500,1,-1.015119063
15,69,2,1500,-1,-6.936960843
15,70,2,1500,-1,-5.387843056
15,71,2,1500,-1,0.080493504
15,72,2,500,1,-1.857056994
15,73,2,1500,-1,-3.07332359
15,74,2,500,1,0.218964868
15,75,2,1500,-1,-2.610430772
15,76,2,500,1,-3.888053577
15,77,2,500,1,-7.928037917
15,78,2,500,1,-5.70342088
15,79,2,500,1,-4.766613616
15,80,2,1500,-1,-4.542520876
15,81,2,1500,-1,-8.895404991
15,82,2,500,1,-3.781765696
15,83,2,1500,-1,-5.005524361
15,84,2,1500,-1,-1.70686005
15,85,2,1500,-1,-5.279591111
15,86,2,500,1,-1.995698176
15,87,2,1500,-1,-7.800111167
15,88,2,500,1,-3.937292827
15,89,2,500,1,-6.315039745
15,90,2,1500,-1,-7.276329306
15,91,2,1500,-1,-6.874526846
15,92,2,1500,-1,-0.484801194
15,93,2,1500,-1,-4.761139109
15,94,2,1500,-1,-2.059749065
15,95,2,1500,-1,0.845204722
15,96,2,500,1,-2.805247845
15,97,2,500,1,-3.916349296
15,98,2,500,1,-3.531928222
15,99,2,500,1,-7.681266471
15,100,2,500,1,-5.604224923
15,101,2,500,1,-7.382183159
15,102,2,500,1,-11.85605337
15,103,2,1500,-1,-9.964072331
15,104,2,500,1,-11.05392543
15,105,2,500,1,-7.614756979
15,106,2,1500,-1,NaN
15,107,2,1500,-1,1.665596004
15,108,2,500,1,0.186863757
15,109,2,1500,-1,-3.970938127
15,110,2,1500,-1,-2.781026543
15,111,2,500,1,-3.465477738
15,112,2,500,1,-7.294214199
15,113,2,500,1,-11.07635545
15,114,2,1500,-1,NaN
15,115,2,500,1,3.607502149
15,116,2,1500,-1,2.189604142
15,117,2,1500,-1,2.024301366
15,118,2,1500,-1,2.569875875
15,119,2,500,1,4.318556402
15,120,2,500,1,3.988284841
15,121,2,500,1,-2.923783055
15,122,2,1500,-1,-5.186099027
15,123,2,500,1,-4.024932996
15,124,2,1500,-1,-1.50473063
15,125,2,1500,-1,1.28882527
15,126,2,500,1,-0.704344059
15,127,2,500,1,-4.085248257
15,128,2,1500,-1,-5.223764358
15,129,2,1500,-1,-7.611369347
15,130,2,1500,-1,1.026357262
15,131,2,1500,-1,2.37594138
15,132,2,1500,-1,-4.860249805
15,133,2,500,1,-5.555779872
15,134,2,1500,-1,-4.378934435
15,135,2,1500,-1,-7.790073142
15,136,2,1500,-1,-6.611160146
15,137,2,1500,-1,0.493924364
15,138,2,500,1,2.375172411
15,139,2,1500,-1,1.843128905
15,140,2,500,1,0.463292968
15,141,2,500,1,-2.350067123
15,142,2,1500,-1,-5.028624389
15,143,2,500,1,-8.962484626
15,144,2,500,1,-10.37922109
15,145,2,500,1,-7.944053405
15,146,2,1500,-1,-9.092207164
15,147,2,500,1,-15.6569656
15,148,2,500,1,-17.18551003
15,149,2,500,1,-18.18024025
15,150,2,500,1,-13.47469004
15,151,2,1500,-1,NaN
15,152,2,1500,-1,-4.923510463
15,153,2,1500,-1,NaN
15,154,2,1500,-1,0.082840665
15,155,2,500,1,-1.974575607
15,156,2,500,1,-6.718227835
15,157,2,500,1,-7.819526078
15,158,2,500,1,-11.29719083
15,159,2,1500,-1,-10.02888035
15,160,2,1500,-1,-7.837388313
15,161,2,1500,-1,-1.746939817
15,162,2,500,1,-0.103846476
15,163,2,1500,-1,-5.275875819
15,164,2,1500,-1,-0.181090528
15,165,2,1500,-1,0.023779937
15,166,2,1500,-1,-2.00254851
15,167,2,500,1,1.698781141
15,168,2,500,1,-0.262173446
15,169,2,500,1,-4.485690985
15,170,2,1500,-1,NaN
15,171,2,1500,-1,1.449100107
15,172,2,1500,-1,NaN
15,173,2,1500,-1,5.180920369
15,174,2,500,1,-1.281515559
15,175,2,1500,-1,4.17025026
15,176,2,1500,-1,-4.544739245
15,177,2,1500,-1,3.199922999
15,178,2,500,1,-2.433255761
15,179,2,500,1,-7.219303482
15,180,2,500,1,-4.312207551
15,181,2,500,1,-15.67754045
15,182,2,1500,-1,-3.975959252
15,183,2,500,1,-8.4841473
15,184,2,500,1,-8.788939698
15,185,2,500,1,-12.09990498
15,186,2,1500,-1,-10.09368807
15,187,2,500,1,-5.636036205
15,188,2,500,1,-8.952691987
15,189,2,1500,-1,-8.875604807
15,190,2,500,1,-5.840527183
15,191,2,500,1,-6.370290519
15,192,2,1500,-1,-7.279238502
15,193,2,1500,-1,-10.4451552
15,194,2,500,1,-4.616577942
15,195,2,500,1,-13.0821246
15,196,2,500,1,-10.95125209
15,197,2,500,1,-10.52231175
15,198,2,1500,-1,-10.15819521
15,199,2,500,1,-5.862940259
15,200,2,500,1,-4.726061361
15,201,2,1500,-1,-3.621234786
15,202,2,500,1,-4.075288002
15,203,2,500,1,-7.109851895
15,204,2,500,1,-1.238770203
15,205,2,1500,-1,-4.235693082
15,206,2,1500,-1,-7.564024623
15,207,2,500,1,-11.34637281
15,208,2,1500,-1,-10.97948101
15,209,2,1500,-1,-9.449930935
15,210,2,500,1,-5.353629781
15,211,2,500,1,-7.389438021
15,212,2,500,1,-12.00184237
15,213,2,1500,-1,-10.4287511
15,214,2,1500,-1,-9.294159068
15,215,2,500,1,-8.55742565
15,216,2,500,1,-9.872464721
15,217,2,1500,-1,-5.884624937
15,218,2,1500,-1,-8.902779803
15,219,2,1500,-1,-2.516375246
15,220,2,1500,-1,-1.604433575
15,221,2,1500,-1,-8.211725076
15,222,2,500,1,-6.100047588
15,223,2,500,1,-9.358645829
15,224,2,500,1,-5.221339481
15,225,2,500,1,-13.35046728
15,226,2,1500,-1,-12.40595053
15,227,2,1500,-1,-5.377055851
15,228,2,500,1,-4.922308293
15,229,2,500,1,-3.442317998
15,230,2,500,1,-7.925248707
15,231,2,500,1,-9.500068438
15,232,2,500,1,-10.2155077
15,233,2,1500,-1,-6.697308879
15,234,2,500,1,-10.84679684
15,235,2,500,1,-8.897950098
15,236,2,1500,-1,-4.828621293
15,237,2,1500,-1,-5.659233167
15,238,2,500,1,-0.571625454
15,239,2,1500,-1,NaN
15,240,2,1500,-1,-2.014215891
15,241,2,1500,-1,-2.725960026
15,242,2,500,1,-0.41210129
15,243,2,500,1,-3.508441144
15,244,2,500,1,-2.184021571
15,245,2,1500,-1,-3.117558159
15,246,2,500,1,-4.98878057
15,247,2,1500,-1,-2.361446712
15,248,2,1500,-1,-2.097843743
15,249,2,1500,-1,1.332949113
15,250,2,1500,-1,-1.816680884
15,251,2,500,1,-2.917904908
15,252,2,500,1,-6.986790408
15,253,2,1500,-1,-4.290200667
15,254,2,500,1,-5.538500593
15,255,2,1500,-1,-1.107213053
15,256,2,500,1,-3.519159278
15,257,2,1500,-1,-1.243692869
15,258,2,500,1,-3.424080112
15,259,2,1500,-1,2.272596161
15,260,2,1500,-1,3.835654739
15,261,2,1500,-1,1.797845341
15,262,2,1500,-1,5.997988003
15,263,2,1500,-1,1.21823877
15,264,2,500,1,-7.022553498
15,265,2,1500,-1,-6.273056663
15,266,2,1500,-1,-4.981488827
15,267,2,500,1,-4.543103796
15,268,2,1500,-1,-0.555930607
15,269,2,500,1,-5.038487679
15,270,2,500,1,-6.709225136
15,271,2,500,1,-7.45981037
15,272,2,1500,-1,-0.601296603
15,273,2,1500,-1,-0.606206452
15,274,2,500,1,-4.338835082
15,275,2,500,1,-3.332581038
15,276,2,1500,-1,-1.35076781
15,277,2,500,1,-4.619097254
15,278,2,500,1,-6.659181149
15,279,2,500,1,-5.614111462
15,280,2,500,1,-6.991459946
15,281,2,500,1,-6.732793262
15,282,2,1500,-1,-3.153829066
15,283,2,1500,-1,NaN
15,284,2,500,1,-5.774083295
15,285,2,500,1,-8.203456202
15,286,2,1500,-1,-5.400147769
15,287,2,500,1,-7.24908414
15,288,2,1500,-1,-5.459503425
15,289,2,500,1,-2.824764487
15,290,2,1500,-1,-2.001132674
15,291,2,500,1,-5.22928884
15,292,2,1500,-1,-3.862535845
15,293,2,1500,-1,NaN
15,294,2,500,1,-7.941369992
15,295,2,500,1,-4.510698551
15,296,2,500,1,2.799589916
15,297,2,500,1,-2.762165867
15,298,2,1500,-1,-1.229206827
15,299,2,1500,-1,4.359690181
15,300,2,1500,-1,0.305512156
15,301,2,1500,-1,-3.26160515
15,302,2,1500,-1,-5.074387024
15,303,2,1500,-1,-5.495405357
15,304,2,1500,-1,0.009302571
15,305,2,1500,-1,-4.479280762
15,306,2,500,1,-2.41151506
15,307,2,500,1,-4.511701609
15,308,2,500,1,-6.634149945
15,309,2,1500,-1,-6.052015562
15,310,2,500,1,-8.831676849
15,311,2,1500,-1,NaN
15,312,2,500,1,-7.026188583
15,313,2,500,1,-5.125318613
15,314,2,500,1,-5.228858546
15,315,2,500,1,-5.173662149
15,316,2,500,1,-10.33866962
15,317,2,1500,-1,-2.210536234
15,318,2,1500,-1,-3.421329374
15,319,2,1500,-1,-3.680168771
15,320,2,500,1,-4.267333836
15,321,2,500,1,-4.121431146
15,322,2,500,1,-6.572205736
15,323,2,1500,-1,-2.956736619
15,324,2,500,1,-8.548849348
15,325,2,1500,-1,-1.515276698
15,326,2,1500,-1,2.452652888
15,327,2,500,1,0.465968974
15,328,2,1500,-1,-0.077275713
15,329,2,500,1,-3.017012946
15,330,2,500,1,-6.643812379
15,331,2,500,1,-2.927236744
15,332,2,500,1,4.162516555
15,333,2,500,1,-2.17909448
15,334,2,1500,-1,2.134468656
15,335,2,500,1,-1.744667006
15,336,2,500,1,1.475846441
15,337,2,1500,-1,-2.068943793
15,338,2,500,1,-0.568744631
15,339,2,1500,-1,NaN
15,340,2,1500,-1,4.232298186
15,341,2,500,1,1.228350268
15,342,2,1500,-1,0.695605997
15,343,2,1500,-1,3.412824026
15,344,2,1500,-1,4.966053325
15,345,2,1500,-1,6.311809599
15,346,2,500,1,2.039116467
15,347,2,500,1,-1.858694698
15,348,2,1500,-1,1.240346855
15,349,2,500,1,-0.316679778
15,350,2,1500,-1,-1.110000218
15,351,2,1500,-1,0.562467334
15,352,2,500,1,-2.794684162
15,353,2,1500,-1,0.567831709
15,354,2,1500,-1,4.483902347
15,355,2,1500,-1,2.531273192
15,356,2,1500,-1,1.584903219
15,357,2,500,1,1.180791561
15,358,2,1500,-1,2.731302391
15,359,2,500,1,3.693836915
15,360,2,500,1,-0.348556182
15,361,2,1500,-1,1.002731639
15,362,2,1500,-1,3.868028283
15,363,2,500,1,2.510888446
15,364,2,500,1,1.749033818
15,365,2,1500,-1,0.434878192
15,366,2,1500,-1,3.381296269
15,367,2,500,1,0.54840413
15,368,2,500,1,-3.597779405
15,369,2,500,1,2.822206108
15,370,2,500,1,-1.612155329
15,371,2,500,1,-0.603946598
15,372,2,1500,-1,-1.911412625
15,373,2,500,1,-5.749643693
15,374,2,1500,-1,-2.528436427
15,375,2,500,1,-1.430532251
15,376,2,500,1,-2.238401672
15,377,2,500,1,-1.905943267
15,378,2,500,1,-6.825706309
15,379,2,1500,-1,-3.742889988
15,380,2,1500,-1,-0.139007945
15,381,2,1500,-1,1.512300157
15,382,2,1500,-1,NaN
15,383,2,500,1,-5.264443336
15,384,2,1500,-1,-4.937384095
15,385,2,1500,-1,1.778887173
15,386,2,500,1,-4.902808314
15,387,2,1500,-1,3.055716237
15,388,2,1500,-1,2.471612451
15,389,2,500,1,-4.919204812
15,390,2,500,1,-8.897149852
15,391,2,1500,-1,1.983850811
15,392,2,1500,-1,2.363751447
15,393,2,500,1,-6.737316825
15,394,2,1500,-1,-2.857112663
15,395,2,1500,-1,0.410083857
15,396,2,1500,-1,NaN
15,397,2,500,1,-4.393357014
15,398,2,1500,-1,NaN
15,399,2,1500,-1,-2.363392417
15,400,2,500,1,-8.385288644
15,401,2,500,1,-8.913538223
15,402,2,1500,-1,5.609684112
15,403,2,500,1,-6.941129035
15,404,2,500,1,1.631684395
15,405,2,1500,-1,0.940909577
15,406,2,500,1,1.81751665
15,407,2,1500,-1,-1.286095286
15,408,2,1500,-1,9.052899509
15,409,2,1500,-1,-1.036147023
15,410,2,500,1,-0.54054901
15,411,2,500,1,0.624893868
15,412,2,1500,-1,2.864919292
15,413,2,1500,-1,4.038065033
15,414,2,500,1,0.215894384
15,415,2,500,1,-4.805925906
15,416,2,500,1,-0.74488387
15,417,2,1500,-1,1.561531237
15,418,2,1500,-1,-6.32398146
15,419,2,1500,-1,-1.055468623
15,420,2,500,1,-7.362597475
15,421,3,500,0,-5.991992485
15,422,3,1000,0,-1.004367276
15,423,3,500,0,-2.345481434
15,424,3,1500,0,3.605402756
15,425,3,750,0,-0.560335155
15,426,3,500,0,-5.595387439
15,427,3,750,0,2.278307191
15,428,3,1500,0,1.105227587
15,429,3,1000,0,-1.939070313
15,430,3,1250,0,-0.698703279
15,431,3,500,0,-4.043565564
15,432,3,500,0,-3.153427128
15,433,3,500,0,-1.389986876
15,434,3,1500,0,-0.226258974
15,435,3,500,0,-0.734555762
15,436,3,1000,0,0.412988329
15,437,3,1000,0,-2.773287092
15,438,3,500,0,-2.767097345
15,439,3,1000,0,-3.810753787
15,440,3,1000,0,1.987705538
15,441,3,500,0,-3.095764964
15,442,3,1500,0,4.097943889
15,443,3,1250,0,4.323586344
15,444,3,1250,0,-0.050553806
15,445,3,1250,0,0.655249417
15,446,3,1500,0,-2.215985868
15,447,3,750,0,-4.989578769
15,448,3,1000,0,-2.988269631
15,449,3,1000,0,0.203159493
15,450,3,1500,0,NaN
15,451,3,750,0,-2.903469017
15,452,3,500,0,-3.648525217
15,453,3,500,0,-0.12856582
15,454,3,750,0,1.240811696
15,455,3,750,0,2.244215306
15,456,3,500,0,-0.487297941
15,457,3,750,0,-0.080177855
15,458,3,1500,0,NaN
15,459,3,1500,0,-3.591092594
15,460,3,1500,0,2.177445718
15,461,3,500,0,2.13809367
15,462,3,1500,0,5.575919222
15,463,3,750,0,0.299021268
15,464,3,1250,0,-0.328893952
15,465,3,500,0,1.352114365
15,466,3,1000,0,-6.344771097
15,467,3,1250,0,-0.713264224
15,468,3,1250,0,-1.281147598
15,469,3,750,0,-6.083669942
15,470,3,750,0,-2.553696354
15,471,3,1500,0,-0.785453106
15,472,3,1000,0,-5.976959021
15,473,3,1000,0,-4.912548539
15,474,3,500,0,-4.217597299
15,475,3,750,0,-3.479132772
15,476,3,1500,0,-2.510082114
15,477,3,500,0,-5.898485485
15,478,3,750,0,0.445389369
15,479,3,750,0,-2.701037215
15,480,3,1250,0,6.060255287
15,481,3,1000,0,-5.761537663
15,482,3,1500,0,0.750148425
15,483,3,1250,0,-5.127459382
15,484,3,1500,0,-3.993176955
15,485,3,1500,0,-4.619518132
15,486,3,1000,0,-2.572587573
15,487,3,750,0,-0.6600766
15,488,3,1250,0,1.526957718
15,489,3,1250,0,-6.013642709
15,490,3,750,0,-3.910921079
15,491,3,1000,0,-0.769344401
15,492,3,1250,0,-3.24824801
15,493,3,750,0,-2.947716834
15,494,3,1500,0,-0.632531268
15,495,3,500,0,-8.953795207
15,496,3,1250,0,-1.500583363
15,497,3,1250,0,-4.238312886
15,498,3,1500,0,-6.846531598
15,499,3,1250,0,-1.354307762
15,500,3,1500,0,1.289207348
15,501,3,750,0,0.856227004
15,502,3,1000,0,-1.225787165
15,503,3,1250,0,-3.16966726
15,504,3,1250,0,-3.701778757
15,505,3,750,0,-3.942273333
15,506,3,1500,0,0.26463618
15,507,3,1500,0,-2.273822319
15,508,3,1000,0,-4.527276242
15,509,3,750,0,-5.240637759
15,510,3,1000,0,-4.120512775
15,511,3,500,0,-3.42295869
15,512,3,500,0,0.561786841
15,513,3,1500,0,0.649430264
15,514,3,1250,0,0.622911061
15,515,3,1250,0,-2.424459819
15,516,3,750,0,-3.289188494
15,517,3,1500,0,-3.524804633
15,518,3,500,0,-6.641413498
15,519,3,1500,0,NaN
15,520,3,1500,0,3.489849463
15,521,3,750,0,-1.808165142
15,522,3,1250,0,2.487097575
15,523,3,500,0,-9.186467889
15,524,3,500,0,-3.118530081
15,525,3,1250,0,0.528570304
15,526,3,750,0,1.578464263
15,527,3,1000,0,-2.018338913
15,528,3,1000,0,4.425149179
15,529,3,1500,0,1.00338713
15,530,3,1250,0,0.139358066
15,531,3,1250,0,0.722509408
15,532,3,750,0,-0.17345192
15,533,3,750,0,-0.25588498
15,534,3,1000,0,0.088695967
15,535,3,500,0,-0.992803915
15,536,3,500,0,-6.821523648
15,537,3,750,0,-2.26828225
15,538,3,1250,0,-2.370234599
15,539,3,1000,0,1.359609069
15,540,3,1250,0,0.49106709
15,541,3,1500,0,4.907450875
15,542,3,1000,0,1.644963771
15,543,3,1250,0,-0.444584724
15,544,3,1500,0,1.613365144
15,545,3,1000,0,-3.152215991
15,546,3,1000,0,-2.096795959
15,547,3,750,0,-4.960196278
15,548,3,1250,0,1.469576196
15,549,3,1250,0,0.211355733
15,550,3,750,0,-1.750885776
15,551,3,1000,0,-1.710732875
15,552,3,500,0,0.036304461
15,553,3,500,0,-1.786974423
15,554,3,1000,0,1.652657148
15,555,3,500,0,-3.540152468
15,556,3,1250,0,NaN
15,557,3,500,0,1.901027518
15,558,3,1000,0,1.436816464
15,559,3,1500,0,-0.359052709
15,560,3,750,0,-0.997059958
15,561,3,750,0,1.28694984
15,562,3,500,0,5.177508828
15,563,3,1000,0,0.862203106
15,564,3,1000,0,-0.495747936
15,565,3,750,0,-4.393671043
15,566,3,1000,0,-1.333676282
15,567,3,500,0,-6.36185969
15,568,3,1500,0,1.198869409
15,569,3,1500,0,-0.986802024
15,570,3,1250,0,-1.190734235
16,1,1,1500,0,NaN
16,2,1,500,0,4.16674039
16,3,1,1500,0,-0.829935345
16,4,1,500,0,-0.295606035
16,5,1,1500,0,0.471237022
16,6,1,1500,0,0.288580585
16,7,1,500,0,-0.364409166
16,8,1,500,0,-1.460577777
16,9,1,500,0,0.955043145
16,10,1,1500,0,-1.761164135
16,11,1,1500,0,NaN
16,12,1,1500,0,-0.196006487
16,13,1,500,0,-2.415861643
16,14,1,500,0,-0.21310253
16,15,1,500,0,2.689701748
16,16,1,1500,0,0.902870541
16,17,1,1500,0,3.680067744
16,18,1,1500,0,1.343888524
16,19,1,500,0,2.363377677
16,20,1,500,0,3.252375449
16,21,2,1500,-1,5.827124396
16,22,2,500,1,12.40980144
16,23,2,500,1,2.368829995
16,24,2,500,1,-4.716931965
16,25,2,1500,-1,-3.020949912
16,26,2,500,1,-1.505108599
16,27,2,500,1,-5.662367951
16,28,2,1500,-1,-7.779290433
16,29,2,1500,-1,5.973083181
16,30,2,1500,-1,11.03531468
16,31,2,1500,-1,9.253496474
16,32,2,1500,-1,12.02826336
16,33,2,500,1,7.907373318
16,34,2,1500,-1,3.376933403
16,35,2,1500,-1,11.48762531
16,36,2,1500,-1,14.50600636
16,37,2,500,1,17.01525612
16,38,2,500,1,3.135974453
16,39,2,1500,-1,8.150390435
16,40,2,500,1,6.914421806
16,41,2,500,1,2.372767053
16,42,2,1500,-1,NaN
16,43,2,500,1,8.173916087
16,44,2,1500,-1,5.07161146
16,45,2,500,1,7.368216344
16,46,2,500,1,-3.45943718
16,47,2,500,1,-0.483262008
16,48,2,1500,-1,0.362113723
16,49,2,500,1,1.016038685
16,50,2,1500,-1,0.694252914
16,51,2,1500,-1,12.68083553
16,52,2,500,1,6.422536679
16,53,2,500,1,0.595488929
16,54,2,1500,-1,2.848289204
16,55,2,500,1,1.078779774
16,56,2,1500,-1,7.821399127
16,57,2,500,1,6.738441385
16,58,2,500,1,-1.501808952
16,59,2,500,1,1.081575234
16,60,2,1500,-1,4.402275015
16,61,2,1500,-1,8.205662355
16,62,2,500,1,3.510626602
16,63,2,1500,-1,2.724678923
16,64,2,500,1,1.578736581
16,65,2,500,1,-4.427060437
16,66,2,1500,-1,-2.171416099
16,67,2,500,1,7.586411038
16,68,2,1500,-1,6.816840609
16,69,2,500,1,-1.556149882
16,70,2,500,1,-6.053693113
16,71,2,1500,-1,-3.209121369
16,72,2,500,1,-5.46001477
16,73,2,500,1,-10.54053649
16,74,2,1500,-1,-1.763620605
16,75,2,500,1,-6.068490453
16,76,2,1500,-1,-1.66091658
16,77,2,500,1,-4.900642132
16,78,2,500,1,-5.858749272
16,79,2,500,1,-13.67912162
16,80,2,1500,-1,-5.716471768
16,81,2,500,1,4.784160794
16,82,2,1500,-1,-6.693157574
16,83,2,1500,-1,-2.157484631
16,84,2,500,1,-1.784564092
16,85,2,500,1,-6.692530768
16,86,2,1500,-1,-1.421939855
16,87,2,1500,-1,3.569571737
16,88,2,1500,-1,9.197375342
16,89,2,1500,-1,8.757621833
16,90,2,1500,-1,5.642084076
16,91,2,500,1,6.210213125
16,92,2,1500,-1,3.867627647
16,93,2,1500,-1,9.27332926
16,94,2,500,1,1.491640695
16,95,2,1500,-1,2.795676287
16,96,2,500,1,2.832535519
16,97,2,1500,-1,3.825577553
16,98,2,1500,-1,4.574878882
16,99,2,500,1,-0.656161192
16,100,2,1500,-1,1.66354614
16,101,2,1500,-1,7.024535173
16,102,2,500,1,8.375808445
16,103,2,1500,-1,2.567818335
16,104,2,1500,-1,6.256521516
16,105,2,500,1,0.496072544
16,106,2,500,1,-4.263927381
16,107,2,1500,-1,6.966641793
16,108,2,500,1,3.304412764
16,109,2,1500,-1,8.062357664
16,110,2,1500,-1,10.35776437
16,111,2,500,1,7.042389614
16,112,2,500,1,1.342931272
16,113,2,500,1,-3.708729832
16,114,2,500,1,-4.963086284
16,115,2,1500,-1,-3.694314607
16,116,2,1500,-1,1.10054156
16,117,2,1500,-1,8.906940525
16,118,2,500,1,3.907005455
16,119,2,500,1,1.578050491
16,120,2,1500,-1,4.719743738
16,121,2,1500,-1,7.755060166
16,122,2,1500,-1,4.395259024
16,123,2,500,1,1.638066129
16,124,2,500,1,-0.951207154
16,125,2,1500,-1,-1.089130733
16,126,2,1500,-1,11.831204
16,127,2,500,1,5.50719311
16,128,2,1500,-1,8.805699012
16,129,2,1500,-1,9.636879431
16,130,2,1500,-1,11.43749148
16,131,2,1500,-1,13.22622293
16,132,2,500,1,11.44898391
16,133,2,500,1,5.83217601
16,134,2,500,1,3.530600686
16,135,2,1500,-1,0.900794836
16,136,2,1500,-1,4.756385258
16,137,2,500,1,3.16623702
16,138,2,500,1,3.75625098
16,139,2,500,1,-5.156763189
16,140,2,1500,-1,0.673295772
16,141,2,1500,-1,9.272007782
16,142,2,1500,-1,16.68473728
16,143,2,1500,-1,5.630156695
16,144,2,500,1,8.966007832
16,145,2,500,1,9.504572172
16,146,2,1500,-1,7.408490728
16,147,2,1500,-1,NaN
16,148,2,500,1,6.253060948
16,149,2,1500,-1,8.554163952
16,150,2,1500,-1,NaN
16,151,2,1500,-1,13.61099572
16,152,2,500,1,11.33856525
16,153,2,1500,-1,7.338473086
16,154,2,1500,-1,6.936947061
16,155,2,500,1,8.244301477
16,156,2,1500,-1,7.369155806
16,157,2,500,1,6.299672677
16,158,2,1500,-1,10.47748777
16,159,2,500,1,4.8838925
16,160,2,1500,-1,9.215561805
16,161,2,500,1,8.554584695
16,162,2,1500,-1,8.15992925
16,163,2,1500,-1,14.23263801
16,164,2,500,1,9.557134145
16,165,2,500,1,3.975115205
16,166,2,500,1,2.464630901
16,167,2,1500,-1,5.446102761
16,168,2,1500,-1,9.064577797
16,169,2,1500,-1,15.98302026
16,170,2,500,1,15.61110978
16,171,2,500,1,10.26658917
16,172,2,1500,-1,7.122433447
16,173,2,1500,-1,7.743282996
16,174,2,1500,-1,16.58362821
16,175,2,1500,-1,14.66794676
16,176,2,1500,-1,14.25864959
16,177,2,1500,-1,22.6311494
16,178,2,500,1,21.12292016
16,179,2,1500,-1,7.677419001
16,180,2,500,1,13.66459307
16,181,2,1500,-1,11.78662078
16,182,2,1500,-1,13.26963935
16,183,2,500,1,13.50910529
16,184,2,500,1,7.332654057
16,185,2,500,1,6.923991673
16,186,2,500,1,5.398525937
16,187,2,500,1,2.786762875
16,188,2,1500,-1,5.506040112
16,189,2,500,1,2.027020228
16,190,2,500,1,2.327653181
16,191,2,1500,-1,5.823960795
16,192,2,1500,-1,5.097828459
16,193,2,1500,-1,10.40472464
16,194,2,500,1,6.485324135
16,195,2,500,1,4.997322356
16,196,2,1500,-1,3.301659776
16,197,2,500,1,5.768958882
16,198,2,500,1,-1.087802014
16,199,2,1500,-1,NaN
16,200,2,1500,-1,5.309551328
16,201,2,500,1,5.745005183
16,202,2,500,1,-6.203573907
16,203,2,1500,-1,1.688274858
16,204,2,1500,-1,6.245871084
16,205,2,500,1,4.880270544
16,206,2,500,1,-3.514306545
16,207,2,1500,-1,-6.157061172
16,208,2,1500,-1,7.655529978
16,209,2,500,1,7.312921943
16,210,2,500,1,0.924948139
16,211,2,1500,-1,3.209440498
16,212,2,1500,-1,1.391475409
16,213,2,1500,-1,5.106862273
16,214,2,500,1,2.26107557
16,215,2,500,1,-0.042964575
16,216,2,1500,-1,-1.180488549
16,217,2,1500,-1,NaN
16,218,2,1500,-1,10.02007045
16,219,2,500,1,0.994774996
16,220,2,500,1,-0.280728339
16,221,2,1500,-1,1.232829592
16,222,2,1500,-1,8.319108644
16,223,2,1500,-1,10.63719458
16,224,2,1500,-1,10.15930615
16,225,2,1500,-1,14.66131868
16,226,2,1500,-1,11.81353569
16,227,2,500,1,9.30467621
16,228,2,500,1,-1.272026857
16,229,2,1500,-1,5.080639488
16,230,2,1500,-1,9.438505635
16,231,2,500,1,4.194942251
16,232,2,500,1,1.779269798
16,233,2,500,1,-2.234085611
16,234,2,500,1,-1.89497116
16,235,2,500,1,0.21187158
16,236,2,1500,-1,1.93803625
16,237,2,1500,-1,8.241064506
16,238,2,1500,-1,10.15538481
16,239,2,500,1,3.718717611
16,240,2,1500,-1,3.990750963
16,241,2,500,1,4.795592125
16,242,2,1500,-1,4.499547907
16,243,2,500,1,4.877950304
16,244,2,500,1,-1.498317245
16,245,2,500,1,-2.235773677
16,246,2,1500,-1,7.921749231
16,247,2,1500,-1,9.709336723
16,248,2,1500,-1,9.364092
16,249,2,500,1,6.195637813
16,250,2,500,1,-1.628090404
16,251,2,500,1,3.508192852
16,252,2,500,1,-3.369014869
16,253,2,1500,-1,-0.130861116
16,254,2,500,1,-2.552142424
16,255,2,500,1,-1.365199882
16,256,2,500,1,-2.648042182
16,257,2,1500,-1,-0.016097894
16,258,2,1500,-1,2.867404296
16,259,2,1500,-1,2.472121024
16,260,2,500,1,8.319288601
16,261,2,500,1,-2.0754179
16,262,2,1500,-1,1.51376911
16,263,2,500,1,-0.901166823
16,264,2,1500,-1,1.260429339
16,265,2,500,1,4.948361445
16,266,2,500,1,-3.663199799
16,267,2,1500,-1,6.573387793
16,268,2,500,1,-2.069476225
16,269,2,500,1,-1.869835794
16,270,2,1500,-1,-4.578959444
16,271,2,500,1,4.340553256
16,272,2,1500,-1,0.723251238
16,273,2,1500,-1,4.420854294
16,274,2,500,1,7.054916434
16,275,2,500,1,-3.429457127
16,276,2,500,1,-2.962617007
16,277,2,1500,-1,-1.083027976
16,278,2,1500,-1,-6.717683083
16,279,2,500,1,1.816428256
16,280,2,1500,-1,2.468361845
16,281,2,1500,-1,4.509710011
16,282,2,500,1,5.637596235
16,283,2,1500,-1,-0.291908751
16,284,2,500,1,-2.863160549
16,285,2,500,1,-7.904254329
16,286,2,1500,-1,1.341828381
16,287,2,1500,-1,6.05155994
16,288,2,1500,-1,8.773680249
16,289,2,1500,-1,11.88037842
16,290,2,1500,-1,12.23730732
16,291,2,500,1,3.340197494
16,292,2,1500,-1,7.35653303
16,293,2,500,1,5.705696599
16,294,2,500,1,-4.128393982
16,295,2,500,1,-7.835252613
16,296,2,1500,-1,1.638523768
16,297,2,1500,-1,5.634402024
16,298,2,500,1,-1.117214421
16,299,2,500,1,-5.255647906
16,300,2,500,1,-3.107307952
16,301,2,500,1,-2.126261162
16,302,2,500,1,-2.334318978
16,303,2,1500,-1,1.055170762
16,304,2,500,1,-0.258612814
16,305,2,500,1,-0.995614832
16,306,2,1500,-1,-1.239453861
16,307,2,500,1,-1.030840803
16,308,2,500,1,-0.406307574
16,309,2,500,1,-6.496871128
16,310,2,500,1,-0.061081929
16,311,2,500,1,-9.611430666
16,312,2,500,1,-9.897572251
16,313,2,1500,-1,3.999060511
16,314,2,1500,-1,1.91875513
16,315,2,1500,-1,-0.025564485
16,316,2,1500,-1,10.4921824
16,317,2,1500,-1,NaN
16,318,2,1500,-1,14.78323825
16,319,2,1500,-1,5.332007325
16,320,2,1500,-1,7.626381039
16,321,2,500,1,3.366003068
16,322,2,1500,-1,6.971790906
16,323,2,1500,-1,8.562097706
16,324,2,1500,-1,11.37420624
16,325,2,1500,-1,8.802464662
16,326,2,1500,-1,NaN
16,327,2,1500,-1,16.99726932
16,328,2,500,1,5.173902281
16,329,2,500,1,-0.232108794
16,330,2,1500,-1,2.989364669
16,331,2,500,1,6.312530759
16,332,2,500,1,0.528517967
16,333,2,1500,-1,6.859379992
16,334,2,500,1,6.515159656
16,335,2,1500,-1,3.75925998
16,336,2,500,1,1.420095541
16,337,2,1500,-1,9.185005329
16,338,2,1500,-1,9.369321347
16,339,2,1500,-1,20.12998966
16,340,2,1500,-1,9.014319541
16,341,2,500,1,9.015079113
16,342,2,1500,-1,NaN
16,343,2,500,1,7.148387308
16,344,2,1500,-1,7.776602938
16,345,2,500,1,2.725832795
16,346,2,1500,-1,6.728653172
16,347,2,1500,-1,12.69769634
16,348,2,500,1,5.221139477
16,349,2,1500,-1,11.8004956
16,350,2,1500,-1,14.9454479
16,351,2,1500,-1,14.13815585
16,352,2,500,1,1.338799286
16,353,2,500,1,4.043835577
16,354,2,500,1,-0.999037192
16,355,2,1500,-1,9.215756472
16,356,2,1500,-1,17.91926978
16,357,2,1500,-1,15.55461746
16,358,2,500,1,7.844563301
16,359,2,500,1,-0.587726747
16,360,2,500,1,3.063916887
16,361,2,1500,-1,8.386305435
16,362,2,1500,-1,7.936491216
16,363,2,1500,-1,9.903869041
16,364,2,500,1,4.910565537
16,365,2,500,1,-0.804677925
16,366,2,500,1,-9.293089393
16,367,2,1500,-1,7.31908198
16,368,2,500,1,-2.139274416
16,369,2,1500,-1,0.737145207
16,370,2,500,1,-3.918095721
16,371,2,1500,-1,-0.94159341
16,372,2,500,1,2.967023334
16,373,2,500,1,-4.063586239
16,374,2,500,1,-1.923804667
16,375,2,500,1,-4.496668477
16,376,2,1500,-1,-1.294153599
16,377,2,1500,-1,5.716677216
16,378,2,1500,-1,11.3799193
16,379,2,1500,-1,9.332464201
16,380,2,1500,-1,10.16431467
16,381,2,1500,-1,9.240533662
16,382,2,500,1,7.220765843
16,383,2,500,1,-1.600013725
16,384,2,1500,-1,5.517058167
16,385,2,500,1,-7.528306304
16,386,2,500,1,-6.867099445
16,387,2,1500,-1,3.039567252
16,388,2,500,1,-4.055245192
16,389,2,500,1,-9.99638938
16,390,2,1500,-1,-2.371039912
16,391,2,1500,-1,1.465018256
16,392,2,500,1,-4.827291225
16,393,2,500,1,-8.08411437
16,394,2,500,1,-5.357274877
16,395,2,500,1,-8.552492204
16,396,2,500,1,-6.563192166
16,397,2,500,1,-14.15296046
16,398,2,500,1,-0.334001764
16,399,2,500,1,-1.814924924
16,400,2,500,1,-3.611840667
16,401,2,500,1,-9.219743855
16,402,2,1500,-1,-0.464882385
16,403,2,500,1,-3.684681828
16,404,2,500,1,-5.031785609
16,405,2,500,1,-7.577885911
16,406,2,500,1,-4.649513433
16,407,2,1500,-1,-4.307095993
16,408,2,1500,-1,-1.346807082
16,409,2,500,1,-3.065773409
16,410,2,1500,-1,-3.307758157
16,411,2,500,1,-5.358578939
16,412,2,500,1,-9.727551176
16,413,2,500,1,-6.927193216
16,414,2,1500,-1,-2.262127829
16,415,2,500,1,-9.715259662
16,416,2,500,1,-9.233630759
16,417,2,1500,-1,-5.854189559
16,418,2,500,1,-5.361019622
16,419,2,500,1,-8.740432493
16,420,2,1500,-1,-2.528137235
16,421,3,1250,0,5.561423615
16,422,3,750,0,-0.794804036
16,423,3,750,0,-1.34005276
16,424,3,1250,0,10.43566748
16,425,3,1250,0,8.246442417
16,426,3,1000,0,5.187713188
16,427,3,1250,0,10.31395384
16,428,3,1250,0,4.982868293
16,429,3,1250,0,2.425477692
16,430,3,1000,0,3.638456252
16,431,3,750,0,0.359628461
16,432,3,1000,0,3.251011296
16,433,3,1000,0,4.141750726
16,434,3,1500,0,5.40538359
16,435,3,500,0,-1.38084637
16,436,3,1500,0,6.747278271
16,437,3,1250,0,5.448476467
16,438,3,1250,0,-2.340510888
16,439,3,1250,0,0.491501756
16,440,3,1000,0,-1.931731621
16,441,3,1250,0,-0.362532298
16,442,3,1000,0,1.597927669
16,443,3,750,0,1.212009705
16,444,3,1000,0,0.755040376
16,445,3,500,0,-4.663191334
16,446,3,500,0,-3.519298038
16,447,3,500,0,-2.784446285
16,448,3,750,0,-2.187766762
16,449,3,1000,0,NaN
16,450,3,1500,0,0.95719035
16,451,3,1250,0,-0.169218419
16,452,3,1500,0,-2.860649308
16,453,3,750,0,2.329753917
16,454,3,1500,0,5.87883378
16,455,3,500,0,-0.136410514
16,456,3,1000,0,4.025901853
16,457,3,1500,0,5.484550399
16,458,3,1000,0,-1.217988694
16,459,3,1500,0,-0.619435116
16,460,3,500,0,-4.631179241
16,461,3,1250,0,2.05261188
16,462,3,1250,0,-1.880155142
16,463,3,500,0,1.031086034
16,464,3,500,0,-1.26371669
16,465,3,750,0,-1.877698933
16,466,3,1000,0,0.757797111
16,467,3,1500,0,4.674819767
16,468,3,750,0,2.801554216
16,469,3,1000,0,5.65745075
16,470,3,750,0,6.901660622
16,471,3,1000,0,8.293864595
16,472,3,750,0,3.372091517
16,473,3,750,0,0.620457634
16,474,3,1000,0,7.667899859
16,475,3,1500,0,12.21264163
16,476,3,750,0,2.617842284
16,477,3,750,0,5.367662179
16,478,3,1500,0,NaN
16,479,3,1250,0,6.240638752
16,480,3,1250,0,11.0384857
16,481,3,1500,0,4.910793398
16,482,3,1500,0,9.559418744
16,483,3,1500,0,3.259826418
16,484,3,1500,0,2.848892652
16,485,3,500,0,-3.782876595
16,486,3,1500,0,3.164719304
16,487,3,750,0,1.638133201
16,488,3,500,0,-2.591564307
16,489,3,1500,0,12.6192815
16,490,3,1000,0,2.262340755
16,491,3,1500,0,3.522489195
16,492,3,500,0,-4.879335092
16,493,3,500,0,4.059890508
16,494,3,1000,0,5.775557069
16,495,3,1250,0,9.86071121
16,496,3,1000,0,6.60268742
16,497,3,750,0,-0.157217562
16,498,3,750,0,7.840299487
16,499,3,1000,0,2.822170102
16,500,3,1250,0,8.66454603
16,501,3,1250,0,11.87660523
16,502,3,1250,0,6.120764847
16,503,3,1500,0,9.678337355
16,504,3,500,0,2.724540704
16,505,3,1250,0,6.919338762
16,506,3,1250,0,14.31266421
16,507,3,1500,0,5.426390518
16,508,3,500,0,0.546602806
16,509,3,500,0,-0.59477811
16,510,3,1250,0,5.178794298
16,511,3,500,0,0.977521832
16,512,3,750,0,0.20034434
16,513,3,1000,0,4.25007052
16,514,3,750,0,2.563271727
16,515,3,750,0,1.310049007
16,516,3,750,0,3.859208394
16,517,3,1000,0,6.757295561
16,518,3,750,0,6.541758124
16,519,3,1250,0,11.58786093
16,520,3,1500,0,10.30827929
16,521,3,1250,0,15.52302332
16,522,3,1250,0,8.167708924
16,523,3,1500,0,14.53307892
16,524,3,1500,0,11.6073226
16,525,3,1000,0,8.401671006
16,526,3,750,0,5.955774992
16,527,3,750,0,8.708737299
16,528,3,1500,0,2.493884849
16,529,3,500,0,7.051800329
16,530,3,1000,0,9.344626694
16,531,3,500,0,3.284732708
16,532,3,500,0,7.455911501
16,533,3,500,0,6.056312002
16,534,3,750,0,2.605961366
16,535,3,500,0,4.792403814
16,536,3,500,0,-1.491453484
16,537,3,1000,0,11.65272386
16,538,3,500,0,1.358352113
16,539,3,1000,0,11.4906363
16,540,3,1000,0,7.442559995
16,541,3,500,0,4.355771695
16,542,3,1000,0,7.595778248
16,543,3,1500,0,4.49461737
16,544,3,1500,0,2.205386925
16,545,3,1250,0,1.601611541
16,546,3,500,0,-4.33008372
16,547,3,1250,0,-4.058203715
16,548,3,1500,0,2.48795112
16,549,3,750,0,-1.368056664
16,550,3,500,0,-1.825052875
16,551,3,500,0,4.372821734
16,552,3,1500,0,NaN
16,553,3,500,0,0.112726854
16,554,3,1000,0,7.404794389
16,555,3,500,0,-0.784875859
16,556,3,1250,0,6.568280969
16,557,3,1000,0,7.135562972
16,558,3,1000,0,1.204466064
16,559,3,1000,0,5.153001227
16,560,3,750,0,7.707361323
16,561,3,750,0,1.827280725
16,562,3,750,0,8.774381362
16,563,3,1250,0,3.905438209
16,564,3,1500,0,1.720991833
16,565,3,500,0,1.713736963
16,566,3,1500,0,11.30745214
16,567,3,750,0,0.738754752
16,568,3,1500,0,5.568488459
16,569,3,750,0,-0.505759754
16,570,3,1250,0,7.312217267
17,1,1,500,0,2.873968896
17,2,1,1500,0,1.515563195
17,3,1,500,0,0.899655614
17,4,1,500,0,-2.934591055
17,5,1,1500,0,NaN
17,6,1,1500,0,-0.919325886
17,7,1,1500,0,-0.000283115
17,8,1,500,0,0.613921036
17,9,1,1500,0,-1.168435194
17,10,1,500,0,2.587040767
17,11,1,1500,0,2.404984437
17,12,1,1500,0,0.850492905
17,13,1,1500,0,1.375332168
17,14,1,500,0,-0.03466153
17,15,1,1500,0,4.295465453
17,16,1,500,0,2.063693965
17,17,1,500,0,5.634215669
17,18,1,1500,0,NaN
17,19,1,500,0,8.493611057
17,20,1,500,0,10.09267818
17,21,2,1500,-1,12.45131471
17,22,2,500,1,17.56563122
17,23,2,1500,-1,11.99366034
17,24,2,1500,-1,NaN
17,25,2,1500,-1,25.83007096
17,26,2,1500,-1,NaN
17,27,2,1500,-1,NaN
17,28,2,1500,-1,NaN
17,29,2,1500,-1,NaN
17,30,2,1500,-1,NaN
17,31,2,500,1,NaN
17,32,2,1500,-1,NaN
17,33,2,1500,-1,NaN
17,34,2,500,1,NaN
17,35,2,500,1,NaN
17,36,2,1500,-1,24.90334912
17,37,2,1500,-1,NaN
17,38,2,1500,-1,NaN
17,39,2,1500,-1,NaN
17,40,2,1500,-1,NaN
17,41,2,1500,-1,NaN
17,42,2,1500,-1,NaN
17,43,2,500,1,28.20872139
17,44,2,500,1,21.31965831
17,45,2,1500,-1,12.48021169
17,46,2,500,1,12.93361365
17,47,2,500,1,3.804607015
17,48,2,500,1,-1.441911864
17,49,2,1500,-1,NaN
17,50,2,1500,-1,10.37130287
17,51,2,500,1,2.569322684
17,52,2,1500,-1,15.59974411
17,53,2,500,1,13.07099424
17,54,2,1500,-1,17.30748431
17,55,2,500,1,9.647354264
17,56,2,500,1,5.740258073
17,57,2,500,1,-8.050327101
17,58,2,500,1,-13.06155196
17,59,2,1500,-1,1.191135375
17,60,2,1500,-1,14.35960002
17,61,2,1500,-1,13.88857178
17,62,2,1500,-1,13.40073152
17,63,2,500,1,11.21341052
17,64,2,1500,-1,8.522323664
17,65,2,1500,-1,8.388781362
17,66,2,500,1,4.014371547
17,67,2,1500,-1,15.23946678
17,68,2,500,1,5.766444276
17,69,2,1500,-1,NaN
17,70,2,500,1,-5.451929668
17,71,2,1500,-1,3.227789572
17,72,2,1500,-1,6.803654294
17,73,2,500,1,-5.493421419
17,74,2,500,1,-6.187898254
17,75,2,500,1,-10.27445544
17,76,2,1500,-1,-15.0787687
17,77,2,1500,-1,-11.95775911
17,78,2,500,1,-8.124963375
17,79,2,500,1,-18.24221389
17,80,2,1500,-1,NaN
17,81,2,500,1,-18.10206241
17,82,2,1500,-1,-6.29262604
17,83,2,1500,-1,-5.221428739
17,84,2,1500,-1,-2.537075604
17,85,2,1500,-1,0.146133428
17,86,2,500,1,-6.868954762
17,87,2,1500,-1,6.127723503
17,88,2,500,1,-6.532994232
17,89,2,1500,-1,-6.09804141
17,90,2,1500,-1,2.654117089
17,91,2,500,1,1.621053845
17,92,2,1500,-1,7.341495891
17,93,2,500,1,12.66095973
17,94,2,1500,-1,5.127351201
17,95,2,500,1,-2.822186994
17,96,2,500,1,-7.742111787
17,97,2,1500,-1,-3.52684825
17,98,2,500,1,-5.832500954
17,99,2,500,1,-14.29741559
17,100,2,1500,-1,3.111629523
17,101,2,1500,-1,3.451458806
17,102,2,1500,-1,18.70034328
17,103,2,500,1,9.326425151
17,104,2,1500,-1,14.39019586
17,105,2,1500,-1,16.89908283
17,106,2,1500,-1,NaN
17,107,2,1500,-1,17.02273769
17,108,2,1500,-1,21.22908556
17,109,2,500,1,2.716509149
17,110,2,500,1,-0.201540653
17,111,2,500,1,-5.820697448
17,112,2,500,1,-10.10724734
17,113,2,1500,-1,NaN
17,114,2,1500,-1,12.11591436
17,115,2,500,1,0.617885167
17,116,2,1500,-1,13.21630834
17,117,2,500,1,9.758093808
17,118,2,500,1,-1.1247811
17,119,2,1500,-1,17.80457816
17,120,2,1500,-1,20.27985605
17,121,2,1500,-1,NaN
17,122,2,500,1,5.195586159
17,123,2,500,1,-0.633906492
17,124,2,500,1,-10.2776221
17,125,2,500,1,-6.670558311
17,126,2,1500,-1,NaN
17,127,2,500,1,-2.430845624
17,128,2,1500,-1,NaN
17,129,2,500,1,3.226349363
17,130,2,500,1,-9.87261901
17,131,2,500,1,-7.030758923
17,132,2,1500,-1,8.936274763
17,133,2,500,1,-7.592862019
17,134,2,500,1,-11.15867923
17,135,2,500,1,-14.6578525
17,136,2,1500,-1,13.1729686
17,137,2,500,1,-4.973985395
17,138,2,1500,-1,10.1884974
17,139,2,500,1,7.344519413
17,140,2,500,1,-1.856766096
17,141,2,500,1,-3.421004663
17,142,2,1500,-1,23.4312262
17,143,2,500,1,NaN
17,144,2,1500,-1,NaN
17,145,2,1500,-1,13.09267769
17,146,2,1500,-1,22.67139091
17,147,2,500,1,9.599586132
17,148,2,500,1,3.700536926
17,149,2,1500,-1,NaN
17,150,2,500,1,1.944124461
17,151,2,500,1,4.270482748
17,152,2,1500,-1,10.2688777
17,153,2,500,1,-4.638394945
17,154,2,1500,-1,29.48935335
17,155,2,500,1,1.715039681
17,156,2,500,1,10.32990219
17,157,2,500,1,-6.433565471
17,158,2,500,1,5.816843765
17,159,2,500,1,4.84559534
17,160,2,1500,-1,17.21774076
17,161,2,1500,-1,26.10676776
17,162,2,1500,-1,NaN
17,163,2,500,1,7.370832195
17,164,2,1500,-1,15.68653498
17,165,2,500,1,-2.940469568
17,166,2,500,1,-2.713269206
17,167,2,500,1,-2.773416152
17,168,2,1500,-1,12.65869135
17,169,2,1500,-1,11.91859837
17,170,2,1500,-1,8.949689832
17,171,2,500,1,12.03199816
17,172,2,1500,-1,3.736146286
17,173,2,1500,-1,28.50250748
17,174,2,500,1,-2.531879284
17,175,2,500,1,-18.9855308
17,176,2,1500,-1,0.543058974
17,177,2,1500,-1,NaN
17,178,2,500,1,4.829859793
17,179,2,500,1,-14.48828943
17,180,2,1500,-1,2.997233151
17,181,2,500,1,-11.87474183
17,182,2,500,1,-15.74916683
17,183,2,500,1,-16.62207974
17,184,2,500,1,-17.50108572
17,185,2,1500,-1,22.15389847
17,186,2,1500,-1,NaN
17,187,2,500,1,2.212568331
17,188,2,500,1,NaN
17,189,2,500,1,-6.009072414
17,190,2,1500,-1,3.845089519
17,191,2,1500,-1,13.25262591
17,192,2,500,1,-10.30692137
17,193,2,1500,-1,7.647477091
17,194,2,1500,-1,-5.70610771
17,195,2,500,1,-5.337904115
17,196,2,500,1,-15.90225556
17,197,2,1500,-1,-5.398895952
17,198,2,500,1,-18.38050167
17,199,2,500,1,-24.60602253
17,200,2,500,1,-21.44713804
17,201,2,1500,-1,-7.442226206
17,202,2,1500,-1,-6.276738166
17,203,2,1500,-1,0.905468469
17,204,2,500,1,-7.094364656
17,205,2,1500,-1,-7.344568261
17,206,2,1500,-1,6.173504659
17,207,2,500,1,-9.159543084
17,208,2,1500,-1,-1.61434497
17,209,2,1500,-1,5.293068233
17,210,2,500,1,-5.0766074
17,211,2,500,1,-9.319007948
17,212,2,1500,-1,7.040947303
17,213,2,500,1,-5.765292573
17,214,2,500,1,4.89829376
17,215,2,500,1,-14.34477685
17,216,2,500,1,-0.099940102
17,217,2,500,1,-6.678582528
17,218,2,500,1,-11.14599088
17,219,2,1500,-1,16.47176412
17,220,2,1500,-1,0.530234517
17,221,2,500,1,1.145067902
17,222,2,500,1,-6.514580626
17,223,2,500,1,-7.963420521
17,224,2,1500,-1,16.23606072
17,225,2,500,1,-11.0486309
17,226,2,500,1,-6.143347022
17,227,2,1500,-1,11.57960763
17,228,2,1500,-1,NaN
17,229,2,1500,-1,17.14892609
17,230,2,1500,-1,7.105767048
17,231,2,1500,-1,0.871381866
17,232,2,1500,-1,23.10451344
17,233,2,1500,-1,NaN
17,234,2,1500,-1,26.14294994
17,235,2,500,1,-6.594185179
17,236,2,1500,-1,1.074208134
17,237,2,1500,-1,1.402755646
17,238,2,1500,-1,NaN
17,239,2,1500,-1,6.640804709
17,240,2,500,1,0.392771731
17,241,2,1500,-1,6.685752135
17,242,2,500,1,-1.348691379
17,243,2,1500,-1,2.945606954
17,244,2,500,1,-7.185144605
17,245,2,500,1,-8.934288879
17,246,2,500,1,-14.78732362
17,247,2,500,1,-9.171369832
17,248,2,500,1,-5.977929678
17,249,2,1500,-1,-0.217612775
17,250,2,500,1,-4.82871938
17,251,2,1500,-1,4.938978316
17,252,2,1500,-1,NaN
17,253,2,1500,-1,29.6480986
17,254,2,500,1,-1.881020528
17,255,2,1500,-1,20.91995475
17,256,2,500,1,2.18196659
17,257,2,1500,-1,2.713367148
17,258,2,500,1,-5.974959728
17,259,2,1500,-1,2.040373125
17,260,2,500,1,-5.984369202
17,261,2,1500,-1,4.962737505
17,262,2,500,1,-6.355930404
17,263,2,1500,-1,13.56505
17,264,2,500,1,-2.157282694
17,265,2,1500,-1,19.56023529
17,266,2,500,1,-0.292428974
17,267,2,500,1,-7.917014951
17,268,2,500,1,-10.90448477
17,269,2,500,1,-3.636119473
17,270,2,500,1,-15.74315397
17,271,2,500,1,-7.377440954
17,272,2,500,1,-16.55486745
17,273,2,500,1,-9.865767954
17,274,2,1500,-1,10.07493898
17,275,2,1500,-1,NaN
17,276,2,500,1,-3.593525362
17,277,2,500,1,-6.701926391
17,278,2,500,1,-3.928109325
17,279,2,500,1,-7.314219478
17,280,2,500,1,-5.525376129
17,281,2,1500,-1,11.1828852
17,282,2,1500,-1,10.87028365
17,283,2,500,1,-16.91867981
17,284,2,1500,-1,NaN
17,285,2,500,1,-8.296503893
17,286,2,1500,-1,13.40037403
17,287,2,500,1,-13.69739316
17,288,2,500,1,-8.302857245
17,289,2,1500,-1,20.89407107
17,290,2,1500,-1,7.73811862
17,291,2,500,1,-3.659507439
17,292,2,500,1,-19.72854467
17,293,2,500,1,-11.91429948
17,294,2,1500,-1,-0.613520567
17,295,2,500,1,-10.52900973
17,296,2,1500,-1,20.41878967
17,297,2,1500,-1,28.4873814
17,298,2,1500,-1,3.032147879
17,299,2,1500,-1,10.73862684
17,300,2,500,1,-1.317211866
17,301,2,500,1,-7.678182161
17,302,2,1500,-1,10.39592803
17,303,2,500,1,-19.55664957
17,304,2,1500,-1,15.14909264
17,305,2,500,1,-17.31075156
17,306,2,500,1,-2.658257852
17,307,2,500,1,-12.31189502
17,308,2,500,1,-18.88053887
17,309,2,1500,-1,0.462218042
17,310,2,1500,-1,-3.475152333
17,311,2,500,1,-10.69577194
17,312,2,1500,-1,16.72920127
17,313,2,500,1,-14.78204726
17,314,2,500,1,-12.54052471
17,315,2,500,1,-2.655075384
17,316,2,500,1,-7.703728031
17,317,2,500,1,-14.84386501
17,318,2,1500,-1,7.436149134
17,319,2,500,1,-20.54975211
17,320,2,500,1,-12.35002009
17,321,2,500,1,-16.60156329
17,322,2,500,1,-16.62682862
17,323,2,1500,-1,-7.449679074
17,324,2,1500,-1,0.864900239
17,325,2,500,1,-16.41168184
17,326,2,1500,-1,NaN
17,327,2,500,1,-8.554748389
17,328,2,500,1,-16.44108522
17,329,2,1500,-1,9.860419308
17,330,2,1500,-1,-0.792124141
17,331,2,1500,-1,NaN
17,332,2,1500,-1,-0.124695921
17,333,2,1500,-1,-0.267703639
17,334,2,500,1,-8.498908155
17,335,2,1500,-1,25.8681866
17,336,2,500,1,-23.83651745
17,337,2,1500,-1,14.33199389
17,338,2,1500,-1,0.203923092
17,339,2,500,1,-2.756158692
17,340,2,500,1,-14.23498834
17,341,2,500,1,-17.18976829
17,342,2,500,1,-19.01668444
17,343,2,1500,-1,-2.433957314
17,344,2,500,1,-24.78263284
17,345,2,1500,-1,-7.542246799
17,346,2,500,1,-16.28241604
17,347,2,1500,-1,13.14026389
17,348,2,500,1,-18.79353873
17,349,2,500,1,-9.176611825
17,350,2,1500,-1,1.661656765
17,351,2,1500,-1,9.146252983
17,352,2,500,1,-16.55759414
17,353,2,500,1,-3.379240276
17,354,2,500,1,-19.56258963
17,355,2,1500,-1,-4.620317589
17,356,2,1500,-1,4.367907361
17,357,2,1500,-1,1.827173139
17,358,2,500,1,-11.05519104
17,359,2,1500,-1,10.96376011
17,360,2,1500,-1,3.768078036
17,361,2,1500,-1,0.437229478
17,362,2,1500,-1,17.50023397
17,363,2,1500,-1,NaN
17,364,2,500,1,-13.34770987
17,365,2,500,1,-0.902401093
17,366,2,1500,-1,NaN
17,367,2,500,1,-24.273335
17,368,2,500,1,-12.70684765
17,369,2,500,1,-10.91059575
17,370,2,1500,-1,4.796062335
17,371,2,1500,-1,4.515930684
17,372,2,1500,-1,8.675123895
17,373,2,1500,-1,20.77474428
17,374,2,1500,-1,6.029424564
17,375,2,500,1,-12.60993913
17,376,2,500,1,-17.55264706
17,377,2,1500,-1,20.59918111
17,378,2,1500,-1,27.98239975
17,379,2,500,1,-14.39115098
17,380,2,1500,-1,20.95584659
17,381,2,1500,-1,25.88377381
17,382,2,500,1,1.590761951
17,383,2,1500,-1,NaN
17,384,2,1500,-1,NaN
17,385,2,1500,-1,11.07654494
17,386,2,1500,-1,15.79578423
17,387,2,500,1,-6.676684222
17,388,2,1500,-1,NaN
17,389,2,1500,-1,11.63101765
17,390,2,500,1,-16.12707054
17,391,2,1500,-1,2.746140766
17,392,2,1500,-1,4.854144937
17,393,2,500,1,-12.87022789
17,394,2,500,1,1.44547161
17,395,2,1500,-1,16.60672241
17,396,2,1500,-1,NaN
17,397,2,500,1,-5.072056556
17,398,2,500,1,-1.344882147
17,399,2,500,1,0.999243278
17,400,2,500,1,-4.048784277
17,401,2,1500,-1,15.32103668
17,402,2,500,1,-9.233990021
17,403,2,500,1,5.422095508
17,404,2,1500,-1,1.734469668
17,405,2,1500,-1,18.01585552
17,406,2,1500,-1,5.321490797
17,407,2,500,1,-9.299212471
17,408,2,1500,-1,18.4653574
17,409,2,1500,-1,NaN
17,410,2,1500,-1,13.24683806
17,411,2,500,1,-13.15849998
17,412,2,1500,-1,16.53596724
17,413,2,1500,-1,19.81638929
17,414,2,500,1,-14.41609332
17,415,2,1500,-1,6.154160952
17,416,2,500,1,-9.864183954
17,417,2,500,1,0.684032146
17,418,2,500,1,-8.454224242
17,419,2,500,1,-5.656857685
17,420,2,1500,-1,3.191828302
17,421,3,750,0,-7.269598265
17,422,3,1500,0,12.87170531
17,423,3,1500,0,0.311232861
17,424,3,750,0,8.242342512
17,425,3,1500,0,3.564925374
17,426,3,1500,0,9.999002052
17,427,3,1250,0,-9.106676568
17,428,3,1500,0,4.884039355
17,429,3,500,0,-14.30643782
17,430,3,750,0,-3.282618447
17,431,3,1000,0,-6.673989586
17,432,3,1250,0,1.7490097
17,433,3,1000,0,-7.308992097
17,434,3,750,0,-5.117607247
17,435,3,1250,0,7.117368758
17,436,3,1250,0,5.850124505
17,437,3,1000,0,-0.718153415
17,438,3,750,0,-7.725205806
17,439,3,1500,0,14.98233051
17,440,3,1500,0,7.131351204
17,441,3,1000,0,8.413683766
17,442,3,750,0,0.232613463
17,443,3,1000,0,7.651380746
17,444,3,750,0,-6.269601585
17,445,3,500,0,6.760356877
17,446,3,1500,0,5.865920723
17,447,3,1000,0,0.69847071
17,448,3,1250,0,-0.799254849
17,449,3,1500,0,3.154114635
17,450,3,1000,0,-2.567029193
17,451,3,500,0,-0.079497073
17,452,3,500,0,6.047629888
17,453,3,1250,0,2.885077196
17,454,3,750,0,10.59594985
17,455,3,1250,0,11.87488448
17,456,3,1000,0,-6.359364722
17,457,3,1500,0,9.828355933
17,458,3,750,0,-2.04670103
17,459,3,1250,0,6.980551574
17,460,3,500,0,-8.013674677
17,461,3,1250,0,13.82052942
17,462,3,1500,0,2.271344254
17,463,3,1500,0,1.909988654
17,464,3,500,0,-8.705655002
17,465,3,1000,0,9.11709455
17,466,3,500,0,-2.176216796
17,467,3,1000,0,18.61657991
17,468,3,1000,0,4.631148999
17,469,3,1250,0,2.318002121
17,470,3,1250,0,13.36772023
17,471,3,1250,0,7.187698412
17,472,3,1500,0,5.33550743
17,473,3,1000,0,-3.550281793
17,474,3,750,0,13.63479685
17,475,3,1250,0,NaN
17,476,3,750,0,-3.618328281
17,477,3,1250,0,1.274997545
17,478,3,1250,0,-0.058829861
17,479,3,1500,0,6.466862429
17,480,3,750,0,-7.566504412
17,481,3,1000,0,-1.811897081
17,482,3,1500,0,6.662634043
17,483,3,500,0,-11.94484338
17,484,3,500,0,-6.223030701
17,485,3,1000,0,4.108701755
17,486,3,500,0,-3.925012931
17,487,3,500,0,-0.025862205
17,488,3,500,0,-8.168680745
17,489,3,1500,0,7.201827013
17,490,3,1000,0,-3.375335446
17,491,3,1000,0,3.50229739
17,492,3,1000,0,8.040613577
17,493,3,1250,0,2.236251695
17,494,3,1500,0,3.286059558
17,495,3,1250,0,7.121607099
17,496,3,500,0,-6.934933346
17,497,3,1000,0,11.4399785
17,498,3,1500,0,NaN
17,499,3,500,0,-4.025342035
17,500,3,500,0,4.331120857
17,501,3,500,0,-0.743872156
17,502,3,1500,0,4.563576063
17,503,3,1250,0,-1.878927129
17,504,3,750,0,1.135569258
17,505,3,750,0,-0.483326245
17,506,3,1500,0,15.73810893
17,507,3,1000,0,-0.563795471
17,508,3,750,0,-0.3663737
17,509,3,1000,0,-4.25741086
17,510,3,750,0,2.923813769
17,511,3,500,0,-1.245324132
17,512,3,750,0,3.696363899
17,513,3,500,0,-1.89898574
17,514,3,1250,0,4.555858464
17,515,3,1500,0,-0.357819631
17,516,3,1250,0,1.532871453
17,517,3,750,0,-3.85706767
17,518,3,500,0,-5.513257315
17,519,3,1000,0,4.154920066
17,520,3,1500,0,NaN
17,521,3,1500,0,-4.646692404
17,522,3,750,0,-5.617072695
17,523,3,1250,0,2.204037204
17,524,3,1500,0,-3.502467235
17,525,3,1250,0,-8.692930712
17,526,3,1250,0,-3.314379795
17,527,3,750,0,-8.585433523
17,528,3,500,0,-9.006633853
17,529,3,1000,0,-3.648025241
17,530,3,1250,0,2.971848115
17,531,3,500,0,-8.196605839
17,532,3,1000,0,1.955214186
17,533,3,750,0,-1.296819531
17,534,3,500,0,1.738197839
17,535,3,1000,0,7.765388322
17,536,3,500,0,-4.514792109
17,537,3,750,0,7.41042343
17,538,3,500,0,-0.90120621
17,539,3,750,0,5.911420393
17,540,3,1250,0,-1.225441218
17,541,3,1250,0,-4.784427224
17,542,3,1000,0,-8.346921311
17,543,3,1500,0,NaN
17,544,3,750,0,-9.087713104
17,545,3,1500,0,2.289587164
17,546,3,750,0,-5.312909456
17,547,3,500,0,-3.055695659
17,548,3,750,0,5.776753993
17,549,3,1500,0,3.633086592
17,550,3,500,0,-9.380239537
17,551,3,1000,0,9.633887407
17,552,3,1250,0,-3.970090857
17,553,3,1250,0,-2.43776334
17,554,3,750,0,-3.470873623
17,555,3,1250,0,3.126452312
17,556,3,500,0,-4.340717965
17,557,3,1500,0,-2.367338787
17,558,3,500,0,-6.165137882
17,559,3,1000,0,-8.036261359
17,560,3,1250,0,2.073723635
17,561,3,750,0,-7.473382799
17,562,3,500,0,-7.469601001
17,563,3,750,0,3.486640998
17,564,3,1000,0,-2.261290954
17,565,3,500,0,-4.831909871
17,566,3,1000,0,1.154103253
17,567,3,750,0,-3.63466473
17,568,3,1500,0,1.198964724
17,569,3,1500,0,-2.038618917
17,570,3,1000,0,-5.597226203
18,1,1,1500,-0,0.395489396
18,2,1,500,-0,-4.895266117
18,3,1,1500,-0,NaN
18,4,1,500,-0,-0.628103939
18,5,1,500,-0,-4.501419176
18,6,1,1500,-0,1.14522309
18,7,1,500,-0,3.085239639
18,8,1,500,-0,-1.966457505
18,9,1,1500,-0,-2.063472234
18,10,1,1500,-0,1.35598247
18,11,1,1500,-0,-5.229278839
18,12,1,1500,-0,-0.909658196
18,13,1,500,-0,-1.211200693
18,14,1,1500,-0,-2.369602471
18,15,1,500,-0,-0.864328087
18,16,1,1500,-0,-2.636828414
18,17,1,500,-0,-4.85645383
18,18,1,1500,-0,1.048381165
18,19,1,500,-0,1.933592987
18,20,1,500,-0,-1.332405436
18,21,2,500,1,-7.316515876
18,22,2,500,1,-10.61530033
18,23,2,500,1,-17.3362384
18,24,2,1500,-1,-20.95140967
18,25,2,500,1,-13.88324515
18,26,2,500,1,-17.68446403
18,27,2,1500,-1,-17.61686804
18,28,2,500,1,-7.903281937
18,29,2,1500,-1,-10.42615815
18,30,2,1500,-1,-6.686086916
18,31,2,1500,-1,-0.611353713
18,32,2,1500,-1,0.834607456
18,33,2,500,1,3.960983758
18,34,2,500,1,-5.338496136
18,35,2,500,1,-10.8659749
18,36,2,1500,-1,NaN
18,37,2,1500,-1,2.197578214
18,38,2,1500,-1,3.604598521
18,39,2,1500,-1,-3.688143438
18,40,2,1500,-1,-0.501409916
18,41,2,1500,-1,0.7498709
18,42,2,1500,-1,1.805443893
18,43,2,500,1,-0.037903404
18,44,2,1500,-1,-2.416108741
18,45,2,1500,-1,-0.786683061
18,46,2,1500,-1,1.337810674
18,47,2,500,1,-3.390985572
18,48,2,1500,-1,-4.141078243
18,49,2,1500,-1,1.027463584
18,50,2,500,1,-1.166320055
18,51,2,500,1,-5.575171284
18,52,2,500,1,-9.972237344
18,53,2,1500,-1,-9.942340308
18,54,2,1500,-1,1.290632304
18,55,2,500,1,2.467455347
18,56,2,500,1,2.48118363
18,57,2,500,1,-1.486967362
18,58,2,1500,-1,-0.805063148
18,59,2,1500,-1,1.815060563
18,60,2,500,1,0.34184681
18,61,2,500,1,-3.603007519
18,62,2,1500,-1,2.665498188
18,63,2,500,1,-0.32377157
18,64,2,1500,-1,5.476116458
18,65,2,1500,-1,4.673532395
18,66,2,500,1,4.303892817
18,67,2,500,1,0.112169977
18,68,2,1500,-1,0.220361812
18,69,2,500,1,1.685187268
18,70,2,1500,-1,-0.485911369
18,71,2,1500,-1,4.883619918
18,72,2,1500,-1,7.527586262
18,73,2,500,1,2.820928486
18,74,2,500,1,-3.741258734
18,75,2,500,1,-3.552820754
18,76,2,500,1,-5.151313025
18,77,2,500,1,-11.38363056
18,78,2,500,1,-1.613147151
18,79,2,500,1,-2.339392888
18,80,2,500,1,-2.652868534
18,81,2,1500,-1,-2.365092987
18,82,2,1500,-1,3.281393001
18,83,2,500,1,4.18884694
18,84,2,500,1,3.028994287
18,85,2,1500,-1,-2.549706585
18,86,2,1500,-1,3.438048121
18,87,2,500,1,2.697185666
18,88,2,1500,-1,2.019169961
18,89,2,500,1,-3.52645066
18,90,2,1500,-1,4.979061717
18,91,2,500,1,8.48677795
18,92,2,500,1,6.437301821
18,93,2,1500,-1,NaN
18,94,2,500,1,1.997089876
18,95,2,1500,-1,-3.73640309
18,96,2,1500,-1,7.795333667
18,97,2,1500,-1,5.472072017
18,98,2,500,1,7.335153572
18,99,2,1500,-1,5.017174903
18,100,2,1500,-1,2.329723338
18,101,2,1500,-1,1.449987544
18,102,2,500,1,7.589377644
18,103,2,500,1,1.63386483
18,104,2,1500,-1,-0.038670733
18,105,2,1500,-1,3.675713957
18,106,2,500,1,-1.226753058
18,107,2,1500,-1,-1.82546568
18,108,2,1500,-1,NaN
18,109,2,500,1,2.479860672
18,110,2,1500,-1,-0.063164861
18,111,2,1500,-1,5.666206097
18,112,2,500,1,-3.134749202
18,113,2,500,1,-4.910187776
18,114,2,500,1,-9.798368603
18,115,2,500,1,-15.23726426
18,116,2,1500,-1,-11.94195832
18,117,2,1500,-1,-3.314108897
18,118,2,500,1,-5.51187537
18,119,2,500,1,-14.98309148
18,120,2,1500,-1,-12.01935119
18,121,2,1500,-1,-5.469162141
18,122,2,1500,-1,-0.5688239
18,123,2,500,1,-1.243317102
18,124,2,500,1,-7.859496054
18,125,2,1500,-1,-7.390208555
18,126,2,1500,-1,3.298105565
18,127,2,500,1,-2.903988904
18,128,2,1500,-1,-8.595900417
18,129,2,500,1,-4.981082235
18,130,2,500,1,-16.72176349
18,131,2,500,1,-4.030674828
18,132,2,500,1,0.456743103
18,133,2,1500,-1,-0.163076303
18,134,2,500,1,-5.909072189
18,135,2,1500,-1,-9.824295421
18,136,2,1500,-1,-3.791663955
18,137,2,1500,-1,-4.386063586
18,138,2,500,1,-8.94520378
18,139,2,1500,-1,-6.953898358
18,140,2,500,1,-6.731973562
18,141,2,500,1,-12.0329981
18,142,2,500,1,-14.72651725
18,143,2,1500,-1,-16.99591914
18,144,2,1500,-1,-7.101496144
18,145,2,500,1,-11.01326207
18,146,2,1500,-1,-7.273840663
18,147,2,500,1,-7.858100499
18,148,2,1500,-1,-4.196597013
18,149,2,500,1,-6.771070202
18,150,2,1500,-1,-8.573318349
18,151,2,1500,-1,-3.701870249
18,152,2,1500,-1,0.78945645
18,153,2,500,1,-7.797114025
18,154,2,1500,-1,-8.811637821
18,155,2,500,1,-8.174845779
18,156,2,1500,-1,-8.050391209
18,157,2,500,1,-7.316183721
18,158,2,1500,-1,-6.385786023
18,159,2,1500,-1,-1.051282885
18,160,2,500,1,-7.037125088
18,161,2,500,1,-11.76450997
18,162,2,500,1,-12.69218849
18,163,2,1500,-1,-7.206227948
18,164,2,500,1,-12.48896714
18,165,2,1500,-1,-9.158706929
18,166,2,500,1,-10.75525569
18,167,2,500,1,-13.38366178
18,168,2,1500,-1,-11.90000134
18,169,2,500,1,-11.6757619
18,170,2,1500,-1,NaN
18,171,2,500,1,-10.75156434
18,172,2,500,1,-18.70761075
18,173,2,1500,-1,NaN
18,174,2,500,1,-4.904776025
18,175,2,1500,-1,-12.532384
18,176,2,500,1,-14.88116893
18,177,2,500,1,-18.8211049
18,178,2,1500,-1,-15.95357525
18,179,2,500,1,-10.4908285
18,180,2,500,1,-14.54929994
18,181,2,500,1,-14.62277367
18,182,2,500,1,-17.49783784
18,183,2,500,1,-18.70127712
18,184,2,1500,-1,NaN
18,185,2,500,1,-10.38278715
18,186,2,500,1,-17.88541712
18,187,2,1500,-1,-16.67335421
18,188,2,500,1,-15.79580877
18,189,2,500,1,-22.81843196
18,190,2,500,1,-22.93885549
18,191,2,500,1,-23.00489417
18,192,2,500,1,-25.69863189
18,193,2,1500,-1,-24.15921703
18,194,2,1500,-1,-17.49758622
18,195,2,1500,-1,-13.60560509
18,196,2,1500,-1,-2.55488526
18,197,2,500,1,-6.452426507
18,198,2,500,1,-13.59462089
18,199,2,1500,-1,-14.48469161
18,200,2,500,1,-16.81002205
18,201,2,1500,-1,-13.7420781
18,202,2,1500,-1,-11.7298548
18,203,2,500,1,-16.83362153
18,204,2,500,1,-23.92606567
18,205,2,1500,-1,-16.51236906
18,206,2,500,1,-19.68075765
18,207,2,500,1,-29.09453691
18,208,2,500,1,-24.90898145
18,209,2,500,1,-25.09137781
18,210,2,500,1,-22.96028452
18,211,2,1500,-1,NaN
18,212,2,500,1,-20.17594976
18,213,2,1500,-1,-14.04776043
18,214,2,1500,-1,-11.29063862
18,215,2,1500,-1,-10.00633888
18,216,2,500,1,-18.43760773
18,217,2,500,1,-18.02797577
18,218,2,1500,-1,-17.65297031
18,219,2,500,1,-18.52217324
18,220,2,1500,-1,-15.00804769
18,221,2,500,1,-13.90700005
18,222,2,1500,-1,-9.069033675
18,223,2,1500,-1,-5.04914582
18,224,2,500,1,-10.27549908
18,225,2,500,1,-5.230529461
18,226,2,500,1,-6.595678616
18,227,2,500,1,-15.38397361
18,228,2,1500,-1,-5.60996898
18,229,2,500,1,-12.64694381
18,230,2,1500,-1,-10.27043479
18,231,2,1500,-1,-6.342527502
18,232,2,1500,-1,-5.591522168
18,233,2,500,1,-11.10419366
18,234,2,500,1,-16.35356979
18,235,2,500,1,-16.79488474
18,236,2,1500,-1,-12.20254214
18,237,2,1500,-1,-9.807266165
18,238,2,500,1,-24.68852572
18,239,2,1500,-1,1.433726882
18,240,2,1500,-1,-3.724015622
18,241,2,500,1,-4.825058997
18,242,2,1500,-1,NaN
18,243,2,500,1,-3.822716797
18,244,2,1500,-1,-7.167090437
18,245,2,500,1,-4.913763396
18,246,2,500,1,-8.259051187
18,247,2,1500,-1,NaN
18,248,2,500,1,-5.136546751
18,249,2,500,1,-8.512389351
18,250,2,500,1,-7.451182385
18,251,2,1500,-1,-7.475059034
18,252,2,1500,-1,0.902629911
18,253,2,1500,-1,4.143881772
18,254,2,1500,-1,4.61545347
18,255,2,1500,-1,3.173475116
18,256,2,500,1,-3.063226695
18,257,2,1500,-1,-0.194785341
18,258,2,1500,-1,-5.34758114
18,259,2,500,1,-8.017147264
18,260,2,500,1,-6.393164268
18,261,2,500,1,-9.785924892
18,262,2,1500,-1,-4.912933903
18,263,2,1500,-1,-3.935711398
18,264,2,500,1,-7.920469385
18,265,2,1500,-1,-3.310330402
18,266,2,500,1,-6.926283736
18,267,2,1500,-1,-6.285268795
18,268,2,1500,-1,-3.459373092
18,269,2,1500,-1,-5.710778224
18,270,2,500,1,-9.551009132
18,271,2,500,1,-9.95951806
18,272,2,500,1,-14.07089852
18,273,2,1500,-1,-9.972769431
18,274,2,1500,-1,-1.560545857
18,275,2,1500,-1,-0.602980257
18,276,2,500,1,-9.67756735
18,277,2,1500,-1,-3.694042604
18,278,2,500,1,-9.689817945
18,279,2,1500,-1,-4.89833988
18,280,2,1500,-1,NaN
18,281,2,500,1,-2.960853366
18,282,2,500,1,-7.544014829
18,283,2,1500,-1,2.141051037
18,284,2,500,1,-1.152635659
18,285,2,1500,-1,-2.174733707
18,286,2,1500,-1,1.565452799
18,287,2,1500,-1,0.769123049
18,288,2,1500,-1,7.462946166
18,289,2,1500,-1,0.541055932
18,290,2,1500,-1,1.919224058
18,291,2,1500,-1,3.547189636
18,292,2,1500,-1,-0.577807607
18,293,2,500,1,-6.333117204
18,294,2,500,1,-4.397149669
18,295,2,1500,-1,-0.388916291
18,296,2,500,1,-6.449245361
18,297,2,1500,-1,-8.957970653
18,298,2,500,1,-6.03452639
18,299,2,500,1,-9.377989935
18,300,2,500,1,-10.43332561
18,301,2,500,1,-4.356250036
18,302,2,500,1,-11.47881248
18,303,2,500,1,-8.393921474
18,304,2,1500,-1,-3.209873844
18,305,2,500,1,-9.305996038
18,306,2,500,1,-11.69927315
18,307,2,500,1,-10.62751296
18,308,2,500,1,-5.675833697
18,309,2,1500,-1,-5.542195261
18,310,2,1500,-1,-1.138727668
18,311,2,500,1,-5.503085821
18,312,2,500,1,-12.46656889
18,313,2,500,1,-13.24478815
18,314,2,500,1,-20.22469447
18,315,2,1500,-1,-12.68769824
18,316,2,1500,-1,-12.41407478
18,317,2,1500,-1,-3.465771049
18,318,2,1500,-1,-2.050167696
18,319,2,1500,-1,-4.355095606
18,320,2,1500,-1,2.567767459
18,321,2,500,1,0.636569269
18,322,2,500,1,-9.730987262
18,323,2,1500,-1,-2.068802726
18,324,2,500,1,0.430819721
18,325,2,1500,-1,1.373871408
18,326,2,500,1,-1.162714889
18,327,2,500,1,-6.404162878
18,328,2,1500,-1,-7.071644576
18,329,2,1500,-1,0.736968884
18,330,2,500,1,-5.688458436
18,331,2,1500,-1,-2.46986647
18,332,2,500,1,-9.951995913
18,333,2,500,1,-12.89419853
18,334,2,1500,-1,-10.00119001
18,335,2,1500,-1,-3.802808903
18,336,2,1500,-1,-6.249437873
18,337,2,1500,-1,1.82547155
18,338,2,1500,-1,3.310668704
18,339,2,1500,-1,4.410382823
18,340,2,500,1,-1.93579251
18,341,2,1500,-1,1.443520446
18,342,2,1500,-1,4.023729373
18,343,2,1500,-1,1.678803958
18,344,2,1500,-1,-0.208306534
18,345,2,1500,-1,9.578469738
18,346,2,500,1,1.121220274
18,347,2,1500,-1,8.19026199
18,348,2,1500,-1,12.40610401
18,349,2,500,1,-6.090802004
18,350,2,1500,-1,2.714065562
18,351,2,1500,-1,0.801923557
18,352,2,500,1,-1.91247025
18,353,2,1500,-1,3.851714693
18,354,2,1500,-1,7.371119957
18,355,2,500,1,-8.082073933
18,356,2,500,1,-0.557883574
18,357,2,1500,-1,4.631998549
18,358,2,500,1,-7.152366486
18,359,2,1500,-1,-1.455578412
18,360,2,1500,-1,5.107938246
18,361,2,1500,-1,16.00090451
18,362,2,1500,-1,0.031510423
18,363,2,500,1,3.654811783
18,364,2,1500,-1,3.779445347
18,365,2,1500,-1,15.93569106
18,366,2,500,1,-2.616698447
18,367,2,1500,-1,5.420414769
18,368,2,1500,-1,7.10578408
18,369,2,500,1,1.291394271
18,370,2,500,1,-4.862876526
18,371,2,500,1,-2.105681374
18,372,2,500,1,-4.533561718
18,373,2,500,1,-6.497940725
18,374,2,1500,-1,-5.33048852
18,375,2,500,1,2.349842586
18,376,2,1500,-1,-5.197850835
18,377,2,1500,-1,2.959555644
18,378,2,500,1,-4.310498327
18,379,2,1500,-1,-1.965035602
18,380,2,500,1,-8.02884033
18,381,2,500,1,-6.154798841
18,382,2,1500,-1,-3.621718668
18,383,2,500,1,-8.159081136
18,384,2,500,1,-8.812082431
18,385,2,500,1,-9.208473881
18,386,2,1500,-1,-6.403503426
18,387,2,500,1,-6.123974276
18,388,2,500,1,-5.765904635
18,389,2,1500,-1,-2.40117298
18,390,2,500,1,-7.797515801
18,391,2,1500,-1,-1.927092916
18,392,2,1500,-1,3.636161082
18,393,2,500,1,-3.046027311
18,394,2,500,1,-10.19657287
18,395,2,1500,-1,-6.981094363
18,396,2,500,1,-9.505598182
18,397,2,500,1,-15.9591497
18,398,2,500,1,-12.05389959
18,399,2,1500,-1,-6.161139038
18,400,2,500,1,-11.21380116
18,401,2,1500,-1,-2.671097917
18,402,2,500,1,-3.336131723
18,403,2,1500,-1,-0.207541978
18,404,2,1500,-1,1.035308037
18,405,2,1500,-1,0.49127457
18,406,2,1500,-1,4.516004565
18,407,2,500,1,-1.558948031
18,408,2,500,1,-9.039952681
18,409,2,500,1,-12.63387732
18,410,2,1500,-1,-5.22745036
18,411,2,1500,-1,-3.805098922
18,412,2,1500,-1,2.023579933
18,413,2,1500,-1,0.30747467
18,414,2,500,1,-9.263585752
18,415,2,1500,-1,-2.953506634
18,416,2,500,1,-9.885810468
18,417,2,500,1,-15.38285717
18,418,2,500,1,-15.13071794
18,419,2,500,1,-10.69771474
18,420,2,1500,-1,-5.268589484
18,421,3,1000,-0,-1.827408673
18,422,3,1500,-0,2.620261266
18,423,3,1250,-0,-4.021033001
18,424,3,1250,-0,-3.133627004
18,425,3,1000,-0,-4.861298838
18,426,3,1000,-0,-1.447614096
18,427,3,750,-0,-4.244615878
18,428,3,1500,-0,-7.27724437
18,429,3,500,-0,-8.177006049
18,430,3,1500,-0,-6.808745875
18,431,3,750,-0,-5.86379388
18,432,3,750,-0,-6.552615386
18,433,3,750,-0,-2.858541321
18,434,3,750,-0,-7.268422784
18,435,3,1250,-0,-7.560230891
18,436,3,1500,-0,-3.867658125
18,437,3,500,-0,-5.875374462
18,438,3,500,-0,-7.612821183
18,439,3,750,-0,-5.757729702
18,440,3,1500,-0,-3.200124864
18,441,3,750,-0,-7.246849577
18,442,3,1500,-0,-3.596721317
18,443,3,750,-0,-5.079661095
18,444,3,1250,-0,-8.87726255
18,445,3,1500,-0,-5.114644009
18,446,3,1500,-0,-6.33988873
18,447,3,500,-0,-6.056421296
18,448,3,500,-0,-5.120949569
18,449,3,500,-0,-3.869567205
18,450,3,750,-0,-6.570285621
18,451,3,1000,-0,-4.862060506
18,452,3,1250,-0,-5.570283417
18,453,3,750,-0,-2.955845989
18,454,3,750,-0,-5.563692443
18,455,3,500,-0,-4.112768637
18,456,3,1250,-0,-1.916407123
18,457,3,500,-0,-2.91398403
18,458,3,500,-0,-3.687498439
18,459,3,1250,-0,-6.132537542
18,460,3,1000,-0,-2.6964674
18,461,3,1250,-0,-5.8630778
18,462,3,1500,-0,-7.010623083
18,463,3,750,-0,-7.740095839
18,464,3,1000,-0,-1.38222237
18,465,3,1500,-0,-5.211205976
18,466,3,1500,-0,-5.361432431
18,467,3,500,-0,-5.190120695
18,468,3,1000,-0,-5.878010346
18,469,3,1000,-0,-8.814683923
18,470,3,1250,-0,-5.388833677
18,471,3,1000,-0,-3.41115779
18,472,3,1250,-0,-1.419224099
18,473,3,500,-0,-6.907372703
18,474,3,1500,-0,-7.034631996
18,475,3,1250,-0,-6.493993938
18,476,3,500,-0,-12.49343026
18,477,3,750,-0,-13.60818457
18,478,3,750,-0,-12.3809038
18,479,3,500,-0,-6.47121215
18,480,3,1000,-0,-5.946609994
18,481,3,1000,-0,-4.723177193
18,482,3,1250,-0,-8.185166437
18,483,3,1500,-0,-7.515333326
18,484,3,1000,-0,-7.813282553
18,485,3,500,-0,-11.91996816
18,486,3,1000,-0,-1.745470325
18,487,3,750,-0,-1.428502048
18,488,3,1500,-0,-5.670163423
18,489,3,750,-0,-13.92625172
18,490,3,1000,-0,-5.785721189
18,491,3,1500,-0,2.70863103
18,492,3,1250,-0,-4.317455187
18,493,3,750,-0,-9.054143615
18,494,3,500,-0,3.353133483
18,495,3,1000,-0,-1.889351571
18,496,3,750,-0,-1.60014576
18,497,3,750,-0,-5.896006454
18,498,3,500,-0,-5.318726736
18,499,3,1250,-0,-3.645194786
18,500,3,1500,-0,-2.626781002
18,501,3,1250,-0,-6.32950262
18,502,3,1250,-0,-5.429394496
18,503,3,1000,-0,-8.923502068
18,504,3,1500,-0,-1.806804195
18,505,3,1500,-0,-4.228647308
18,506,3,750,-0,-9.919699958
18,507,3,500,-0,-6.097761174
18,508,3,1250,-0,-5.300892175
18,509,3,1500,-0,-5.100157685
18,510,3,500,-0,-7.639167737
18,511,3,1000,-0,-4.295330969
18,512,3,1250,-0,-6.534338184
18,513,3,1250,-0,-11.22747544
18,514,3,750,-0,-9.895711309
18,515,3,1500,-0,-6.459012236
18,516,3,1000,-0,-8.133447701
18,517,3,1250,-0,-4.599461539
18,518,3,1000,-0,-6.249484381
18,519,3,1250,-0,-1.149834686
18,520,3,1500,-0,-9.345740898
18,521,3,1250,-0,NaN
18,522,3,750,-0,-3.467254521
18,523,3,750,-0,-4.471541457
18,524,3,1500,-0,-4.89977995
18,525,3,500,-0,-7.345462417
18,526,3,1250,-0,-4.09328185
18,527,3,1250,-0,-5.79708736
18,528,3,1000,-0,-9.891384302
18,529,3,1250,-0,-3.241428001
18,530,3,1500,-0,-5.5147766
18,531,3,1000,-0,-7.312535897
18,532,3,1000,-0,-8.383372895
18,533,3,1000,-0,-4.852918985
18,534,3,750,-0,-7.410833999
18,535,3,500,-0,-10.36231696
18,536,3,500,-0,-8.233172491
18,537,3,1250,-0,-10.69613194
18,538,3,1500,-0,-6.944519638
18,539,3,1500,-0,-1.979699229
18,540,3,500,-0,-12.22282543
18,541,3,750,-0,-8.350875905
18,542,3,1000,-0,-3.92647739
18,543,3,750,-0,-5.770666473
18,544,3,1250,-0,-5.129498377
18,545,3,1000,-0,-4.360449799
18,546,3,1250,-0,-6.514144037
18,547,3,500,-0,-7.941043641
18,548,3,1000,-0,-8.201709747
18,549,3,750,-0,-8.974687213
18,550,3,1500,-0,-6.62268212
18,551,3,1250,-0,-2.885109398
18,552,3,750,-0,-3.878505242
18,553,3,1500,-0,-6.969288785
18,554,3,500,-0,-13.02031352
18,555,3,1500,-0,-3.172919905
18,556,3,1000,-0,-3.80120078
18,557,3,1000,-0,-5.277111142
18,558,3,500,-0,-7.546449185
18,559,3,500,-0,-1.908615482
18,560,3,750,-0,-3.242414961
18,561,3,500,-0,-5.182320337
18,562,3,1500,-0,-6.28356302
18,563,3,500,-0,-8.316516342
18,564,3,1250,-0,-5.531371774
18,565,3,500,-0,-11.2897177
18,566,3,1000,-0,-8.93170867
18,567,3,750,-0,-8.115943398
18,568,3,1500,-0,-8.357636415
18,569,3,500,-0,-7.365113389
18,570,3,1000,-0,-9.748955931
19,1,1,500,-0,NaN
19,2,1,500,-0,-1.434812246
19,3,1,1500,-0,-3.402933044
19,4,1,500,-0,2.10620989
19,5,1,500,-0,-1.031175702
19,6,1,1500,-0,-3.929809458
19,7,1,500,-0,-0.313627661
19,8,1,1500,-0,0.351274503
19,9,1,1500,-0,-0.826874492
19,10,1,1500,-0,0.637212857
19,11,1,1500,-0,-3.653249616
19,12,1,500,-0,1.574902798
19,13,1,500,-0,3.706145553
19,14,1,1500,-0,-1.117937383
19,15,1,1500,-0,2.795855178
19,16,1,500,-0,-1.589148279
19,17,1,500,-0,-0.308832267
19,18,1,1500,-0,1.08925703
19,19,1,1500,-0,-0.425739308
19,20,1,500,-0,1.331900363
19,21,2,500,1,-9.071945726
19,22,2,500,1,-19.84950822
19,23,2,1500,-1,-1.065429421
19,24,2,500,1,-2.604995251
19,25,2,500,1,-5.009695404
19,26,2,500,1,11.14808869
19,27,2,500,1,-8.293830107
19,28,2,1500,-1,-6.960764163
19,29,2,500,1,-10.37988558
19,30,2,500,1,-10.16336434
19,31,2,1500,-1,-7.948601906
19,32,2,500,1,-2.969545422
19,33,2,500,1,-7.808410379
19,34,2,1500,-1,-6.675324133
19,35,2,500,1,-7.024449902
19,36,2,1500,-1,-1.381883455
19,37,2,1500,-1,0.654289503
19,38,2,500,1,0.162642467
19,39,2,1500,-1,-4.052112661
19,40,2,1500,-1,-3.350149321
19,41,2,500,1,0.133904912
19,42,2,1500,-1,-6.155612981
19,43,2,500,1,0.435363978
19,44,2,500,1,-6.494378021
19,45,2,500,1,-11.03519948
19,46,2,1500,-1,-7.527935554
19,47,2,500,1,-9.041060362
19,48,2,500,1,-7.981073525
19,49,2,1500,-1,2.372793831
19,50,2,1500,-1,-2.35600647
19,51,2,500,1,-1.896955559
19,52,2,500,1,-3.488358527
19,53,2,1500,-1,-7.499468204
19,54,2,1500,-1,-6.57745272
19,55,2,500,1,-8.394465722
19,56,2,1500,-1,-10.11746286
19,57,2,500,1,-4.475608799
19,58,2,1500,-1,-6.170922526
19,59,2,1500,-1,-1.301635286
19,60,2,500,1,0.257391626
19,61,2,1500,-1,0.193057807
19,62,2,500,1,-3.555651207
19,63,2,500,1,-0.877754115
19,64,2,500,1,-7.061539927
19,65,2,1500,-1,NaN
19,66,2,1500,-1,-4.105656163
19,67,2,1500,-1,0.181758469
19,68,2,500,1,0.438664572
19,69,2,1500,-1,-8.811548361
19,70,2,1500,-1,0.988972058
19,71,2,500,1,-7.438728092
19,72,2,1500,-1,-14.78984141
19,73,2,500,1,-15.1466043
19,74,2,1500,-1,-20.08218027
19,75,2,1500,-1,1.836896045
19,76,2,1500,-1,-3.500631232
19,77,2,500,1,-1.984072957
19,78,2,500,1,-6.793034564
19,79,2,500,1,-7.030180207
19,80,2,500,1,-5.254980667
19,81,2,500,1,-8.750855076
19,82,2,1500,-1,-8.994580954
19,83,2,500,1,-2.061403033
19,84,2,500,1,-2.047771996
19,85,2,1500,-1,3.570637721
19,86,2,1500,-1,-10.89935273
19,87,2,500,1,-14.53005811
19,88,2,500,1,-6.304807122
19,89,2,1500,-1,-14.04240101
19,90,2,500,1,-5.662877245
19,91,2,500,1,-0.401982412
19,92,2,500,1,-8.196899233
19,93,2,1500,-1,-1.313031926
19,94,2,1500,-1,-10.61510825
19,95,2,1500,-1,-15.24312327
19,96,2,500,1,-13.26438558
19,97,2,500,1,-8.641102904
19,98,2,1500,-1,-6.395503288
19,99,2,500,1,-4.422428138
19,100,2,500,1,-4.252136753
19,101,2,1500,-1,-2.997501558
19,102,2,500,1,-0.094896371
19,103,2,1500,-1,-3.396730757
19,104,2,500,1,-5.540393846
19,105,2,1500,-1,-14.62491958
19,106,2,500,1,-8.607133442
19,107,2,1500,-1,-1.28862155
19,108,2,1500,-1,-5.973321985
19,109,2,500,1,-8.259146444
19,110,2,1500,-1,-11.0396418
19,111,2,500,1,NaN
19,112,2,1500,-1,NaN
19,113,2,500,1,-15.6553545
19,114,2,1500,-1,-6.30873081
19,115,2,1500,-1,-14.7158647
19,116,2,1500,-1,-13.15352348
19,117,2,500,1,-9.637726786
19,118,2,1500,-1,-10.60384903
19,119,2,1500,-1,-8.601143588
19,120,2,500,1,-9.234803432
19,121,2,500,1,-4.121538849
19,122,2,1500,-1,-4.785975723
19,123,2,500,1,-4.503490102
19,124,2,500,1,-4.47003745
19,125,2,1500,-1,NaN
19,126,2,500,1,-7.369349477
19,127,2,500,1,-16.51347395
19,128,2,1500,-1,-4.533804486
19,129,2,500,1,-3.514596887
19,130,2,500,1,-2.083281441
19,131,2,500,1,-1.167179994
19,132,2,1500,-1,-0.268810487
19,133,2,1500,-1,6.084811625
19,134,2,500,1,-6.119003298
19,135,2,1500,-1,-6.055266401
19,136,2,500,1,-8.628283658
19,137,2,500,1,-3.448260687
19,138,2,500,1,-11.44293674
19,139,2,500,1,NaN
19,140,2,500,1,-2.22691253
19,141,2,1500,-1,-11.33804724
19,142,2,500,1,-3.560498788
19,143,2,500,1,-2.94992014
19,144,2,500,1,-3.573360633
19,145,2,500,1,-7.610635327
19,146,2,500,1,-10.90726082
19,147,2,500,1,-2.458275938
19,148,2,500,1,-5.795717992
19,149,2,1500,-1,-6.980060972
19,150,2,500,1,-3.628249012
19,151,2,1500,-1,-0.783295751
19,152,2,500,1,-7.213369765
19,153,2,1500,-1,-7.339027102
19,154,2,1500,-1,-0.648848945
19,155,2,500,1,-0.972933276
19,156,2,1500,-1,3.755612755
19,157,2,500,1,-5.03030942
19,158,2,1500,-1,-3.686141002
19,159,2,500,1,-6.142926393
19,160,2,1500,-1,-7.066042904
19,161,2,1500,-1,-10.97530582
19,162,2,500,1,-10.58932955
19,163,2,500,1,-5.65973959
19,164,2,1500,-1,-12.6476339
19,165,2,500,1,-9.000595336
19,166,2,500,1,-11.02054817
19,167,2,500,1,-3.837091876
19,168,2,1500,-1,-2.51306869
19,169,2,500,1,-0.054917946
19,170,2,500,1,-7.072150112
19,171,2,500,1,-4.507109092
19,172,2,1500,-1,-4.459037208
19,173,2,1500,-1,-2.360246161
19,174,2,1500,-1,0.333274237
19,175,2,500,1,0.981908474
19,176,2,1500,-1,0.533232916
19,177,2,500,1,-3.990013795
19,178,2,1500,-1,-3.138266252
19,179,2,500,1,-9.069182554
19,180,2,500,1,-2.865294646
19,181,2,500,1,-8.16573816
19,182,2,1500,-1,-1.239146348
19,183,2,1500,-1,-3.472852855
19,184,2,1500,-1,-6.281813346
19,185,2,500,1,-9.928817536
19,186,2,1500,-1,-16.97505527
19,187,2,1500,-1,-6.801634775
19,188,2,1500,-1,-10.18711499
19,189,2,1500,-1,-8.063100685
19,190,2,500,1,-6.9287909
19,191,2,1500,-1,-14.23917925
19,192,2,1500,-1,-9.038542768
19,193,2,1500,-1,-10.87141866
19,194,2,1500,-1,-9.163536624
19,195,2,1500,-1,-5.329445597
19,196,2,500,1,-7.064128754
19,197,2,500,1,-6.411919768
19,198,2,500,1,-6.874405093
19,199,2,500,1,-10.26311022
19,200,2,1500,-1,-11.80273335
19,201,2,1500,-1,-7.264975478
19,202,2,500,1,-2.934872161
19,203,2,500,1,-3.621101894
19,204,2,1500,-1,-21.1209214
19,205,2,500,1,-12.73204433
19,206,2,500,1,-14.22833902
19,207,2,500,1,-21.10870252
19,208,2,500,1,-25.95849037
19,209,2,1500,-1,-16.65289584
19,210,2,1500,-1,-23.20566835
19,211,2,500,1,-9.148746676
19,212,2,1500,-1,-5.394328
19,213,2,500,1,-5.058008791
19,214,2,1500,-1,-6.559882824
19,215,2,1500,-1,-10.78274769
19,216,2,1500,-1,-3.555928654
19,217,2,1500,-1,-8.288789803
19,218,2,500,1,-6.208200556
19,219,2,1500,-1,-9.719218869
19,220,2,500,1,-3.777437526
19,221,2,500,1,-8.919238489
19,222,2,1500,-1,-9.148403192
19,223,2,500,1,-7.401128378
19,224,2,1500,-1,-2.873884476
19,225,2,1500,-1,-8.307194712
19,226,2,1500,-1,-2.166185076
19,227,2,500,1,-6.948093044
19,228,2,500,1,-8.02523306
19,229,2,1500,-1,-10.70191338
19,230,2,500,1,-5.726791879
19,231,2,1500,-1,-7.501410972
19,232,2,500,1,-9.6233065
19,233,2,1500,-1,NaN
19,234,2,1500,-1,-10.7403705
19,235,2,1500,-1,-13.43229957
19,236,2,1500,-1,-4.569506167
19,237,2,1500,-1,-7.210433065
19,238,2,500,1,-6.94555929
19,239,2,1500,-1,-6.417880803
19,240,2,1500,-1,-8.18982048
19,241,2,1500,-1,-4.570631855
19,242,2,500,1,-4.892519005
19,243,2,500,1,-7.318373559
19,244,2,1500,-1,-7.024503599
19,245,2,1500,-1,-4.506188665
19,246,2,500,1,-1.830355395
19,247,2,500,1,-4.704812478
19,248,2,500,1,-4.330723901
19,249,2,1500,-1,-4.83507961
19,250,2,500,1,-7.966021607
19,251,2,1500,-1,-1.38758556
19,252,2,500,1,-8.29784523
19,253,2,500,1,-15.74391567
19,254,2,1500,-1,-2.939740725
19,255,2,1500,-1,NaN
19,256,2,1500,-1,-7.09770644
19,257,2,1500,-1,-4.486296161
19,258,2,500,1,-0.938818548
19,259,2,1500,-1,-6.080186198
19,260,2,500,1,-9.444704702
19,261,2,1500,-1,-7.387856833
19,262,2,1500,-1,-8.049004074
19,263,2,1500,-1,-6.425352377
19,264,2,500,1,-4.367723382
19,265,2,1500,-1,-9.4468612
19,266,2,500,1,-4.021384841
19,267,2,1500,-1,-2.308983577
19,268,2,1500,-1,-1.269968833
19,269,2,1500,-1,-3.341459549
19,270,2,1500,-1,-4.680457836
19,271,2,500,1,0.052401776
19,272,2,1500,-1,1.610635542
19,273,2,500,1,3.113710141
19,274,2,1500,-1,3.707944189
19,275,2,500,1,-8.162057308
19,276,2,1500,-1,0.205811165
19,277,2,500,1,-1.796444659
19,278,2,1500,-1,-5.783473646
19,279,2,1500,-1,-2.13476897
19,280,2,1500,-1,-3.150172936
19,281,2,500,1,-1.868994554
19,282,2,500,1,-5.15115192
19,283,2,1500,-1,-5.007734452
19,284,2,500,1,-4.076357426
19,285,2,1500,-1,1.072931496
19,286,2,1500,-1,-3.382686028
19,287,2,500,1,-14.74029206
19,288,2,1500,-1,-3.77852791
19,289,2,1500,-1,-8.545200718
19,290,2,500,1,-13.90182604
19,291,2,500,1,-7.274720782
19,292,2,1500,-1,-5.463150503
19,293,2,500,1,-11.8000115
19,294,2,500,1,-8.196331371
19,295,2,500,1,-12.87792109
19,296,2,1500,-1,-8.216301375
19,297,2,500,1,-7.888803327
19,298,2,1500,-1,-5.517711591
19,299,2,500,1,-8.518304558
19,300,2,1500,-1,2.573297072
19,301,2,500,1,-1.747786129
19,302,2,500,1,4.68686191
19,303,2,500,1,-7.967010924
19,304,2,1500,-1,-20.20251254
19,305,2,500,1,-9.444411111
19,306,2,1500,-1,-8.947021901
19,307,2,1500,-1,-1.25618652
19,308,2,1500,-1,NaN
19,309,2,500,1,-4.625635168
19,310,2,500,1,-2.819878012
19,311,2,500,1,-5.238969012
19,312,2,500,1,-7.074090003
19,313,2,500,1,-10.8170351
19,314,2,500,1,-3.912119525
19,315,2,500,1,-14.18100627
19,316,2,500,1,-10.2599671
19,317,2,1500,-1,NaN
19,318,2,1500,-1,-7.292195824
19,319,2,500,1,0.533155975
19,320,2,1500,-1,-5.405892109
19,321,2,500,1,-6.24601219
19,322,2,500,1,-5.775009613
19,323,2,1500,-1,-0.313007601
19,324,2,1500,-1,5.994108956
19,325,2,1500,-1,-2.946343031
19,326,2,1500,-1,-2.122743967
19,327,2,500,1,-3.940427291
19,328,2,1500,-1,NaN
19,329,2,1500,-1,-1.092475667
19,330,2,500,1,-1.916469684
19,331,2,500,1,-4.079779898
19,332,2,1500,-1,-4.890168284
19,333,2,500,1,-3.738755892
19,334,2,500,1,-1.524742659
19,335,2,1500,-1,-5.664779651
19,336,2,1500,-1,-1.32805159
19,337,2,500,1,-1.425519439
19,338,2,500,1,-9.914812943
19,339,2,1500,-1,-8.292289621
19,340,2,1500,-1,-1.262570903
19,341,2,1500,-1,2.007210564
19,342,2,1500,-1,-5.074123005
19,343,2,500,1,-8.577965752
19,344,2,500,1,-14.69058291
19,345,2,500,1,-11.16889943
19,346,2,1500,-1,-3.973438584
19,347,2,1500,-1,-4.840536667
19,348,2,500,1,-6.245744932
19,349,2,500,1,-7.830931641
19,350,2,1500,-1,-9.11135925
19,351,2,500,1,-5.937837502
19,352,2,500,1,-10.45306996
19,353,2,500,1,-8.709912613
19,354,2,1500,-1,-8.786297064
19,355,2,500,1,-1.650347787
19,356,2,500,1,-2.651976777
19,357,2,1500,-1,-2.023331879
19,358,2,1500,-1,-4.389450192
19,359,2,500,1,-7.712840137
19,360,2,500,1,-5.575460302
19,361,2,1500,-1,-4.910901708
19,362,2,1500,-1,-5.953201782
19,363,2,1500,-1,-8.59496797
19,364,2,500,1,-9.678987045
19,365,2,1500,-1,-4.468164449
19,366,2,1500,-1,-4.027395189
19,367,2,500,1,-7.910963699
19,368,2,1500,-1,-5.767896355
19,369,2,1500,-1,-11.12921222
19,370,2,1500,-1,-4.453439424
19,371,2,1500,-1,-4.238248286
19,372,2,1500,-1,-2.436449799
19,373,2,1500,-1,0.479023356
19,374,2,500,1,-0.974817799
19,375,2,500,1,-14.18858894
19,376,2,1500,-1,NaN
19,377,2,500,1,-6.842511504
19,378,2,500,1,-16.02463895
19,379,2,1500,-1,-9.255850077
19,380,2,500,1,-10.78028811
19,381,2,1500,-1,-4.373477415
19,382,2,1500,-1,-4.27736188
19,383,2,1500,-1,-5.441072918
19,384,2,500,1,-13.80782912
19,385,2,1500,-1,0.556505013
19,386,2,500,1,-5.639715576
19,387,2,1500,-1,-4.85515686
19,388,2,500,1,-3.410196633
19,389,2,500,1,NaN
19,390,2,500,1,-9.745520248
19,391,2,500,1,-10.53533516
19,392,2,500,1,-0.58064157
19,393,2,500,1,-6.919156919
19,394,2,1500,-1,-2.077189323
19,395,2,500,1,-5.232716189
19,396,2,1500,-1,-9.004125754
19,397,2,1500,-1,-0.833901912
19,398,2,1500,-1,-2.052845625
19,399,2,1500,-1,-7.774428945
19,400,2,500,1,-3.906444891
19,401,2,1500,-1,-3.384769202
19,402,2,1500,-1,-2.975982774
19,403,2,1500,-1,0.87439264
19,404,2,1500,-1,1.919587489
19,405,2,1500,-1,-0.907566826
19,406,2,1500,-1,1.688801503
19,407,2,1500,-1,-3.187380815
19,408,2,500,1,2.888125932
19,409,2,500,1,-0.128479963
19,410,2,500,1,-7.050562931
19,411,2,500,1,-3.978417252
19,412,2,1500,-1,-6.199730107
19,413,2,1500,-1,-3.974202819
19,414,2,1500,-1,-3.858328455
19,415,2,1500,-1,-9.47846939
19,416,2,1500,-1,-1.818533172
19,417,2,500,1,-1.455978408
19,418,2,1500,-1,1.027425482
19,419,2,500,1,-0.408758484
19,420,2,500,1,-6.081812471
19,421,3,750,-0,-4.650681287
19,422,3,1250,-0,-3.668694481
19,423,3,500,-0,-1.361888208
19,424,3,500,-0,-3.456459932
19,425,3,750,-0,-4.71124837
19,426,3,750,-0,0.732049243
19,427,3,1250,-0,-0.986740153
19,428,3,500,-0,1.772278127
19,429,3,1500,-0,-2.492914049
19,430,3,1250,-0,0.605798074
19,431,3,1250,-0,2.03844794
19,432,3,1000,-0,NaN
19,433,3,1000,-0,2.908882172
19,434,3,1500,-0,5.60264786
19,435,3,1250,-0,2.13115997
19,436,3,500,-0,-2.917357985
19,437,3,750,-0,1.110606865
19,438,3,1000,-0,-3.329945121
19,439,3,1500,-0,3.219072205
19,440,3,1500,-0,3.661978039
19,441,3,1000,-0,10.08765976
19,442,3,1250,-0,3.013380107
19,443,3,750,-0,4.239618515
19,444,3,750,-0,3.33212391
19,445,3,1500,-0,9.693819908
19,446,3,750,-0,3.258875247
19,447,3,1500,-0,3.464247782
19,448,3,500,-0,3.531819215
19,449,3,1500,-0,-0.843763079
19,450,3,500,-0,2.061043097
19,451,3,750,-0,-0.055270711
19,452,3,1500,-0,0.031498345
19,453,3,1250,-0,-1.593351813
19,454,3,1000,-0,3.8909458
19,455,3,1250,-0,-0.169038969
19,456,3,1500,-0,-3.530459141
19,457,3,1500,-0,1.276899347
19,458,3,1000,-0,5.154485922
19,459,3,1500,-0,6.390892168
19,460,3,1000,-0,-1.629720011
19,461,3,1250,-0,-3.606751587
19,462,3,500,-0,-1.15371969
19,463,3,1000,-0,4.51453368
19,464,3,750,-0,3.875263885
19,465,3,500,-0,2.407552463
19,466,3,1000,-0,8.940821834
19,467,3,1250,-0,3.949825418
19,468,3,500,-0,6.677310462
19,469,3,1500,-0,1.838504837
19,470,3,500,-0,-0.863292239
19,471,3,500,-0,3.138988107
19,472,3,500,-0,2.341200248
19,473,3,500,-0,1.762308427
19,474,3,750,-0,5.135664056
19,475,3,1500,-0,5.610380045
19,476,3,1000,-0,6.89519537
19,477,3,1250,-0,5.316622289
19,478,3,750,-0,-2.90063795
19,479,3,500,-0,0.118884463
19,480,3,1000,-0,8.990442978
19,481,3,1250,-0,0.990858608
19,482,3,1000,-0,1.508634926
19,483,3,500,-0,-3.984083758
19,484,3,1250,-0,-1.591328915
19,485,3,1250,-0,1.58245056
19,486,3,500,-0,-1.14650698
19,487,3,1000,-0,8.531014308
19,488,3,1500,-0,1.188046678
19,489,3,750,-0,6.440029882
19,490,3,1000,-0,5.068427803
19,491,3,1000,-0,-0.745194388
19,492,3,500,-0,2.931496805
19,493,3,1000,-0,-1.679678729
19,494,3,500,-0,4.290290208
19,495,3,1500,-0,5.230736291
19,496,3,1250,-0,2.286864245
19,497,3,750,-0,1.761067056
19,498,3,750,-0,-1.333104395
19,499,3,1250,-0,4.780938396
19,500,3,1250,-0,3.441766632
19,501,3,750,-0,3.624395152
19,502,3,500,-0,4.388019493
19,503,3,1250,-0,5.910015976
19,504,3,1500,-0,4.807897034
19,505,3,1500,-0,7.411781674
19,506,3,1000,-0,3.262395046
19,507,3,500,-0,-1.490217732
19,508,3,1000,-0,2.611385289
19,509,3,1000,-0,10.28188333
19,510,3,1000,-0,5.062659395
19,511,3,500,-0,4.973503142
19,512,3,1250,-0,8.013019581
19,513,3,500,-0,6.307957482
19,514,3,1500,-0,3.545510493
19,515,3,1500,-0,7.960653064
19,516,3,750,-0,2.87965372
19,517,3,1500,-0,-4.244716752
19,518,3,500,-0,0.591333515
19,519,3,750,-0,7.561050916
19,520,3,1000,-0,18.53289618
19,521,3,1500,-0,7.384973787
19,522,3,750,-0,2.099962951
19,523,3,750,-0,7.341503858
19,524,3,500,-0,3.316480876
19,525,3,750,-0,6.449973418
19,526,3,1000,-0,6.951708557
19,527,3,1500,-0,-8.711349203
19,528,3,750,-0,-1.604982192
19,529,3,1000,-0,3.163451043
19,530,3,1250,-0,2.491915844
19,531,3,1500,-0,NaN
19,532,3,1000,-0,7.570363586
19,533,3,750,-0,7.305018164
19,534,3,1500,-0,3.223827011
19,535,3,1500,-0,9.997311075
19,536,3,500,-0,-5.477320808
19,537,3,1000,-0,7.063417717
19,538,3,1500,-0,7.671151752
19,539,3,750,-0,5.427257044
19,540,3,500,-0,-0.382692341
19,541,3,1000,-0,6.949305365
19,542,3,1500,-0,10.37758061
19,543,3,500,-0,2.472332008
19,544,3,500,-0,3.304602438
19,545,3,750,-0,7.973094669
19,546,3,1250,-0,9.212128193
19,547,3,1250,-0,10.98083163
19,548,3,1250,-0,2.43115685
19,549,3,500,-0,-1.461640683
19,550,3,750,-0,6.993401585
19,551,3,1000,-0,3.005732536
19,552,3,1250,-0,-1.064257644
19,553,3,750,-0,-1.755235375
19,554,3,1000,-0,-0.734232078
19,555,3,1500,-0,7.338010996
19,556,3,1500,-0,5.901783317
19,557,3,1250,-0,0.985607692
19,558,3,500,-0,3.561666541
19,559,3,1250,-0,2.18575439
19,560,3,1500,-0,4.806074016
19,561,3,1250,-0,3.460607622
19,562,3,750,-0,2.520506086
19,563,3,1250,-0,2.917570943
19,564,3,1250,-0,1.359258282
19,565,3,1250,-0,1.588282507
19,566,3,750,-0,5.572466499
19,567,3,750,-0,-3.210454215
19,568,3,1000,-0,2.918507342
19,569,3,1000,-0,-1.524076181
19,570,3,750,-0,1.979752804
20,1,1,1500,-0,NaN
20,2,1,500,-0,-2.594798871
20,3,1,500,-0,1.037568803
20,4,1,500,-0,-3.776308932
20,5,1,1500,-0,2.434298744
20,6,1,1500,-0,-1.579574501
20,7,1,1500,-0,-0.671654692
20,8,1,1500,-0,-3.10474777
20,9,1,500,-0,-0.651283137
20,10,1,500,-0,1.113898834
20,11,1,1500,-0,-3.826570982
20,12,1,1500,-0,-4.363381439
20,13,1,500,-0,-4.260299652
20,14,1,500,-0,-2.809920236
20,15,1,500,-0,-6.218530423
20,16,1,500,-0,2.497653958
20,17,1,1500,-0,-2.027695347
20,18,1,1500,-0,-1.018775923
20,19,1,500,-0,-2.75151939
20,20,1,1500,-0,-1.394027695
20,21,2,1500,-1,-2.570173609
20,22,2,1500,-1,-2.310327506
20,23,2,500,1,-2.343826579
20,24,2,1500,-1,-8.56399521
20,25,2,500,1,1.349719914
20,26,2,1500,-1,-1.955792429
20,27,2,1500,-1,2.424441267
20,28,2,500,1,1.514593447
20,29,2,500,1,-0.887918779
20,30,2,500,1,-9.462214793
20,31,2,500,1,-4.167184795
20,32,2,500,1,-7.028259386
20,33,2,1500,-1,-8.131408738
20,34,2,1500,-1,-5.846936954
20,35,2,500,1,-0.231797988
20,36,2,1500,-1,-4.163640896
20,37,2,1500,-1,-5.143622149
20,38,2,500,1,-8.028725125
20,39,2,500,1,-12.70419545
20,40,2,1500,-1,-10.83605946
20,41,2,500,1,-11.25504814
20,42,2,500,1,-17.68594447
20,43,2,500,1,-19.64378181
20,44,2,500,1,-18.36279142
20,45,2,1500,-1,-9.997989523
20,46,2,500,1,-12.33429192
20,47,2,500,1,-11.72775271
20,48,2,1500,-1,-3.168458763
20,49,2,500,1,-5.997040867
20,50,2,1500,-1,-5.671090135
20,51,2,500,1,-8.334015811
20,52,2,1500,-1,-12.33271205
20,53,2,500,1,-15.25934405
20,54,2,1500,-1,-15.53730825
20,55,2,500,1,-17.96299812
20,56,2,500,1,-20.04608104
20,57,2,1500,-1,-16.12107839
20,58,2,1500,-1,-19.30767203
20,59,2,1500,-1,-12.77036712
20,60,2,1500,-1,-9.134161161
20,61,2,500,1,-17.53723972
20,62,2,500,1,-16.51383587
20,63,2,1500,-1,-26.21576935
20,64,2,1500,-1,-19.70199305
20,65,2,1500,-1,-12.35853533
20,66,2,500,1,-13.94570894
20,67,2,1500,-1,-13.26099628
20,68,2,1500,-1,-12.62872713
20,69,2,1500,-1,-8.745011967
20,70,2,500,1,-16.22502149
20,71,2,500,1,-20.72420119
20,72,2,1500,-1,-13.01960061
20,73,2,1500,-1,-17.40743041
20,74,2,1500,-1,-6.057840384
20,75,2,1500,-1,-4.695875633
20,76,2,1500,-1,1.335070017
20,77,2,1500,-1,2.782788547
20,78,2,1500,-1,-2.943668172
20,79,2,1500,-1,-6.506783705
20,80,2,500,1,-7.101767593
20,81,2,500,1,-18.74546513
20,82,2,500,1,-7.545486937
20,83,2,1500,-1,-12.7585416
20,84,2,1500,-1,-3.87028572
20,85,2,500,1,-5.572983558
20,86,2,1500,-1,-4.354712345
20,87,2,1500,-1,-1.435115866
20,88,2,500,1,-4.620085929
20,89,2,500,1,-13.43561258
20,90,2,500,1,-14.68348972
20,91,2,1500,-1,-9.040090212
20,92,2,1500,-1,2.2136172
20,93,2,500,1,-2.801961207
20,94,2,1500,-1,NaN
20,95,2,500,1,-4.115738815
20,96,2,500,1,-8.476673862
20,97,2,500,1,-10.84072924
20,98,2,1500,-1,-9.984375377
20,99,2,1500,-1,-6.9230543
20,100,2,500,1,-11.35937011
20,101,2,1500,-1,-9.121261098
20,102,2,1500,-1,-7.548133587
20,103,2,1500,-1,-2.814701235
20,104,2,500,1,-4.288318045
20,105,2,1500,-1,-2.501163976
20,106,2,500,1,-12.14607373
20,107,2,1500,-1,-6.688040232
20,108,2,500,1,-4.204589193
20,109,2,1500,-1,-2.450922638
20,110,2,500,1,1.168048399
20,111,2,500,1,-7.09814919
20,112,2,1500,-1,-10.6264474
20,113,2,500,1,0.345598522
20,114,2,1500,-1,-13.25461111
20,115,2,1500,-1,-8.924573661
20,116,2,1500,-1,-3.912720766
20,117,2,500,1,-8.62382204
20,118,2,500,1,-18.86598583
20,119,2,500,1,-16.80580842
20,120,2,500,1,-18.31928288
20,121,2,500,1,-13.06301576
20,122,2,500,1,-12.19212231
20,123,2,1500,-1,-7.471699956
20,124,2,1500,-1,-8.114548641
20,125,2,1500,-1,-3.037344908
20,126,2,500,1,-3.93699737
20,127,2,1500,-1,-5.324661653
20,128,2,1500,-1,-0.728310455
20,129,2,500,1,-5.710108251
20,130,2,1500,-1,-11.33678666
20,131,2,1500,-1,-10.94296323
20,132,2,500,1,-3.335276854
20,133,2,1500,-1,-5.353078064
20,134,2,500,1,-9.791343152
20,135,2,500,1,-16.63179213
20,136,2,1500,-1,-8.190244562
20,137,2,1500,-1,-9.398566385
20,138,2,500,1,-5.69236529
20,139,2,1500,-1,-5.883865295
20,140,2,1500,-1,-7.617281158
20,141,2,500,1,-3.530219727
20,142,2,1500,-1,-5.987483573
20,143,2,1500,-1,-3.266285792
20,144,2,1500,-1,-1.047162022
20,145,2,500,1,-9.24805275
20,146,2,1500,-1,-4.857933971
20,147,2,500,1,-8.682425436
20,148,2,500,1,-13.46127361
20,149,2,1500,-1,-12.34679922
20,150,2,1500,-1,-10.19646258
20,151,2,500,1,-4.45991125
20,152,2,500,1,-6.609453975
20,153,2,500,1,-7.642064193
20,154,2,1500,-1,-9.157727078
20,155,2,500,1,-8.363362439
20,156,2,1500,-1,-7.914175889
20,157,2,1500,-1,-5.706397775
20,158,2,500,1,-3.331073964
20,159,2,500,1,-16.13678897
20,160,2,1500,-1,-19.15793144
20,161,2,1500,-1,-9.798559183
20,162,2,500,1,-6.545913847
20,163,2,500,1,-8.276591336
20,164,2,500,1,-17.32223375
20,165,2,1500,-1,-5.997837529
20,166,2,500,1,-6.893037735
20,167,2,500,1,-11.90045232
20,168,2,1500,-1,-10.28715387
20,169,2,1500,-1,-5.60951645
20,170,2,500,1,-8.783635013
20,171,2,500,1,-8.475748246
20,172,2,500,1,-14.88956582
20,173,2,1500,-1,-9.13571048
20,174,2,1500,-1,-6.091906786
20,175,2,500,1,-9.612948258
20,176,2,1500,-1,-3.086213725
20,177,2,1500,-1,-4.608840873
20,178,2,1500,-1,-7.102438881
20,179,2,500,1,-8.181598335
20,180,2,500,1,-16.71324965
20,181,2,1500,-1,-10.94269053
20,182,2,1500,-1,-11.43385682
20,183,2,1500,-1,-1.619452218
20,184,2,1500,-1,2.021714655
20,185,2,500,1,-4.881350313
20,186,2,1500,-1,-4.019111037
20,187,2,500,1,-2.077904614
20,188,2,500,1,-8.432235695
20,189,2,1500,-1,-4.756799949
20,190,2,1500,-1,1.287466677
20,191,2,1500,-1,4.747621925
20,192,2,1500,-1,-3.646663986
20,193,2,500,1,-8.844513592
20,194,2,500,1,-5.480608149
20,195,2,1500,-1,-2.828146612
20,196,2,500,1,-6.972163649
20,197,2,500,1,-8.990390911
20,198,2,500,1,-7.21830774
20,199,2,500,1,-8.750794396
20,200,2,1500,-1,-4.879218168
20,201,2,1500,-1,-1.71122999
20,202,2,500,1,-4.561855689
20,203,2,1500,-1,-6.228483988
20,204,2,1500,-1,-3.344362892
20,205,2,1500,-1,-5.413322367
20,206,2,1500,-1,-5.622231363
20,207,2,1500,-1,NaN
20,208,2,500,1,-7.341509128
20,209,2,1500,-1,-3.934629822
20,210,2,1500,-1,0.883058179
20,211,2,1500,-1,-0.4365896
20,212,2,500,1,-2.733034978
20,213,2,500,1,-6.657771446
20,214,2,500,1,-3.542608965
20,215,2,1500,-1,-5.797249232
20,216,2,1500,-1,1.564194325
20,217,2,1500,-1,-1.315519214
20,218,2,1500,-1,3.290015776
20,219,2,500,1,-6.987538047
20,220,2,500,1,-4.014014978
20,221,2,500,1,-9.604435473
20,222,2,1500,-1,-3.396987043
20,223,2,500,1,-0.299403648
20,224,2,1500,-1,-4.284506645
20,225,2,500,1,-1.301268188
20,226,2,1500,-1,0.86804357
20,227,2,500,1,-5.728732431
20,228,2,500,1,-9.801988524
20,229,2,1500,-1,-6.526339502
20,230,2,500,1,-6.775105768
20,231,2,1500,-1,-6.829413223
20,232,2,1500,-1,3.049430407
20,233,2,500,1,-2.230060651
20,234,2,500,1,-7.82405184
20,235,2,500,1,-8.816820723
20,236,2,500,1,-13.85941543
20,237,2,1500,-1,-3.278751982
20,238,2,1500,-1,-3.96459333
20,239,2,500,1,-8.002984308
20,240,2,1500,-1,6.004462881
20,241,2,500,1,-3.831615068
20,242,2,1500,-1,-1.583482504
20,243,2,1500,-1,1.435940619
20,244,2,500,1,1.46420435
20,245,2,1500,-1,0.953672653
20,246,2,500,1,-1.59485853
20,247,2,1500,-1,2.775760632
20,248,2,500,1,-2.357686194
20,249,2,1500,-1,1.10355072
20,250,2,1500,-1,-2.174164258
20,251,2,1500,-1,4.037045395
20,252,2,500,1,2.043152807
20,253,2,500,1,4.331716363
20,254,2,500,1,-0.123555258
20,255,2,1500,-1,-0.088103971
20,256,2,500,1,2.445319361
20,257,2,1500,-1,0.959761695
20,258,2,500,1,-3.495454923
20,259,2,500,1,-2.985964343
20,260,2,1500,-1,1.586309169
20,261,2,500,1,2.445401827
20,262,2,500,1,0.502201122
20,263,2,500,1,0.193696701
20,264,2,1500,-1,4.161085565
20,265,2,500,1,-2.888846862
20,266,2,500,1,-5.087604008
20,267,2,1500,-1,1.313745717
20,268,2,500,1,-2.008352632
20,269,2,500,1,-2.754089124
20,270,2,1500,-1,2.188140214
20,271,2,500,1,0.052880123
20,272,2,500,1,-5.610376899
20,273,2,500,1,1.847189355
20,274,2,1500,-1,-0.165047142
20,275,2,1500,-1,2.947429114
20,276,2,1500,-1,5.873161128
20,277,2,500,1,3.327736628
20,278,2,1500,-1,0.04495815
20,279,2,500,1,-8.42527818
20,280,2,500,1,-7.268181086
20,281,2,500,1,-2.174069441
20,282,2,500,1,-0.372219975
20,283,2,1500,-1,3.716773
20,284,2,500,1,-5.692963025
20,285,2,1500,-1,4.294260575
20,286,2,1500,-1,3.604489677
20,287,2,500,1,-2.758695606
20,288,2,1500,-1,1.840445653
20,289,2,500,1,-2.484448806
20,290,2,1500,-1,3.054265497
20,291,2,500,1,-0.018170538
20,292,2,500,1,-1.05115103
20,293,2,1500,-1,1.556535101
20,294,2,1500,-1,0.266681446
20,295,2,500,1,-9.785984629
20,296,2,500,1,-5.970151514
20,297,2,1500,-1,NaN
20,298,2,500,1,-1.590648448
20,299,2,500,1,-3.365565503
20,300,2,1500,-1,0.654419289
20,301,2,500,1,-4.012436245
20,302,2,1500,-1,-0.594202145
20,303,2,500,1,1.521570005
20,304,2,1500,-1,-0.607068867
20,305,2,500,1,-3.50003752
20,306,2,500,1,-6.127555989
20,307,2,500,1,-7.644444752
20,308,2,1500,-1,-3.109850687
20,309,2,500,1,-5.103069188
20,310,2,1500,-1,-6.792261822
20,311,2,500,1,-0.447261504
20,312,2,1500,-1,-4.429547895
20,313,2,500,1,-4.178775815
20,314,2,500,1,2.836564558
20,315,2,500,1,-4.673533933
20,316,2,500,1,-4.408923573
20,317,2,1500,-1,-0.2707196
20,318,2,1500,-1,5.52699031
20,319,2,1500,-1,4.903512425
20,320,2,1500,-1,4.59554465
20,321,2,500,1,0.837991094
20,322,2,500,1,-7.871445103
20,323,2,500,1,-6.372044659
20,324,2,1500,-1,-0.496908603
20,325,2,1500,-1,5.15009118
20,326,2,500,1,-0.389851762
20,327,2,1500,-1,0.66756624
20,328,2,500,1,-4.430392086
20,329,2,500,1,-1.412971604
20,330,2,1500,-1,1.801535634
20,331,2,500,1,-7.102764314
20,332,2,1500,-1,-2.332944367
20,333,2,1500,-1,-8.35401144
20,334,2,1500,-1,-2.078559395
20,335,2,500,1,-5.904093757
20,336,2,500,1,-5.520580266
20,337,2,1500,-1,0.323272286
20,338,2,1500,-1,2.543531022
20,339,2,500,1,4.403049295
20,340,2,1500,-1,4.034534302
20,341,2,1500,-1,0.160993366
20,342,2,500,1,1.408790321
20,343,2,500,1,-3.414265124
20,344,2,1500,-1,7.00149412
20,345,2,1500,-1,7.383411346
20,346,2,1500,-1,4.347893136
20,347,2,1500,-1,2.957735644
20,348,2,500,1,-5.207845776
20,349,2,500,1,0.186558013
20,350,2,500,1,-4.366915973
20,351,2,500,1,-2.183105891
20,352,2,500,1,-18.34391935
20,353,2,500,1,-11.27329237
20,354,2,1500,-1,0.120957779
20,355,2,500,1,-0.288053599
20,356,2,500,1,-2.120812561
20,357,2,1500,-1,1.984481708
20,358,2,500,1,0.442619618
20,359,2,1500,-1,1.631802359
20,360,2,1500,-1,8.890057021
20,361,2,500,1,-2.936668125
20,362,2,500,1,-7.917505096
20,363,2,1500,-1,2.066322906
20,364,2,500,1,3.313388486
20,365,2,500,1,-5.014322165
20,366,2,1500,-1,-3.068532605
20,367,2,500,1,0.752140722
20,368,2,500,1,-4.685337502
20,369,2,500,1,-2.794877885
20,370,2,1500,-1,0.504724072
20,371,2,1500,-1,1.807391584
20,372,2,500,1,7.515759765
20,373,2,1500,-1,1.513978469
20,374,2,1500,-1,4.836122468
20,375,2,500,1,-0.526264688
20,376,2,1500,-1,-0.301344822
20,377,2,1500,-1,-0.578562607
20,378,2,500,1,-6.398256732
20,379,2,1500,-1,-0.351081541
20,380,2,500,1,-5.302077069
20,381,2,1500,-1,2.764415598
20,382,2,1500,-1,4.121343527
20,383,2,1500,-1,4.465570478
20,384,2,500,1,-0.939320011
20,385,2,1500,-1,2.445073068
20,386,2,1500,-1,-1.137455552
20,387,2,500,1,-3.95921565
20,388,2,500,1,-1.483057257
20,389,2,500,1,-3.198731983
20,390,2,500,1,5.919877222
20,391,2,1500,-1,0.483657034
20,392,2,1500,-1,-1.551598812
20,393,2,1500,-1,-0.269169491
20,394,2,1500,-1,NaN
20,395,2,500,1,-6.401863985
20,396,2,1500,-1,1.541032478
20,397,2,500,1,-9.107961471
20,398,2,500,1,-9.475790827
20,399,2,1500,-1,-1.516808488
20,400,2,1500,-1,-2.040050157
20,401,2,1500,-1,5.314263055
20,402,2,500,1,0.089623145
20,403,2,1500,-1,-2.639657957
20,404,2,1500,-1,-2.845879808
20,405,2,1500,-1,-0.651254365
20,406,2,1500,-1,1.401625231
20,407,2,500,1,-3.257107557
20,408,2,500,1,-4.071199746
20,409,2,500,1,-1.149729138
20,410,2,1500,-1,4.92452676
20,411,2,500,1,4.834644283
20,412,2,500,1,-2.415433909
20,413,2,500,1,-1.768140407
20,414,2,1500,-1,2.783738072
20,415,2,500,1,0.68865114
20,416,2,500,1,-3.814876611
20,417,2,500,1,-1.162366054
20,418,2,1500,-1,2.784275497
20,419,2,1500,-1,1.556006811
20,420,2,500,1,-3.871652225
20,421,3,500,-0,-1.327184135
20,422,3,750,-0,0.466060696
20,423,3,1000,-0,-0.4850549
20,424,3,1000,-0,-1.982806124
20,425,3,1500,-0,-0.601121422
20,426,3,500,-0,-2.896422306
20,427,3,1500,-0,1.302408514
20,428,3,750,-0,0.414482312
20,429,3,1250,-0,-0.253649973
20,430,3,1250,-0,0.276676471
20,431,3,1250,-0,4.409730265
20,432,3,1500,-0,0.273332881
20,433,3,1250,-0,1.250487712
20,434,3,1500,-0,5.568734557
20,435,3,1000,-0,7.334507957
20,436,3,1250,-0,3.724652063
20,437,3,500,-0,-1.142200375
20,438,3,1250,-0,-3.427313373
20,439,3,1250,-0,2.39070771
20,440,3,1500,-0,-1.97552249
20,441,3,1000,-0,4.294428274
20,442,3,1000,-0,-0.801378038
20,443,3,1500,-0,3.173409397
20,444,3,750,-0,-3.051552358
20,445,3,1250,-0,3.580127267
20,446,3,1500,-0,-0.753067818
20,447,3,750,-0,0.19265345
20,448,3,750,-0,-2.617821276
20,449,3,750,-0,0.866609731
20,450,3,500,-0,-5.353357139
20,451,3,1250,-0,1.706139905
20,452,3,1500,-0,-0.487153977
20,453,3,1250,-0,4.065086561
20,454,3,500,-0,-3.609567504
20,455,3,500,-0,-3.507615137
20,456,3,1500,-0,-0.515898593
20,457,3,500,-0,-4.380566317
20,458,3,750,-0,0.054649551
20,459,3,750,-0,-0.281174209
20,460,3,1500,-0,-0.60063495
20,461,3,1000,-0,1.465552439
20,462,3,500,-0,-4.509502492
20,463,3,1250,-0,-0.8071861
20,464,3,1000,-0,-0.269660084
20,465,3,1250,-0,2.657032113
20,466,3,750,-0,-3.198496112
20,467,3,1000,-0,1.180510223
20,468,3,1500,-0,-1.94461534
20,469,3,750,-0,-1.458966138
20,470,3,500,-0,-2.791121855
20,471,3,1250,-0,2.163416093
20,472,3,750,-0,-3.987225895
20,473,3,1500,-0,-2.972655782
20,474,3,750,-0,1.398616531
20,475,3,1500,-0,-1.85928007
20,476,3,1500,-0,-0.109572057
20,477,3,1500,-0,NaN
20,478,3,1000,-0,1.980147092
20,479,3,1500,-0,1.835672506
20,480,3,500,-0,-2.546102274
20,481,3,1500,-0,5.198900288
20,482,3,500,-0,-0.191192962
20,483,3,1250,-0,-1.998926396
20,484,3,1250,-0,3.557218443
20,485,3,1500,-0,1.194970239
20,486,3,500,-0,-6.458825671
20,487,3,1000,-0,3.273678389
20,488,3,1000,-0,-1.235626492
20,489,3,1500,-0,-3.186023484
20,490,3,750,-0,-5.752643337
20,491,3,1000,-0,2.30452802
20,492,3,750,-0,-3.686094805
20,493,3,1000,-0,-2.57521446
20,494,3,1250,-0,2.102450654
20,495,3,750,-0,3.723560271
20,496,3,500,-0,1.893137095
20,497,3,500,-0,-0.62848314
20,498,3,500,-0,-1.453944941
20,499,3,750,-0,2.172583203
20,500,3,500,-0,-1.915672738
20,501,3,1000,-0,7.131871717
20,502,3,1250,-0,4.016896631
20,503,3,1250,-0,2.075126647
20,504,3,750,-0,2.598852747
20,505,3,500,-0,2.911958223
20,506,3,500,-0,0.839751892
20,507,3,750,-0,-0.834468169
20,508,3,500,-0,1.059685146
20,509,3,500,-0,-0.816023298
20,510,3,500,-0,3.454547223
20,511,3,1250,-0,3.423452375
20,512,3,750,-0,1.227915671
20,513,3,1250,-0,-1.474487163
20,514,3,1000,-0,0.784010446
20,515,3,1250,-0,-1.079038265
20,516,3,1000,-0,-1.124113996
20,517,3,1500,-0,-1.519770024
20,518,3,1000,-0,2.920605757
20,519,3,1250,-0,0.58240814
20,520,3,500,-0,-1.69450419
20,521,3,1500,-0,3.27395315
20,522,3,1250,-0,-1.275033276
20,523,3,1500,-0,-1.895747988
20,524,3,500,-0,-3.316299098
20,525,3,1250,-0,-6.029481984
20,526,3,1250,-0,-1.852769818
20,527,3,1000,-0,-1.955532492
20,528,3,750,-0,-0.818925815
20,529,3,1250,-0,-1.199190233
20,530,3,500,-0,1.760754286
20,531,3,1500,-0,0.883117334
20,532,3,1000,-0,-0.434978382
20,533,3,1250,-0,2.432907516
20,534,3,1250,-0,1.968897969
20,535,3,1000,-0,0.775455396
20,536,3,1500,-0,0.262979203
20,537,3,1250,-0,0.719262608
20,538,3,1000,-0,-1.324071966
20,539,3,500,-0,-6.890742469
20,540,3,1500,-0,5.751315231
20,541,3,750,-0,1.854416898
20,542,3,500,-0,-1.716168872
20,543,3,750,-0,-8.734656719
20,544,3,1250,-0,-4.924730021
20,545,3,1000,-0,-1.309972018
20,546,3,1500,-0,-4.468128908
20,547,3,1000,-0,-3.748191261
20,548,3,1500,-0,-3.297058686
20,549,3,1000,-0,-3.574733833
20,550,3,750,-0,-4.105296856
20,551,3,750,-0,-0.462520678
20,552,3,750,-0,-1.088178684
20,553,3,1000,-0,-3.711890715
20,554,3,750,-0,-6.192607125
20,555,3,750,-0,-6.828915857
20,556,3,500,-0,-5.698434385
20,557,3,1000,-0,NaN
20,558,3,1500,-0,-0.924683117
20,559,3,500,-0,-5.704158602
20,560,3,500,-0,-6.286335385
20,561,3,1000,-0,-4.89113212
20,562,3,1000,-0,-2.734459276
20,563,3,1500,-0,-2.332927616
20,564,3,500,-0,-2.691039139
20,565,3,750,-0,-2.597273312
20,566,3,1000,-0,-2.947998277
20,567,3,1000,-0,-2.087407596
20,568,3,750,-0,-3.252306923
20,569,3,750,-0,-5.195174091
20,570,3,1500,-0,-0.835235466
21,1,1,500,-0,-2.46381593
21,2,1,1500,-0,NaN
21,3,1,500,-0,-0.304137735
21,4,1,500,-0,-2.094727433
21,5,1,1500,-0,NaN
21,6,1,1500,-0,0.33511415
21,7,1,1500,-0,NaN
21,8,1,1500,-0,0.326470263
21,9,1,500,-0,4.06102945
21,10,1,500,-0,2.458918626
21,11,1,1500,-0,NaN
21,12,1,500,-0,-7.808465514
21,13,1,500,-0,NaN
21,14,1,1500,-0,NaN
21,15,1,500,-0,-2.792257459
21,16,1,500,-0,-0.083655889
21,17,1,500,-0,-0.00027549
21,18,1,1500,-0,NaN
21,19,1,1500,-0,0.491714762
21,20,1,1500,-0,-3.511326093
21,21,2,1500,-1,NaN
21,22,2,500,1,-11.37137275
21,23,2,1500,-1,-11.10084968
21,24,2,500,1,-18.29268373
21,25,2,1500,-1,-12.73647594
21,26,2,1500,-1,-7.265923012
21,27,2,500,1,-9.893089445
21,28,2,1500,-1,-7.182278373
21,29,2,500,1,-8.049159593
21,30,2,1500,-1,-9.107561168
21,31,2,1500,-1,-7.632451415
21,32,2,1500,-1,-2.975255623
21,33,2,1500,-1,-3.874899671
21,34,2,500,1,-3.80800544
21,35,2,1500,-1,-2.172009675
21,36,2,1500,-1,-2.177084002
21,37,2,500,1,-1.973178408
21,38,2,1500,-1,0.608215541
21,39,2,500,1,-3.315225396
21,40,2,1500,-1,-2.040062745
21,41,2,1500,-1,-1.304178522
21,42,2,500,1,-1.938546385
21,43,2,500,1,-8.523075512
21,44,2,1500,-1,-5.40213034
21,45,2,500,1,-4.859807396
21,46,2,1500,-1,NaN
21,47,2,500,1,-10.42169721
21,48,2,1500,-1,-11.70684982
21,49,2,500,1,-11.12523866
21,50,2,1500,-1,-7.072596052
21,51,2,1500,-1,-1.500748851
21,52,2,500,1,-4.318499044
21,53,2,1500,-1,-9.439177777
21,54,2,1500,-1,-5.79233611
21,55,2,500,1,-9.616031949
21,56,2,1500,-1,NaN
21,57,2,1500,-1,-2.574488616
21,58,2,1500,-1,-0.933496785
21,59,2,500,1,-1.12703412
21,60,2,500,1,-5.051047662
21,61,2,1500,-1,-9.466629674
21,62,2,500,1,-12.63638103
21,63,2,500,1,-13.60284728
21,64,2,1500,-1,-6.114861659
21,65,2,1500,-1,NaN
21,66,2,1500,-1,0.108792458
21,67,2,1500,-1,0.402810104
21,68,2,500,1,-2.447414104
21,69,2,1500,-1,-3.440196879
21,70,2,1500,-1,-5.366680286
21,71,2,1500,-1,-3.07235754
21,72,2,500,1,NaN
21,73,2,1500,-1,0.214976719
21,74,2,500,1,-9.778398493
21,75,2,500,1,-15.15091142
21,76,2,1500,-1,-13.73565748
21,77,2,1500,-1,NaN
21,78,2,1500,-1,NaN
21,79,2,500,1,-9.890183586
21,80,2,1500,-1,-11.66054607
21,81,2,1500,-1,-10.89410028
21,82,2,500,1,-10.65394229
21,83,2,1500,-1,NaN
21,84,2,500,1,-10.23975804
21,85,2,1500,-1,-15.61024232
21,86,2,1500,-1,-14.24941536
21,87,2,500,1,-18.11415914
21,88,2,1500,-1,-13.24670941
21,89,2,500,1,-13.48256019
21,90,2,1500,-1,NaN
21,91,2,500,1,-18.94857584
21,92,2,500,1,-19.13211807
21,93,2,500,1,-25.10753758
21,94,2,1500,-1,-20.86520619
21,95,2,1500,-1,-20.18591349
21,96,2,500,1,-25.60186879
21,97,2,1500,-1,-27.44509311
21,98,2,500,1,-29.71778818
21,99,2,500,1,NaN
21,100,2,1500,-1,NaN
21,101,2,1500,-1,NaN
21,102,2,1500,-1,NaN
21,103,2,500,1,NaN
21,104,2,1500,-1,NaN
21,105,2,500,1,NaN
21,106,2,1500,-1,NaN
21,107,2,1500,-1,NaN
21,108,2,1500,-1,-27.67198345
21,109,2,500,1,NaN
21,110,2,500,1,NaN
21,111,2,500,1,NaN
21,112,2,1500,-1,-29.16443485
21,113,2,1500,-1,-28.18778915
21,114,2,1500,-1,-21.90566593
21,115,2,1500,-1,-17.6150119
21,116,2,1500,-1,-19.91022898
21,117,2,1500,-1,-17.53373969
21,118,2,500,1,-20.66501755
21,119,2,500,1,NaN
21,120,2,500,1,NaN
21,121,2,1500,-1,-27.03010224
21,122,2,1500,-1,-25.17891358
21,123,2,1500,-1,-25.43407956
21,124,2,1500,-1,-24.06851217
21,125,2,500,1,-29.58847093
21,126,2,500,1,-29.64310906
21,127,2,1500,-1,-27.3629211
21,128,2,500,1,-26.74822003
21,129,2,1500,-1,-21.31412087
21,130,2,1500,-1,-25.56780228
21,131,2,1500,-1,-24.70916147
21,132,2,500,1,-29.08886055
21,133,2,500,1,NaN
21,134,2,1500,-1,NaN
21,135,2,500,1,NaN
21,136,2,500,1,NaN
21,137,2,500,1,NaN
21,138,2,1500,-1,NaN
21,139,2,500,1,NaN
21,140,2,1500,-1,-23.31573145
21,141,2,1500,-1,-22.06064625
21,142,2,500,1,NaN
21,143,2,1500,-1,NaN
21,144,2,1500,-1,-24.36031868
21,145,2,500,1,-27.0913764
21,146,2,1500,-1,NaN
21,147,2,1500,-1,-23.6344446
21,148,2,1500,-1,-26.99034985
21,149,2,500,1,-28.29078827
21,150,2,500,1,NaN
21,151,2,1500,-1,NaN
21,152,2,1500,-1,NaN
21,153,2,500,1,NaN
21,154,2,500,1,NaN
21,155,2,500,1,NaN
21,156,2,1500,-1,NaN
21,157,2,1500,-1,NaN
21,158,2,500,1,-25.7407787
21,159,2,1500,-1,-20.77583998
21,160,2,500,1,-20.68366357
21,161,2,500,1,-28.46969762
21,162,2,1500,-1,NaN
21,163,2,1500,-1,-24.97110713
21,164,2,1500,-1,-22.36075044
21,165,2,1500,-1,-22.03941404
21,166,2,1500,-1,-19.38449809
21,167,2,500,1,-22.61308952
21,168,2,1500,-1,-22.41377404
21,169,2,1500,-1,-22.29363898
21,170,2,500,1,-24.98499815
21,171,2,1500,-1,-24.40214085
21,172,2,1500,-1,-23.9860792
21,173,2,500,1,-26.06527578
21,174,2,500,1,NaN
21,175,2,1500,-1,NaN
21,176,2,1500,-1,-24.87654119
21,177,2,1500,-1,-11.91697939
21,178,2,500,1,-15.73444421
21,179,2,500,1,-22.73696477
21,180,2,500,1,-17.60332452
21,181,2,1500,-1,-15.27941158
21,182,2,500,1,-17.17266557
21,183,2,500,1,-15.00450351
21,184,2,1500,-1,-18.9503395
21,185,2,1500,-1,-15.22476189
21,186,2,1500,-1,-7.847391592
21,187,2,1500,-1,-1.272393411
21,188,2,1500,-1,-0.363524113
21,189,2,500,1,-3.438895742
21,190,2,500,1,-8.865787984
21,191,2,1500,-1,-5.11830283
21,192,2,500,1,-9.65572734
21,193,2,500,1,-4.011864054
21,194,2,500,1,-7.780912101
21,195,2,1500,-1,-8.736072396
21,196,2,1500,-1,-5.170800483
21,197,2,500,1,-3.842365919
21,198,2,500,1,-12.46921558
21,199,2,500,1,-12.31814007
21,200,2,1500,-1,-10.10665317
21,201,2,1500,-1,-9.808394598
21,202,2,500,1,-8.072247572
21,203,2,1500,-1,-13.94736666
21,204,2,500,1,-11.55513614
21,205,2,1500,-1,-8.289450643
21,206,2,500,1,-10.38119964
21,207,2,500,1,-13.32152819
21,208,2,500,1,-18.42922523
21,209,2,1500,-1,-16.86022463
21,210,2,1500,-1,-6.192219721
21,211,2,1500,-1,-11.66618909
21,212,2,1500,-1,-5.658943643
21,213,2,500,1,-11.57756849
21,214,2,1500,-1,-9.491602514
21,215,2,500,1,-7.633361903
21,216,2,500,1,-5.028071898
21,217,2,500,1,-9.537550381
21,218,2,1500,-1,-8.160951001
21,219,2,500,1,-8.349929167
21,220,2,500,1,-8.370639584
21,221,2,1500,-1,-10.20978553
21,222,2,1500,-1,-7.345752938
21,223,2,1500,-1,-5.493569442
21,224,2,1500,-1,-4.633724727
21,225,2,1500,-1,2.648693171
21,226,2,1500,-1,-2.482995141
21,227,2,1500,-1,-3.428920901
21,228,2,500,1,-2.984056316
21,229,2,1500,-1,-7.10536043
21,230,2,1500,-1,-3.172501488
21,231,2,1500,-1,-0.406189192
21,232,2,1500,-1,2.378703015
21,233,2,500,1,0.252275791
21,234,2,500,1,-8.651866763
21,235,2,500,1,-10.54204206
21,236,2,1500,-1,-10.37722184
21,237,2,500,1,-11.22040546
21,238,2,500,1,-10.88137661
21,239,2,500,1,-15.65708972
21,240,2,500,1,-12.37404273
21,241,2,1500,-1,NaN
21,242,2,500,1,-6.802194467
21,243,2,1500,-1,-2.309482488
21,244,2,1500,-1,-3.391611275
21,245,2,1500,-1,1.314043992
21,246,2,500,1,1.366163916
21,247,2,500,1,-5.424902926
21,248,2,1500,-1,-3.163285587
21,249,2,500,1,-9.349791418
21,250,2,500,1,-5.567960074
21,251,2,1500,-1,-5.045548263
21,252,2,1500,-1,-7.177021728
21,253,2,1500,-1,-19.46920894
21,254,2,500,1,-8.709762128
21,255,2,1500,-1,-14.23850687
21,256,2,500,1,-3.80337215
21,257,2,500,1,-6.549384164
21,258,2,500,1,-5.245689058
21,259,2,1500,-1,NaN
21,260,2,500,1,-6.228509316
21,261,2,1500,-1,-3.212691037
21,262,2,1500,-1,0.715765118
21,263,2,1500,-1,-1.746917263
21,264,2,500,1,-4.685768563
21,265,2,500,1,-8.084169279
21,266,2,1500,-1,-4.284827957
21,267,2,500,1,-2.275149711
21,268,2,1500,-1,-1.36521335
21,269,2,500,1,-1.916376373
21,270,2,500,1,-8.345562593
21,271,2,1500,-1,-8.215373247
21,272,2,1500,-1,-5.702074484
21,273,2,500,1,-13.59559576
21,274,2,500,1,-8.562910624
21,275,2,500,1,-5.092290104
21,276,2,1500,-1,-17.04745139
21,277,2,500,1,-10.6539213
21,278,2,500,1,-16.67240516
21,279,2,1500,-1,-7.582779487
21,280,2,500,1,-14.57645439
21,281,2,1500,-1,-18.12776727
21,282,2,500,1,-13.91179883
21,283,2,1500,-1,-11.82865016
21,284,2,1500,-1,1.048488525
21,285,2,500,1,-5.385929861
21,286,2,500,1,-13.08639514
21,287,2,1500,-1,NaN
21,288,2,500,1,-6.688139399
21,289,2,1500,-1,-8.758893312
21,290,2,500,1,-10.81134118
21,291,2,500,1,-21.46544664
21,292,2,500,1,-13.34903015
21,293,2,500,1,-7.792997229
21,294,2,1500,-1,-12.4357128
21,295,2,500,1,-8.637400483
21,296,2,500,1,-2.54252658
21,297,2,1500,-1,NaN
21,298,2,500,1,-7.976658533
21,299,2,500,1,-18.92318618
21,300,2,500,1,-14.76218186
21,301,2,500,1,-20.09377561
21,302,2,1500,-1,-23.47008214
21,303,2,1500,-1,-17.13956191
21,304,2,1500,-1,-11.84836449
21,305,2,500,1,-16.5405862
21,306,2,1500,-1,-9.805368706
21,307,2,1500,-1,-8.855795609
21,308,2,1500,-1,-2.808565512
21,309,2,500,1,-5.023237231
21,310,2,500,1,-4.962452593
21,311,2,500,1,-1.855505675
21,312,2,1500,-1,-10.12507971
21,313,2,500,1,-6.317918682
21,314,2,1500,-1,NaN
21,315,2,500,1,-10.38686255
21,316,2,500,1,-11.72920547
21,317,2,500,1,-5.146850986
21,318,2,1500,-1,-7.040280385
21,319,2,1500,-1,-6.791266686
21,320,2,500,1,0.865210252
21,321,2,1500,-1,7.61823463
21,322,2,500,1,-1.681478604
21,323,2,500,1,-7.434346989
21,324,2,1500,-1,-12.53425243
21,325,2,500,1,-11.99680352
21,326,2,500,1,-22.25616219
21,327,2,1500,-1,-18.16457769
21,328,2,500,1,-23.44963185
21,329,2,500,1,-13.60301525
21,330,2,1500,-1,NaN
21,331,2,1500,-1,-12.0260433
21,332,2,500,1,-16.18215635
21,333,2,1500,-1,-9.040670193
21,334,2,500,1,-12.69850347
21,335,2,500,1,-11.90971373
21,336,2,500,1,-13.08837392
21,337,2,1500,-1,-6.938131079
21,338,2,500,1,-11.79571079
21,339,2,500,1,-9.132356609
21,340,2,1500,-1,-9.63055222
21,341,2,1500,-1,-5.337585807
21,342,2,500,1,-13.35696363
21,343,2,500,1,-12.67324863
21,344,2,500,1,-18.01988395
21,345,2,500,1,-3.579077204
21,346,2,1500,-1,NaN
21,347,2,1500,-1,-4.173765702
21,348,2,500,1,-20.38255775
21,349,2,1500,-1,-6.649285932
21,350,2,500,1,-4.254281096
21,351,2,1500,-1,-8.186195995
21,352,2,500,1,-5.648805547
21,353,2,500,1,-9.047428242
21,354,2,500,1,-10.46319776
21,355,2,500,1,-9.8521015
21,356,2,500,1,-18.8211842
21,357,2,500,1,-20.18958933
21,358,2,500,1,-23.62116267
21,359,2,1500,-1,-23.28519484
21,360,2,500,1,-14.49085423
21,361,2,500,1,-15.54179132
21,362,2,1500,-1,-14.72182492
21,363,2,500,1,-21.87420934
21,364,2,1500,-1,NaN
21,365,2,500,1,-4.958666937
21,366,2,1500,-1,-13.44891284
21,367,2,1500,-1,-8.653192356
21,368,2,500,1,-10.26808494
21,369,2,500,1,-9.621641782
21,370,2,500,1,-16.82394658
21,371,2,1500,-1,-3.456994884
21,372,2,500,1,-12.98054647
21,373,2,1500,-1,-16.58387012
21,374,2,500,1,-15.55027595
21,375,2,500,1,-16.59242028
21,376,2,500,1,-16.12974124
21,377,2,500,1,-21.89687624
21,378,2,500,1,-20.8971778
21,379,2,1500,-1,-15.67870133
21,380,2,1500,-1,-7.503028767
21,381,2,1500,-1,-3.846892932
21,382,2,500,1,-8.038390524
21,383,2,500,1,NaN
21,384,2,1500,-1,-6.938128834
21,385,2,500,1,-2.737151756
21,386,2,500,1,-6.773115218
21,387,2,500,1,-6.268751324
21,388,2,500,1,-2.914206788
21,389,2,500,1,-3.422339322
21,390,2,500,1,-3.985563135
21,391,2,500,1,-13.07655412
21,392,2,1500,-1,-8.933218539
21,393,2,500,1,-17.7515619
21,394,2,500,1,-8.264076755
21,395,2,1500,-1,-18.55077712
21,396,2,1500,-1,-12.43434275
21,397,2,500,1,-9.507091132
21,398,2,500,1,-12.37763536
21,399,2,1500,-1,-5.98237634
21,400,2,1500,-1,-0.237584481
21,401,2,1500,-1,-14.02617564
21,402,2,1500,-1,3.115722348
21,403,2,1500,-1,10.11514616
21,404,2,500,1,0.09114132
21,405,2,500,1,-12.12666864
21,406,2,500,1,-3.009388953
21,407,2,500,1,-5.172803727
21,408,2,1500,-1,-9.412424215
21,409,2,1500,-1,-7.744181677
21,410,2,1500,-1,-13.94131006
21,411,2,1500,-1,-8.980805217
21,412,2,1500,-1,-8.772305389
21,413,2,1500,-1,-6.259626777
21,414,2,500,1,-12.92380243
21,415,2,1500,-1,-10.16591846
21,416,2,500,1,-16.02001054
21,417,2,500,1,-15.95566626
21,418,2,500,1,-16.29593185
21,419,2,1500,-1,-11.35792322
21,420,2,500,1,-15.10415084
21,421,3,1000,-0,NaN
21,422,3,500,-0,-12.85832142
21,423,3,500,-0,-7.969804523
21,424,3,1500,-0,NaN
21,425,3,1250,-0,NaN
21,426,3,1000,-0,-2.535948442
21,427,3,750,-0,-4.407880067
21,428,3,1000,-0,-6.213329586
21,429,3,1250,-0,-0.682184385
21,430,3,500,-0,-1.725507497
21,431,3,1250,-0,0.267487207
21,432,3,1250,-0,-4.08673074
21,433,3,500,-0,-3.596717743
21,434,3,500,-0,-12.30763552
21,435,3,750,-0,NaN
21,436,3,750,-0,-1.95706933
21,437,3,1500,-0,NaN
21,438,3,750,-0,-0.715531167
21,439,3,500,-0,2.592224748
21,440,3,1500,-0,5.153523684
21,441,3,1500,-0,7.177972938
21,442,3,750,-0,-1.856142571
21,443,3,1250,-0,-0.611915085
21,444,3,500,-0,1.018194315
21,445,3,750,-0,1.580958636
21,446,3,1250,-0,0.669471522
21,447,3,500,-0,-6.769674951
21,448,3,1500,-0,-3.691518867
21,449,3,1000,-0,1.25945058
21,450,3,1250,-0,0.173282258
21,451,3,1500,-0,1.996758634
21,452,3,750,-0,6.199796589
21,453,3,1000,-0,5.086805227
21,454,3,500,-0,-0.397154863
21,455,3,500,-0,0.574871607
21,456,3,500,-0,2.507843825
21,457,3,750,-0,-0.05779795
21,458,3,500,-0,2.198658595
21,459,3,1500,-0,5.954003409
21,460,3,750,-0,4.996376879
21,461,3,1500,-0,7.391160944
21,462,3,1000,-0,2.741646034
21,463,3,750,-0,4.209143549
21,464,3,1000,-0,0.860633408
21,465,3,1500,-0,-0.72510917
21,466,3,1500,-0,3.755732564
21,467,3,1000,-0,0.908365622
21,468,3,1000,-0,NaN
21,469,3,750,-0,4.096034437
21,470,3,1000,-0,NaN
21,471,3,1000,-0,4.943672732
21,472,3,1250,-0,10.58554769
21,473,3,1500,-0,NaN
21,474,3,750,-0,0.897587394
21,475,3,1000,-0,-0.26822836
21,476,3,1000,-0,-0.136868158
21,477,3,750,-0,0.91897449
21,478,3,1000,-0,6.152001409
21,479,3,1250,-0,-0.090855967
21,480,3,1500,-0,6.799483255
21,481,3,1000,-0,2.992451607
21,482,3,750,-0,-6.199264133
21,483,3,1000,-0,-7.530439811
21,484,3,1500,-0,NaN
21,485,3,1250,-0,-1.622351019
21,486,3,750,-0,1.084034181
21,487,3,1500,-0,-4.0637562
21,488,3,1000,-0,6.369583829
21,489,3,500,-0,2.095907289
21,490,3,1250,-0,0.671666519
21,491,3,1500,-0,-3.246773666
21,492,3,500,-0,-2.006136666
21,493,3,1000,-0,-3.48215014
21,494,3,750,-0,-1.341272635
21,495,3,1250,-0,5.092184105
21,496,3,1000,-0,-1.399485181
21,497,3,1500,-0,-9.023466023
21,498,3,750,-0,-10.97194257
21,499,3,1500,-0,-5.120974721
21,500,3,500,-0,-0.030964718
21,501,3,1000,-0,-2.014725095
21,502,3,1250,-0,3.452295297
21,503,3,500,-0,-3.881680687
21,504,3,750,-0,-5.702719477
21,505,3,500,-0,-4.069874125
21,506,3,1250,-0,-2.575452121
21,507,3,1250,-0,-3.376839176
21,508,3,500,-0,-2.984227601
21,509,3,1500,-0,3.314856228
21,510,3,500,-0,-8.319233957
21,511,3,500,-0,-7.189280949
21,512,3,1250,-0,-5.064934896
21,513,3,1000,-0,-9.863362416
21,514,3,750,-0,-8.055527853
21,515,3,1500,-0,-4.572145195
21,516,3,1500,-0,-11.39770968
21,517,3,1000,-0,4.692342013
21,518,3,500,-0,-4.46851179
21,519,3,1250,-0,-7.351638801
21,520,3,1250,-0,NaN
21,521,3,1000,-0,-8.04815139
21,522,3,750,-0,-0.554489737
21,523,3,1000,-0,-3.198540264
21,524,3,1250,-0,-6.295271928
21,525,3,1500,-0,-8.060301496
21,526,3,750,-0,-12.64720768
21,527,3,500,-0,-14.09728828
21,528,3,750,-0,-12.74057218
21,529,3,500,-0,-13.43566866
21,530,3,1500,-0,-12.36670705
21,531,3,1250,-0,-5.783967071
21,532,3,750,-0,-8.392880603
21,533,3,1250,-0,-13.32840249
21,534,3,500,-0,-9.450405988
21,535,3,1000,-0,-4.463830058
21,536,3,1000,-0,-8.862431666
21,537,3,1000,-0,-9.433074282
21,538,3,1500,-0,-0.679964955
21,539,3,750,-0,-1.050052793
21,540,3,1250,-0,-1.035318589
21,541,3,1500,-0,-4.719109758
21,542,3,1250,-0,-11.74235193
21,543,3,1250,-0,-5.462530274
21,544,3,500,-0,-6.98354872
21,545,3,1000,-0,-8.811130122
21,546,3,750,-0,-10.78817337
21,547,3,500,-0,-13.82138364
21,548,3,1500,-0,NaN
21,549,3,500,-0,-12.7837067
21,550,3,1250,-0,NaN
21,551,3,500,-0,-3.689802312
21,552,3,1250,-0,-7.54148989
21,553,3,750,-0,-5.453609828
21,554,3,1250,-0,-5.850431626
21,555,3,1500,-0,NaN
21,556,3,1250,-0,-8.335141124
21,557,3,750,-0,-9.882407409
21,558,3,750,-0,-8.511301451
21,559,3,500,-0,-9.546311708
21,560,3,750,-0,-8.73293621
21,561,3,1500,-0,-8.921724765
21,562,3,1500,-0,-6.718529522
21,563,3,750,-0,-1.178851345
21,564,3,1250,-0,-5.015908354
21,565,3,1250,-0,-2.396439933
21,566,3,1000,-0,NaN
21,567,3,500,-0,-8.523409681
21,568,3,1000,-0,-6.065296659
21,569,3,1500,-0,-6.415403938
21,570,3,1500,-0,-9.85677586
22,1,1,1500,-0,NaN
22,2,1,500,-0,-5.037072344
22,3,1,1500,-0,-2.623935186
22,4,1,1500,-0,-2.97284131
22,5,1,500,-0,-1.39903065
22,6,1,500,-0,-0.442534615
22,7,1,1500,-0,-0.293647075
22,8,1,500,-0,0.702552685
22,9,1,1500,-0,-0.487857192
22,10,1,500,-0,1.74374499
22,11,1,1500,-0,0.509409942
22,12,1,500,-0,-4.664089641
22,13,1,500,-0,-0.076953099
22,14,1,500,-0,-2.948929276
22,15,1,500,-0,-0.422231593
22,16,1,500,-0,-6.296769914
22,17,1,1500,-0,1.73563082
22,18,1,1500,-0,-2.865185791
22,19,1,1500,-0,-0.992142518
22,20,1,1500,-0,-1.040833777
22,21,2,1500,-1,-3.687367864
22,22,2,1500,-1,4.867928594
22,23,2,500,1,-1.567889193
22,24,2,500,1,-12.01335253
22,25,2,500,1,-18.2161533
22,26,2,500,1,-17.41608712
22,27,2,1500,-1,-14.59355743
22,28,2,500,1,-11.71579538
22,29,2,1500,-1,NaN
22,30,2,500,1,-14.85947786
22,31,2,1500,-1,-15.41904604
22,32,2,500,1,-15.42454067
22,33,2,1500,-1,-15.7724233
22,34,2,1500,-1,-11.89422334
22,35,2,500,1,-14.79433127
22,36,2,1500,-1,NaN
22,37,2,500,1,-17.54149544
22,38,2,500,1,-19.53916228
22,39,2,1500,-1,-21.16472252
22,40,2,1500,-1,NaN
22,41,2,1500,-1,-9.679866356
22,42,2,1500,-1,-4.196969844
22,43,2,1500,-1,-6.581982789
22,44,2,1500,-1,-9.654553848
22,45,2,500,1,-10.82943453
22,46,2,1500,-1,NaN
22,47,2,500,1,-13.28556508
22,48,2,1500,-1,-18.54102192
22,49,2,500,1,-16.4344567
22,50,2,1500,-1,-18.86165274
22,51,2,500,1,-27.44610255
22,52,2,500,1,-20.27050264
22,53,2,500,1,-23.95599905
22,54,2,1500,-1,NaN
22,55,2,500,1,-16.94977967
22,56,2,500,1,-26.09401243
22,57,2,1500,-1,-24.48718138
22,58,2,1500,-1,-3.068881184
22,59,2,1500,-1,-5.608907275
22,60,2,1500,-1,0.761447728
22,61,2,1500,-1,0.236074997
22,62,2,1500,-1,1.084807517
22,63,2,500,1,-3.66460228
22,64,2,500,1,-15.10003038
22,65,2,1500,-1,NaN
22,66,2,500,1,-13.0176514
22,67,2,500,1,-23.08086906
22,68,2,500,1,-27.14948072
22,69,2,500,1,-22.3346945
22,70,2,1500,-1,-16.47857213
22,71,2,500,1,-22.86187833
22,72,2,1500,-1,NaN
22,73,2,500,1,-22.91163324
22,74,2,500,1,NaN
22,75,2,500,1,-26.10027339
22,76,2,1500,-1,-19.28732889
22,77,2,500,1,-24.52329819
22,78,2,1500,-1,NaN
22,79,2,500,1,-16.76297676
22,80,2,500,1,-20.25562091
22,81,2,500,1,-14.54010888
22,82,2,1500,-1,-12.46540958
22,83,2,500,1,-16.37322111
22,84,2,1500,-1,-3.17076592
22,85,2,500,1,-7.938882748
22,86,2,1500,-1,NaN
22,87,2,500,1,-4.294781328
22,88,2,500,1,-8.190875013
22,89,2,500,1,-8.035338376
22,90,2,1500,-1,-4.070101892
22,91,2,1500,-1,NaN
22,92,2,1500,-1,1.136978197
22,93,2,1500,-1,0.024406027
22,94,2,1500,-1,-1.426480791
22,95,2,1500,-1,1.283058111
22,96,2,500,1,-3.415168659
22,97,2,1500,-1,-3.190935057
22,98,2,1500,-1,-0.659905631
22,99,2,500,1,-2.885749564
22,100,2,500,1,-5.975315535
22,101,2,500,1,-9.771204449
22,102,2,500,1,-4.340359509
22,103,2,500,1,-9.950095154
22,104,2,500,1,-7.932830698
22,105,2,1500,-1,-3.400829761
22,106,2,1500,-1,-0.057881958
22,107,2,1500,-1,1.650530447
22,108,2,1500,-1,-2.078919666
22,109,2,1500,-1,0.540349026
22,110,2,1500,-1,0.489286912
22,111,2,1500,-1,-0.512304035
22,112,2,500,1,-0.486587881
22,113,2,500,1,-8.932180891
22,114,2,1500,-1,-2.41809954
22,115,2,1500,-1,0.169127937
22,116,2,1500,-1,0.720291024
22,117,2,1500,-1,-0.545180871
22,118,2,1500,-1,-0.249137963
22,119,2,500,1,-1.81761691
22,120,2,1500,-1,-5.213529551
22,121,2,1500,-1,-5.838766637
22,122,2,1500,-1,3.012522323
22,123,2,1500,-1,2.110931054
22,124,2,1500,-1,NaN
22,125,2,1500,-1,0.08122054
22,126,2,500,1,-0.209373631
22,127,2,500,1,-6.420456517
22,128,2,1500,-1,NaN
22,129,2,500,1,-11.66300693
22,130,2,1500,-1,-7.574549993
22,131,2,500,1,-10.99823213
22,132,2,1500,-1,-5.18971237
22,133,2,500,1,-12.64219872
22,134,2,1500,-1,-9.54337098
22,135,2,1500,-1,-1.543189606
22,136,2,500,1,-6.969331333
22,137,2,500,1,-6.225255174
22,138,2,1500,-1,-8.025909653
22,139,2,500,1,-4.657646252
22,140,2,1500,-1,NaN
22,141,2,1500,-1,1.810615527
22,142,2,500,1,-2.026502727
22,143,2,1500,-1,0.212071584
22,144,2,1500,-1,2.08880956
22,145,2,500,1,0.325551041
22,146,2,500,1,-6.188171489
22,147,2,500,1,-9.200523621
22,148,2,500,1,-6.41167503
22,149,2,500,1,-14.3590372
22,150,2,1500,-1,-2.725450112
22,151,2,500,1,-3.865054995
22,152,2,1500,-1,-2.735295849
22,153,2,1500,-1,3.416310142
22,154,2,500,1,-2.088500593
22,155,2,1500,-1,-2.561850658
22,156,2,500,1,-3.246481411
22,157,2,1500,-1,1.789833445
22,158,2,500,1,-3.480916271
22,159,2,500,1,-3.747938267
22,160,2,500,1,-8.353761431
22,161,2,1500,-1,-4.077578825
22,162,2,500,1,-4.447545282
22,163,2,1500,-1,-1.106964685
22,164,2,500,1,-6.448955773
22,165,2,500,1,-9.063414757
22,166,2,500,1,-10.15729924
22,167,2,1500,-1,0.988565419
22,168,2,500,1,-1.892350192
22,169,2,500,1,-3.097352241
22,170,2,1500,-1,-1.151849944
22,171,2,1500,-1,1.211048442
22,172,2,500,1,-2.47636018
22,173,2,500,1,-6.603946179
22,174,2,1500,-1,-3.851985982
22,175,2,500,1,-4.052426286
22,176,2,1500,-1,-0.109565948
22,177,2,1500,-1,-2.979352636
22,178,2,1500,-1,-8.058505073
22,179,2,1500,-1,0.885760372
22,180,2,1500,-1,-1.454645065
22,181,2,500,1,-1.986828305
22,182,2,500,1,-7.16276833
22,183,2,500,1,-4.181689792
22,184,2,500,1,-6.324374243
22,185,2,1500,-1,-2.057538685
22,186,2,1500,-1,-2.930108913
22,187,2,500,1,-8.573384286
22,188,2,500,1,-5.701865318
22,189,2,500,1,-10.37421525
22,190,2,500,1,-6.174800569
22,191,2,500,1,-6.399831426
22,192,2,1500,-1,-4.199996726
22,193,2,500,1,-1.52402982
22,194,2,1500,-1,1.465110583
22,195,2,500,1,-0.884967387
22,196,2,1500,-1,1.75158097
22,197,2,500,1,-1.959097576
22,198,2,500,1,-5.699706369
22,199,2,1500,-1,NaN
22,200,2,1500,-1,3.762420918
22,201,2,1500,-1,7.430662498
22,202,2,1500,-1,1.991819054
22,203,2,500,1,0.750609714
22,204,2,500,1,-2.945451648
22,205,2,500,1,-10.8875683
22,206,2,500,1,-11.63671436
22,207,2,1500,-1,-2.49786492
22,208,2,500,1,-5.152072547
22,209,2,500,1,-6.596168398
22,210,2,500,1,-12.60242093
22,211,2,500,1,-9.338300708
22,212,2,500,1,-10.07902478
22,213,2,1500,-1,-4.527465389
22,214,2,1500,-1,-1.149190358
22,215,2,1500,-1,-1.67026529
22,216,2,500,1,-4.808956177
22,217,2,500,1,-15.80533973
22,218,2,1500,-1,-8.949532126
22,219,2,1500,-1,-7.648009757
22,220,2,500,1,-13.6228969
22,221,2,1500,-1,-2.483330243
22,222,2,500,1,-8.018546643
22,223,2,500,1,-9.4639901
22,224,2,1500,-1,-4.420682538
22,225,2,500,1,-12.54897953
22,226,2,500,1,-5.526826778
22,227,2,500,1,-7.330508715
22,228,2,500,1,-8.036753455
22,229,2,1500,-1,-4.406351841
22,230,2,500,1,-1.847785294
22,231,2,500,1,-3.57857059
22,232,2,1500,-1,-1.217078446
22,233,2,500,1,-2.699607176
22,234,2,500,1,-10.97505431
22,235,2,1500,-1,0.564655774
22,236,2,1500,-1,-0.007017006
22,237,2,500,1,-1.979053939
22,238,2,500,1,-5.470266137
22,239,2,500,1,-0.952271393
22,240,2,500,1,-6.82115347
22,241,2,1500,-1,1.170759469
22,242,2,500,1,1.093132413
22,243,2,500,1,-1.242384992
22,244,2,500,1,2.73292273
22,245,2,1500,-1,-0.010094961
22,246,2,500,1,1.224272613
22,247,2,500,1,-1.480276263
22,248,2,500,1,-1.347324929
22,249,2,500,1,-2.283249632
22,250,2,500,1,-3.311045653
22,251,2,500,1,0.834341355
22,252,2,1500,-1,-3.170916485
22,253,2,500,1,-4.63119368
22,254,2,1500,-1,-3.721326583
22,255,2,500,1,-3.618639667
22,256,2,500,1,-3.819731352
22,257,2,500,1,NaN
22,258,2,1500,-1,0.981319661
22,259,2,500,1,-4.934775143
22,260,2,1500,-1,-2.542064506
22,261,2,500,1,-0.021126948
22,262,2,500,1,-2.030840364
22,263,2,1500,-1,-2.844448961
22,264,2,500,1,-3.801212445
22,265,2,500,1,-7.263292888
22,266,2,500,1,2.317591562
22,267,2,500,1,-0.230113141
22,268,2,500,1,-9.417143372
22,269,2,1500,-1,-3.258996444
22,270,2,1500,-1,3.283279573
22,271,2,1500,-1,6.230158897
22,272,2,1500,-1,4.510625462
22,273,2,1500,-1,3.607559519
22,274,2,500,1,3.692446468
22,275,2,500,1,-4.128543332
22,276,2,1500,-1,2.321864042
22,277,2,1500,-1,2.857353752
22,278,2,1500,-1,4.316358113
22,279,2,500,1,0.16720255
22,280,2,500,1,-6.403110385
22,281,2,500,1,-4.71796758
22,282,2,1500,-1,0.001922293
22,283,2,1500,-1,-1.10150578
22,284,2,1500,-1,0.378115801
22,285,2,1500,-1,1.83572126
22,286,2,1500,-1,NaN
22,287,2,1500,-1,3.08913046
22,288,2,1500,-1,5.355608343
22,289,2,500,1,0.426221416
22,290,2,500,1,1.809562697
22,291,2,1500,-1,-1.224036317
22,292,2,500,1,0.835851467
22,293,2,500,1,-2.394214766
22,294,2,500,1,-6.079563686
22,295,2,500,1,-16.89761278
22,296,2,1500,-1,-6.661842157
22,297,2,1500,-1,-4.644641336
22,298,2,500,1,-7.139577436
22,299,2,500,1,-14.74396195
22,300,2,500,1,-14.86850024
22,301,2,1500,-1,-9.053392394
22,302,2,1500,-1,-0.612451859
22,303,2,500,1,-6.502715604
22,304,2,500,1,-6.551786561
22,305,2,500,1,-8.114750578
22,306,2,500,1,-8.456384172
22,307,2,500,1,-7.435776181
22,308,2,1500,-1,-0.352590236
22,309,2,1500,-1,2.745770783
22,310,2,1500,-1,6.977934725
22,311,2,500,1,-2.232899843
22,312,2,1500,-1,NaN
22,313,2,1500,-1,3.22220458
22,314,2,500,1,-1.653798503
22,315,2,500,1,-2.469702491
22,316,2,1500,-1,0.860204964
22,317,2,500,1,-9.135514797
22,318,2,1500,-1,-2.738772296
22,319,2,1500,-1,-2.155238288
22,320,2,1500,-1,6.400922766
22,321,2,500,1,0.718626686
22,322,2,500,1,-5.7878435
22,323,2,1500,-1,-0.947201682
22,324,2,500,1,-3.976959999
22,325,2,1500,-1,-6.390704346
22,326,2,500,1,1.118077068
22,327,2,1500,-1,0.55686472
22,328,2,1500,-1,NaN
22,329,2,1500,-1,5.686213421
22,330,2,500,1,-2.159038091
22,331,2,1500,-1,4.904749497
22,332,2,500,1,-0.56816889
22,333,2,1500,-1,0.112245808
22,334,2,1500,-1,2.342133536
22,335,2,500,1,-1.039355412
22,336,2,1500,-1,0.632703458
22,337,2,1500,-1,-0.420360244
22,338,2,500,1,-0.170498024
22,339,2,1500,-1,0.769401371
22,340,2,1500,-1,3.182453621
22,341,2,1500,-1,-0.563269351
22,342,2,500,1,5.940987155
22,343,2,1500,-1,1.36594066
22,344,2,1500,-1,NaN
22,345,2,1500,-1,6.046601006
22,346,2,500,1,-0.220066512
22,347,2,500,1,-3.90461876
22,348,2,500,1,-4.568806834
22,349,2,1500,-1,-4.021268019
22,350,2,500,1,-3.583100116
22,351,2,1500,-1,-2.539084053
22,352,2,1500,-1,1.424903665
22,353,2,1500,-1,-3.40395971
22,354,2,500,1,1.034889003
22,355,2,1500,-1,2.506921579
22,356,2,500,1,0.108909437
22,357,2,500,1,0.680539262
22,358,2,1500,-1,2.320565457
22,359,2,500,1,-1.922492594
22,360,2,1500,-1,4.67794276
22,361,2,1500,-1,4.826051174
22,362,2,1500,-1,1.049367908
22,363,2,1500,-1,3.761952256
22,364,2,1500,-1,11.07745207
22,365,2,500,1,3.446237842
22,366,2,1500,-1,6.45027408
22,367,2,500,1,-1.135456847
22,368,2,500,1,-4.626935696
22,369,2,1500,-1,0.647181119
22,370,2,500,1,-2.03135986
22,371,2,1500,-1,1.998785327
22,372,2,500,1,0.704336523
22,373,2,1500,-1,2.529891279
22,374,2,500,1,-1.046171906
22,375,2,500,1,-2.258103731
22,376,2,1500,-1,2.022607001
22,377,2,1500,-1,5.60924741
22,378,2,1500,-1,4.057316365
22,379,2,1500,-1,2.999015722
22,380,2,1500,-1,5.501834047
22,381,2,500,1,-1.90465833
22,382,2,500,1,0.942839752
22,383,2,500,1,0.880787484
22,384,2,500,1,-3.504006573
22,385,2,500,1,-6.650709248
22,386,2,1500,-1,2.568975616
22,387,2,500,1,0.093541215
22,388,2,1500,-1,1.126798539
22,389,2,1500,-1,4.979270602
22,390,2,500,1,2.640353796
22,391,2,1500,-1,4.175739753
22,392,2,1500,-1,6.68530373
22,393,2,1500,-1,7.191914693
22,394,2,500,1,2.39168803
22,395,2,1500,-1,1.412158888
22,396,2,500,1,3.13109925
22,397,2,500,1,-0.042987107
22,398,2,1500,-1,6.741880129
22,399,2,500,1,2.462163861
22,400,2,1500,-1,8.005675036
22,401,2,500,1,0.835478248
22,402,2,500,1,2.286978715
22,403,2,500,1,0.877506542
22,404,2,1500,-1,4.328626632
22,405,2,1500,-1,0.605132102
22,406,2,1500,-1,10.13770813
22,407,2,1500,-1,5.701446548
22,408,2,500,1,2.76040578
22,409,2,1500,-1,2.880640769
22,410,2,1500,-1,5.805475207
22,411,2,1500,-1,5.222581346
22,412,2,1500,-1,8.464625537
22,413,2,1500,-1,9.278445776
22,414,2,1500,-1,5.789345211
22,415,2,1500,-1,6.548997471
22,416,2,1500,-1,3.171074024
22,417,2,500,1,1.614171257
22,418,2,500,1,-1.316978291
22,419,2,1500,-1,4.177017031
22,420,2,1500,-1,5.914385016
22,421,3,1500,-0,NaN
22,422,3,1250,-0,5.474703864
22,423,3,1250,-0,0.285497247
22,424,3,1000,-0,3.326115248
22,425,3,500,-0,-0.080692374
22,426,3,1000,-0,2.168998279
22,427,3,1000,-0,4.176187685
22,428,3,1500,-0,4.954408418
22,429,3,1000,-0,6.393990825
22,430,3,500,-0,6.893719024
22,431,3,1250,-0,5.71169519
22,432,3,1500,-0,8.305979999
22,433,3,1500,-0,8.816064764
22,434,3,500,-0,7.412695334
22,435,3,500,-0,5.512404564
22,436,3,1000,-0,4.568546621
22,437,3,1000,-0,7.189959646
22,438,3,1250,-0,3.897658979
22,439,3,750,-0,8.426554334
22,440,3,1250,-0,8.121871388
22,441,3,1000,-0,4.87475031
22,442,3,1250,-0,6.687447863
22,443,3,1500,-0,8.957441742
22,444,3,1250,-0,NaN
22,445,3,1500,-0,3.705569619
22,446,3,750,-0,3.201101992
22,447,3,750,-0,5.54724097
22,448,3,750,-0,7.693919038
22,449,3,750,-0,3.920231224
22,450,3,1000,-0,9.082412545
22,451,3,1000,-0,4.086629067
22,452,3,750,-0,5.943732021
22,453,3,750,-0,4.525216897
22,454,3,500,-0,6.057374083
22,455,3,750,-0,8.803869065
22,456,3,1250,-0,7.105090008
22,457,3,1500,-0,NaN
22,458,3,500,-0,6.370550878
22,459,3,1500,-0,8.157793629
22,460,3,500,-0,6.232701148
22,461,3,500,-0,8.363813191
22,462,3,750,-0,5.423972816
22,463,3,1500,-0,NaN
22,464,3,1000,-0,8.101954064
22,465,3,1250,-0,9.088865679
22,466,3,750,-0,7.329899524
22,467,3,500,-0,8.142070425
22,468,3,1000,-0,8.951446074
22,469,3,500,-0,9.394015624
22,470,3,1000,-0,6.086612007
22,471,3,1500,-0,2.265110738
22,472,3,1000,-0,5.214822713
22,473,3,750,-0,3.691637059
22,474,3,1500,-0,8.612998099
22,475,3,750,-0,7.524523227
22,476,3,1250,-0,5.222856932
22,477,3,1250,-0,7.684051511
22,478,3,500,-0,5.856034908
22,479,3,750,-0,3.634032413
22,480,3,1500,-0,7.255221882
22,481,3,1000,-0,8.075286362
22,482,3,1500,-0,10.52893904
22,483,3,750,-0,3.336477271
22,484,3,1500,-0,8.646278285
22,485,3,1500,-0,2.252072345
22,486,3,1500,-0,6.647507252
22,487,3,1250,-0,8.381504546
22,488,3,1000,-0,2.13528606
22,489,3,1250,-0,7.310072146
22,490,3,1250,-0,6.485819698
22,491,3,750,-0,6.733088116
22,492,3,1250,-0,3.470612775
22,493,3,1500,-0,11.12297717
22,494,3,1250,-0,6.081654598
22,495,3,750,-0,4.14703347
22,496,3,500,-0,6.537973835
22,497,3,1250,-0,7.972448563
22,498,3,500,-0,6.098510548
22,499,3,750,-0,0.509717287
22,500,3,1500,-0,7.804651912
22,501,3,1250,-0,NaN
22,502,3,1500,-0,7.65883782
22,503,3,1250,-0,6.528107163
22,504,3,1500,-0,8.246041926
22,505,3,500,-0,4.244984215
22,506,3,1000,-0,9.760167459
22,507,3,1250,-0,7.473302668
22,508,3,1250,-0,2.154379144
22,509,3,1000,-0,5.69573982
22,510,3,500,-0,6.506083402
22,511,3,1500,-0,6.161712042
22,512,3,500,-0,6.333092574
22,513,3,500,-0,9.487205599
22,514,3,1000,-0,6.485128681
22,515,3,500,-0,8.351668395
22,516,3,500,-0,5.675276295
22,517,3,750,-0,7.724691035
22,518,3,750,-0,8.527561199
22,519,3,750,-0,7.421164939
22,520,3,1500,-0,6.927106906
22,521,3,1250,-0,5.577538484
22,522,3,1000,-0,7.799091106
22,523,3,1000,-0,7.217552059
22,524,3,750,-0,5.193486597
22,525,3,1250,-0,5.110013716
22,526,3,1250,-0,7.436079668
22,527,3,750,-0,7.118499027
22,528,3,1250,-0,6.00049102
22,529,3,750,-0,10.50288552
22,530,3,750,-0,6.000148287
22,531,3,1500,-0,4.701200684
22,532,3,1000,-0,3.88924717
22,533,3,750,-0,8.047907625
22,534,3,1000,-0,5.048352748
22,535,3,1250,-0,7.442904239
22,536,3,500,-0,11.38278814
22,537,3,1500,-0,5.866262417
22,538,3,750,-0,3.870819489
22,539,3,750,-0,NaN
22,540,3,500,-0,6.647334137
22,541,3,1000,-0,6.420619166
22,542,3,500,-0,2.879285229
22,543,3,1500,-0,6.349923277
22,544,3,1500,-0,5.947268914
22,545,3,1000,-0,7.244623212
22,546,3,500,-0,5.795775131
22,547,3,1500,-0,NaN
22,548,3,1500,-0,6.19022609
22,549,3,1000,-0,5.773007286
22,550,3,1250,-0,5.158591695
22,551,3,1250,-0,7.709228049
22,552,3,1500,-0,2.732543724
22,553,3,1000,-0,4.465038394
22,554,3,1250,-0,-2.480474261
22,555,3,500,-0,5.459758315
22,556,3,500,-0,3.581262668
22,557,3,500,-0,1.791772589
22,558,3,1000,-0,7.470719219
22,559,3,750,-0,8.67479129
22,560,3,500,-0,4.874054014
22,561,3,1000,-0,8.827080205
22,562,3,500,-0,3.377230706
22,563,3,500,-0,5.327023429
22,564,3,750,-0,5.526039451
22,565,3,750,-0,3.274238669
22,566,3,1500,-0,5.185136594
22,567,3,1250,-0,5.71367263
22,568,3,500,-0,0.456149121
22,569,3,1000,-0,5.291622093
22,570,3,1000,-0,5.760926618
