id,subTrial,phase,goDelay,rotDir,handAng,rtGoSig
1,1,1,500,0,NaN,NaN
1,2,1,1500,0,NaN,NaN
1,3,1,500,0,2.57276246549733,487
1,4,1,1500,0,-8.87999566580898,302
1,5,1,1500,0,-1.01256101321776,297
1,6,1,500,0,-0.732824683422757,356
1,7,1,500,0,-1.60055388126539,352
1,8,1,1500,0,NaN,NaN
1,9,1,1500,0,-0.361123381334477,238
1,10,1,500,0,-2.68336601249099,434
1,11,1,500,0,0.933469009853989,47
1,12,1,1500,0,3.05049639851795,339
1,13,1,500,0,-2.58932404868507,388
1,14,1,1500,0,NaN,NaN
1,15,1,500,0,-3.66670228674282,451
1,16,1,500,0,0.0360085897343921,382
1,17,1,1500,0,0.594094320836513,333
1,18,1,1500,0,-0.376525548621207,328
1,19,1,500,0,-0.426997851794331,463
1,20,1,1500,0,-5.11995568316794,43
1,21,2,500,1,3.66091841644582,330
1,22,2,500,1,-3.81467858327504,440
1,23,2,500,1,-7.68452337980647,376
1,24,2,1500,-1,-7.05157398564891,355
1,25,2,500,1,2.98448665653289,548
1,26,2,500,1,-6.81040848984032,450
1,27,2,1500,-1,0.912011352204404,319
1,28,2,1500,-1,2.30611576678829,299
1,29,2,500,1,2.97031904607884,604
1,30,2,1500,-1,-6.46233286318602,341
1,31,2,500,1,-3.57515215366873,399
1,32,2,1500,-1,-8.85783715726734,301
1,33,2,500,1,4.21171167672707,342
1,34,2,500,1,5.04680453266156,290
1,35,2,1500,-1,NaN,NaN
1,36,2,1500,-1,-4.43625161335082,289
1,37,2,500,1,11.702313309985,322
1,38,2,1500,-1,-1.42975219330495,312
1,39,2,1500,-1,NaN,NaN
1,40,2,500,1,-10.0038188454502,396
1,41,2,1500,-1,-10.009616946074,310
1,42,2,1500,-1,15.8551568217691,270
1,43,2,1500,-1,8.57178616063861,307
1,44,2,500,1,-0.395645139284791,377
1,45,2,500,1,-5.91883442370506,366
1,46,2,1500,-1,-6.77933153516075,403
1,47,2,500,1,5.94387163887415,441
1,48,2,1500,-1,-0.0739363129486544,297
1,49,2,500,1,3.17626836165032,434
1,50,2,500,1,0.594352045861635,369
1,51,2,1500,-1,-8.45206693027388,412
1,52,2,500,1,-3.03668995446115,439
1,53,2,500,1,NaN,NaN
1,54,2,1500,-1,-3.15460945562254,366
1,55,2,500,1,-4.48601814315631,-34
1,56,2,500,1,-23.673721624156,472
1,57,2,1500,-1,-25.6950843373851,300
1,58,2,1500,-1,7.57012988016109,302
1,59,2,500,1,14.9775507270976,353
1,60,2,500,1,-3.4484817879102,349
1,61,2,500,1,-5.21223236890964,501
1,62,2,1500,-1,-2.99069266379296,313
1,63,2,1500,-1,-8.33906378411927,295
1,64,2,1500,-1,-9.84558135816909,277
1,65,2,1500,-1,-1.65843602258916,282
1,66,2,1500,-1,-4.20885563759449,367
1,67,2,500,1,-4.18621532267431,470
1,68,2,500,1,0.502270291231447,480
1,69,2,1500,-1,0.875861494775143,304
1,70,2,1500,-1,-10.0840243466513,280
1,71,2,1500,-1,-2.27072093635459,-1
1,72,2,1500,-1,-7.25050909589559,465
1,73,2,1500,-1,-4.06058604261493,312
1,74,2,500,1,-9.09378303714185,466
1,75,2,1500,-1,-8.63430878469794,335
1,76,2,500,1,4.26098807643583,426
1,77,2,500,1,0.153592458182077,817
1,78,2,1500,-1,-6.1016547709016,399
1,79,2,1500,-1,-1.28618722452747,700
1,80,2,1500,-1,NaN,NaN
1,81,2,500,1,10.3119990116225,701
1,82,2,1500,-1,-3.15749812985214,306
1,83,2,1500,-1,-6.94408158560391,280
1,84,2,500,1,-9.19813712855489,389
1,85,2,1500,-1,2.1050551091612,279
1,86,2,1500,-1,-1.88653348736249,301
1,87,2,500,1,-10.772411946723,431
1,88,2,1500,-1,-9.86465886668481,260
1,89,2,500,1,-4.84442448021416,360
1,90,2,1500,-1,-8.30085163988455,315
1,91,2,500,1,-12.2157961977662,77
1,92,2,500,1,-18.5389907083874,-170
1,93,2,500,1,-16.4150599376213,426
1,94,2,1500,-1,-11.6751006398022,283
1,95,2,500,1,-7.9891557533913,380
1,96,2,500,1,-15.145967388299,377
1,97,2,500,1,-14.6447247616459,375
1,98,2,1500,-1,-13.5294468814299,353
1,99,2,1500,-1,-6.64823004497902,479
1,100,2,1500,-1,2.03263669979222,401
1,101,2,500,1,-10.988086349123,486
1,102,2,500,1,-5.43917693939226,465
1,103,2,500,1,-8.04678436015674,359
1,104,2,1500,-1,-8.11308644321436,369
1,105,2,500,1,-4.42658853729845,391
1,106,2,1500,-1,-1.94913718440029,421
1,107,2,1500,-1,2.16809736398896,354
1,108,2,500,1,-4.05546264107003,374
1,109,2,1500,-1,NaN,NaN
1,110,2,500,1,-10.6709861673205,442
1,111,2,1500,-1,-4.58061192648679,312
1,112,2,1500,-1,-1.78113585609398,385
1,113,2,1500,-1,0.621186508420312,393
1,114,2,1500,-1,3.80737452682786,419
1,115,2,500,1,1.50039346754496,-41
1,116,2,500,1,-6.07634525841595,503
1,117,2,1500,-1,-5.34390987135347,301
1,118,2,500,1,-9.2726463198873,441
1,119,2,500,1,-3.48921932155474,550
1,120,2,500,1,-9.89641599303667,461
1,121,2,1500,-1,-8.60467905976634,276
1,122,2,1500,-1,NaN,NaN
1,123,2,500,1,-5.96450203032392,392
1,124,2,1500,-1,-2.04337411752591,318
1,125,2,500,1,-4.2312363620206,372
1,126,2,500,1,-8.1076148409474,412
1,127,2,1500,-1,-1.93647279261463,360
1,128,2,1500,-1,2.17909597559439,369
1,129,2,1500,-1,-1.60815233544821,307
1,130,2,1500,-1,NaN,NaN
1,131,2,1500,-1,NaN,NaN
1,132,2,500,1,-2.05391938003061,390
1,133,2,500,1,-9.96994005832413,433
1,134,2,1500,-1,-1.75453320032363,361
1,135,2,500,1,-2.95305104075682,750
1,136,2,1500,-1,-2.48306667530724,327
1,137,2,500,1,0.350253964111705,625
1,138,2,500,1,-7.9416726187554,362
1,139,2,1500,-1,-8.77432282648103,299
1,140,2,1500,-1,-3.40844456266867,390
1,141,2,500,1,-2.5679577891344,420
1,142,2,500,1,-6.31214872289322,365
1,143,2,500,1,-7.54303383208961,380
1,144,2,1500,-1,NaN,NaN
1,145,2,1500,-1,0.927012469880961,405
1,146,2,1500,-1,3.11224252514204,362
1,147,2,500,1,0.0448438791577166,472
1,148,2,500,1,1.51949230227921,396
1,149,2,500,1,-5.22929381509707,466
1,150,2,500,1,-6.89809976774592,407
1,151,2,500,1,-8.77128659251417,404
1,152,2,1500,-1,-0.46820833695955,300
1,153,2,500,1,-10.7620312809657,485
1,154,2,500,1,-7.19179672233044,379
1,155,2,500,1,-1.83192234862312,337
1,156,2,500,1,-5.1604940935404,402
1,157,2,500,1,-12.9298135357691,331
1,158,2,1500,-1,-5.2146964995228,311
1,159,2,1500,-1,2.95336334528026,366
1,160,2,500,1,-5.58378847054856,-85
1,161,2,500,1,-1.29197514427929,498
1,162,2,500,1,-2.34906106286614,451
1,163,2,500,1,-15.3147575950626,352
1,164,2,500,1,-4.75688650428655,406
1,165,2,500,1,-14.2183872021872,358
1,166,2,1500,-1,-0.72787553554452,344
1,167,2,500,1,-16.8662050259764,415
1,168,2,500,1,-20.0666725733967,373
1,169,2,500,1,-6.47958472580669,331
1,170,2,1500,-1,-8.30012078923893,331
1,171,2,500,1,1.17841360838595,480
1,172,2,500,1,-5.8000676230622,418
1,173,2,1500,-1,-7.75882351310126,311
1,174,2,500,1,-5.61744491941824,375
1,175,2,500,1,-9.03594070474952,456
1,176,2,1500,-1,-4.45369304431579,318
1,177,2,1500,-1,-10.9822314862872,322
1,178,2,500,1,-9.38938851604202,295
1,179,2,500,1,-12.5511156367022,351
1,180,2,500,1,-1.42609897668832,369
1,181,2,500,1,-1.92688421008889,418
1,182,2,500,1,-5.22625648936099,561
1,183,2,1500,-1,-1.15686235109475,308
1,184,2,1500,-1,-4.78376467322539,262
1,185,2,1500,-1,-2.8302941795734,340
1,186,2,1500,-1,-0.35962716395172,95
1,187,2,500,1,-5.16918426733632,447
1,188,2,500,1,-3.8224087931469,-97
1,189,2,1500,-1,-11.1221909755708,336
1,190,2,1500,-1,-7.4208559305434,290
1,191,2,500,1,-0.818770945894083,359
1,192,2,1500,-1,-5.84831172953307,321
1,193,2,1500,-1,0.243923521165538,434
1,194,2,500,1,-2.89665743729829,404
1,195,2,500,1,-4.61972299596504,466
1,196,2,1500,-1,0.549543419563447,382
1,197,2,1500,-1,-0.474932167650963,373
1,198,2,1500,-1,-1.63065163148919,340
1,199,2,1500,-1,-3.91642638181714,335
1,200,2,500,1,-11.7398563374642,626
1,201,2,500,1,1.17603454777365,418
1,202,2,1500,-1,1.54081119929443,303
1,203,2,500,1,-5.78984376597111,502
1,204,2,500,1,-6.73778662358386,364
1,205,2,1500,-1,NaN,NaN
1,206,2,1500,-1,0.358382812503753,441
1,207,2,1500,-1,-0.245416093466733,331
1,208,2,500,1,-7.46984742781361,-92
1,209,2,500,1,-0.911022534014306,710
1,210,2,1500,-1,-2.04715716107352,377
1,211,2,1500,-1,-0.950851990617111,342
1,212,2,1500,-1,0.36189413973562,369
1,213,2,500,1,-11.004599764515,426
1,214,2,500,1,-8.58034164178685,308
1,215,2,1500,-1,-3.8490987954787,341
1,216,2,500,1,-2.38738447036472,369
1,217,2,1500,-1,-3.83999358879926,311
1,218,2,1500,-1,-2.76022557409626,315
1,219,2,1500,-1,3.52878995780443,380
1,220,2,500,1,-6.55834612219258,44
1,221,2,500,1,-6.54150355068428,330
1,222,2,500,1,-11.1291553065855,349
1,223,2,500,1,-10.9700897523385,348
1,224,2,1500,-1,4.30823215599325,315
1,225,2,500,1,-1.25722659888781,370
1,226,2,1500,-1,-4.56755866117812,300
1,227,2,500,1,-3.26874786829591,367
1,228,2,500,1,-8.49786677912523,375
1,229,2,500,1,-9.13085593093789,325
1,230,2,500,1,-10.9593537717713,333
1,231,2,500,1,-19.4829232271598,314
1,232,2,1500,-1,-4.58145924489741,302
1,233,2,1500,-1,-6.405006111132,336
1,234,2,1500,-1,-4.63146970539011,337
1,235,2,1500,-1,-6.96802117176811,355
1,236,2,1500,-1,2.81283014258052,349
1,237,2,500,1,-8.24639012450001,359
1,238,2,500,1,-7.89177009730316,408
1,239,2,1500,-1,-6.29046377687077,183
1,240,2,500,1,-0.122230343584769,345
1,241,2,1500,-1,-0.663655011393061,295
1,242,2,1500,-1,2.53870819738586,297
1,243,2,500,1,1.83472284442855,435
1,244,2,1500,-1,2.78145466016784,314
1,245,2,500,1,4.122782750961,414
1,246,2,1500,-1,-5.19089602555933,345
1,247,2,500,1,-3.9645012889014,374
1,248,2,1500,-1,NaN,NaN
1,249,2,1500,-1,5.59070520474874,382
1,250,2,1500,-1,NaN,NaN
1,251,2,500,1,-6.02482222295232,554
1,252,2,500,1,-19.4114256050496,337
1,253,2,500,1,-0.265583183097331,437
1,254,2,1500,-1,-4.06788404235143,397
1,255,2,500,1,1.32086449662865,880
1,256,2,500,1,-4.09174612120942,502
1,257,2,1500,-1,0.774959394366154,390
1,258,2,1500,-1,2.75876136962454,521
1,259,2,500,1,-2.40458849876594,673
1,260,2,1500,-1,0.4603683979766,480
1,261,2,1500,-1,1.77766733497974,375
1,262,2,500,1,1.34061258448704,424
1,263,2,500,1,-0.545905198981259,360
1,264,2,500,1,-3.83056140070935,372
1,265,2,500,1,-5.20124837474253,335
1,266,2,1500,-1,-5.72914472676102,277
1,267,2,1500,-1,-2.77367422392319,272
1,268,2,1500,-1,-2.6533500560643,296
1,269,2,500,1,-7.59637736016322,411
1,270,2,1500,-1,-2.5971976150792,324
1,271,2,500,1,-10.2898096347055,434
1,272,2,1500,-1,-6.93106462712916,295
1,273,2,1500,-1,-1.80547186911669,340
1,274,2,1500,-1,-0.607678601930347,339
1,275,2,1500,-1,-1.73681300259789,327
1,276,2,500,1,-0.528868186191142,451
1,277,2,1500,-1,-3.36179512994448,185
1,278,2,1500,-1,NaN,NaN
1,279,2,500,1,-2.47032372144624,417
1,280,2,1500,-1,3.38949727872205,586
1,281,2,1500,-1,0.469402871826651,652
1,282,2,1500,-1,-0.0375317819714851,338
1,283,2,1500,-1,5.8641726787622,356
1,284,2,1500,-1,NaN,NaN
1,285,2,1500,-1,2.78257257594013,392
1,286,2,500,1,-6.71156284210947,433
1,287,2,1500,-1,-1.62897160144618,334
1,288,2,1500,-1,0.733367558090414,363
1,289,2,500,1,-6.15715916054042,350
1,290,2,1500,-1,-6.7765459484086,318
1,291,2,1500,-1,-5.30030225280817,352
1,292,2,500,1,-7.56530552945734,339
1,293,2,500,1,-13.8571732148675,340
1,294,2,500,1,-15.4334650557425,336
1,295,2,1500,-1,-9.33770628407576,282
1,296,2,500,1,-7.92077053209001,377
1,297,2,1500,-1,0.175946939044536,317
1,298,2,1500,-1,-4.80008453698565,380
1,299,2,1500,-1,-3.99572631659407,314
1,300,2,500,1,-7.13077980372005,340
1,301,2,500,1,-6.25798678755943,369
1,302,2,1500,-1,-7.14198541194132,103
1,303,2,500,1,-5.08055141893827,368
1,304,2,500,1,-11.1419147589732,342
1,305,2,500,1,-10.199979758366,356
1,306,2,1500,-1,-2.94602828539325,355
1,307,2,1500,-1,-4.65822866798702,355
1,308,2,1500,-1,-4.80348470118174,324
1,309,2,500,1,-2.81962002147681,769
1,310,2,500,1,-3.24115370279018,699
1,311,2,1500,-1,-8.25104568036052,295
1,312,2,500,1,-10.6720454848552,340
1,313,2,500,1,-6.61079302251352,-181
1,314,2,500,1,-21.7807208479898,335
1,315,2,1500,-1,NaN,NaN
1,316,2,1500,-1,-5.9494081355692,359
1,317,2,500,1,-7.17230145150338,368
1,318,2,500,1,-0.949006817439122,312
1,319,2,1500,-1,-12.9417147175453,371
1,320,2,1500,-1,NaN,NaN
1,321,2,1500,-1,1.37207481826379,353
1,322,2,500,1,-12.0405481770013,359
1,323,2,500,1,-7.46513506291167,373
1,324,2,1500,-1,-5.79607483342343,275
1,325,2,1500,-1,-9.31350109156678,329
1,326,2,1500,-1,-5.66996965103635,266
1,327,2,1500,-1,-3.06668919157389,331
1,328,2,1500,-1,-1.34295751114575,397
1,329,2,500,1,-7.00118368809799,-72
1,330,2,1500,-1,-10.9131068915353,294
1,331,2,500,1,-7.93338837761561,393
1,332,2,500,1,-20.4709496515894,353
1,333,2,1500,-1,-13.7527553479702,-107
1,334,2,500,1,-8.00193923478518,97
1,335,2,500,1,-12.4146533576152,316
1,336,2,1500,-1,-16.8929298369357,64
1,337,2,500,1,1.71855993172301,524
1,338,2,1500,-1,-3.69741891814687,376
1,339,2,500,1,-1.61901159168755,392
1,340,2,1500,-1,3.04818248615043,330
1,341,2,500,1,-5.68907684990211,625
1,342,2,500,1,-3.66327577835178,242
1,343,2,500,1,-6.66639781973224,369
1,344,2,1500,-1,-8.67280115948632,371
1,345,2,1500,-1,-5.71827191106539,359
1,346,2,1500,-1,-6.29617363716937,343
1,347,2,500,1,-3.97605260848051,513
1,348,2,500,1,-13.5815359787177,378
1,349,2,500,1,-12.2813699347147,316
1,350,2,500,1,-15.8703103399074,360
1,351,2,500,1,-16.9343462303131,391
1,352,2,1500,-1,-14.0412359392251,325
1,353,2,1500,-1,-1.30616021208921,387
1,354,2,500,1,-11.4453148471208,357
1,355,2,500,1,-8.13260744840796,425
1,356,2,500,1,-14.3132080028463,391
1,357,2,500,1,-17.5741853781996,355
1,358,2,500,1,-17.3101318483235,406
1,359,2,500,1,-21.2167988878962,281
1,360,2,1500,-1,NaN,NaN
1,361,2,1500,-1,-9.79599067895501,329
1,362,2,1500,-1,-6.61092900334117,349
1,363,2,1500,-1,NaN,NaN
1,364,2,1500,-1,-0.721754614636437,454
1,365,2,1500,-1,NaN,NaN
1,366,2,500,1,-10.0553711913929,716
1,367,2,500,1,-29.1196822564232,374
1,368,2,1500,-1,-16.9675006727745,447
1,369,2,500,1,-19.9499703310259,-68
1,370,2,1500,-1,NaN,NaN
1,371,2,500,1,-9.5490343812602,-1
1,372,2,1500,-1,-10.9812854047501,327
1,373,2,500,1,-6.16712386488398,395
1,374,2,500,1,-27.0117241916011,482
1,375,2,1500,-1,-3.79450464360978,740
1,376,2,1500,-1,-4.30082782954255,141
1,377,2,500,1,-5.21998716398933,477
1,378,2,1500,-1,NaN,NaN
1,379,2,500,1,-0.575184449774354,686
1,380,2,500,1,-13.1222521901631,545
1,381,2,500,1,-9.28726570709991,410
1,382,2,1500,-1,-8.6399121468739,539
1,383,2,1500,-1,-3.96625971431347,477
1,384,2,1500,-1,-4.47543697926551,429
1,385,2,1500,-1,NaN,NaN
1,386,2,500,1,-2.52231437082783,431
1,387,2,1500,-1,-3.53246524923169,312
1,388,2,500,1,-4.28181860577557,-3
1,389,2,1500,-1,-7.06811099923677,379
1,390,2,500,1,-6.10159442622603,461
1,391,2,500,1,-7.86326610032737,346
1,392,2,1500,-1,-9.5861974679853,317
1,393,2,1500,-1,-2.4835321657214,365
1,394,2,1500,-1,0.466458626417151,347
1,395,2,500,1,-1.90690318806444,459
1,396,2,500,1,-7.98562651465002,338
1,397,2,1500,-1,-5.07113588609024,350
1,398,2,1500,-1,-1.19912575599775,335
1,399,2,1500,-1,-11.1303595952768,173
1,400,2,500,1,-12.7331579469428,358
1,401,2,1500,-1,-10.8931235640933,357
1,402,2,1500,-1,-2.08323597567287,366
1,403,2,1500,-1,-16.9866016365706,347
1,404,2,500,1,-9.69739134777849,366
1,405,2,1500,-1,-8.94594104441529,334
1,406,2,500,1,-12.6183445040167,353
1,407,2,500,1,-18.0670510250656,310
1,408,2,1500,-1,-3.92098309443815,415
1,409,2,500,1,-15.3944051309363,381
1,410,2,500,1,-12.8097018360792,367
1,411,2,1500,-1,NaN,NaN
1,412,2,500,1,-8.46925550273131,503
1,413,2,500,1,-12.1008694661206,410
1,414,2,1500,-1,-2.28982855625644,368
1,415,2,500,1,-7.12864850502604,474
1,416,2,1500,-1,-6.16240110972748,362
1,417,2,1500,-1,-9.09919551280059,371
1,418,2,1500,-1,-1.15117916062146,376
1,419,2,500,1,-6.93689410504432,420
1,420,2,500,1,-12.0103516384931,370
1,421,3,1250,0,-1.44816996913562,405
1,422,3,500,0,-7.47820587207493,-38
1,423,3,1500,0,NaN,NaN
1,424,3,1000,0,-3.84191593093849,365
1,425,3,1000,0,-6.24658032170344,390
1,426,3,750,0,-4.35508752422416,241
1,427,3,750,0,-5.51283421434956,457
1,428,3,1000,0,-5.01889154715388,393
1,429,3,750,0,4.06989549653705,479
1,430,3,500,0,-0.755826940593591,468
1,431,3,1000,0,-4.76915533755077,365
1,432,3,1000,0,-2.79756567610226,356
1,433,3,500,0,-0.827180440968735,384
1,434,3,750,0,2.74596269963818,403
1,435,3,1000,0,-1.53033871874037,502
1,436,3,1500,0,-0.83468351592937,377
1,437,3,1500,0,-3.21225487188923,340
1,438,3,500,0,-1.99524438062179,440
1,439,3,1500,0,1.83756718195049,354
1,440,3,500,0,-3.0962969986189,446
1,441,3,1250,0,-2.40045662970512,352
1,442,3,1500,0,-4.16408202729723,310
1,443,3,500,0,3.90992673753842,420
1,444,3,1000,0,0.754540033280756,371
1,445,3,1500,0,-0.197383240465985,309
1,446,3,500,0,2.92600909078554,413
1,447,3,750,0,-0.212305639012179,362
1,448,3,1250,0,-2.13518348302891,301
1,449,3,1500,0,NaN,NaN
1,450,3,750,0,-1.65053505513774,410
1,451,3,1000,0,-6.07844212554812,482
1,452,3,500,0,6.02163472368293,491
1,453,3,1250,0,-2.20143495414054,408
1,454,3,500,0,4.78452826038336,526
1,455,3,750,0,NaN,NaN
1,456,3,1000,0,-5.43911824182995,435
1,457,3,750,0,2.70772722529154,445
1,458,3,750,0,3.05620259163458,381
1,459,3,1250,0,0.824864977859701,374
1,460,3,500,0,-14.7144544486534,30
1,461,3,500,0,-0.128981563011595,429
1,462,3,1000,0,1.39039413666772,360
1,463,3,500,0,-2.21573733525667,436
1,464,3,750,0,-1.67975982952956,350
1,465,3,1500,0,NaN,NaN
1,466,3,1000,0,NaN,NaN
1,467,3,1000,0,1.68301052471378,426
1,468,3,1500,0,-3.07960295618129,405
1,469,3,750,0,-4.51221480832339,403
1,470,3,1250,0,-4.22089146538703,377
1,471,3,500,0,-3.27441397059111,442
1,472,3,1250,0,-8.20835381914746,10
1,473,3,750,0,-3.73910951154457,408
1,474,3,500,0,-5.22495584271064,447
1,475,3,1000,0,-2.92177057021976,309
1,476,3,1250,0,-1.78589315428717,405
1,477,3,1500,0,-6.41970183212246,378
1,478,3,1000,0,-5.77396437638816,428
1,479,3,1500,0,-5.06761113580618,362
1,480,3,500,0,-8.10586837622746,754
1,481,3,1250,0,NaN,NaN
1,482,3,1250,0,-5.16495864489977,448
1,483,3,1500,0,-4.15849301415114,395
1,484,3,750,0,-7.10040216908234,459
1,485,3,500,0,-11.5274570459531,399
1,486,3,1250,0,-13.8815135526709,394
1,487,3,1000,0,-8.18321344585836,414
1,488,3,1000,0,-10.207215322792,425
1,489,3,750,0,-10.9142429719809,501
1,490,3,1000,0,-9.5229272090996,409
1,491,3,1500,0,-2.70500043550575,306
1,492,3,1000,0,-10.5340349246052,353
1,493,3,1250,0,-6.59197601236236,356
1,494,3,500,0,-10.2049451974679,603
1,495,3,1500,0,-7.02623899306744,306
1,496,3,1500,0,-10.1932056211591,323
1,497,3,1500,0,-10.9032275845837,311
1,498,3,750,0,-12.9363630414357,386
1,499,3,500,0,-8.99255174789208,562
1,500,3,1000,0,NaN,NaN
1,501,3,500,0,-1.47510683020787,422
1,502,3,500,0,-5.67224201859565,415
1,503,3,1250,0,-0.460199887340426,383
1,504,3,750,0,-2.8718922945804,392
1,505,3,1250,0,-2.46724263868758,366
1,506,3,500,0,-6.84908848828795,636
1,507,3,1500,0,0.00132224866796397,354
1,508,3,1000,0,-3.89979111070732,476
1,509,3,1500,0,-5.64465783422809,383
1,510,3,500,0,-7.52532290519112,402
1,511,3,500,0,-2.12991207590608,459
1,512,3,1250,0,-5.1973575060028,431
1,513,3,1250,0,-3.97984254002973,307
1,514,3,1000,0,-1.52674645575406,402
1,515,3,500,0,-9.45158713968196,507
1,516,3,1500,0,-7.9647549741564,415
1,517,3,1500,0,-10.4600787422828,644
1,518,3,1500,0,-5.70224123082083,440
1,519,3,750,0,-9.52145965958364,466
1,520,3,1500,0,-6.44843801712086,353
1,521,3,500,0,-4.42816466368657,456
1,522,3,1250,0,-10.6507882523194,389
1,523,3,1000,0,-11.7556418294041,637
1,524,3,1000,0,-13.3069024021151,376
1,525,3,750,0,-12.8631114735047,446
1,526,3,750,0,-11.3007883491272,336
1,527,3,750,0,-13.7436925567556,341
1,528,3,500,0,-12.8238759482619,409
1,529,3,1250,0,-7.28320454441771,344
1,530,3,1250,0,-8.90446847663824,333
1,531,3,1250,0,-10.2311235600139,341
1,532,3,750,0,-9.75343809456597,373
1,533,3,1250,0,-9.7944758533896,300
1,534,3,1500,0,NaN,NaN
1,535,3,1000,0,-8.40912116556855,388
1,536,3,1250,0,-3.5599048931633,486
1,537,3,750,0,-8.73671808725006,374
1,538,3,1000,0,-1.16653054440682,430
1,539,3,750,0,-3.20892917427526,404
1,540,3,750,0,-0.546905289178747,448
1,541,3,1250,0,-4.31833677993378,655
1,542,3,1500,0,-1.00882350863613,372
1,543,3,750,0,-6.09979356362642,448
1,544,3,1000,0,-2.11283194572538,397
1,545,3,1250,0,1.69878302631209,387
1,546,3,500,0,-0.612648884539813,614
1,547,3,750,0,-4.11058985048741,401
1,548,3,1500,0,-0.323579676106243,280
1,549,3,1500,0,-5.24240645699464,201
1,550,3,500,0,-3.86700492137824,585
1,551,3,750,0,-4.24402906458149,408
1,552,3,1250,0,-5.98267108145005,420
1,553,3,1250,0,-8.0669442995387,375
1,554,3,1500,0,-5.40143332409515,256
1,555,3,1000,0,-9.47067277297596,394
1,556,3,1000,0,-6.84376435639775,417
1,557,3,1250,0,-9.75847515738619,462
1,558,3,750,0,-7.63840925132728,383
1,559,3,1500,0,-8.65869323526122,340
1,560,3,1000,0,-6.70224828303804,379
1,561,3,1250,0,-7.53517848726467,365
1,562,3,1250,0,-10.1308365568675,311
1,563,3,1500,0,-4.16467672760136,300
1,564,3,1000,0,-12.9770696321902,366
1,565,3,500,0,-7.42416740314331,397
1,566,3,750,0,-9.05017795463477,355
1,567,3,1500,0,NaN,NaN
1,568,3,1250,0,NaN,NaN
1,569,3,750,0,-5.28989239105768,513
1,570,3,500,0,-7.02963659748926,378
2,1,1,500,0,-0.336023462035569,-76
2,2,1,500,0,0.87634808043644,163
2,3,1,500,0,2.1277898051478,-39
2,4,1,1500,0,NaN,NaN
2,5,1,1500,0,NaN,NaN
2,6,1,1500,0,NaN,NaN
2,7,1,500,0,-2.76029573572762,369
2,8,1,500,0,0.964001593025804,372
2,9,1,1500,0,-2.40345525114388,620
2,10,1,1500,0,3.83126272560029,442
2,11,1,1500,0,NaN,NaN
2,12,1,500,0,0.130130978409887,332
2,13,1,500,0,-2.50542390066786,426
2,14,1,1500,0,NaN,NaN
2,15,1,500,0,-3.89726359792199,-45
2,16,1,500,0,-8.80633712962898,618
2,17,1,500,0,-6.75507933247159,379
2,18,1,1500,0,-7.69819654467556,290
2,19,1,1500,0,-4.73521427374792,335
2,20,1,1500,0,-1.60918665730909,402
2,21,2,500,1,3.16343277118331,523
2,22,2,1500,-1,NaN,NaN
2,23,2,1500,-1,3.98060563171615,592
2,24,2,1500,-1,NaN,NaN
2,25,2,500,1,26.9436116347027,669
2,26,2,1500,-1,25.6739548421025,367
2,27,2,500,1,NaN,NaN
2,28,2,500,1,16.3432081802637,592
2,29,2,500,1,8.99915996281047,369
2,30,2,1500,-1,5.04342322532865,346
2,31,2,1500,-1,24.6742882417906,357
2,32,2,500,1,NaN,NaN
2,33,2,500,1,11.4858690265785,470
2,34,2,1500,-1,5.23791277066722,409
2,35,2,1500,-1,25.136364295038,332
2,36,2,500,1,18.7048230854974,767
2,37,2,1500,-1,24.9225153616986,331
2,38,2,1500,-1,29.0164478146488,349
2,39,2,1500,-1,NaN,NaN
2,40,2,1500,-1,19.0565036779916,410
2,41,2,1500,-1,NaN,NaN
2,42,2,500,1,NaN,NaN
2,43,2,1500,-1,23.3117463533538,407
2,44,2,500,1,19.4180160888968,590
2,45,2,500,1,10.6663375707143,340
2,46,2,1500,-1,10.5386120378948,352
2,47,2,500,1,14.9939765598222,343
2,48,2,1500,-1,17.8402748302408,313
2,49,2,500,1,17.3872420221309,562
2,50,2,1500,-1,15.554519964576,256
2,51,2,1500,-1,14.9468725069323,279
2,52,2,1500,-1,22.7129555213558,514
2,53,2,500,1,17.6456545435596,45
2,54,2,500,1,16.128028980806,290
2,55,2,500,1,12.1281152054341,356
2,56,2,1500,-1,8.94574317623404,259
2,57,2,500,1,21.2740269472798,405
2,58,2,1500,-1,16.9597771878721,285
2,59,2,500,1,12.6350549010968,357
2,60,2,1500,-1,16.9821003181398,298
2,61,2,500,1,16.7824623775156,456
2,62,2,1500,-1,NaN,NaN
2,63,2,1500,-1,13.8597689897635,363
2,64,2,500,1,18.5395279940465,361
2,65,2,500,1,18.1219290702293,485
2,66,2,1500,-1,NaN,NaN
2,67,2,500,1,21.1767150327557,568
2,68,2,500,1,15.655907728215,472
2,69,2,500,1,12.756642039182,369
2,70,2,500,1,3.24333518266812,370
2,71,2,500,1,10.5683767037297,331
2,72,2,1500,-1,9.83294414401163,332
2,73,2,500,1,3.85398603208093,422
2,74,2,500,1,2.58182740331076,415
2,75,2,1500,-1,NaN,NaN
2,76,2,500,1,19.9080417677166,361
2,77,2,1500,-1,24.594960017795,89
2,78,2,500,1,25.6742225328441,397
2,79,2,500,1,11.2629182567833,511
2,80,2,1500,-1,14.0879509056204,365
2,81,2,1500,-1,17.7240278474638,330
2,82,2,1500,-1,24.2560020724718,318
2,83,2,1500,-1,22.2600252098298,432
2,84,2,1500,-1,24.4242727478813,378
2,85,2,500,1,29.0815226324299,407
2,86,2,500,1,16.6154232246308,383
2,87,2,1500,-1,14.8516430352194,364
2,88,2,1500,-1,NaN,NaN
2,89,2,1500,-1,NaN,NaN
2,90,2,1500,-1,NaN,NaN
2,91,2,500,1,NaN,NaN
2,92,2,500,1,28.035246575777,351
2,93,2,1500,-1,NaN,NaN
2,94,2,500,1,NaN,NaN
2,95,2,500,1,26.3009008169452,392
2,96,2,1500,-1,NaN,NaN
2,97,2,500,1,27.7621301971879,462
2,98,2,500,1,16.6632105457951,370
2,99,2,1500,-1,16.0245167436537,302
2,100,2,500,1,16.2187808039069,411
2,101,2,1500,-1,23.1872594492442,382
2,102,2,500,1,28.5176100174353,360
2,103,2,1500,-1,NaN,NaN
2,104,2,500,1,21.3673712976995,463
2,105,2,1500,-1,16.2544418452354,385
2,106,2,1500,-1,26.0713052052361,330
2,107,2,1500,-1,28.9693059995726,315
2,108,2,1500,-1,NaN,NaN
2,109,2,500,1,NaN,NaN
2,110,2,1500,-1,25.1332744067698,484
2,111,2,1500,-1,NaN,NaN
2,112,2,500,1,NaN,NaN
2,113,2,500,1,20.6832455607298,464
2,114,2,1500,-1,10.8964310482373,348
2,115,2,1500,-1,20.4489653474053,302
2,116,2,500,1,17.3643086900911,428
2,117,2,1500,-1,23.3028992964094,349
2,118,2,500,1,22.7175149564565,501
2,119,2,1500,-1,19.4975770859731,302
2,120,2,1500,-1,24.5970953439651,386
2,121,2,1500,-1,NaN,NaN
2,122,2,500,1,NaN,NaN
2,123,2,1500,-1,24.3934578016563,427
2,124,2,500,1,24.2203996417954,411
2,125,2,500,1,14.5115097466886,346
2,126,2,1500,-1,11.284168855855,283
2,127,2,1500,-1,NaN,NaN
2,128,2,500,1,NaN,NaN
2,129,2,500,1,22.4935506069335,392
2,130,2,1500,-1,26.0621526334488,296
2,131,2,1500,-1,22.5118877307952,369
2,132,2,1500,-1,27.9323382514611,356
2,133,2,1500,-1,NaN,NaN
2,134,2,1500,-1,NaN,NaN
2,135,2,500,1,29.6866937252571,32
2,136,2,1500,-1,23.6104533874211,333
2,137,2,1500,-1,26.9829790286621,357
2,138,2,1500,-1,NaN,NaN
2,139,2,500,1,26.7122140129768,436
2,140,2,1500,-1,28.2171826672288,299
2,141,2,500,1,28.8187408306034,428
2,142,2,1500,-1,NaN,NaN
2,143,2,500,1,24.2095934976888,502
2,144,2,1500,-1,NaN,NaN
2,145,2,1500,-1,24.9306031939839,289
2,146,2,500,1,28.7773655865699,913
2,147,2,500,1,11.4230964840681,442
2,148,2,500,1,12.405905636801,42
2,149,2,1500,-1,10.7213316234434,279
2,150,2,500,1,12.2483855296314,480
2,151,2,1500,-1,16.2740498777339,418
2,152,2,500,1,19.8636701254153,411
2,153,2,500,1,12.0260251894324,403
2,154,2,500,1,12.8224127685823,440
2,155,2,1500,-1,10.9855121425827,325
2,156,2,1500,-1,20.5694376814076,375
2,157,2,500,1,22.0641825484644,398
2,158,2,500,1,17.7857870951782,449
2,159,2,500,1,15.9610644177113,405
2,160,2,500,1,15.1926503366558,498
2,161,2,1500,-1,21.4733731349145,360
2,162,2,1500,-1,NaN,NaN
2,163,2,1500,-1,29.3979707697178,366
2,164,2,1500,-1,26.0741315563019,404
2,165,2,1500,-1,NaN,NaN
2,166,2,1500,-1,NaN,NaN
2,167,2,1500,-1,NaN,NaN
2,168,2,500,1,29.363271611452,503
2,169,2,500,1,27.4177270141686,433
2,170,2,1500,-1,NaN,NaN
2,171,2,1500,-1,NaN,NaN
2,172,2,500,1,26.443252466334,396
2,173,2,1500,-1,29.6397463041316,288
2,174,2,500,1,22.7442976016135,343
2,175,2,500,1,22.9427731604363,388
2,176,2,500,1,13.3099292623268,-62
2,177,2,500,1,14.2034232394665,29
2,178,2,1500,-1,14.3718878831237,302
2,179,2,500,1,23.2494622648316,416
2,180,2,1500,-1,19.8783010134461,392
2,181,2,1500,-1,NaN,NaN
2,182,2,1500,-1,20.4650029359705,332
2,183,2,1500,-1,28.0858477818506,391
2,184,2,1500,-1,NaN,NaN
2,185,2,500,1,23.0269478660176,807
2,186,2,1500,-1,15.6968711054921,309
2,187,2,500,1,14.7495772244863,428
2,188,2,500,1,14.1299743518473,607
2,189,2,500,1,9.78392641376063,77
2,190,2,500,1,14.4404184523946,360
2,191,2,1500,-1,16.8954864004403,323
2,192,2,500,1,24.6685595334259,367
2,193,2,500,1,11.221170112028,376
2,194,2,500,1,12.6162200294156,418
2,195,2,1500,-1,17.2840827641106,298
2,196,2,1500,-1,21.5253502012467,314
2,197,2,1500,-1,NaN,NaN
2,198,2,500,1,21.3427490577746,1
2,199,2,1500,-1,NaN,NaN
2,200,2,1500,-1,25.0179619764118,391
2,201,2,500,1,22.386537336918,461
2,202,2,500,1,14.1420191490936,-34
2,203,2,1500,-1,17.364841671771,290
2,204,2,500,1,14.3839295871242,445
2,205,2,1500,-1,17.5673418908785,307
2,206,2,500,1,16.980883069031,373
2,207,2,1500,-1,6.66765613684297,296
2,208,2,500,1,16.1598850247484,409
2,209,2,500,1,8.68019142351639,432
2,210,2,500,1,13.1928846591983,368
2,211,2,500,1,5.37299517932563,429
2,212,2,500,1,3.54374992208529,91
2,213,2,500,1,-1.06807729402934,388
2,214,2,1500,-1,5.99221163003157,320
2,215,2,500,1,2.10996254754923,398
2,216,2,500,1,12.0321784688087,519
2,217,2,500,1,12.1160653271913,528
2,218,2,500,1,10.7702751948819,412
2,219,2,500,1,11.2498815374271,642
2,220,2,1500,-1,2.35606392476226,305
2,221,2,1500,-1,16.3187083240033,461
2,222,2,500,1,22.8709740010543,355
2,223,2,1500,-1,21.9510135766016,335
2,224,2,1500,-1,NaN,NaN
2,225,2,500,1,26.4585584025684,391
2,226,2,500,1,18.3317640642837,347
2,227,2,1500,-1,NaN,NaN
2,228,2,500,1,18.078425314284,350
2,229,2,1500,-1,NaN,NaN
2,230,2,500,1,28.3159997735761,409
2,231,2,1500,-1,19.2135617446705,307
2,232,2,500,1,16.8954263811851,336
2,233,2,1500,-1,21.2586009936611,324
2,234,2,500,1,17.1764409628446,376
2,235,2,1500,-1,21.2428676841172,294
2,236,2,500,1,20.5268144415169,416
2,237,2,500,1,17.0308058975647,523
2,238,2,1500,-1,21.3200294556682,344
2,239,2,1500,-1,29.744604971518,298
2,240,2,1500,-1,27.8257111401368,311
2,241,2,1500,-1,NaN,NaN
2,242,2,500,1,NaN,NaN
2,243,2,500,1,11.3346077852524,348
2,244,2,500,1,13.5310899700348,370
2,245,2,1500,-1,8.99315452528156,320
2,246,2,1500,-1,19.4570496423556,312
2,247,2,1500,-1,21.5664403917449,324
2,248,2,1500,-1,24.7445981742812,342
2,249,2,1500,-1,25.6652224959415,308
2,250,2,1500,-1,NaN,NaN
2,251,2,500,1,NaN,NaN
2,252,2,1500,-1,24.4188484109896,333
2,253,2,500,1,26.4516578206899,375
2,254,2,500,1,9.79352009755448,34
2,255,2,500,1,13.8463406629975,410
2,256,2,1500,-1,13.1623467380667,360
2,257,2,1500,-1,20.1612000371157,326
2,258,2,1500,-1,28.7909342956459,325
2,259,2,500,1,25.0777991623594,384
2,260,2,500,1,13.8303479930819,382
2,261,2,500,1,16.1855605232056,334
2,262,2,500,1,14.3797324415263,391
2,263,2,500,1,10.7981756251034,300
2,264,2,1500,-1,20.2969533659994,306
2,265,2,500,1,20.6200920722644,331
2,266,2,500,1,9.65420541429765,-84
2,267,2,500,1,6.95294584302972,335
2,268,2,1500,-1,16.8949818574154,338
2,269,2,500,1,16.9288354362298,317
2,270,2,1500,-1,NaN,NaN
2,271,2,500,1,26.5182912770943,305
2,272,2,500,1,23.2997939211425,359
2,273,2,1500,-1,19.2384172579789,330
2,274,2,500,1,20.0907383671772,422
2,275,2,1500,-1,19.9717328824035,302
2,276,2,1500,-1,NaN,NaN
2,277,2,500,1,28.8740496115253,402
2,278,2,1500,-1,28.62930641494,304
2,279,2,1500,-1,NaN,NaN
2,280,2,1500,-1,NaN,NaN
2,281,2,1500,-1,NaN,NaN
2,282,2,1500,-1,24.8927739545578,409
2,283,2,1500,-1,NaN,NaN
2,284,2,1500,-1,NaN,NaN
2,285,2,500,1,28.4832682121968,569
2,286,2,1500,-1,25.9214397912639,297
2,287,2,1500,-1,NaN,NaN
2,288,2,500,1,25.309384350512,352
2,289,2,1500,-1,17.8956713857328,287
2,290,2,500,1,23.6836574314515,411
2,291,2,1500,-1,26.9076061691197,302
2,292,2,500,1,17.0255570636558,433
2,293,2,500,1,16.2214462486526,390
2,294,2,1500,-1,17.3407055503871,293
2,295,2,1500,-1,18.8154011597696,337
2,296,2,500,1,21.7151730626263,647
2,297,2,500,1,12.3763764134229,501
2,298,2,500,1,15.7101864131282,526
2,299,2,1500,-1,12.3512786437979,-61
2,300,2,500,1,18.420305541431,439
2,301,2,1500,-1,14.8188255402521,344
2,302,2,1500,-1,29.9917874518824,455
2,303,2,500,1,27.2516971351375,418
2,304,2,500,1,14.0140919795378,-4
2,305,2,500,1,13.5465200596842,40
2,306,2,1500,-1,10.9561769831202,308
2,307,2,500,1,11.0820989836114,472
2,308,2,1500,-1,11.4578182281104,313
2,309,2,1500,-1,18.0390498519354,312
2,310,2,500,1,15.9876317713498,344
2,311,2,1500,-1,13.8791343143533,313
2,312,2,500,1,2.10728926015923,-77
2,313,2,1500,-1,13.2527331454235,272
2,314,2,500,1,15.9311575513652,417
2,315,2,1500,-1,15.6661954509684,293
2,316,2,1500,-1,NaN,NaN
2,317,2,1500,-1,26.25263340177,313
2,318,2,1500,-1,NaN,NaN
2,319,2,500,1,16.7111972696195,384
2,320,2,500,1,10.5139232418069,334
2,321,2,1500,-1,18.2612130066651,318
2,322,2,1500,-1,23.130374363527,380
2,323,2,500,1,16.3545090659636,432
2,324,2,500,1,20.5473940125943,424
2,325,2,500,1,17.8876935439569,323
2,326,2,500,1,15.4804564311242,321
2,327,2,1500,-1,11.6838854390917,-126
2,328,2,500,1,10.3893780348425,-46
2,329,2,1500,-1,11.9703915840796,293
2,330,2,500,1,11.4832647539861,443
2,331,2,1500,-1,24.3703234065893,249
2,332,2,500,1,18.5732852245426,423
2,333,2,500,1,10.1870605925788,391
2,334,2,1500,-1,18.6876277637492,291
2,335,2,500,1,6.94479245816887,33
2,336,2,500,1,14.8602607003661,367
2,337,2,500,1,16.5579637353509,459
2,338,2,1500,-1,NaN,NaN
2,339,2,500,1,14.3954661490913,510
2,340,2,500,1,12.6510132381755,369
2,341,2,500,1,-1.85681639218134,-50
2,342,2,500,1,6.4932024242322,301
2,343,2,1500,-1,9.12190685680901,285
2,344,2,1500,-1,19.2221053583472,299
2,345,2,1500,-1,16.9719637678811,345
2,346,2,1500,-1,24.7175976794705,378
2,347,2,500,1,21.1532276071569,372
2,348,2,1500,-1,18.394308147087,340
2,349,2,1500,-1,NaN,NaN
2,350,2,1500,-1,17.4305217859098,320
2,351,2,500,1,20.4614110129238,85
2,352,2,500,1,-2.58719932531681,342
2,353,2,500,1,12.1930721231814,461
2,354,2,1500,-1,10.3875865219137,368
2,355,2,1500,-1,14.0743855923307,279
2,356,2,1500,-1,NaN,NaN
2,357,2,500,1,15.5857435919419,-109
2,358,2,1500,-1,16.7661673474154,369
2,359,2,1500,-1,10.0149158315367,269
2,360,2,500,1,6.32461653575092,206
2,361,2,500,1,15.9809479051323,386
2,362,2,1500,-1,7.80663354382161,246
2,363,2,500,1,23.8839784853979,408
2,364,2,1500,-1,14.1731969712985,316
2,365,2,1500,-1,27.6659674155453,402
2,366,2,1500,-1,27.0333956803406,328
2,367,2,500,1,9.96388260012718,340
2,368,2,500,1,13.4391918305931,377
2,369,2,500,1,9.39469146612204,340
2,370,2,500,1,2.05069964034142,-10
2,371,2,500,1,10.1248769620436,302
2,372,2,500,1,13.5348423109137,418
2,373,2,500,1,8.81270522120775,-74
2,374,2,1500,-1,16.691737126235,316
2,375,2,500,1,2.8425767138748,382
2,376,2,500,1,14.5419728173314,414
2,377,2,1500,-1,10.7905419517152,290
2,378,2,1500,-1,22.5340273240837,303
2,379,2,1500,-1,NaN,NaN
2,380,2,500,1,21.2861430241528,490
2,381,2,500,1,NaN,NaN
2,382,2,500,1,12.2073898642991,314
2,383,2,1500,-1,NaN,NaN
2,384,2,500,1,11.4485437134916,474
2,385,2,1500,-1,11.4092919860052,297
2,386,2,500,1,9.2526666419803,358
2,387,2,1500,-1,NaN,NaN
2,388,2,500,1,15.3714533232356,382
2,389,2,1500,-1,16.7001049879769,-35
2,390,2,500,1,10.0361610843795,45
2,391,2,1500,-1,10.0973774760562,335
2,392,2,1500,-1,12.7187261570437,350
2,393,2,500,1,20.0521061065552,328
2,394,2,500,1,18.4383944869445,402
2,395,2,1500,-1,21.0734682737501,335
2,396,2,1500,-1,26.8039999854708,349
2,397,2,500,1,19.4595611066436,388
2,398,2,500,1,12.9195934856941,365
2,399,2,1500,-1,17.9039698515083,320
2,400,2,1500,-1,21.0058202925134,370
2,401,2,1500,-1,23.4410481524567,372
2,402,2,1500,-1,14.9677059849864,323
2,403,2,500,1,10.4718867708008,100
2,404,2,1500,-1,13.2749570955502,313
2,405,2,1500,-1,28.2299824256141,347
2,406,2,500,1,16.5163623862351,451
2,407,2,1500,-1,19.2772119737778,337
2,408,2,500,1,18.9000491727234,437
2,409,2,500,1,11.9621101842665,537
2,410,2,1500,-1,18.0921458886963,295
2,411,2,500,1,19.3976063718975,481
2,412,2,1500,-1,NaN,NaN
2,413,2,500,1,10.1202458217835,415
2,414,2,1500,-1,NaN,NaN
2,415,2,500,1,13.2394893024052,409
2,416,2,500,1,12.8592391465383,466
2,417,2,500,1,8.42363406927584,358
2,418,2,1500,-1,NaN,NaN
2,419,2,500,1,NaN,NaN
2,420,2,500,1,12.3833562852444,664
2,421,3,1500,0,NaN,NaN
2,422,3,500,0,17.9342956093717,372
2,423,3,1250,0,19.6687225654307,304
2,424,3,750,0,19.8315697685805,347
2,425,3,750,0,21.4986695288882,374
2,426,3,500,0,15.1358995662869,68
2,427,3,500,0,18.2587402868414,23
2,428,3,750,0,17.6169847599543,-93
2,429,3,1250,0,17.2995246699487,333
2,430,3,500,0,19.301211257877,67
2,431,3,750,0,NaN,NaN
2,432,3,1500,0,27.7721516653993,302
2,433,3,1250,0,NaN,NaN
2,434,3,1500,0,28.8264544367937,329
2,435,3,1500,0,NaN,NaN
2,436,3,750,0,24.2974531420936,-144
2,437,3,1000,0,NaN,NaN
2,438,3,500,0,23.5966775153465,42
2,439,3,1000,0,25.6648000976907,262
2,440,3,1250,0,21.9861710045592,294
2,441,3,1000,0,26.74174831726,406
2,442,3,1500,0,NaN,NaN
2,443,3,1250,0,NaN,NaN
2,444,3,750,0,NaN,NaN
2,445,3,500,0,22.9195654287438,-88
2,446,3,1500,0,NaN,NaN
2,447,3,750,0,NaN,NaN
2,448,3,500,0,NaN,NaN
2,449,3,1500,0,NaN,NaN
2,450,3,1250,0,NaN,NaN
2,451,3,1000,0,NaN,NaN
2,452,3,1500,0,25.1817071885646,263
2,453,3,1500,0,NaN,NaN
2,454,3,500,0,25.3641096432304,11
2,455,3,1500,0,29.1659052901269,290
2,456,3,1250,0,NaN,NaN
2,457,3,500,0,28.725519670148,161
2,458,3,1000,0,23.7394617400505,336
2,459,3,1250,0,NaN,NaN
2,460,3,750,0,22.9136239301382,308
2,461,3,1500,0,21.5893617070831,401
2,462,3,1500,0,NaN,NaN
2,463,3,500,0,23.6044585448578,340
2,464,3,1000,0,24.4841650262925,331
2,465,3,1000,0,NaN,NaN
2,466,3,750,0,25.4548510637995,369
2,467,3,1500,0,29.8359106802158,351
2,468,3,500,0,NaN,NaN
2,469,3,1250,0,16.9276443533698,270
2,470,3,1000,0,24.0253978050391,355
2,471,3,750,0,18.6968358055082,335
2,472,3,1250,0,20.855494421807,335
2,473,3,500,0,23.6621763441937,458
2,474,3,500,0,26.2634970703663,382
2,475,3,750,0,NaN,NaN
2,476,3,750,0,27.6300653823051,330
2,477,3,750,0,23.8841469664831,387
2,478,3,1500,0,NaN,NaN
2,479,3,750,0,29.1376746849793,530
2,480,3,500,0,25.1926129381687,355
2,481,3,1500,0,16.5813704442538,195
2,482,3,1000,0,28.4575160640352,377
2,483,3,1250,0,26.7006941803298,340
2,484,3,1500,0,NaN,NaN
2,485,3,1500,0,NaN,NaN
2,486,3,500,0,23.2724846180133,422
2,487,3,1250,0,23.76254433756,334
2,488,3,1250,0,NaN,NaN
2,489,3,1000,0,26.8691832304266,425
2,490,3,500,0,22.1695953968407,354
2,491,3,1500,0,14.2867101856873,362
2,492,3,1000,0,23.4982780465963,325
2,493,3,500,0,14.6111347761594,373
2,494,3,1500,0,19.3612913376564,263
2,495,3,1000,0,25.3348933258921,383
2,496,3,500,0,27.6238163734146,432
2,497,3,1500,0,28.043816000026,304
2,498,3,1000,0,NaN,NaN
2,499,3,750,0,25.7512301373365,349
2,500,3,1000,0,NaN,NaN
2,501,3,750,0,27.7409765801411,-196
2,502,3,1000,0,NaN,NaN
2,503,3,1000,0,NaN,NaN
2,504,3,500,0,NaN,NaN
2,505,3,1250,0,25.9622941198769,291
2,506,3,500,0,NaN,NaN
2,507,3,1000,0,NaN,NaN
2,508,3,1250,0,28.8782676923213,306
2,509,3,1000,0,NaN,NaN
2,510,3,1000,0,NaN,NaN
2,511,3,1250,0,NaN,NaN
2,512,3,1000,0,NaN,NaN
2,513,3,500,0,26.0802865023103,420
2,514,3,1250,0,24.7678888655897,318
2,515,3,500,0,22.4549187354764,410
2,516,3,500,0,24.1284857919466,431
2,517,3,1250,0,20.3262853320797,269
2,518,3,750,0,22.8151315606624,374
2,519,3,500,0,21.3755783317297,336
2,520,3,1000,0,16.7226086477679,287
2,521,3,1500,0,NaN,NaN
2,522,3,1250,0,NaN,NaN
2,523,3,500,0,24.3340934333243,318
2,524,3,750,0,20.4624806266216,311
2,525,3,500,0,22.1219584188661,322
2,526,3,1250,0,NaN,NaN
2,527,3,1000,0,26.7506022967645,272
2,528,3,1250,0,24.8768604949799,302
2,529,3,1500,0,24.1946195270737,292
2,530,3,1500,0,28.669789563673,299
2,531,3,1000,0,18.890719237205,294
2,532,3,500,0,26.1405310083756,345
2,533,3,1000,0,NaN,NaN
2,534,3,1000,0,NaN,NaN
2,535,3,750,0,NaN,NaN
2,536,3,1000,0,29.4282043787009,318
2,537,3,750,0,28.6581510307277,417
2,538,3,500,0,21.3786939698666,339
2,539,3,1000,0,NaN,NaN
2,540,3,1250,0,NaN,NaN
2,541,3,1250,0,NaN,NaN
2,542,3,1500,0,NaN,NaN
2,543,3,1500,0,NaN,NaN
2,544,3,1250,0,27.0643893923041,321
2,545,3,750,0,20.1032730195668,370
2,546,3,750,0,27.8870321576698,383
2,547,3,1250,0,26.3310323499313,347
2,548,3,750,0,NaN,NaN
2,549,3,1250,0,NaN,NaN
2,550,3,1000,0,20.3783115890605,384
2,551,3,1500,0,NaN,NaN
2,552,3,1250,0,28.3798032114633,349
2,553,3,1000,0,NaN,NaN
2,554,3,750,0,27.7175585069947,369
2,555,3,1000,0,24.5109528911678,323
2,556,3,750,0,NaN,NaN
2,557,3,500,0,24.5807871755098,435
2,558,3,1250,0,29.0445058456938,316
2,559,3,1500,0,NaN,NaN
2,560,3,1250,0,26.1400390484441,353
2,561,3,1500,0,NaN,NaN
2,562,3,750,0,24.6436145059375,363
2,563,3,1500,0,NaN,NaN
2,564,3,1500,0,24.5264394041751,337
2,565,3,1250,0,26.8904665536013,335
2,566,3,750,0,22.2841182032389,436
2,567,3,750,0,21.7854723778946,391
2,568,3,750,0,17.6237355680828,478
2,569,3,750,0,23.2708908837025,363
2,570,3,500,0,18.1897081640845,410
3,1,1,500,0,-1.51043416203595,-52
3,2,1,500,0,-0.0338005960370525,1059
3,3,1,1500,0,NaN,NaN
3,4,1,1500,0,-0.322956523947698,309
3,5,1,500,0,-0.91544553758997,464
3,6,1,1500,0,-2.9838399707097,312
3,7,1,1500,0,-0.208815883953302,255
3,8,1,1500,0,1.23743095244419,306
3,9,1,500,0,-3.54543193778885,359
3,10,1,500,0,3.38684587737304,300
3,11,1,500,0,-8.42044325564167,-56
3,12,1,1500,0,NaN,NaN
3,13,1,500,0,0.93755448037415,533
3,14,1,1500,0,-0.526568331717029,301
3,15,1,1500,0,NaN,NaN
3,16,1,1500,0,NaN,NaN
3,17,1,500,0,-0.708590011266724,-51
3,18,1,500,0,-2.59753271729035,-114
3,19,1,1500,0,NaN,NaN
3,20,1,500,0,-0.747037793783849,684
3,21,2,1500,-1,-5.1516477955304,743
3,22,2,500,1,2.7368248399739,-88
3,23,2,500,1,-10.0776134889149,476
3,24,2,500,1,-13.2292787658313,431
3,25,2,500,1,-18.4285971946852,435
3,26,2,500,1,-19.6245201662395,428
3,27,2,500,1,-21.3134267445311,533
3,28,2,500,1,-22.9233646650187,373
3,29,2,1500,-1,-23.8920491808763,293
3,30,2,500,1,-20.3051555618655,529
3,31,2,1500,-1,-21.3034380666548,339
3,32,2,500,1,-22.5983682238526,564
3,33,2,500,1,-22.7331119940029,303
3,34,2,500,1,-26.7204536769694,398
3,35,2,500,1,-28.606522123152,498
3,36,2,500,1,NaN,NaN
3,37,2,500,1,-23.8924742315777,383
3,38,2,500,1,-28.8537107710548,445
3,39,2,500,1,NaN,NaN
3,40,2,500,1,NaN,NaN
3,41,2,1500,-1,-29.5258999567618,296
3,42,2,1500,-1,-22.4186835213716,345
3,43,2,1500,-1,-23.6903979221181,321
3,44,2,1500,-1,-19.3362977587075,303
3,45,2,500,1,-12.3612934844116,435
3,46,2,1500,-1,-23.4081831464262,287
3,47,2,1500,-1,-19.7505196638554,326
3,48,2,1500,-1,-21.7522170222965,289
3,49,2,500,1,-26.1000806823343,417
3,50,2,1500,-1,-22.1090297023185,262
3,51,2,1500,-1,-20.0600139632029,288
3,52,2,500,1,-24.3639861775167,446
3,53,2,500,1,-21.8434781118275,417
3,54,2,500,1,-25.9323537743448,469
3,55,2,500,1,NaN,NaN
3,56,2,500,1,-29.3108284028168,296
3,57,2,1500,-1,-26.3981324439648,294
3,58,2,1500,-1,-24.7961477985159,268
3,59,2,1500,-1,-19.1874344982295,308
3,60,2,1500,-1,-21.2037643144455,328
3,61,2,500,1,-25.5559655078851,397
3,62,2,1500,-1,-26.3751719445733,279
3,63,2,500,1,-18.3524356740799,562
3,64,2,500,1,-29.9647758908674,316
3,65,2,500,1,NaN,NaN
3,66,2,1500,-1,-22.509043827251,293
3,67,2,500,1,-23.779089622788,493
3,68,2,1500,-1,-23.3714111335008,314
3,69,2,500,1,NaN,NaN
3,70,2,1500,-1,NaN,NaN
3,71,2,500,1,-28.4850966189495,307
3,72,2,500,1,-29.3488275108008,303
3,73,2,1500,-1,NaN,NaN
3,74,2,1500,-1,NaN,NaN
3,75,2,500,1,NaN,NaN
3,76,2,500,1,NaN,NaN
3,77,2,500,1,NaN,NaN
3,78,2,500,1,NaN,NaN
3,79,2,1500,-1,NaN,NaN
3,80,2,500,1,-19.5354516316074,-22
3,81,2,1500,-1,-29.9071821182926,273
3,82,2,1500,-1,-29.6685766130198,269
3,83,2,500,1,NaN,NaN
3,84,2,500,1,-28.0043453605712,319
3,85,2,1500,-1,-27.2618251174628,267
3,86,2,1500,-1,-23.1714638784786,271
3,87,2,500,1,-25.4837841608094,416
3,88,2,500,1,-28.5578244061902,300
3,89,2,1500,-1,NaN,NaN
3,90,2,500,1,NaN,NaN
3,91,2,1500,-1,-28.131980461043,344
3,92,2,1500,-1,-20.3045876551827,315
3,93,2,1500,-1,-22.9695855127575,244
3,94,2,500,1,-23.8468924569238,295
3,95,2,500,1,NaN,NaN
3,96,2,500,1,NaN,NaN
3,97,2,1500,-1,NaN,NaN
3,98,2,500,1,NaN,NaN
3,99,2,1500,-1,NaN,NaN
3,100,2,1500,-1,-27.2271715371762,-44
3,101,2,1500,-1,-19.5909087176744,268
3,102,2,500,1,-17.2716675650309,-48
3,103,2,1500,-1,-28.6745124403797,338
3,104,2,1500,-1,-18.0513586382772,294
3,105,2,1500,-1,-17.0794312633152,459
3,106,2,500,1,-23.6157594346891,445
3,107,2,500,1,NaN,NaN
3,108,2,1500,-1,NaN,NaN
3,109,2,1500,-1,-27.064715179989,303
3,110,2,500,1,-22.952667755736,355
3,111,2,1500,-1,-28.8399220355612,314
3,112,2,1500,-1,-17.5266941017192,388
3,113,2,500,1,-24.7686389378725,389
3,114,2,500,1,NaN,NaN
3,115,2,1500,-1,NaN,NaN
3,116,2,1500,-1,NaN,NaN
3,117,2,500,1,NaN,NaN
3,118,2,500,1,-24.9744566741704,10
3,119,2,1500,-1,NaN,NaN
3,120,2,1500,-1,NaN,NaN
3,121,2,500,1,NaN,NaN
3,122,2,1500,-1,NaN,NaN
3,123,2,1500,-1,NaN,NaN
3,124,2,500,1,NaN,NaN
3,125,2,500,1,NaN,NaN
3,126,2,1500,-1,NaN,NaN
3,127,2,500,1,NaN,NaN
3,128,2,500,1,NaN,NaN
3,129,2,1500,-1,NaN,NaN
3,130,2,500,1,NaN,NaN
3,131,2,1500,-1,-28.3459451359538,285
3,132,2,500,1,NaN,NaN
3,133,2,1500,-1,-21.4273816491031,322
3,134,2,500,1,-28.3080733465287,371
3,135,2,1500,-1,-27.9905056919061,237
3,136,2,1500,-1,-20.8767588046969,248
3,137,2,500,1,-28.3950409505791,312
3,138,2,1500,-1,NaN,NaN
3,139,2,1500,-1,NaN,NaN
3,140,2,1500,-1,NaN,NaN
3,141,2,1500,-1,-28.7479417250553,261
3,142,2,1500,-1,NaN,NaN
3,143,2,1500,-1,NaN,NaN
3,144,2,1500,-1,-27.5650705557748,287
3,145,2,500,1,NaN,NaN
3,146,2,500,1,NaN,NaN
3,147,2,500,1,NaN,NaN
3,148,2,1500,-1,-23.7403117379712,276
3,149,2,500,1,-25.9446990507425,339
3,150,2,500,1,NaN,NaN
3,151,2,500,1,NaN,NaN
3,152,2,1500,-1,NaN,NaN
3,153,2,500,1,NaN,NaN
3,154,2,1500,-1,NaN,NaN
3,155,2,500,1,NaN,NaN
3,156,2,1500,-1,NaN,NaN
3,157,2,500,1,NaN,NaN
3,158,2,500,1,NaN,NaN
3,159,2,500,1,-20.6582052613325,273
3,160,2,1500,-1,NaN,NaN
3,161,2,500,1,NaN,NaN
3,162,2,1500,-1,-28.3466997568058,295
3,163,2,500,1,NaN,NaN
3,164,2,500,1,NaN,NaN
3,165,2,1500,-1,NaN,NaN
3,166,2,500,1,NaN,NaN
3,167,2,500,1,NaN,NaN
3,168,2,500,1,NaN,NaN
3,169,2,1500,-1,-28.150247902879,282
3,170,2,500,1,-22.734423748082,339
3,171,2,1500,-1,-21.2145143060352,248
3,172,2,1500,-1,-27.1447688805091,221
3,173,2,1500,-1,-18.9209520211727,253
3,174,2,500,1,-26.0871041951869,240
3,175,2,500,1,-27.5406910082799,181
3,176,2,500,1,-26.0640993053127,17
3,177,2,500,1,NaN,NaN
3,178,2,1500,-1,NaN,NaN
3,179,2,1500,-1,NaN,NaN
3,180,2,1500,-1,-28.0783315431901,279
3,181,2,1500,-1,-27.6826888855745,278
3,182,2,500,1,NaN,NaN
3,183,2,500,1,-29.365115117978,282
3,184,2,1500,-1,NaN,NaN
3,185,2,1500,-1,NaN,NaN
3,186,2,500,1,NaN,NaN
3,187,2,500,1,NaN,NaN
3,188,2,500,1,NaN,NaN
3,189,2,1500,-1,NaN,NaN
3,190,2,500,1,NaN,NaN
3,191,2,1500,-1,NaN,NaN
3,192,2,1500,-1,NaN,NaN
3,193,2,500,1,NaN,NaN
3,194,2,500,1,NaN,NaN
3,195,2,500,1,NaN,NaN
3,196,2,1500,-1,NaN,NaN
3,197,2,500,1,-27.7858250569222,295
3,198,2,500,1,NaN,NaN
3,199,2,500,1,NaN,NaN
3,200,2,1500,-1,NaN,NaN
3,201,2,500,1,-26.5134627576034,399
3,202,2,500,1,-27.6485733894109,271
3,203,2,500,1,NaN,NaN
3,204,2,500,1,NaN,NaN
3,205,2,500,1,NaN,NaN
3,206,2,1500,-1,NaN,NaN
3,207,2,1500,-1,-25.1846410533188,293
3,208,2,500,1,-19.709678420726,342
3,209,2,500,1,-23.132123090109,322
3,210,2,500,1,NaN,NaN
3,211,2,500,1,NaN,NaN
3,212,2,1500,-1,NaN,NaN
3,213,2,500,1,NaN,NaN
3,214,2,500,1,NaN,NaN
3,215,2,500,1,NaN,NaN
3,216,2,500,1,-26.4081405422187,275
3,217,2,500,1,-23.2316836043881,299
3,218,2,500,1,-25.9724936232496,300
3,219,2,500,1,NaN,NaN
3,220,2,1500,-1,NaN,NaN
3,221,2,1500,-1,-23.9083603147777,251
3,222,2,500,1,-29.8597038898913,334
3,223,2,500,1,-23.9498036166618,263
3,224,2,500,1,NaN,NaN
3,225,2,1500,-1,NaN,NaN
3,226,2,500,1,-23.4046916137003,282
3,227,2,1500,-1,NaN,NaN
3,228,2,1500,-1,-13.5904804041612,300
3,229,2,500,1,-6.10102123910743,504
3,230,2,1500,-1,-21.5950193738844,334
3,231,2,1500,-1,-17.9847166366287,284
3,232,2,1500,-1,-13.7496315760957,359
3,233,2,500,1,-15.6595365793785,468
3,234,2,1500,-1,-22.8350494686325,345
3,235,2,500,1,-20.1090459183933,366
3,236,2,500,1,-20.4078413361479,295
3,237,2,500,1,-21.6367183476648,272
3,238,2,1500,-1,-25.1995307526078,255
3,239,2,1500,-1,-19.1464120220999,256
3,240,2,500,1,-25.814781888072,263
3,241,2,1500,-1,-18.8692027287625,252
3,242,2,1500,-1,-13.1146511930691,296
3,243,2,1500,-1,-10.5932813495683,257
3,244,2,1500,-1,-8.41821439076353,300
3,245,2,500,1,-12.4760499088712,350
3,246,2,1500,-1,-19.6288937619366,270
3,247,2,1500,-1,-4.72829917552309,297
3,248,2,1500,-1,-7.23285687122085,316
3,249,2,500,1,-4.27271342465502,38
3,250,2,500,1,-5.67811110560496,388
3,251,2,500,1,-18.8619391055602,-42
3,252,2,500,1,-28.0795312942882,313
3,253,2,1500,-1,-13.6775675171696,264
3,254,2,1500,-1,-14.3219012451418,292
3,255,2,500,1,-16.2194695544852,384
3,256,2,1500,-1,-14.9707242859889,287
3,257,2,500,1,-11.0140943304583,405
3,258,2,500,1,-23.2147237303755,372
3,259,2,1500,-1,NaN,NaN
3,260,2,1500,-1,-13.2487068890153,306
3,261,2,500,1,-12.3712448141219,316
3,262,2,500,1,-18.9754440247303,284
3,263,2,500,1,-18.2736412509781,285
3,264,2,1500,-1,-19.2336824544463,258
3,265,2,1500,-1,-11.681884881418,281
3,266,2,1500,-1,-13.3068817574496,264
3,267,2,500,1,-19.2824326308006,340
3,268,2,500,1,-21.7728065021203,290
3,269,2,1500,-1,-18.803682310987,279
3,270,2,1500,-1,-5.45874974826315,233
3,271,2,1500,-1,-2.63198206030175,280
3,272,2,1500,-1,-5.1676595275263,297
3,273,2,1500,-1,-6.91514678193425,285
3,274,2,1500,-1,-2.61776089804718,289
3,275,2,1500,-1,-0.205997262218704,274
3,276,2,500,1,-5.65814127408639,439
3,277,2,1500,-1,-7.1373545118436,270
3,278,2,1500,-1,0.112532418500978,275
3,279,2,500,1,-2.15140704169176,332
3,280,2,500,1,-12.6706306720095,311
3,281,2,500,1,-18.6263854611097,290
3,282,2,500,1,-21.452239875398,261
3,283,2,1500,-1,-17.7159206624561,270
3,284,2,500,1,-22.1966161196032,273
3,285,2,500,1,-24.9421779030909,-134
3,286,2,500,1,NaN,NaN
3,287,2,1500,-1,-29.8796111488772,275
3,288,2,500,1,-29.6753762378995,280
3,289,2,1500,-1,-21.134754188794,272
3,290,2,500,1,-22.3708301175262,260
3,291,2,1500,-1,-18.4012001189201,284
3,292,2,1500,-1,-10.7748337103729,265
3,293,2,1500,-1,-8.92284746027338,263
3,294,2,500,1,-14.1705457287554,291
3,295,2,1500,-1,NaN,NaN
3,296,2,1500,-1,-11.4224603028233,335
3,297,2,500,1,-12.2576976612823,400
3,298,2,1500,-1,-6.83736586270189,297
3,299,2,500,1,-7.75974424812681,547
3,300,2,500,1,-19.4659105345565,287
3,301,2,1500,-1,-27.5749096006378,249
3,302,2,1500,-1,-13.8374444030026,327
3,303,2,500,1,-14.9563793595244,407
3,304,2,500,1,-22.726327927147,-115
3,305,2,1500,-1,-16.8599695340617,311
3,306,2,500,1,-18.7063566691048,392
3,307,2,1500,-1,-23.6791707154738,234
3,308,2,1500,-1,-16.492962884581,268
3,309,2,500,1,-22.1443033798112,274
3,310,2,1500,-1,-20.2663258282408,292
3,311,2,1500,-1,-17.8200060467067,-17
3,312,2,500,1,-18.7890769139055,285
3,313,2,500,1,-23.4540514012125,254
3,314,2,1500,-1,-13.3488452714694,248
3,315,2,500,1,-16.5471786544117,172
3,316,2,1500,-1,NaN,NaN
3,317,2,1500,-1,-14.4776895066645,253
3,318,2,500,1,-16.9713186559642,269
3,319,2,1500,-1,-9.97334285426248,288
3,320,2,1500,-1,-1.98269183171699,218
3,321,2,1500,-1,-1.66358228121845,301
3,322,2,500,1,-7.61752466518728,172
3,323,2,1500,-1,NaN,NaN
3,324,2,500,1,-10.8917301894448,517
3,325,2,500,1,-21.0033039610457,221
3,326,2,500,1,-26.1805574019515,95
3,327,2,1500,-1,-16.6836307297864,-104
3,328,2,500,1,-14.9215540348663,271
3,329,2,500,1,-15.6951897673146,288
3,330,2,1500,-1,-10.0723263809134,-86
3,331,2,1500,-1,-11.0798970223457,304
3,332,2,1500,-1,-2.96413225046646,260
3,333,2,1500,-1,-3.10126185906755,299
3,334,2,500,1,-7.70119068801612,284
3,335,2,500,1,-16.4843344150287,247
3,336,2,1500,-1,-13.287559784153,-129
3,337,2,1500,-1,-14.7181592176197,260
3,338,2,500,1,-4.56159349344233,291
3,339,2,500,1,-15.7071040159395,283
3,340,2,500,1,-15.1023076848894,259
3,341,2,500,1,-18.653504185635,315
3,342,2,1500,-1,-14.7586025638625,261
3,343,2,1500,-1,-15.0824631502269,116
3,344,2,500,1,-14.2935965609128,278
3,345,2,1500,-1,-6.73572786002671,-13
3,346,2,1500,-1,-9.02401691367036,282
3,347,2,1500,-1,NaN,NaN
3,348,2,1500,-1,-12.9293724387548,310
3,349,2,1500,-1,-7.9519770188372,301
3,350,2,500,1,-8.06218823743681,327
3,351,2,1500,-1,-8.07468090875545,329
3,352,2,500,1,4.09786675252711,302
3,353,2,1500,-1,1.04694746243647,292
3,354,2,500,1,-3.69530953161147,253
3,355,2,1500,-1,-3.09152208143607,233
3,356,2,500,1,-9.53565177549632,-166
3,357,2,500,1,-1.24212865308232,431
3,358,2,1500,-1,1.60726771502379,294
3,359,2,1500,-1,1.63521240150523,325
3,360,2,500,1,-5.26290137801628,305
3,361,2,1500,-1,-1.06154109707332,279
3,362,2,1500,-1,0.544956874513785,265
3,363,2,1500,-1,7.48872938322333,275
3,364,2,1500,-1,6.26381048898498,287
3,365,2,1500,-1,7.23154692532729,268
3,366,2,1500,-1,NaN,NaN
3,367,2,500,1,-3.94779957841296,449
3,368,2,1500,-1,-1.05319158827377,264
3,369,2,1500,-1,NaN,NaN
3,370,2,1500,-1,7.74662724209204,287
3,371,2,500,1,-3.4747278841351,343
3,372,2,500,1,-13.1489169009872,396
3,373,2,500,1,-13.493931954988,285
3,374,2,500,1,-21.9399791104911,262
3,375,2,1500,-1,-13.6419206587638,256
3,376,2,500,1,-17.8996400881282,267
3,377,2,1500,-1,-7.33860645814128,-34
3,378,2,1500,-1,-9.12293360464771,394
3,379,2,1500,-1,2.63896994215051,234
3,380,2,1500,-1,-0.753069922911172,294
3,381,2,1500,-1,2.27612432694006,284
3,382,2,1500,-1,4.82485538780645,307
3,383,2,1500,-1,NaN,NaN
3,384,2,500,1,-5.28682161361602,380
3,385,2,500,1,-17.1903612648378,265
3,386,2,1500,-1,-10.2591275826919,228
3,387,2,500,1,-19.7052488157938,319
3,388,2,1500,-1,-17.0357526330789,310
3,389,2,500,1,-9.79296378014145,268
3,390,2,1500,-1,-11.6742271120275,249
3,391,2,1500,-1,-5.06606796532021,268
3,392,2,1500,-1,0.900533765867914,311
3,393,2,1500,-1,7.1672291475201,259
3,394,2,1500,-1,3.04192682742354,275
3,395,2,500,1,-3.47140313269706,257
3,396,2,1500,-1,-2.34165002845283,-171
3,397,2,500,1,-5.09869564050231,325
3,398,2,1500,-1,-6.18259212977146,282
3,399,2,1500,-1,5.98383734132516,299
3,400,2,500,1,0.832820032666922,327
3,401,2,1500,-1,4.47231246326785,310
3,402,2,1500,-1,3.23082279340048,354
3,403,2,500,1,-4.89491218025988,459
3,404,2,500,1,-6.51484451870096,359
3,405,2,1500,-1,-10.050334796883,282
3,406,2,1500,-1,-4.01845326692945,324
3,407,2,1500,-1,NaN,NaN
3,408,2,1500,-1,NaN,NaN
3,409,2,500,1,-7.59390762328288,2
3,410,2,1500,-1,-8.86563005801701,293
3,411,2,1500,-1,NaN,NaN
3,412,2,500,1,-5.27171680267355,364
3,413,2,500,1,-9.81495825853506,289
3,414,2,500,1,-7.92394925660311,265
3,415,2,1500,-1,-9.70167869895343,129
3,416,2,1500,-1,-5.28428864842758,251
3,417,2,500,1,-17.4987633072775,308
3,418,2,500,1,-18.8713725825193,281
3,419,2,500,1,-15.2853112433629,341
3,420,2,500,1,-20.7144128323378,249
3,421,3,1000,0,NaN,NaN
3,422,3,1000,0,-10.9081931835273,305
3,423,3,1500,0,-10.2477062615419,268
3,424,3,750,0,-12.5146488426541,282
3,425,3,1250,0,-10.1628055846815,243
3,426,3,750,0,-9.56235141037399,266
3,427,3,1250,0,-13.1060808411971,237
3,428,3,1500,0,-11.285882298098,227
3,429,3,500,0,-13.248615467214,364
3,430,3,1000,0,-8.73949265418974,264
3,431,3,750,0,-12.9508114261917,259
3,432,3,1500,0,NaN,NaN
3,433,3,500,0,-1.70543672333156,289
3,434,3,500,0,-0.868493731366048,296
3,435,3,750,0,-0.501311644474383,262
3,436,3,1000,0,NaN,NaN
3,437,3,1500,0,NaN,NaN
3,438,3,500,0,-2.91216825377925,332
3,439,3,1500,0,2.0905031928612,279
3,440,3,1250,0,5.85398961783284,278
3,441,3,750,0,NaN,NaN
3,442,3,1500,0,3.6412532150043,269
3,443,3,500,0,-3.84727652346206,292
3,444,3,1500,0,-0.512029433031885,282
3,445,3,1000,0,1.32910746927611,263
3,446,3,1000,0,5.11829097618647,271
3,447,3,500,0,-5.13752440162006,296
3,448,3,1250,0,7.56539943728689,279
3,449,3,1500,0,3.94247147770869,257
3,450,3,1250,0,7.0055832527575,-148
3,451,3,1000,0,4.14459174686697,266
3,452,3,750,0,-7.79888657952492,-165
3,453,3,750,0,1.7873593123907,288
3,454,3,500,0,-1.22320665296605,353
3,455,3,1250,0,3.14958391486631,279
3,456,3,1500,0,-0.389100598409129,243
3,457,3,1250,0,-1.52235520024971,267
3,458,3,500,0,-5.93061640353975,305
3,459,3,500,0,-8.16865362949118,294
3,460,3,500,0,4.55842304826422,290
3,461,3,1000,0,-8.24100649281667,252
3,462,3,1500,0,-6.12457488266819,179
3,463,3,1000,0,NaN,NaN
3,464,3,500,0,-7.24716217939797,294
3,465,3,1000,0,NaN,NaN
3,466,3,1500,0,2.17615160664202,292
3,467,3,500,0,1.61587823919732,519
3,468,3,1500,0,-2.93920164074126,298
3,469,3,500,0,5.11597442818568,371
3,470,3,750,0,-0.948394222809003,271
3,471,3,750,0,-1.25326369700609,306
3,472,3,500,0,-0.761963521112949,295
3,473,3,1250,0,2.24152219592726,303
3,474,3,750,0,-0.855172293297461,290
3,475,3,500,0,-5.94548412376911,348
3,476,3,1000,0,4.21392331261462,287
3,477,3,1000,0,-3.2949097940643,259
3,478,3,1000,0,1.1765485804141,121
3,479,3,1500,0,NaN,NaN
3,480,3,1500,0,-2.90741708309663,248
3,481,3,500,0,-5.94222996432311,337
3,482,3,1250,0,5.70015184021732,254
3,483,3,1000,0,-2.99519782395588,287
3,484,3,1250,0,-0.0672069938508378,276
3,485,3,1000,0,NaN,NaN
3,486,3,1250,0,0.310839128267664,276
3,487,3,1250,0,1.36326469632466,264
3,488,3,1500,0,-1.27191300628221,253
3,489,3,1000,0,-4.18277492278229,265
3,490,3,1500,0,0.494983341154034,243
3,491,3,1250,0,-1.71114033465822,308
3,492,3,500,0,-5.90477517192681,479
3,493,3,750,0,-3.11050244585531,276
3,494,3,1500,0,4.25178588888656,266
3,495,3,1500,0,0.814551206355259,218
3,496,3,750,0,-6.08292635430165,231
3,497,3,1500,0,-3.26898057709214,58
3,498,3,750,0,-4.0691890046202,301
3,499,3,1000,0,-4.8352334250255,270
3,500,3,1000,0,-4.09020581198105,275
3,501,3,750,0,-6.78922823133692,233
3,502,3,750,0,0.489573324128176,309
3,503,3,1250,0,NaN,NaN
3,504,3,1000,0,0.715868559682745,176
3,505,3,750,0,-0.497736140978899,290
3,506,3,750,0,-4.27845785975858,251
3,507,3,1250,0,4.90064742697742,282
3,508,3,1250,0,NaN,NaN
3,509,3,1250,0,NaN,NaN
3,510,3,750,0,-3.36075598758187,364
3,511,3,500,0,-0.251912535148694,384
3,512,3,1250,0,NaN,NaN
3,513,3,1250,0,-7.37512426923254,274
3,514,3,750,0,1.82022421945665,300
3,515,3,500,0,0.761755315033302,314
3,516,3,1000,0,NaN,NaN
3,517,3,500,0,-0.399697148975068,344
3,518,3,500,0,-1.71448164876308,269
3,519,3,750,0,-1.68570375021046,276
3,520,3,1250,0,-2.08717223288488,261
3,521,3,1500,0,-0.739445291552286,259
3,522,3,1500,0,-4.06571030730439,265
3,523,3,750,0,-3.90317037733017,287
3,524,3,500,0,-5.81384271053863,277
3,525,3,1500,0,-2.54899488004288,292
3,526,3,1500,0,0.752963389229987,269
3,527,3,1250,0,-0.250740389615058,215
3,528,3,1250,0,0.684320222465339,280
3,529,3,1500,0,4.00553153627352,266
3,530,3,1250,0,NaN,NaN
3,531,3,750,0,1.18234755651127,285
3,532,3,1000,0,NaN,NaN
3,533,3,1250,0,NaN,NaN
3,534,3,750,0,NaN,NaN
3,535,3,1000,0,-4.43720552872528,290
3,536,3,1000,0,-7.22180758937378,279
3,537,3,1000,0,-14.4192743314573,279
3,538,3,750,0,-10.5302379536276,-154
3,539,3,750,0,-6.35580399581789,247
3,540,3,750,0,-4.46157529706973,261
3,541,3,1500,0,-8.19290472252132,247
3,542,3,500,0,-7.60933701322712,296
3,543,3,1000,0,-11.1307030358388,261
3,544,3,500,0,-5.98321168356586,280
3,545,3,1500,0,-2.49257128558761,697
3,546,3,1250,0,0.654621439218432,210
3,547,3,500,0,-4.98650769251731,295
3,548,3,1000,0,-3.39723134695044,-46
3,549,3,750,0,-7.24682242590236,258
3,550,3,1500,0,-0.0830866197742935,-66
3,551,3,500,0,-6.01471420547309,332
3,552,3,1000,0,-3.36971017445716,265
3,553,3,500,0,-2.15975125548475,300
3,554,3,750,0,-1.71969204509464,286
3,555,3,1000,0,-3.73798344413134,264
3,556,3,1000,0,-6.22129167651066,262
3,557,3,1500,0,-1.2796926087299,280
3,558,3,1250,0,-3.65078807355403,284
3,559,3,1500,0,-7.30352096455756,278
3,560,3,750,0,-5.11275505236609,313
3,561,3,500,0,-0.392053052990028,316
3,562,3,1250,0,-1.35249252961663,263
3,563,3,500,0,-4.59272545019101,335
3,564,3,1500,0,-7.46397577281981,294
3,565,3,1250,0,-1.37846085890445,279
3,566,3,750,0,-7.07212857200539,299
3,567,3,1250,0,-4.59269726164441,278
3,568,3,1250,0,-5.04661011079983,325
3,569,3,500,0,-4.25556112729035,311
3,570,3,1000,0,-5.36464241702851,281
4,1,1,500,0,5.95525092485244,508
4,2,1,1500,0,-2.03700810431372,329
4,3,1,1500,0,2.1578649657872,323
4,4,1,500,0,5.24564855473196,439
4,5,1,1500,0,0.678491194828791,338
4,6,1,1500,0,0.289917531167552,360
4,7,1,500,0,3.0032145178095,382
4,8,1,1500,0,NaN,NaN
4,9,1,500,0,0.081076279716528,396
4,10,1,500,0,5.50426239655682,323
4,11,1,500,0,2.28144726093549,-99
4,12,1,1500,0,6.75964201060002,340
4,13,1,1500,0,4.12504093138532,325
4,14,1,1500,0,2.76129312678722,346
4,15,1,500,0,6.11639181186654,449
4,16,1,500,0,4.47743500289994,469
4,17,1,500,0,4.60362132552401,107
4,18,1,1500,0,6.51876894886698,317
4,19,1,500,0,2.11025615489102,322
4,20,1,1500,0,12.6391224017669,305
4,21,2,500,1,0.658732632855355,-74
4,22,2,1500,-1,-2.2509344875475,330
4,23,2,500,1,6.78068738009039,372
4,24,2,1500,-1,5.60088042689242,323
4,25,2,1500,-1,8.57423641150699,337
4,26,2,500,1,2.83176706930624,393
4,27,2,1500,-1,NaN,NaN
4,28,2,1500,-1,16.7342830003465,317
4,29,2,500,1,11.5936919040733,432
4,30,2,500,1,7.59772442532857,403
4,31,2,1500,-1,3.7279583545224,330
4,32,2,500,1,8.98853448594161,414
4,33,2,1500,-1,6.50368400000294,284
4,34,2,500,1,5.26650139599212,348
4,35,2,500,1,-0.0210658762661333,330
4,36,2,1500,-1,0.92137693031147,321
4,37,2,500,1,7.06182914758743,423
4,38,2,1500,-1,11.995564086009,320
4,39,2,500,1,5.2418737288421,398
4,40,2,1500,-1,14.0366799330939,259
4,41,2,500,1,9.60782734107843,403
4,42,2,500,1,7.15912825590532,360
4,43,2,500,1,3.84836018128309,333
4,44,2,1500,-1,11.2836547024642,297
4,45,2,1500,-1,12.0784142087539,291
4,46,2,500,1,6.18889177514633,359
4,47,2,1500,-1,NaN,NaN
4,48,2,500,1,9.14708993419889,396
4,49,2,500,1,8.70891816323259,547
4,50,2,1500,-1,4.46235051132743,331
4,51,2,1500,-1,11.6826922431516,312
4,52,2,1500,-1,10.6163132912313,289
4,53,2,500,1,10.3804827485518,452
4,54,2,1500,-1,10.1564213255645,331
4,55,2,500,1,11.4147712051227,393
4,56,2,500,1,2.1351289242958,361
4,57,2,1500,-1,2.49252400297044,320
4,58,2,500,1,0.806238713906576,-16
4,59,2,1500,-1,13.6696284483422,310
4,60,2,500,1,6.70696322691661,360
4,61,2,500,1,5.72881147993945,340
4,62,2,1500,-1,5.83267193930321,331
4,63,2,1500,-1,11.2394217472892,303
4,64,2,1500,-1,14.573743301578,306
4,65,2,500,1,4.85626139087921,442
4,66,2,500,1,2.47963196404896,313
4,67,2,500,1,3.74320981173993,367
4,68,2,500,1,-1.0855596606937,-59
4,69,2,1500,-1,-0.754358440276459,325
4,70,2,500,1,3.39220827923842,375
4,71,2,500,1,1.94747615685687,328
4,72,2,1500,-1,5.98170713187134,336
4,73,2,500,1,6.57924478716058,354
4,74,2,500,1,2.25693526025032,679
4,75,2,500,1,-0.878312667949676,481
4,76,2,500,1,-4.07432057823055,332
4,77,2,1500,-1,2.3051973647068,299
4,78,2,500,1,-0.340457680364314,333
4,79,2,500,1,-6.96324606781727,331
4,80,2,1500,-1,NaN,NaN
4,81,2,1500,-1,2.67595271086843,341
4,82,2,500,1,0.559518291593348,-22
4,83,2,1500,-1,3.30111058568274,320
4,84,2,500,1,-4.5863040310611,336
4,85,2,500,1,-8.54964693421318,370
4,86,2,1500,-1,NaN,NaN
4,87,2,500,1,4.11327165227058,640
4,88,2,500,1,-0.479155844188485,404
4,89,2,1500,-1,-2.00917225332631,339
4,90,2,1500,-1,8.56144528321854,295
4,91,2,1500,-1,8.17037321375783,316
4,92,2,500,1,6.95297882835317,299
4,93,2,500,1,1.03125433837329,280
4,94,2,1500,-1,5.76677604360952,256
4,95,2,500,1,4.7877406353958,296
4,96,2,500,1,-0.306591596558334,329
4,97,2,1500,-1,6.59889930539177,292
4,98,2,1500,-1,11.7981189609673,280
4,99,2,500,1,8.97848256456487,357
4,100,2,1500,-1,7.46892357050229,192
4,101,2,1500,-1,10.4479566533615,277
4,102,2,1500,-1,15.2937263642557,319
4,103,2,500,1,7.99413240530135,319
4,104,2,500,1,1.3554092983596,282
4,105,2,1500,-1,5.30960639487817,295
4,106,2,500,1,3.03496111411251,335
4,107,2,1500,-1,NaN,NaN
4,108,2,1500,-1,7.29724518925306,299
4,109,2,1500,-1,12.9462789995781,303
4,110,2,500,1,11.579314495321,467
4,111,2,500,1,6.3442616201881,292
4,112,2,1500,-1,14.1939432944252,-136
4,113,2,1500,-1,NaN,NaN
4,114,2,500,1,12.7465943736035,348
4,115,2,500,1,6.91405228482548,316
4,116,2,500,1,11.1695802162321,313
4,117,2,1500,-1,NaN,NaN
4,118,2,500,1,9.14754335004357,327
4,119,2,1500,-1,8.31924765194126,313
4,120,2,500,1,8.57416788165743,384
4,121,2,500,1,3.71403428653863,328
4,122,2,500,1,5.56005900051025,358
4,123,2,500,1,-2.63777247127928,330
4,124,2,500,1,0.695459209666735,327
4,125,2,500,1,6.28877896566186,347
4,126,2,500,1,4.71843746693801,296
4,127,2,1500,-1,4.70190724096592,313
4,128,2,500,1,2.66681070162064,324
4,129,2,1500,-1,3.70051165571077,301
4,130,2,500,1,5.73224046646102,356
4,131,2,1500,-1,6.59798434136976,401
4,132,2,500,1,6.32368347856004,351
4,133,2,500,1,4.28972038956388,313
4,134,2,1500,-1,5.48002608209919,312
4,135,2,500,1,2.49830996734205,357
4,136,2,1500,-1,6.32581794687475,293
4,137,2,1500,-1,NaN,NaN
4,138,2,1500,-1,10.8113533198561,347
4,139,2,1500,-1,6.91123610060652,348
4,140,2,500,1,9.55281417181903,344
4,141,2,1500,-1,9.22445147711776,354
4,142,2,1500,-1,13.7073178642783,335
4,143,2,500,1,10.204937395277,345
4,144,2,1500,-1,11.1656405936964,336
4,145,2,500,1,4.40468630352531,373
4,146,2,1500,-1,6.46634507329233,294
4,147,2,500,1,9.93682618891125,412
4,148,2,500,1,1.26155485506822,340
4,149,2,500,1,6.89544227267714,284
4,150,2,1500,-1,10.398667272707,313
4,151,2,500,1,6.36202277668208,330
4,152,2,1500,-1,9.08774341563056,310
4,153,2,500,1,4.72256258080467,421
4,154,2,1500,-1,12.2676350328045,267
4,155,2,1500,-1,13.9610928189027,325
4,156,2,500,1,11.363626868616,503
4,157,2,500,1,9.57258713019259,370
4,158,2,500,1,8.88855569058208,394
4,159,2,1500,-1,NaN,NaN
4,160,2,1500,-1,12.5036927285938,345
4,161,2,500,1,15.3225825667842,487
4,162,2,500,1,15.962392592504,414
4,163,2,1500,-1,12.5403714135444,298
4,164,2,1500,-1,6.84888007206341,305
4,165,2,500,1,13.3565045439003,366
4,166,2,500,1,7.57299952266542,338
4,167,2,500,1,4.67372467459375,414
4,168,2,1500,-1,NaN,NaN
4,169,2,1500,-1,13.4520886626803,294
4,170,2,1500,-1,14.1506823574774,292
4,171,2,1500,-1,17.3883809468776,199
4,172,2,1500,-1,16.9771879262263,344
4,173,2,500,1,15.2160118004016,346
4,174,2,1500,-1,15.6844697045372,252
4,175,2,1500,-1,18.3721247909389,279
4,176,2,500,1,15.252588068804,355
4,177,2,500,1,11.1836465351827,-98
4,178,2,500,1,5.02098417840888,356
4,179,2,1500,-1,11.5965289395278,338
4,180,2,500,1,12.6005204921814,442
4,181,2,500,1,6.94202990837831,306
4,182,2,500,1,7.76978011531564,297
4,183,2,1500,-1,9.77562608687325,332
4,184,2,1500,-1,12.158593996561,-114
4,185,2,1500,-1,13.9081375714446,296
4,186,2,1500,-1,14.7246841831861,318
4,187,2,1500,-1,23.0232346728322,359
4,188,2,500,1,13.2397140951066,398
4,189,2,1500,-1,NaN,NaN
4,190,2,500,1,11.7109258528118,433
4,191,2,1500,-1,12.4763834301947,297
4,192,2,500,1,10.8434502910195,318
4,193,2,500,1,11.6205729823412,334
4,194,2,500,1,8.9305372599683,397
4,195,2,500,1,4.75070386602409,-57
4,196,2,1500,-1,NaN,NaN
4,197,2,500,1,6.97222636254003,403
4,198,2,1500,-1,10.5849872043022,318
4,199,2,1500,-1,16.0680989688901,335
4,200,2,500,1,13.2465646080771,336
4,201,2,500,1,6.25959939422284,264
4,202,2,1500,-1,7.05003200495247,313
4,203,2,1500,-1,15.6343278102301,324
4,204,2,500,1,13.5528436485904,328
4,205,2,500,1,6.4759002180212,364
4,206,2,500,1,5.30931925311236,331
4,207,2,1500,-1,NaN,NaN
4,208,2,500,1,10.2939711266054,336
4,209,2,1500,-1,17.0290401674917,325
4,210,2,500,1,10.6224739590072,341
4,211,2,500,1,9.01760503189661,335
4,212,2,1500,-1,15.3879513324878,321
4,213,2,1500,-1,15.3132081413445,346
4,214,2,500,1,14.2859026564361,326
4,215,2,500,1,11.2358237604246,333
4,216,2,1500,-1,10.2907075703227,344
4,217,2,500,1,7.91906301698895,334
4,218,2,1500,-1,12.4533411663449,352
4,219,2,1500,-1,11.8095453382238,395
4,220,2,500,1,4.78009144133536,351
4,221,2,1500,-1,NaN,NaN
4,222,2,1500,-1,19.233309298173,356
4,223,2,1500,-1,21.2112171326992,337
4,224,2,1500,-1,22.0409627820568,331
4,225,2,1500,-1,18.956241479911,375
4,226,2,1500,-1,19.2438647577218,346
4,227,2,500,1,23.4048474371652,541
4,228,2,500,1,11.3381724308094,379
4,229,2,500,1,11.0254622352506,297
4,230,2,1500,-1,11.7265672335828,325
4,231,2,1500,-1,13.7211267015183,327
4,232,2,1500,-1,19.5159651091915,324
4,233,2,1500,-1,18.0830696739473,360
4,234,2,500,1,20.3268450363163,315
4,235,2,1500,-1,17.2382856532089,333
4,236,2,500,1,14.4642653983578,370
4,237,2,1500,-1,14.7801935211125,358
4,238,2,500,1,8.58933233767247,371
4,239,2,1500,-1,10.4822685949483,339
4,240,2,500,1,11.1787033232033,421
4,241,2,1500,-1,11.2861447425573,347
4,242,2,500,1,9.32422431778346,357
4,243,2,500,1,11.9772332237363,317
4,244,2,1500,-1,NaN,NaN
4,245,2,1500,-1,18.8219512705572,332
4,246,2,500,1,13.5752808742038,353
4,247,2,500,1,7.12109905462247,324
4,248,2,1500,-1,11.4889622170822,345
4,249,2,1500,-1,12.1047650213101,332
4,250,2,500,1,10.6109583347351,365
4,251,2,500,1,10.1492032854596,352
4,252,2,500,1,9.11841975115763,310
4,253,2,500,1,9.19429014746082,309
4,254,2,500,1,7.28639308169854,297
4,255,2,1500,-1,11.3257802152942,301
4,256,2,500,1,9.91236659070171,362
4,257,2,500,1,3.76853801144528,-69
4,258,2,500,1,4.17810352238003,321
4,259,2,1500,-1,NaN,NaN
4,260,2,500,1,6.18334961952898,443
4,261,2,500,1,4.37687299369556,379
4,262,2,500,1,-5.43508508132838,289
4,263,2,500,1,2.39242254359103,306
4,264,2,500,1,-1.31344867352435,267
4,265,2,500,1,6.90530930246724,-114
4,266,2,1500,-1,0.974477172480141,340
4,267,2,500,1,-3.59549517164037,321
4,268,2,500,1,-0.638765938739608,424
4,269,2,1500,-1,9.89866196985236,348
4,270,2,1500,-1,11.5023083317331,322
4,271,2,500,1,6.93464458267265,329
4,272,2,1500,-1,1.13075832185417,352
4,273,2,1500,-1,3.40516698446163,323
4,274,2,500,1,4.30519728294062,366
4,275,2,500,1,6.4356887569769,316
4,276,2,500,1,7.16510480232514,333
4,277,2,1500,-1,NaN,NaN
4,278,2,1500,-1,17.5463094099005,325
4,279,2,500,1,17.2719125870452,312
4,280,2,1500,-1,15.9197693033657,316
4,281,2,1500,-1,17.4628035109021,359
4,282,2,500,1,20.5526946109295,335
4,283,2,500,1,10.3253438043499,335
4,284,2,500,1,12.6714199504111,320
4,285,2,1500,-1,15.4996710532901,289
4,286,2,500,1,16.3780261161095,360
4,287,2,1500,-1,NaN,NaN
4,288,2,500,1,16.4120190996841,340
4,289,2,1500,-1,12.3739378724652,341
4,290,2,1500,-1,15.9604651811224,323
4,291,2,1500,-1,17.0657932255448,344
4,292,2,1500,-1,18.1930221392589,319
4,293,2,500,1,14.0694032325073,428
4,294,2,1500,-1,14.1704396468507,313
4,295,2,500,1,12.5983070068458,597
4,296,2,1500,-1,17.7120713503416,309
4,297,2,1500,-1,18.2356626017093,318
4,298,2,500,1,14.6374112157873,501
4,299,2,500,1,6.02758858113526,371
4,300,2,1500,-1,NaN,NaN
4,301,2,1500,-1,14.7278425511381,277
4,302,2,1500,-1,14.9965605712008,343
4,303,2,500,1,16.974758603379,407
4,304,2,1500,-1,10.889109479945,315
4,305,2,500,1,11.9945329646543,510
4,306,2,500,1,18.8478313116867,548
4,307,2,1500,-1,29.0071323864357,284
4,308,2,500,1,10.0145730106316,329
4,309,2,1500,-1,13.8606816405971,362
4,310,2,500,1,13.3806374466258,380
4,311,2,1500,-1,13.6640047815256,331
4,312,2,1500,-1,16.9668427690693,403
4,313,2,1500,-1,21.0945168827934,327
4,314,2,500,1,17.9463748074435,348
4,315,2,1500,-1,17.2256469666647,397
4,316,2,1500,-1,21.1169291367167,310
4,317,2,500,1,14.3532424098528,306
4,318,2,1500,-1,18.1953763758166,329
4,319,2,500,1,13.9311800170553,349
4,320,2,500,1,12.2877809320352,317
4,321,2,1500,-1,12.5221709575423,280
4,322,2,1500,-1,17.9860410351016,319
4,323,2,1500,-1,18.4186797445184,439
4,324,2,500,1,16.8344108218212,348
4,325,2,1500,-1,14.4205353851749,391
4,326,2,1500,-1,13.5913840430887,302
4,327,2,1500,-1,10.5727282069428,366
4,328,2,1500,-1,NaN,NaN
4,329,2,1500,-1,15.6222837455848,322
4,330,2,500,1,15.8917566544208,329
4,331,2,500,1,14.2742385060094,323
4,332,2,1500,-1,13.9126904906425,308
4,333,2,500,1,17.4674677109544,329
4,334,2,500,1,15.6696055620669,333
4,335,2,1500,-1,17.1034518335082,321
4,336,2,1500,-1,15.4952475039933,352
4,337,2,1500,-1,21.2459246340427,277
4,338,2,500,1,13.5134326497637,357
4,339,2,1500,-1,19.172778742637,326
4,340,2,500,1,6.55219999721358,357
4,341,2,1500,-1,NaN,NaN
4,342,2,1500,-1,12.9056585313185,360
4,343,2,1500,-1,19.1576898161809,336
4,344,2,1500,-1,19.6799530925039,315
4,345,2,500,1,9.7923735613125,308
4,346,2,1500,-1,14.5213261444659,291
4,347,2,1500,-1,14.4772282440608,387
4,348,2,1500,-1,21.9521832237146,313
4,349,2,500,1,16.3044354558337,355
4,350,2,500,1,6.96804862950252,303
4,351,2,1500,-1,9.07280019270566,309
4,352,2,500,1,7.2616253212024,297
4,353,2,1500,-1,12.380403143777,285
4,354,2,500,1,9.64256238042438,313
4,355,2,1500,-1,10.5176765063769,313
4,356,2,1500,-1,7.82482039179726,296
4,357,2,500,1,-0.637098808036264,435
4,358,2,500,1,-1.77643316972756,320
4,359,2,1500,-1,NaN,NaN
4,360,2,1500,-1,16.4775597720272,302
4,361,2,1500,-1,17.1857004128574,300
4,362,2,1500,-1,16.6432412496951,295
4,363,2,500,1,13.9740095528282,309
4,364,2,500,1,4.29718849165642,112
4,365,2,1500,-1,9.39481244842879,333
4,366,2,1500,-1,NaN,NaN
4,367,2,500,1,17.0791793489958,328
4,368,2,500,1,5.58823228079635,359
4,369,2,500,1,-0.700967437318217,402
4,370,2,1500,-1,11.0557872995723,306
4,371,2,1500,-1,15.9514328693607,314
4,372,2,500,1,6.62613388672523,349
4,373,2,500,1,6.13736326866721,271
4,374,2,1500,-1,10.3929740486962,288
4,375,2,500,1,6.63322252045644,363
4,376,2,1500,-1,6.05847348392597,321
4,377,2,500,1,10.7145828129124,302
4,378,2,500,1,11.3762092455621,489
4,379,2,1500,-1,5.27466030296532,334
4,380,2,1500,-1,NaN,NaN
4,381,2,1500,-1,17.1440852204548,357
4,382,2,1500,-1,14.8392424290444,300
4,383,2,1500,-1,18.175502139359,367
4,384,2,500,1,9.79479246458746,390
4,385,2,500,1,2.61888108278843,353
4,386,2,1500,-1,12.8529841920338,424
4,387,2,500,1,8.30300697548645,329
4,388,2,500,1,5.93467919814247,337
4,389,2,500,1,2.56759812224102,335
4,390,2,1500,-1,9.91306400324582,317
4,391,2,500,1,4.2815484015621,326
4,392,2,1500,-1,NaN,NaN
4,393,2,1500,-1,15.0247696092046,337
4,394,2,500,1,13.6544290064931,394
4,395,2,1500,-1,16.1972448319762,313
4,396,2,1500,-1,15.9566289964768,304
4,397,2,1500,-1,18.4883984234636,319
4,398,2,500,1,13.5852143501603,411
4,399,2,500,1,13.6211869373446,382
4,400,2,1500,-1,11.6427712927454,392
4,401,2,500,1,9.51386759939308,294
4,402,2,1500,-1,9.39836702862637,340
4,403,2,500,1,6.29308663937633,426
4,404,2,500,1,1.05900601385147,303
4,405,2,500,1,2.81633227018583,449
4,406,2,500,1,3.20037022310697,300
4,407,2,1500,-1,12.1022288291811,337
4,408,2,1500,-1,7.92219215055474,317
4,409,2,500,1,2.23380734707518,390
4,410,2,1500,-1,11.1654258855985,309
4,411,2,500,1,1.71182929702205,366
4,412,2,1500,-1,9.75714445120973,323
4,413,2,500,1,4.70295510816694,348
4,414,2,500,1,4.78521454896136,351
4,415,2,500,1,3.42413247014956,310
4,416,2,1500,-1,NaN,NaN
4,417,2,1500,-1,14.3794544954907,343
4,418,2,1500,-1,18.8480931671657,312
4,419,2,1500,-1,19.4698876951835,343
4,420,2,1500,-1,24.0814684280202,84
4,421,3,1500,0,14.9607413666074,339
4,422,3,1500,0,NaN,NaN
4,423,3,500,0,16.0064678976654,399
4,424,3,1000,0,15.0941764737002,337
4,425,3,1000,0,13.1885005877655,353
4,426,3,1500,0,15.7711988057167,366
4,427,3,1000,0,12.7253292753984,341
4,428,3,1000,0,12.6823311302237,341
4,429,3,750,0,12.576051253447,340
4,430,3,1250,0,13.5782209339536,310
4,431,3,1500,0,11.4192019486956,293
4,432,3,750,0,10.9915641862692,358
4,433,3,750,0,6.49591725641099,314
4,434,3,1500,0,13.321502429873,343
4,435,3,750,0,9.7545389385948,369
4,436,3,750,0,12.9019520735555,327
4,437,3,1250,0,10.1792272575013,301
4,438,3,500,0,10.7642517845004,418
4,439,3,1500,0,2.5144471815526,302
4,440,3,1500,0,9.46755722495764,339
4,441,3,750,0,12.3155854854328,331
4,442,3,1250,0,9.18805157151862,317
4,443,3,1500,0,10.2219814324891,338
4,444,3,750,0,7.53930072212613,403
4,445,3,500,0,2.94798802078895,392
4,446,3,1000,0,8.13483113073693,349
4,447,3,750,0,8.22509359113078,302
4,448,3,1500,0,8.10348706247622,312
4,449,3,500,0,8.97474668231835,432
4,450,3,750,0,11.3018275021185,365
4,451,3,1000,0,11.8750023798171,414
4,452,3,500,0,9.13564547553653,146
4,453,3,750,0,14.3222452013987,405
4,454,3,500,0,9.94726824045482,317
4,455,3,1250,0,12.4588510499815,273
4,456,3,1000,0,8.64190206842451,342
4,457,3,1250,0,17.1832071470965,347
4,458,3,500,0,11.9100937706235,423
4,459,3,500,0,11.4557817809011,348
4,460,3,1000,0,12.7744065475863,282
4,461,3,1250,0,NaN,NaN
4,462,3,500,0,5.30509158965014,372
4,463,3,750,0,8.68722365606559,341
4,464,3,750,0,10.7590513514207,306
4,465,3,1000,0,9.68868344434877,325
4,466,3,1250,0,9.37341214184,345
4,467,3,1250,0,7.28091204386855,268
4,468,3,500,0,9.29537875731913,386
4,469,3,1500,0,7.91189481824153,273
4,470,3,1500,0,3.61326326936658,410
4,471,3,1500,0,NaN,NaN
4,472,3,1250,0,9.13843086129201,363
4,473,3,1500,0,12.9604982546275,49
4,474,3,1000,0,11.0427391983587,313
4,475,3,1250,0,11.1036738731845,314
4,476,3,1250,0,17.0363486434829,150
4,477,3,1000,0,NaN,NaN
4,478,3,750,0,7.38216260402591,333
4,479,3,1250,0,14.9473174276194,395
4,480,3,1250,0,8.57542401671033,358
4,481,3,500,0,2.09862358072096,339
4,482,3,1000,0,NaN,NaN
4,483,3,1500,0,NaN,NaN
4,484,3,1500,0,10.3585990612235,341
4,485,3,1000,0,7.38453141883529,337
4,486,3,1000,0,4.40447982738932,363
4,487,3,1500,0,9.54756311078452,358
4,488,3,1250,0,4.6074629549815,360
4,489,3,500,0,8.48240322506217,337
4,490,3,500,0,7.70664563201143,322
4,491,3,1500,0,11.9659091761714,343
4,492,3,1000,0,8.97202995980989,314
4,493,3,1250,0,3.87932051186317,321
4,494,3,1250,0,6.43891645505577,301
4,495,3,750,0,6.20208121648601,268
4,496,3,500,0,2.29811103161344,490
4,497,3,1250,0,9.48226733218286,77
4,498,3,1250,0,NaN,NaN
4,499,3,1000,0,3.26558523199714,364
4,500,3,500,0,4.98518056136792,326
4,501,3,750,0,5.85741716931734,-97
4,502,3,750,0,6.49202927930154,280
4,503,3,750,0,NaN,NaN
4,504,3,500,0,4.00340483508102,246
4,505,3,500,0,-4.12606993681241,-122
4,506,3,500,0,3.40328538532138,-31
4,507,3,750,0,6.48128334744709,352
4,508,3,500,0,9.53465578570991,352
4,509,3,1250,0,11.5973630079295,345
4,510,3,750,0,7.12211502693737,322
4,511,3,500,0,9.03874255732716,375
4,512,3,500,0,3.97160152036256,340
4,513,3,750,0,7.5756631134116,321
4,514,3,1500,0,7.11667915884625,334
4,515,3,750,0,5.89131691653503,330
4,516,3,500,0,4.62450401896841,334
4,517,3,1000,0,6.04493750225827,312
4,518,3,1250,0,NaN,NaN
4,519,3,1250,0,7.15757573434959,354
4,520,3,1000,0,5.81487719124166,366
4,521,3,1250,0,6.01795840419695,297
4,522,3,750,0,4.13216936712209,-179
4,523,3,500,0,3.50312896605579,314
4,524,3,1500,0,10.528397555456,311
4,525,3,1500,0,12.190730946907,-64
4,526,3,1000,0,5.327819051752,312
4,527,3,1500,0,4.80011985966884,313
4,528,3,500,0,4.1419028383499,422
4,529,3,1250,0,5.44716599143999,307
4,530,3,500,0,10.2070580834293,428
4,531,3,1250,0,15.1625100450203,349
4,532,3,1500,0,12.7655311339232,58
4,533,3,1500,0,4.38194218815928,314
4,534,3,1500,0,7.30241623120563,314
4,535,3,1500,0,8.05428037675017,368
4,536,3,750,0,5.39024177226731,356
4,537,3,1000,0,8.05836601655083,337
4,538,3,750,0,8.60824998062213,372
4,539,3,750,0,4.22270062909138,372
4,540,3,1000,0,10.2372053927669,317
4,541,3,1250,0,9.76257677532993,308
4,542,3,750,0,7.80222084471382,335
4,543,3,1000,0,9.66872560241373,296
4,544,3,1000,0,13.5697351510858,327
4,545,3,1250,0,11.0551360252753,95
4,546,3,750,0,4.97326712895855,354
4,547,3,500,0,8.45709568852541,728
4,548,3,750,0,4.54082936246992,606
4,549,3,1000,0,9.39801375001907,287
4,550,3,500,0,6.89684837896465,297
4,551,3,750,0,8.31196711663739,280
4,552,3,1500,0,16.9542539761483,347
4,553,3,1250,0,10.3302128299932,-39
4,554,3,1000,0,11.7263410637276,344
4,555,3,500,0,9.67726901713606,344
4,556,3,1250,0,12.4096401894057,316
4,557,3,1000,0,9.51675438090303,298
4,558,3,1000,0,NaN,NaN
4,559,3,1000,0,13.7198142127649,329
4,560,3,1500,0,14.3068129110392,310
4,561,3,750,0,11.7948386221719,649
4,562,3,1000,0,NaN,NaN
4,563,3,1500,0,15.5229325228174,292
4,564,3,1250,0,10.1598932290397,343
4,565,3,1000,0,10.0806799261296,366
4,566,3,1250,0,8.22072525925611,349
4,567,3,1500,0,NaN,NaN
4,568,3,500,0,1.4673117581657,-50
4,569,3,1500,0,9.5460948986877,323
4,570,3,500,0,9.38667209376847,334
5,1,1,500,0,-0.154342627510955,33
5,2,1,500,0,2.16396101177722,-74
5,3,1,500,0,-0.972486675722352,-35
5,4,1,1500,0,1.14638714228374,328
5,5,1,1500,0,NaN,NaN
5,6,1,1500,0,3.35856487514236,596
5,7,1,1500,0,-0.0422753910191846,380
5,8,1,500,0,-0.737995584592709,542
5,9,1,500,0,0.371565265686752,-76
5,10,1,1500,0,2.03149812737383,390
5,11,1,500,0,1.62832622007609,155
5,12,1,500,0,0.766028783323492,432
5,13,1,500,0,0.029763027738027,475
5,14,1,1500,0,-1.87772298559462,441
5,15,1,1500,0,-3.519202982496,383
5,16,1,1500,0,2.50903696515441,392
5,17,1,1500,0,4.15592515292711,348
5,18,1,500,0,3.01617784023562,66
5,19,1,500,0,1.35612300541819,165
5,20,1,1500,0,-0.054477099811088,263
5,21,2,500,1,-18.0666201711168,567
5,22,2,1500,-1,NaN,NaN
5,23,2,1500,-1,NaN,NaN
5,24,2,500,1,NaN,NaN
5,25,2,500,1,-0.597843208036655,631
5,26,2,1500,-1,NaN,NaN
5,27,2,1500,-1,4.32432294257183,456
5,28,2,1500,-1,7.40749329241598,365
5,29,2,500,1,-5.07155589701706,1089
5,30,2,500,1,-5.81522487012309,342
5,31,2,1500,-1,NaN,NaN
5,32,2,1500,-1,2.09148799374375,363
5,33,2,500,1,5.23790494985096,1069
5,34,2,500,1,-0.922964279105107,383
5,35,2,500,1,-5.55349621159459,469
5,36,2,1500,-1,-3.09084383500637,455
5,37,2,1500,-1,4.40129692333196,317
5,38,2,500,1,-1.02272793957644,393
5,39,2,1500,-1,-2.62459681280296,360
5,40,2,1500,-1,5.88210261351893,369
5,41,2,1500,-1,8.40560055780119,397
5,42,2,500,1,6.91938783613306,487
5,43,2,1500,-1,1.4919114921098,382
5,44,2,500,1,NaN,NaN
5,45,2,500,1,-1.07407593348546,528
5,46,2,500,1,0.651979200057804,481
5,47,2,1500,-1,NaN,NaN
5,48,2,500,1,2.30932192210361,472
5,49,2,500,1,0.303956485698766,361
5,50,2,500,1,-1.55054197908166,381
5,51,2,500,1,-3.2236304877843,378
5,52,2,500,1,-0.659736482844392,371
5,53,2,500,1,-3.83552393752778,411
5,54,2,500,1,-3.18629635026364,418
5,55,2,1500,-1,-1.08605246077919,407
5,56,2,500,1,-0.707997902861564,451
5,57,2,500,1,-3.45086624968632,441
5,58,2,1500,-1,-1.81072655094717,404
5,59,2,500,1,1.1612609570931,1031
5,60,2,1500,-1,NaN,NaN
5,61,2,500,1,3.01238098407195,553
5,62,2,1500,-1,-1.82770462691004,335
5,63,2,1500,-1,4.39596515823705,417
5,64,2,500,1,3.85281389894533,427
5,65,2,1500,-1,3.0945154308871,410
5,66,2,500,1,2.50993463197822,432
5,67,2,500,1,0.136566565843833,604
5,68,2,1500,-1,-4.09409309530123,334
5,69,2,500,1,0.73647427954939,477
5,70,2,500,1,0.569293283662165,345
5,71,2,1500,-1,2.71619713482156,373
5,72,2,500,1,3.45149481464325,372
5,73,2,500,1,-0.764881630288553,335
5,74,2,1500,-1,-1.68132771734834,406
5,75,2,500,1,2.65121427677169,696
5,76,2,500,1,-3.74671163747284,510
5,77,2,500,1,-0.0187379281769137,333
5,78,2,1500,-1,-0.233548598162817,497
5,79,2,1500,-1,6.2865501257878,389
5,80,2,500,1,1.32669485261791,483
5,81,2,1500,-1,-1.36892009697213,321
5,82,2,500,1,1.60987303914124,367
5,83,2,500,1,-2.91193694698931,349
5,84,2,500,1,-2.01989268187704,345
5,85,2,1500,-1,0.01604817586009,355
5,86,2,500,1,5.59898626522864,364
5,87,2,1500,-1,NaN,NaN
5,88,2,500,1,0.978714532189894,540
5,89,2,1500,-1,-3.61539846715537,357
5,90,2,1500,-1,4.39648191777873,410
5,91,2,1500,-1,7.06220446083251,401
5,92,2,500,1,1.69445616151422,481
5,93,2,1500,-1,-2.69876912711036,460
5,94,2,500,1,-3.01469293883162,405
5,95,2,500,1,-7.14498089825461,402
5,96,2,1500,-1,-2.05504757961849,362
5,97,2,1500,-1,6.41741041564244,429
5,98,2,1500,-1,6.08148030073839,415
5,99,2,500,1,5.59106409365725,410
5,100,2,500,1,-2.06344270967994,394
5,101,2,1500,-1,0.825468651864852,368
5,102,2,1500,-1,6.22727667227225,361
5,103,2,1500,-1,4.05139377588188,366
5,104,2,1500,-1,1.05416894920355,429
5,105,2,1500,-1,3.36628475697747,317
5,106,2,1500,-1,6.37364027797949,480
5,107,2,500,1,4.08928574847777,609
5,108,2,500,1,1.41439202448653,358
5,109,2,500,1,-0.15692564866173,555
5,110,2,500,1,1.36818565908272,364
5,111,2,500,1,-6.39881043243286,365
5,112,2,1500,-1,-1.11052325129073,436
5,113,2,500,1,-0.637288023064924,384
5,114,2,500,1,-3.61417599468461,367
5,115,2,500,1,-4.14603652601804,355
5,116,2,500,1,-5.99535513958743,381
5,117,2,500,1,-6.66673935604396,394
5,118,2,1500,-1,-4.95118043331962,330
5,119,2,1500,-1,NaN,NaN
5,120,2,500,1,-1.6902375783616,402
5,121,2,1500,-1,-1.60518125095396,380
5,122,2,500,1,-1.44593565599291,363
5,123,2,500,1,-4.24787941065047,347
5,124,2,500,1,-5.70426693689294,349
5,125,2,1500,-1,-3.20618717110383,382
5,126,2,500,1,-0.481526693467354,873
5,127,2,500,1,-2.33424826330058,442
5,128,2,500,1,-8.02361286885545,340
5,129,2,500,1,-8.45614094205316,382
5,130,2,1500,-1,-1.55064486905202,404
5,131,2,1500,-1,0.53090576861382,342
5,132,2,1500,-1,5.24982454449539,470
5,133,2,1500,-1,8.86420850698503,353
5,134,2,500,1,4.11702966990385,404
5,135,2,1500,-1,2.59019974908522,400
5,136,2,500,1,4.22945154721709,383
5,137,2,1500,-1,3.36086539532178,466
5,138,2,1500,-1,NaN,NaN
5,139,2,500,1,3.15526921754928,401
5,140,2,1500,-1,0.549094304595739,360
5,141,2,500,1,1.44544982372479,381
5,142,2,1500,-1,-1.44113934514228,354
5,143,2,1500,-1,6.98362834355565,425
5,144,2,500,1,2.26080402004211,107
5,145,2,1500,-1,0.631790610544865,340
5,146,2,1500,-1,3.18586361004999,384
5,147,2,500,1,2.34912493258581,504
5,148,2,1500,-1,2.13009892379938,439
5,149,2,1500,-1,5.69603862953707,337
5,150,2,500,1,6.71126874744151,354
5,151,2,500,1,-2.07170298793696,355
5,152,2,1500,-1,-0.174198061181199,348
5,153,2,500,1,-8.25584448154463,492
5,154,2,500,1,-9.78206760713398,69
5,155,2,500,1,-5.82118426656187,380
5,156,2,1500,-1,-0.556605725990589,313
5,157,2,1500,-1,1.52814408979392,354
5,158,2,500,1,-2.1863927493713,36
5,159,2,1500,-1,0.232778063386041,355
5,160,2,500,1,2.19221829716529,544
5,161,2,1500,-1,-4.29998555771304,334
5,162,2,500,1,-10.6719323096763,77
5,163,2,500,1,-2.5377481563079,494
5,164,2,1500,-1,-5.68456429511431,408
5,165,2,500,1,-8.33017273880503,437
5,166,2,500,1,-8.2323798357003,382
5,167,2,1500,-1,-2.96145417289655,348
5,168,2,1500,-1,-6.44032241740262,333
5,169,2,1500,-1,0.386147459991545,317
5,170,2,1500,-1,5.32410387534047,374
5,171,2,500,1,-1.46852327205864,377
5,172,2,500,1,-6.81885886330404,358
5,173,2,1500,-1,-4.4200383069446,374
5,174,2,500,1,-0.541081430340897,453
5,175,2,1500,-1,-5.98306581068422,354
5,176,2,500,1,-5.17710353838875,360
5,177,2,500,1,-7.7040205962765,469
5,178,2,500,1,-8.66390228236629,402
5,179,2,1500,-1,-4.10068685027864,427
5,180,2,500,1,-9.6596003600332,440
5,181,2,500,1,-4.49308033765867,364
5,182,2,500,1,-8.49195980058413,360
5,183,2,1500,-1,NaN,NaN
5,184,2,500,1,0.777372995580196,446
5,185,2,500,1,-3.23179219537154,362
5,186,2,500,1,-8.60417043354665,375
5,187,2,500,1,-10.039655282206,365
5,188,2,1500,-1,-4.82269622759421,375
5,189,2,500,1,-2.66265587579082,98
5,190,2,1500,-1,-3.58344146945448,430
5,191,2,1500,-1,4.34013763082609,382
5,192,2,1500,-1,3.5527026131035,357
5,193,2,1500,-1,9.14731812512279,487
5,194,2,500,1,1.33127166337112,415
5,195,2,500,1,-3.23373631737897,377
5,196,2,1500,-1,-0.248743001366011,349
5,197,2,500,1,4.99972389985568,355
5,198,2,1500,-1,1.54196864546961,346
5,199,2,500,1,-1.149381355886,491
5,200,2,500,1,-5.26337413150595,345
5,201,2,500,1,-3.11195695381579,324
5,202,2,500,1,-4.59584641642436,342
5,203,2,500,1,-4.81742524754041,441
5,204,2,500,1,-6.17864383564807,335
5,205,2,1500,-1,-3.59487319201638,326
5,206,2,500,1,-6.26881117166034,351
5,207,2,1500,-1,NaN,NaN
5,208,2,1500,-1,1.14697534436705,327
5,209,2,1500,-1,4.86193490465134,333
5,210,2,1500,-1,3.79224579274823,370
5,211,2,1500,-1,1.62097739926604,476
5,212,2,500,1,-1.57751642567191,339
5,213,2,1500,-1,7.00077190448517,370
5,214,2,1500,-1,8.48327863037827,362
5,215,2,500,1,-1.53095721534309,459
5,216,2,500,1,-3.69634628296329,524
5,217,2,500,1,-2.09206908176156,315
5,218,2,1500,-1,NaN,NaN
5,219,2,1500,-1,7.24327356994313,353
5,220,2,500,1,4.30102424391752,467
5,221,2,1500,-1,3.59509792858865,439
5,222,2,1500,-1,10.6344802061105,321
5,223,2,500,1,1.87272384831066,346
5,224,2,1500,-1,5.84312672678869,327
5,225,2,500,1,3.16638046985392,385
5,226,2,1500,-1,4.65228755765266,327
5,227,2,500,1,8.24364311438302,555
5,228,2,500,1,-0.498376894986216,382
5,229,2,500,1,-2.44788202788842,339
5,230,2,1500,-1,1.05587886070038,410
5,231,2,1500,-1,7.19208762178714,357
5,232,2,500,1,-2.22679674485521,419
5,233,2,1500,-1,-1.48767058167252,394
5,234,2,500,1,-1.22410310550754,403
5,235,2,500,1,-8.58662988111604,373
5,236,2,500,1,-6.95020723464828,359
5,237,2,1500,-1,-1.25351787940837,374
5,238,2,500,1,-4.26614369669667,415
5,239,2,1500,-1,NaN,NaN
5,240,2,1500,-1,-1.67969877105856,456
5,241,2,1500,-1,6.3529223445409,456
5,242,2,500,1,6.78853820340266,448
5,243,2,1500,-1,5.59974557865561,370
5,244,2,500,1,1.00075347373374,392
5,245,2,1500,-1,-4.86684598064269,341
5,246,2,500,1,0.824289055588933,546
5,247,2,1500,-1,4.29193158020639,364
5,248,2,1500,-1,4.71029791575117,342
5,249,2,500,1,0.627121048530635,51
5,250,2,500,1,1.43956788850974,402
5,251,2,1500,-1,0.787889438677598,447
5,252,2,500,1,4.41545735332032,553
5,253,2,1500,-1,1.58450514290149,335
5,254,2,500,1,2.4535288288005,394
5,255,2,1500,-1,-4.46346253534728,354
5,256,2,1500,-1,5.69329317406272,351
5,257,2,500,1,9.19338839072687,323
5,258,2,1500,-1,4.29916402915639,379
5,259,2,500,1,3.93693461542695,447
5,260,2,500,1,-2.20778310559727,484
5,261,2,1500,-1,2.5466695475229,325
5,262,2,1500,-1,6.61152178312053,436
5,263,2,500,1,3.4022559194321,438
5,264,2,1500,-1,0.357584816836126,354
5,265,2,500,1,-2.32687655872593,367
5,266,2,1500,-1,4.56604637595211,419
5,267,2,1500,-1,3.15710720552761,361
5,268,2,1500,-1,6.32823886655466,358
5,269,2,1500,-1,14.3779013603238,356
5,270,2,1500,-1,13.2101085916217,422
5,271,2,1500,-1,11.7403740152077,370
5,272,2,500,1,5.4904954211581,488
5,273,2,500,1,5.06010032538362,601
5,274,2,1500,-1,NaN,NaN
5,275,2,500,1,5.70676729493942,415
5,276,2,500,1,3.29262684909716,330
5,277,2,500,1,1.02936528396213,380
5,278,2,500,1,-2.7358451861789,394
5,279,2,500,1,-3.24535003137886,399
5,280,2,500,1,-6.55363309716438,337
5,281,2,500,1,-4.1772430009456,332
5,282,2,500,1,-4.09789181660551,461
5,283,2,500,1,-4.05207643521987,472
5,284,2,500,1,-11.4780971383405,353
5,285,2,500,1,-9.15468432416431,356
5,286,2,1500,-1,-6.69519060505672,387
5,287,2,1500,-1,-2.03387154543672,378
5,288,2,500,1,NaN,NaN
5,289,2,1500,-1,8.19382178430735,395
5,290,2,1500,-1,10.7818163489961,464
5,291,2,1500,-1,NaN,NaN
5,292,2,500,1,3.03994546859868,362
5,293,2,500,1,-0.523454227823475,403
5,294,2,1500,-1,2.28849982705867,435
5,295,2,500,1,6.06547403343671,415
5,296,2,1500,-1,4.98776297275955,396
5,297,2,500,1,12.070634781477,43
5,298,2,500,1,4.2820220202073,410
5,299,2,1500,-1,7.34209756038569,423
5,300,2,500,1,-1.68992264546469,566
5,301,2,500,1,1.42270569430086,365
5,302,2,1500,-1,6.68940689436985,438
5,303,2,500,1,9.13460143916406,2
5,304,2,500,1,2.81259972559075,365
5,305,2,1500,-1,NaN,NaN
5,306,2,1500,-1,8.32128884879233,336
5,307,2,1500,-1,9.76162302576245,344
5,308,2,500,1,2.0338242597041,468
5,309,2,1500,-1,5.80260861133144,357
5,310,2,1500,-1,10.6504280219476,349
5,311,2,500,1,9.22159486205526,420
5,312,2,1500,-1,10.3346622921827,368
5,313,2,500,1,6.33689112183141,388
5,314,2,1500,-1,3.52755474919981,384
5,315,2,1500,-1,10.2081681125749,369
5,316,2,1500,-1,13.2576697566681,420
5,317,2,1500,-1,16.0601701482288,374
5,318,2,1500,-1,NaN,NaN
5,319,2,1500,-1,10.5501310640424,410
5,320,2,500,1,NaN,NaN
5,321,2,500,1,4.91315221802353,732
5,322,2,1500,-1,NaN,NaN
5,323,2,1500,-1,13.0053028177385,456
5,324,2,500,1,5.6852124455104,487
5,325,2,1500,-1,10.6891795941354,345
5,326,2,500,1,7.16287232718093,451
5,327,2,1500,-1,7.73295655352217,337
5,328,2,1500,-1,3.82572512659295,372
5,329,2,1500,-1,NaN,NaN
5,330,2,500,1,4.40709761786318,438
5,331,2,500,1,-0.197629626012651,378
5,332,2,1500,-1,2.04480165925253,373
5,333,2,1500,-1,9.05095587960378,357
5,334,2,500,1,8.62436326084953,368
5,335,2,500,1,2.37780894830214,320
5,336,2,500,1,-0.966995981636338,360
5,337,2,1500,-1,2.17915471786621,362
5,338,2,500,1,0.998384224252678,385
5,339,2,1500,-1,4.43477077376907,382
5,340,2,1500,-1,5.64056687959662,395
5,341,2,500,1,5.3756945925041,457
5,342,2,500,1,-2.62750263524698,-34
5,343,2,1500,-1,3.20709201375402,412
5,344,2,1500,-1,8.80162193657627,356
5,345,2,500,1,5.13316760788953,423
5,346,2,1500,-1,2.80574273048694,376
5,347,2,500,1,2.55008307898263,430
5,348,2,1500,-1,2.50776197403337,383
5,349,2,500,1,2.13906789847043,400
5,350,2,500,1,0.930248154788469,344
5,351,2,1500,-1,2.19289340145158,380
5,352,2,500,1,6.92468184282588,404
5,353,2,500,1,-1.22815504438696,373
5,354,2,1500,-1,1.39326053615606,390
5,355,2,500,1,3.94144832778439,737
5,356,2,500,1,-7.76420771013595,448
5,357,2,1500,-1,1.64969491841291,370
5,358,2,1500,-1,9.59495889452831,380
5,359,2,500,1,-2.34447295147999,-10
5,360,2,500,1,1.81512608253652,551
5,361,2,1500,-1,4.28179560368784,469
5,362,2,500,1,-1.09434666977412,464
5,363,2,500,1,-5.21735616503258,472
5,364,2,500,1,-8.71053141156508,366
5,365,2,1500,-1,3.92078875460537,384
5,366,2,500,1,1.41097121692916,839
5,367,2,500,1,-0.426509023924144,656
5,368,2,500,1,-9.06867749644302,464
5,369,2,1500,-1,3.2464929621298,372
5,370,2,1500,-1,8.14311566250428,386
5,371,2,500,1,3.25822519644157,450
5,372,2,1500,-1,NaN,NaN
5,373,2,1500,-1,8.12881549322269,411
5,374,2,1500,-1,10.9617984482644,341
5,375,2,1500,-1,16.7108452460391,382
5,376,2,1500,-1,14.0517263883125,373
5,377,2,1500,-1,12.5778641428641,436
5,378,2,500,1,8.80316835282793,374
5,379,2,1500,-1,7.13816267844175,359
5,380,2,1500,-1,16.6917627495621,299
5,381,2,1500,-1,15.2530279216696,-142
5,382,2,1500,-1,8.36418843457533,498
5,383,2,1500,-1,NaN,NaN
5,384,2,500,1,8.27364349693314,632
5,385,2,500,1,5.96978828529075,450
5,386,2,500,1,3.98974510365254,349
5,387,2,1500,-1,NaN,NaN
5,388,2,500,1,4.40928784977812,532
5,389,2,1500,-1,6.55256825011506,329
5,390,2,1500,-1,7.93412037867366,398
5,391,2,500,1,-1.81666351332412,445
5,392,2,500,1,-5.70593183965567,357
5,393,2,500,1,-3.17054465481351,317
5,394,2,1500,-1,0.749722974160032,336
5,395,2,500,1,-1.00034656330357,324
5,396,2,1500,-1,1.2366891562486,645
5,397,2,1500,-1,8.20513074409161,572
5,398,2,1500,-1,12.0876339370662,365
5,399,2,500,1,8.2264627211249,857
5,400,2,1500,-1,9.51969891992808,392
5,401,2,1500,-1,16.3334478879976,404
5,402,2,1500,-1,14.7405852450557,401
5,403,2,500,1,7.83490274904583,382
5,404,2,500,1,3.41843369161337,364
5,405,2,1500,-1,4.06300960396534,356
5,406,2,1500,-1,5.72737572584619,359
5,407,2,1500,-1,9.26352220854993,380
5,408,2,1500,-1,14.0029312251361,442
5,409,2,1500,-1,12.718945666983,372
5,410,2,500,1,1.91989155057555,543
5,411,2,1500,-1,11.6331664187183,383
5,412,2,1500,-1,NaN,NaN
5,413,2,1500,-1,6.26643403300096,423
5,414,2,1500,-1,17.3878465432404,371
5,415,2,1500,-1,23.9691269968444,350
5,416,2,500,1,16.4206130981998,508
5,417,2,1500,-1,8.55878123900173,346
5,418,2,1500,-1,9.80666574533019,366
5,419,2,1500,-1,17.1662953815277,374
5,420,2,1500,-1,17.5364759307677,410
5,421,3,1500,0,NaN,NaN
5,422,3,500,0,10.2446473041202,488
5,423,3,1250,0,7.31504851765684,337
5,424,3,500,0,6.61969364057595,351
5,425,3,500,0,7.40499272158915,465
5,426,3,1250,0,NaN,NaN
5,427,3,1000,0,12.0485776651528,360
5,428,3,500,0,9.66645686328988,387
5,429,3,1250,0,17.3434460819816,371
5,430,3,750,0,15.5970584077537,346
5,431,3,500,0,9.63645374425156,89
5,432,3,1500,0,NaN,NaN
5,433,3,1250,0,NaN,NaN
5,434,3,1250,0,13.9329691927245,331
5,435,3,1250,0,5.84237223746808,342
5,436,3,750,0,3.7234323030428,378
5,437,3,1500,0,4.04826035187959,352
5,438,3,1000,0,6.63514078219113,347
5,439,3,1500,0,3.68524575517348,326
5,440,3,1500,0,3.89106612267975,359
5,441,3,1000,0,8.01034411276206,346
5,442,3,500,0,9.38683862060163,688
5,443,3,1000,0,0.672167556492241,370
5,444,3,1500,0,5.21110623623306,421
5,445,3,1000,0,11.7839037786586,490
5,446,3,1000,0,12.7582930626465,337
5,447,3,750,0,1.99473250073092,438
5,448,3,750,0,-0.995059803418436,327
5,449,3,1000,0,4.60280624863423,414
5,450,3,750,0,10.3052549034443,389
5,451,3,500,0,5.57699039554097,478
5,452,3,1500,0,4.46051755764972,351
5,453,3,500,0,2.28090205379653,550
5,454,3,1000,0,NaN,NaN
5,455,3,1500,0,9.35896759462293,398
5,456,3,1000,0,1.85870587199062,306
5,457,3,750,0,4.83471721864787,766
5,458,3,1250,0,6.33295879851968,358
5,459,3,1500,0,10.0411017775909,340
5,460,3,1000,0,0.034992636792101,297
5,461,3,750,0,5.83077582335852,330
5,462,3,1250,0,7.82093955155782,332
5,463,3,1250,0,10.0780206457892,324
5,464,3,1500,0,10.9999959978636,321
5,465,3,1000,0,9.30969678926029,387
5,466,3,750,0,8.23430834601377,377
5,467,3,1500,0,6.709622952224,33
5,468,3,750,0,5.48068873329496,-53
5,469,3,1250,0,7.99122326909552,361
5,470,3,500,0,7.4698364504852,485
5,471,3,1500,0,11.3290634076422,392
5,472,3,1250,0,6.028272424633,480
5,473,3,750,0,9.15673430492263,445
5,474,3,500,0,4.34762421237834,533
5,475,3,1500,0,NaN,NaN
5,476,3,500,0,3.68493629749479,442
5,477,3,750,0,6.02432822929613,351
5,478,3,500,0,-4.13205277369089,374
5,479,3,1500,0,8.25701024238763,355
5,480,3,1500,0,6.58057259051656,395
5,481,3,1000,0,NaN,NaN
5,482,3,1250,0,9.30440492906663,385
5,483,3,750,0,9.29960162883671,354
5,484,3,1000,0,10.4602391686016,361
5,485,3,1000,0,10.9899627389555,436
5,486,3,1000,0,10.3346474763476,420
5,487,3,1250,0,NaN,NaN
5,488,3,1250,0,NaN,NaN
5,489,3,750,0,12.1692863908027,340
5,490,3,1250,0,11.7554816709138,349
5,491,3,1000,0,10.6382881365271,323
5,492,3,750,0,8.27096049009498,334
5,493,3,750,0,NaN,NaN
5,494,3,1000,0,9.53346485138744,365
5,495,3,750,0,9.58056165593159,331
5,496,3,1500,0,14.7228545922967,365
5,497,3,1500,0,12.7433261474136,402
5,498,3,750,0,10.0723889374249,380
5,499,3,750,0,10.9472101436583,500
5,500,3,750,0,9.30933413355594,364
5,501,3,1000,0,5.86567448320296,353
5,502,3,750,0,10.0211183348997,374
5,503,3,1500,0,12.1959674893452,459
5,504,3,1500,0,10.2886771699446,362
5,505,3,1500,0,9.78320081912284,375
5,506,3,500,0,12.6170573663223,474
5,507,3,500,0,8.09242943215043,-34
5,508,3,750,0,4.42278495017867,405
5,509,3,1250,0,9.74177927740143,315
5,510,3,1000,0,6.00259262680695,428
5,511,3,1500,0,12.1260007173244,357
5,512,3,1000,0,5.4499975580697,389
5,513,3,1250,0,8.86404694652056,339
5,514,3,1500,0,13.4297460645793,490
5,515,3,1500,0,9.97965172904289,470
5,516,3,500,0,6.29925529653743,391
5,517,3,750,0,6.51058600567948,386
5,518,3,1500,0,7.58297649567962,358
5,519,3,750,0,2.60675115578277,373
5,520,3,1000,0,NaN,NaN
5,521,3,1250,0,13.0969181212761,402
5,522,3,1000,0,6.67295058597626,404
5,523,3,1000,0,NaN,NaN
5,524,3,500,0,11.2019174060031,445
5,525,3,500,0,15.2355082930767,438
5,526,3,1250,0,10.9794742485888,397
5,527,3,1250,0,11.6745771357958,620
5,528,3,500,0,15.1735737060023,457
5,529,3,1500,0,NaN,NaN
5,530,3,750,0,9.91182604436468,-198
5,531,3,1250,0,10.2405213133278,381
5,532,3,1000,0,10.2398890629356,372
5,533,3,500,0,6.80430752714866,842
5,534,3,500,0,8.12439099325772,386
5,535,3,1000,0,10.6026869808405,-84
5,536,3,1250,0,14.0126045260956,357
5,537,3,750,0,11.154450150716,355
5,538,3,1000,0,10.820035367192,324
5,539,3,750,0,11.3726197871118,341
5,540,3,500,0,12.0280218344168,397
5,541,3,1250,0,13.7179171836226,362
5,542,3,500,0,9.82538772610428,341
5,543,3,1250,0,11.5822668072562,369
5,544,3,1500,0,10.774972527775,370
5,545,3,1500,0,10.785296882403,418
5,546,3,1250,0,10.6175311896306,386
5,547,3,1500,0,11.6843605410041,332
5,548,3,1500,0,9.11439575894505,335
5,549,3,500,0,9.13000571604012,542
5,550,3,1000,0,0.334626508440674,-176
5,551,3,1000,0,6.46230158605231,322
5,552,3,500,0,NaN,NaN
5,553,3,750,0,6.15672488150373,333
5,554,3,1250,0,4.70339415386294,312
5,555,3,1250,0,8.2663265667412,293
5,556,3,1000,0,7.60390516527145,278
5,557,3,500,0,8.03091931310142,-10
5,558,3,750,0,6.69804826748175,-155
5,559,3,500,0,5.74299646784149,353
5,560,3,500,0,10.7027690052477,343
5,561,3,500,0,3.72511962781975,359
5,562,3,1000,0,4.84335563703825,303
5,563,3,500,0,8.84883299893029,346
5,564,3,750,0,4.66912071110378,602
5,565,3,1250,0,2.92619406954141,328
5,566,3,750,0,1.14379669610119,395
5,567,3,1250,0,2.72526555477941,373
5,568,3,1250,0,NaN,NaN
5,569,3,1500,0,6.13614065940858,270
5,570,3,500,0,3.68962282246837,346
6,1,1,1500,0,NaN,NaN
6,2,1,1500,0,NaN,NaN
6,3,1,500,0,-2.56669765809247,568
6,4,1,500,0,1.29313193141947,542
6,5,1,500,0,6.75572161109352,43
6,6,1,500,0,6.27451627140659,-66
6,7,1,500,0,0.713893615781447,-13
6,8,1,1500,0,1.60313853078353,1040
6,9,1,1500,0,NaN,NaN
6,10,1,1500,0,-0.578344442258781,327
6,11,1,500,0,-4.56110685497843,-37
6,12,1,500,0,-7.00698245990571,371
6,13,1,500,0,-0.756582572780902,118
6,14,1,1500,0,-1.85065409383023,331
6,15,1,1500,0,-5.46294594475398,387
6,16,1,500,0,-3.64492284226777,24
6,17,1,1500,0,NaN,NaN
6,18,1,1500,0,-1.38928640153265,287
6,19,1,500,0,4.23783296816292,518
6,20,1,1500,0,NaN,NaN
6,21,2,1500,-1,-3.19735891317597,382
6,22,2,500,1,7.57509685030576,482
6,23,2,1500,-1,0.179537679222607,295
6,24,2,1500,-1,5.32609949752521,410
6,25,2,1500,-1,4.42445145974307,333
6,26,2,500,1,13.4579746228982,546
6,27,2,1500,-1,-1.50600076475027,294
6,28,2,500,1,3.97666078347586,427
6,29,2,1500,-1,1.21549061060704,309
6,30,2,1500,-1,4.1084044961547,302
6,31,2,1500,-1,1.66129946902683,272
6,32,2,500,1,6.30342676175475,414
6,33,2,500,1,-0.933021559650915,382
6,34,2,1500,-1,NaN,NaN
6,35,2,1500,-1,7.88491111492135,551
6,36,2,500,1,16.0430851090277,466
6,37,2,500,1,9.14235149841938,566
6,38,2,1500,-1,3.98866814951412,361
6,39,2,500,1,13.0328544944296,443
6,40,2,1500,-1,7.33886418074854,284
6,41,2,500,1,6.04138941408102,349
6,42,2,1500,-1,10.5102380052457,372
6,43,2,500,1,11.4054165053071,418
6,44,2,500,1,5.72065784464905,294
6,45,2,500,1,3.18610043079771,293
6,46,2,500,1,5.98620340317127,256
6,47,2,1500,-1,1.53375231285418,305
6,48,2,1500,-1,3.55300983621441,329
6,49,2,500,1,6.71376752893573,312
6,50,2,500,1,1.29904486535454,317
6,51,2,500,1,4.10890471373847,435
6,52,2,1500,-1,-1.88063964446658,264
6,53,2,1500,-1,1.05128704009322,-42
6,54,2,500,1,-1.44033815879894,360
6,55,2,500,1,0.796475775835865,317
6,56,2,1500,-1,-1.57274048071137,259
6,57,2,500,1,-2.64784352844321,391
6,58,2,500,1,-3.77574719581698,315
6,59,2,1500,-1,NaN,NaN
6,60,2,500,1,-8.20557691053832,329
6,61,2,500,1,-6.19644472092043,309
6,62,2,500,1,-1.77482424316855,310
6,63,2,1500,-1,-4.01950009268074,269
6,64,2,1500,-1,-1.05620306507205,227
6,65,2,500,1,-3.7779052276348,287
6,66,2,500,1,-7.70939767303067,269
6,67,2,500,1,-9.53258650789142,257
6,68,2,1500,-1,NaN,NaN
6,69,2,500,1,-0.881639989499506,490
6,70,2,1500,-1,-5.41067478847692,258
6,71,2,500,1,-8.87134700592445,266
6,72,2,1500,-1,-10.440475128192,289
6,73,2,500,1,-4.0099607272882,309
6,74,2,1500,-1,-0.858656152828071,284
6,75,2,1500,-1,3.43509021678634,307
6,76,2,1500,-1,-2.78226792893663,261
6,77,2,500,1,-2.82732679536987,301
6,78,2,500,1,-3.07089709611089,313
6,79,2,500,1,-7.37835638661982,296
6,80,2,1500,-1,-1.59126718084934,289
6,81,2,500,1,3.49888442905263,280
6,82,2,1500,-1,NaN,NaN
6,83,2,1500,-1,-5.6888811776361,284
6,84,2,500,1,0.221261028494091,-64
6,85,2,500,1,-8.45314989002776,-99
6,86,2,1500,-1,NaN,NaN
6,87,2,500,1,-1.29742728971586,30
6,88,2,1500,-1,0.377520589829303,251
6,89,2,1500,-1,NaN,NaN
6,90,2,500,1,-2.44926612975444,-13
6,91,2,500,1,-7.14596736498663,-161
6,92,2,500,1,NaN,NaN
6,93,2,500,1,2.07228969948717,-200
6,94,2,1500,-1,NaN,NaN
6,95,2,500,1,-5.32190305407227,195
6,96,2,1500,-1,NaN,NaN
6,97,2,1500,-1,1.17904790681535,285
6,98,2,1500,-1,-4.82030042267961,264
6,99,2,500,1,-0.969064686399861,540
6,100,2,500,1,-9.66021629347675,228
6,101,2,1500,-1,-8.366699629657,282
6,102,2,1500,-1,5.80160654477397,311
6,103,2,1500,-1,4.29645662688065,399
6,104,2,500,1,-2.47052780551842,455
6,105,2,500,1,-4.22415074477183,409
6,106,2,1500,-1,7.91698892255155,312
6,107,2,1500,-1,12.9208213910627,361
6,108,2,1500,-1,29.3159925479704,340
6,109,2,500,1,6.30420715847074,480
6,110,2,1500,-1,NaN,NaN
6,111,2,1500,-1,NaN,NaN
6,112,2,1500,-1,NaN,NaN
6,113,2,1500,-1,NaN,NaN
6,114,2,1500,-1,NaN,NaN
6,115,2,500,1,NaN,NaN
6,116,2,1500,-1,NaN,NaN
6,117,2,500,1,-14.0013795518475,-111
6,118,2,1500,-1,NaN,NaN
6,119,2,500,1,NaN,NaN
6,120,2,1500,-1,NaN,NaN
6,121,2,1500,-1,NaN,NaN
6,122,2,500,1,NaN,NaN
6,123,2,500,1,NaN,NaN
6,124,2,1500,-1,NaN,NaN
6,125,2,500,1,-16.8122110166177,-131
6,126,2,1500,-1,NaN,NaN
6,127,2,500,1,NaN,NaN
6,128,2,1500,-1,NaN,NaN
6,129,2,500,1,-25.1506777045421,-86
6,130,2,1500,-1,NaN,NaN
6,131,2,500,1,NaN,NaN
6,132,2,500,1,-3.60562248621289,-131
6,133,2,1500,-1,NaN,NaN
6,134,2,500,1,NaN,NaN
6,135,2,500,1,NaN,NaN
6,136,2,500,1,NaN,NaN
6,137,2,1500,-1,NaN,NaN
6,138,2,1500,-1,NaN,NaN
6,139,2,1500,-1,NaN,NaN
6,140,2,1500,-1,12.6279562564047,144
6,141,2,1500,-1,26.497042258931,396
6,142,2,500,1,5.59130879958915,361
6,143,2,1500,-1,NaN,NaN
6,144,2,1500,-1,NaN,NaN
6,145,2,1500,-1,NaN,NaN
6,146,2,500,1,NaN,NaN
6,147,2,500,1,-3.83488831474823,469
6,148,2,500,1,4.55551523458341,74
6,149,2,1500,-1,NaN,NaN
6,150,2,500,1,2.38348970587033,439
6,151,2,500,1,2.52015779900788,-99
6,152,2,1500,-1,14.8072639852183,361
6,153,2,500,1,16.661044193273,459
6,154,2,1500,-1,NaN,NaN
6,155,2,1500,-1,14.5407345150861,361
6,156,2,500,1,7.45414888252587,-114
6,157,2,1500,-1,NaN,NaN
6,158,2,500,1,15.5647299043233,462
6,159,2,500,1,0.0486266368725738,-96
6,160,2,1500,-1,10.9566180787779,518
6,161,2,1500,-1,11.1682999425026,341
6,162,2,1500,-1,NaN,NaN
6,163,2,500,1,3.60350183018465,550
6,164,2,500,1,4.31311851923263,-40
6,165,2,500,1,4.41781283809738,-78
6,166,2,500,1,3.45834812470962,543
6,167,2,1500,-1,3.07405664557669,303
6,168,2,500,1,-3.2469583052281,517
6,169,2,1500,-1,NaN,NaN
6,170,2,1500,-1,4.93956623662272,332
6,171,2,1500,-1,18.213352209964,359
6,172,2,1500,-1,NaN,NaN
6,173,2,500,1,-2.06542946522433,628
6,174,2,500,1,-3.88695408416672,-37
6,175,2,1500,-1,NaN,NaN
6,176,2,1500,-1,7.91392600799397,298
6,177,2,1500,-1,NaN,NaN
6,178,2,500,1,11.6540573117123,534
6,179,2,500,1,6.26347130792482,466
6,180,2,500,1,-3.43650248061718,453
6,181,2,500,1,-3.34347198799275,496
6,182,2,1500,-1,7.34393090234509,425
6,183,2,500,1,6.16520105071942,543
6,184,2,500,1,-3.82721351411826,413
6,185,2,500,1,4.60923966200855,659
6,186,2,500,1,0.475204447103409,-13
6,187,2,1500,-1,10.7538729666242,409
6,188,2,1500,-1,NaN,NaN
6,189,2,500,1,5.52508049524778,410
6,190,2,500,1,0.606046051472954,-131
6,191,2,1500,-1,8.70783550223353,709
6,192,2,500,1,10.0839795811682,507
6,193,2,1500,-1,NaN,NaN
6,194,2,500,1,-1.81074542051867,390
6,195,2,500,1,-3.05441095364031,-109
6,196,2,500,1,-7.20141391436891,194
6,197,2,500,1,-0.962200349480889,515
6,198,2,1500,-1,0.58051233326318,328
6,199,2,1500,-1,3.7245341929519,339
6,200,2,1500,-1,NaN,NaN
6,201,2,500,1,2.38407781094854,550
6,202,2,500,1,-2.60762519937161,-154
6,203,2,500,1,-0.125330376686016,627
6,204,2,1500,-1,3.02144782610902,296
6,205,2,500,1,3.87036767991592,811
6,206,2,1500,-1,4.97570299452408,676
6,207,2,1500,-1,7.23685829120538,498
6,208,2,500,1,3.20821874636243,554
6,209,2,500,1,0.00474661841472486,484
6,210,2,1500,-1,7.3994348059249,493
6,211,2,500,1,3.32677647470185,919
6,212,2,1500,-1,4.04149258889474,474
6,213,2,500,1,-2.89808987547757,655
6,214,2,1500,-1,NaN,NaN
6,215,2,1500,-1,7.10261920113211,589
6,216,2,500,1,1.93159932740993,627
6,217,2,500,1,-4.35089257547341,940
6,218,2,1500,-1,NaN,NaN
6,219,2,1500,-1,5.10273210360985,349
6,220,2,500,1,23.5333529036579,489
6,221,2,1500,-1,NaN,NaN
6,222,2,1500,-1,1.6026164318682,431
6,223,2,500,1,4.64436384206406,600
6,224,2,500,1,-1.34997831626192,-119
6,225,2,500,1,4.17676611615241,768
6,226,2,500,1,6.09604186773689,1192
6,227,2,1500,-1,1.53656161942951,530
6,228,2,1500,-1,9.94848790324614,474
6,229,2,500,1,4.77306008137484,484
6,230,2,1500,-1,15.7312068592892,346
6,231,2,500,1,0.429093027346842,-97
6,232,2,500,1,3.06495783208781,-141
6,233,2,1500,-1,NaN,NaN
6,234,2,500,1,-2.28269320183377,649
6,235,2,500,1,-9.7533723050082,-118
6,236,2,500,1,2.30146664081111,787
6,237,2,500,1,2.46571544339291,972
6,238,2,500,1,8.64473953184267,856
6,239,2,500,1,-0.847442116950558,605
6,240,2,500,1,1.73687289516522,341
6,241,2,500,1,10.1070383426146,422
6,242,2,1500,-1,8.52103669720639,491
6,243,2,1500,-1,NaN,NaN
6,244,2,500,1,14.0867205535944,488
6,245,2,1500,-1,26.3768486460073,353
6,246,2,1500,-1,15.7138805412539,314
6,247,2,1500,-1,21.6103952135495,362
6,248,2,500,1,NaN,NaN
6,249,2,1500,-1,NaN,NaN
6,250,2,500,1,14.6653095118811,608
6,251,2,1500,-1,6.52454365584185,276
6,252,2,500,1,16.926261564343,-81
6,253,2,1500,-1,NaN,NaN
6,254,2,500,1,-1.61696414199271,449
6,255,2,500,1,-5.11580370972404,406
6,256,2,500,1,0.165180918763996,411
6,257,2,1500,-1,4.57777495234753,313
6,258,2,500,1,21.2382105316929,640
6,259,2,1500,-1,NaN,NaN
6,260,2,500,1,29.0003902007142,679
6,261,2,500,1,11.1893943053948,771
6,262,2,1500,-1,11.1324329890962,497
6,263,2,1500,-1,6.65828433799348,235
6,264,2,500,1,12.9452549854084,533
6,265,2,500,1,17.1967337693428,489
6,266,2,1500,-1,4.74350432299291,278
6,267,2,500,1,8.52515886594789,-152
6,268,2,1500,-1,8.98002926147746,284
6,269,2,1500,-1,NaN,NaN
6,270,2,1500,-1,NaN,NaN
6,271,2,1500,-1,18.4202183168287,-156
6,272,2,1500,-1,NaN,NaN
6,273,2,1500,-1,19.2338378447451,523
6,274,2,1500,-1,NaN,NaN
6,275,2,1500,-1,4.44013925656786,-157
6,276,2,500,1,18.5797156605727,1022
6,277,2,1500,-1,NaN,NaN
6,278,2,500,1,8.1447378947192,583
6,279,2,500,1,5.49585859613775,582
6,280,2,1500,-1,3.67975598260448,647
6,281,2,1500,-1,-2.16824457079491,792
6,282,2,500,1,-5.13514703241897,405
6,283,2,500,1,7.70004007452918,592
6,284,2,500,1,13.7641307779609,480
6,285,2,500,1,12.0327716803453,-33
6,286,2,500,1,1.24105485001364,-132
6,287,2,500,1,19.5564958055318,543
6,288,2,1500,-1,4.84735192251687,-120
6,289,2,1500,-1,NaN,NaN
6,290,2,1500,-1,13.3174116208114,531
6,291,2,1500,-1,10.9550575966159,534
6,292,2,1500,-1,25.3438792059497,305
6,293,2,500,1,10.9766755100212,395
6,294,2,500,1,8.35444671588038,433
6,295,2,1500,-1,NaN,NaN
6,296,2,1500,-1,17.8505260245578,276
6,297,2,500,1,12.7086252407165,679
6,298,2,500,1,19.8408273104065,496
6,299,2,500,1,9.15614646933941,-87
6,300,2,500,1,8.20534004503662,283
6,301,2,1500,-1,0.26648447779216,266
6,302,2,1500,-1,10.2528105138634,313
6,303,2,500,1,21.6918651897995,609
6,304,2,1500,-1,15.9880818883737,510
6,305,2,500,1,29.0116530781231,439
6,306,2,500,1,16.0944377501074,587
6,307,2,1500,-1,NaN,NaN
6,308,2,1500,-1,13.7964634713694,519
6,309,2,1500,-1,22.8696402117028,313
6,310,2,500,1,17.2858323931408,487
6,311,2,1500,-1,14.4769507097465,320
6,312,2,500,1,14.0874103812026,462
6,313,2,500,1,17.5995322901909,-38
6,314,2,1500,-1,NaN,NaN
6,315,2,1500,-1,12.8077139096258,106
6,316,2,500,1,16.754305663219,472
6,317,2,1500,-1,13.1999942230204,551
6,318,2,500,1,16.0818948996679,609
6,319,2,500,1,7.61986870203622,703
6,320,2,500,1,3.87735985585422,576
6,321,2,500,1,1.60912199605402,-130
6,322,2,1500,-1,3.88429032074955,356
6,323,2,500,1,2.73119377118626,372
6,324,2,1500,-1,NaN,NaN
6,325,2,1500,-1,NaN,NaN
6,326,2,1500,-1,-0.617539107778364,387
6,327,2,1500,-1,NaN,NaN
6,328,2,1500,-1,7.29246458396216,421
6,329,2,1500,-1,12.0528579000448,344
6,330,2,1500,-1,6.5854093982364,424
6,331,2,1500,-1,NaN,NaN
6,332,2,500,1,10.4884117379298,437
6,333,2,500,1,7.75692421119667,-146
6,334,2,500,1,3.40755602470413,628
6,335,2,1500,-1,NaN,NaN
6,336,2,500,1,1.6465334414854,-122
6,337,2,500,1,4.97557909869988,421
6,338,2,500,1,8.17852879674575,337
6,339,2,1500,-1,NaN,NaN
6,340,2,1500,-1,10.9577991123201,596
6,341,2,500,1,13.34428709541,522
6,342,2,1500,-1,12.9443738913489,502
6,343,2,500,1,12.0642374549393,575
6,344,2,500,1,10.1784444264273,348
6,345,2,500,1,-4.74493156994783,-129
6,346,2,500,1,-7.7970602914025,457
6,347,2,1500,-1,2.59240286377552,321
6,348,2,500,1,14.3928708637583,-129
6,349,2,1500,-1,3.71479738516597,373
6,350,2,1500,-1,14.435045199875,533
6,351,2,1500,-1,NaN,NaN
6,352,2,1500,-1,6.93040764070967,419
6,353,2,500,1,2.75483291639982,566
6,354,2,500,1,-2.77638816085055,616
6,355,2,500,1,-0.757383925758313,438
6,356,2,1500,-1,4.74498774291962,280
6,357,2,1500,-1,0.137936424015849,331
6,358,2,500,1,8.67108549950734,-11
6,359,2,500,1,-2.83731585850526,683
6,360,2,1500,-1,-7.04861755715471,351
6,361,2,1500,-1,-6.41313605641955,315
6,362,2,1500,-1,8.14877688109802,340
6,363,2,1500,-1,NaN,NaN
6,364,2,1500,-1,6.29527708163888,334
6,365,2,500,1,12.5567095625435,566
6,366,2,1500,-1,13.3651773798599,400
6,367,2,1500,-1,11.1258606530046,359
6,368,2,500,1,13.3132450867062,514
6,369,2,1500,-1,NaN,NaN
6,370,2,1500,-1,-0.962539248302423,289
6,371,2,500,1,2.08770522993518,392
6,372,2,1500,-1,0.535452416709759,590
6,373,2,1500,-1,NaN,NaN
6,374,2,500,1,4.3282221733314,411
6,375,2,1500,-1,-1.42289946103458,272
6,376,2,500,1,6.89709200075423,367
6,377,2,1500,-1,4.47511150374924,316
6,378,2,500,1,9.17826290861143,704
6,379,2,500,1,6.85659274665535,366
6,380,2,500,1,1.24185389666821,-4
6,381,2,500,1,1.29278880634804,567
6,382,2,1500,-1,8.82282076332457,358
6,383,2,1500,-1,5.31381783649802,315
6,384,2,1500,-1,8.02853003648521,393
6,385,2,500,1,2.45529594410267,520
6,386,2,500,1,-4.0294785817722,499
6,387,2,1500,-1,11.4178925849652,301
6,388,2,1500,-1,8.32525627684691,333
6,389,2,500,1,11.361245359441,456
6,390,2,1500,-1,14.9088087414346,322
6,391,2,1500,-1,8.34638310990701,598
6,392,2,1500,-1,5.58500889580288,345
6,393,2,500,1,3.34487059311728,109
6,394,2,1500,-1,7.25199752843958,306
6,395,2,1500,-1,-3.21640106992566,291
6,396,2,1500,-1,-0.895238347837363,253
6,397,2,500,1,0.953225848080246,558
6,398,2,1500,-1,-7.08460416409782,270
6,399,2,500,1,-4.17152397969762,376
6,400,2,1500,-1,-2.93235716728588,299
6,401,2,500,1,-3.61350552651085,339
6,402,2,1500,-1,-2.14909892014896,302
6,403,2,1500,-1,5.71789916205864,388
6,404,2,500,1,12.0754972648937,476
6,405,2,1500,-1,6.92416206941252,294
6,406,2,1500,-1,8.52868190160148,527
6,407,2,1500,-1,8.70395972654741,313
6,408,2,500,1,17.7493305044297,443
6,409,2,500,1,10.5376187927118,485
6,410,2,1500,-1,NaN,NaN
6,411,2,1500,-1,13.5351172070259,305
6,412,2,500,1,7.14597968219945,434
6,413,2,500,1,1.03180888090061,367
6,414,2,500,1,12.0410223866173,326
6,415,2,1500,-1,-0.668343780536868,269
6,416,2,500,1,-1.82288435063963,517
6,417,2,500,1,-10.8465780649583,331
6,418,2,1500,-1,-15.3664408198542,274
6,419,2,500,1,-9.4263773313036,461
6,420,2,500,1,-1.68021043554995,424
6,421,3,750,0,-1.0151000781318,331
6,422,3,500,0,9.95495961821134,355
6,423,3,1000,0,11.6599728114007,134
6,424,3,750,0,12.1378309660952,364
6,425,3,1500,0,NaN,NaN
6,426,3,1000,0,21.4188984882709,444
6,427,3,1000,0,NaN,NaN
6,428,3,1250,0,10.4304852717083,489
6,429,3,1500,0,7.56173058913581,335
6,430,3,750,0,17.974964323688,382
6,431,3,1250,0,14.1246481908887,532
6,432,3,1500,0,3.0295636124316,297
6,433,3,750,0,NaN,NaN
6,434,3,500,0,10.1828045947699,426
6,435,3,750,0,9.31877523807871,441
6,436,3,1500,0,5.9411347622787,270
6,437,3,750,0,5.9873732551712,395
6,438,3,1000,0,13.8024471278543,379
6,439,3,1250,0,NaN,NaN
6,440,3,1000,0,11.8188049464202,398
6,441,3,1500,0,-4.46446161532686,-17
6,442,3,1000,0,4.90562516412612,421
6,443,3,1250,0,6.74789759794727,463
6,444,3,750,0,13.2136930331742,404
6,445,3,1500,0,NaN,NaN
6,446,3,750,0,0.528024335274549,778
6,447,3,1250,0,NaN,NaN
6,448,3,500,0,-0.437847746213377,-87
6,449,3,1500,0,3.00342291435501,250
6,450,3,750,0,NaN,NaN
6,451,3,1000,0,5.92280426436059,466
6,452,3,750,0,5.11960535403856,284
6,453,3,1500,0,NaN,NaN
6,454,3,500,0,2.76521898614543,355
6,455,3,500,0,3.01174931777648,323
6,456,3,1250,0,NaN,NaN
6,457,3,1500,0,NaN,NaN
6,458,3,500,0,-1.90435116705374,513
6,459,3,1500,0,2.11312228463931,288
6,460,3,1000,0,NaN,NaN
6,461,3,500,0,2.66109533456999,-20
6,462,3,1250,0,-2.43897011294045,226
6,463,3,500,0,8.69126781542775,488
6,464,3,1000,0,-2.22882868215617,307
6,465,3,500,0,0.0353127328734958,408
6,466,3,1250,0,NaN,NaN
6,467,3,1250,0,-7.6071792119615,396
6,468,3,750,0,2.0922794704089,556
6,469,3,1250,0,5.86700619979523,330
6,470,3,750,0,9.64133135145372,343
6,471,3,1250,0,0.666376292111409,300
6,472,3,1250,0,1.73830887676783,320
6,473,3,750,0,6.07555020123926,-171
6,474,3,1000,0,NaN,NaN
6,475,3,500,0,-1.9314407806471,307
6,476,3,750,0,-0.755764215639085,278
6,477,3,1000,0,-0.824054753896621,123
6,478,3,1500,0,NaN,NaN
6,479,3,1250,0,-1.161685826133,-102
6,480,3,1500,0,-8.77935011108229,-174
6,481,3,1250,0,-8.53789014813238,264
6,482,3,1500,0,-0.622539025467567,213
6,483,3,500,0,0.711926332508076,637
6,484,3,1250,0,NaN,NaN
6,485,3,500,0,-5.9134841164825,85
6,486,3,1000,0,-0.686327609271674,305
6,487,3,1250,0,NaN,NaN
6,488,3,1000,0,-10.2722072347096,300
6,489,3,1500,0,3.24305315092863,370
6,490,3,750,0,-8.05707824357856,476
6,491,3,750,0,-4.28696864905015,339
6,492,3,1500,0,-18.9325154433557,-150
6,493,3,1500,0,NaN,NaN
6,494,3,750,0,NaN,NaN
6,495,3,1250,0,-5.09838972958609,305
6,496,3,1500,0,NaN,NaN
6,497,3,500,0,0.0185640305430905,474
6,498,3,1500,0,NaN,NaN
6,499,3,500,0,-1.17643635306728,529
6,500,3,750,0,-2.8051904795724,378
6,501,3,500,0,-17.281206919667,-141
6,502,3,1000,0,NaN,NaN
6,503,3,500,0,-3.28225917773268,341
6,504,3,1500,0,NaN,NaN
6,505,3,1250,0,NaN,NaN
6,506,3,1250,0,NaN,NaN
6,507,3,1500,0,NaN,NaN
6,508,3,1250,0,NaN,NaN
6,509,3,1500,0,NaN,NaN
6,510,3,500,0,-7.6106249351968,483
6,511,3,750,0,2.97080610750771,391
6,512,3,500,0,0.871571555256733,1154
6,513,3,750,0,-3.7935058417633,328
6,514,3,1500,0,-5.35651893458324,290
6,515,3,1000,0,-8.11534318085625,272
6,516,3,500,0,-5.31434951727933,465
6,517,3,500,0,-8.00217080794485,332
6,518,3,1250,0,-12.9119479960132,342
6,519,3,1000,0,-9.17082580524451,355
6,520,3,750,0,-9.41397347910472,489
6,521,3,1000,0,-11.7678477647094,294
6,522,3,750,0,-7.417638278122,323
6,523,3,500,0,1.6373321831191,366
6,524,3,1250,0,-10.8343182131808,-39
6,525,3,1000,0,-10.8756606329124,92
6,526,3,1250,0,-10.521295009197,254
6,527,3,1000,0,-5.28785679154271,277
6,528,3,1000,0,-6.72190301547534,274
6,529,3,750,0,-5.83367641051312,334
6,530,3,500,0,-9.48351906812541,394
6,531,3,1500,0,-13.4827496285423,237
6,532,3,1500,0,-7.21327693968273,263
6,533,3,1000,0,-4.45590774971936,287
6,534,3,1500,0,-1.01770095064042,285
6,535,3,1250,0,-0.445963375089647,372
6,536,3,1250,0,-3.05014359073342,240
6,537,3,1000,0,-1.45116324626249,296
6,538,3,500,0,-4.05681695278921,365
6,539,3,1000,0,-6.18639182090625,380
6,540,3,1500,0,-9.01637256806829,258
6,541,3,1250,0,0.0303325532167126,288
6,542,3,500,0,-9.42302586259864,309
6,543,3,1250,0,-9.43224221721083,250
6,544,3,750,0,-13.4851501585493,280
6,545,3,500,0,-7.99893735519183,405
6,546,3,750,0,-8.31079642239217,-51
6,547,3,500,0,-20.7131412533685,5
6,548,3,500,0,-13.2967558220896,36
6,549,3,1000,0,NaN,NaN
6,550,3,750,0,-19.7520714398197,277
6,551,3,1250,0,-8.32739908735886,-79
6,552,3,500,0,-8.57111232895087,23
6,553,3,750,0,-4.65573298248269,252
6,554,3,1000,0,-4.3718597420901,243
6,555,3,1000,0,-14.3796477286545,271
6,556,3,1500,0,NaN,NaN
6,557,3,500,0,-12.9860081802666,316
6,558,3,1250,0,-11.2261813668534,266
6,559,3,500,0,-8.29641668423359,32
6,560,3,1500,0,-11.0575277804077,207
6,561,3,1000,0,-8.35119205373048,285
6,562,3,1500,0,-6.44708125080578,214
6,563,3,750,0,-6.1891425568426,290
6,564,3,1000,0,-5.34191696513269,269
6,565,3,1000,0,-7.31270007409989,303
6,566,3,1000,0,4.53842958500555,238
6,567,3,1250,0,-6.56557183842978,-91
6,568,3,750,0,-7.62024845627657,281
6,569,3,750,0,NaN,NaN
6,570,3,1500,0,9.57780029598852,249
7,1,1,1500,0,-0.754386373547973,468
7,2,1,1500,0,-2.40622309919606,460
7,3,1,500,0,2.20011002662347,498
7,4,1,500,0,0.291913328719068,501
7,5,1,1500,0,0.673546767685201,360
7,6,1,500,0,0.0207785657232473,406
7,7,1,1500,0,1.45477919659337,370
7,8,1,500,0,-2.23991124500168,441
7,9,1,1500,0,-1.55925961589177,341
7,10,1,500,0,2.43036210399773,434
7,11,1,500,0,-0.0752839681375327,510
7,12,1,500,0,4.83185807993886,-71
7,13,1,1500,0,1.74379788334051,365
7,14,1,500,0,2.81802401610394,480
7,15,1,500,0,4.43695125669751,466
7,16,1,500,0,1.66619686086055,353
7,17,1,1500,0,4.07496769900101,357
7,18,1,1500,0,3.30480788757953,356
7,19,1,1500,0,1.06589719312063,341
7,20,1,1500,0,2.23611657850002,333
7,21,2,500,1,-4.3014185676397,503
7,22,2,500,1,-10.616079737015,441
7,23,2,500,1,-9.42774297217771,424
7,24,2,1500,-1,-5.59830106666988,327
7,25,2,500,1,-6.28191305961815,481
7,26,2,500,1,-9.16870163956911,379
7,27,2,500,1,-9.65127289277911,334
7,28,2,500,1,-12.6306939151589,342
7,29,2,500,1,-15.9350070953401,312
7,30,2,1500,-1,-9.62188687128796,347
7,31,2,500,1,-6.20326600468799,450
7,32,2,500,1,-9.87930089251983,374
7,33,2,500,1,-13.4006949466652,406
7,34,2,1500,-1,3.46726957370024,325
7,35,2,1500,-1,2.00692970919855,354
7,36,2,1500,-1,0.056494371173073,331
7,37,2,500,1,-5.08713726630325,393
7,38,2,500,1,-13.4832702367777,378
7,39,2,1500,-1,-11.8491764171739,373
7,40,2,1500,-1,-0.562528909265305,369
7,41,2,1500,-1,-1.15982970592815,557
7,42,2,500,1,-1.41318197928764,446
7,43,2,500,1,-8.42436263127917,372
7,44,2,1500,-1,-2.49946372916609,325
7,45,2,1500,-1,-2.00360394537729,362
7,46,2,1500,-1,-2.99165732131226,321
7,47,2,1500,-1,-0.129569682947548,315
7,48,2,500,1,-3.54288669622362,465
7,49,2,1500,-1,-6.31034429801332,344
7,50,2,1500,-1,-3.40182185373552,338
7,51,2,500,1,-2.8287528189134,351
7,52,2,500,1,-9.58751504096792,358
7,53,2,500,1,-11.4586372718894,322
7,54,2,500,1,-13.9764467366141,322
7,55,2,1500,-1,-2.86267912398108,327
7,56,2,500,1,-7.29518909614144,332
7,57,2,1500,-1,-11.6601415528844,322
7,58,2,1500,-1,-2.92083894013723,331
7,59,2,500,1,-2.69733124729336,407
7,60,2,500,1,-5.89378361231633,360
7,61,2,500,1,-11.7885089450699,370
7,62,2,500,1,-8.87761742983194,345
7,63,2,1500,-1,-8.60948689006261,327
7,64,2,500,1,-5.54515577240164,379
7,65,2,1500,-1,-0.87389235791267,350
7,66,2,500,1,-4.16569215832626,380
7,67,2,1500,-1,-6.93135167025294,327
7,68,2,1500,-1,-5.58108203252276,363
7,69,2,1500,-1,-9.20812254960335,343
7,70,2,500,1,-13.849893048262,-57
7,71,2,500,1,-12.440114086169,-39
7,72,2,1500,-1,NaN,NaN
7,73,2,1500,-1,-6.50971643044024,374
7,74,2,500,1,-7.39569605486381,597
7,75,2,500,1,-15.4227222405611,761
7,76,2,500,1,-11.9299707649654,437
7,77,2,500,1,-11.1716985602798,342
7,78,2,1500,-1,-9.1263788056275,343
7,79,2,1500,-1,-2.33421933843165,369
7,80,2,500,1,-5.55301439303818,435
7,81,2,1500,-1,NaN,NaN
7,82,2,1500,-1,-1.00422002979033,478
7,83,2,1500,-1,0.71971645825623,494
7,84,2,1500,-1,3.70908420390856,401
7,85,2,500,1,-1.84529148157215,532
7,86,2,500,1,-8.60310610300943,443
7,87,2,500,1,-10.0152284502079,446
7,88,2,1500,-1,-8.41527336963915,356
7,89,2,500,1,-2.94491076604684,397
7,90,2,500,1,-8.09313454927368,424
7,91,2,500,1,-11.8541459425695,365
7,92,2,500,1,-11.6598136379197,369
7,93,2,1500,-1,-10.2860771162372,412
7,94,2,500,1,-5.97722842985766,471
7,95,2,1500,-1,-5.74250550393312,344
7,96,2,500,1,-2.08954612253861,335
7,97,2,1500,-1,-9.01073913841132,334
7,98,2,1500,-1,-1.69848540218848,309
7,99,2,1500,-1,2.48657427463768,351
7,100,2,500,1,-4.45860358155638,406
7,101,2,500,1,-9.04270587946775,464
7,102,2,500,1,-11.4316082232555,401
7,103,2,1500,-1,2.2255468752425,384
7,104,2,500,1,-9.11125647584334,231
7,105,2,1500,-1,-8.70084012773355,360
7,106,2,1500,-1,-2.418449648382,367
7,107,2,500,1,-3.99621015019587,338
7,108,2,500,1,-10.243880286849,-18
7,109,2,500,1,-8.88460323108881,370
7,110,2,500,1,-15.8767886720991,333
7,111,2,500,1,-8.2454718743914,881
7,112,2,500,1,-10.2026647044794,367
7,113,2,1500,-1,6.24913637818226,377
7,114,2,1500,-1,4.54697455634346,465
7,115,2,500,1,3.53710722374853,400
7,116,2,1500,-1,0.99476746010078,384
7,117,2,500,1,2.99828038124206,483
7,118,2,1500,-1,-2.88329930874055,332
7,119,2,1500,-1,1.72448832603836,388
7,120,2,500,1,1.95407632361891,371
7,121,2,500,1,-4.15767961679543,346
7,122,2,1500,-1,NaN,NaN
7,123,2,1500,-1,4.0916481858806,354
7,124,2,500,1,3.46113392319904,515
7,125,2,500,1,-3.9189895133567,350
7,126,2,500,1,-7.20322874065824,332
7,127,2,500,1,-11.6172377190012,412
7,128,2,500,1,-14.3529687762358,366
7,129,2,500,1,-14.1269725635358,320
7,130,2,500,1,-20.0386887531519,377
7,131,2,1500,-1,-9.20549490735788,352
7,132,2,1500,-1,-5.51027324084061,350
7,133,2,1500,-1,-1.9757487726388,347
7,134,2,500,1,-2.97252468351402,439
7,135,2,1500,-1,-4.29775109325394,322
7,136,2,1500,-1,-4.50409703610132,359
7,137,2,500,1,-8.19544925688775,-42
7,138,2,500,1,-16.3300557144978,557
7,139,2,1500,-1,-11.5060891869314,369
7,140,2,500,1,-9.84021792427544,563
7,141,2,500,1,-12.5734762217394,404
7,142,2,500,1,-18.8613152948843,383
7,143,2,1500,-1,-13.2774351857797,385
7,144,2,1500,-1,-7.91099389975892,357
7,145,2,1500,-1,0.860032344399898,315
7,146,2,1500,-1,1.06816218920717,341
7,147,2,500,1,-4.46186254058988,450
7,148,2,500,1,-10.8403100066952,347
7,149,2,1500,-1,-11.5899833610268,371
7,150,2,500,1,-8.93476891321618,476
7,151,2,1500,-1,-8.05834417647906,376
7,152,2,1500,-1,-0.711568526340273,358
7,153,2,500,1,-3.21718906249959,429
7,154,2,500,1,-19.8507202369117,403
7,155,2,500,1,-17.6072877766133,399
7,156,2,500,1,-18.8471956658218,399
7,157,2,1500,-1,-11.0246045054454,411
7,158,2,1500,-1,-4.44026599886835,353
7,159,2,1500,-1,10.7517814129807,349
7,160,2,1500,-1,5.51034300363168,359
7,161,2,1500,-1,-0.378245226482651,359
7,162,2,500,1,-4.18165862110369,443
7,163,2,500,1,-12.2551157493949,444
7,164,2,1500,-1,NaN,NaN
7,165,2,500,1,-5.31380053354111,406
7,166,2,500,1,-6.45749754370051,353
7,167,2,1500,-1,-6.86970550476851,424
7,168,2,500,1,-8.89048669811399,463
7,169,2,1500,-1,NaN,NaN
7,170,2,1500,-1,0.781230727298081,418
7,171,2,500,1,-10.7984171974375,404
7,172,2,1500,-1,-9.26783287373388,338
7,173,2,500,1,-8.98918681420163,355
7,174,2,1500,-1,-8.85459708025475,419
7,175,2,500,1,-12.250364982312,-83
7,176,2,1500,-1,-2.86531428697231,302
7,177,2,500,1,-5.73609105710074,387
7,178,2,1500,-1,-8.74469442668169,327
7,179,2,500,1,-7.98369109054406,387
7,180,2,1500,-1,NaN,NaN
7,181,2,500,1,-3.77782933711914,826
7,182,2,1500,-1,NaN,NaN
7,183,2,500,1,-0.489616083680957,446
7,184,2,500,1,-0.536595228894687,345
7,185,2,1500,-1,1.54935215580732,387
7,186,2,1500,-1,NaN,NaN
7,187,2,1500,-1,0.0373310400946613,325
7,188,2,1500,-1,3.12592810738875,342
7,189,2,1500,-1,4.56212478201117,334
7,190,2,1500,-1,5.4068854041772,352
7,191,2,500,1,5.70769932957168,64
7,192,2,500,1,-16.3700816495006,-14
7,193,2,500,1,-11.9640582314746,467
7,194,2,1500,-1,-9.96013366775517,432
7,195,2,500,1,-7.75073306306541,407
7,196,2,1500,-1,NaN,NaN
7,197,2,1500,-1,-1.82831546880996,376
7,198,2,1500,-1,0.631990401348743,436
7,199,2,500,1,-8.01358816634143,-26
7,200,2,1500,-1,-3.12475533520966,448
7,201,2,500,1,-3.88586726943698,562
7,202,2,1500,-1,NaN,NaN
7,203,2,1500,-1,-0.708805905963764,396
7,204,2,1500,-1,1.91074532719707,518
7,205,2,1500,-1,NaN,NaN
7,206,2,1500,-1,-1.15606552992529,327
7,207,2,500,1,-0.189471463325887,443
7,208,2,1500,-1,-0.719868615823774,323
7,209,2,500,1,0.585883797460953,441
7,210,2,500,1,-9.87991800063192,358
7,211,2,500,1,-11.2585878144689,421
7,212,2,1500,-1,-14.5982186005425,445
7,213,2,500,1,-11.7709803658867,27
7,214,2,1500,-1,-2.05587847618085,369
7,215,2,1500,-1,-3.53883719903539,429
7,216,2,1500,-1,NaN,NaN
7,217,2,500,1,-2.01342414791872,535
7,218,2,1500,-1,-3.38958860255302,362
7,219,2,500,1,-1.76209778481534,430
7,220,2,1500,-1,1.22871404012914,401
7,221,2,500,1,-4.26920899238981,555
7,222,2,500,1,-8.85849118427314,1066
7,223,2,1500,-1,NaN,NaN
7,224,2,1500,-1,-1.10209548385376,426
7,225,2,1500,-1,2.00156946098361,356
7,226,2,500,1,1.28268024640236,393
7,227,2,1500,-1,1.14039109587624,372
7,228,2,500,1,-4.17523801497361,369
7,229,2,1500,-1,-0.663232570538627,379
7,230,2,1500,-1,-2.57287890882118,429
7,231,2,1500,-1,-4.50508151188037,368
7,232,2,500,1,-3.48018062759874,471
7,233,2,1500,-1,NaN,NaN
7,234,2,500,1,-5.63442199078358,7
7,235,2,1500,-1,0.654760707255164,384
7,236,2,500,1,-1.96711808838531,425
7,237,2,500,1,-12.5967955199155,385
7,238,2,500,1,-20.0991301575486,448
7,239,2,1500,-1,NaN,NaN
7,240,2,500,1,-6.99496824696852,470
7,241,2,1500,-1,-7.22133278382188,460
7,242,2,1500,-1,NaN,NaN
7,243,2,1500,-1,NaN,NaN
7,244,2,500,1,1.19158498925943,463
7,245,2,500,1,-9.96129421574778,719
7,246,2,500,1,-19.1323391836,531
7,247,2,1500,-1,-4.76120675940488,345
7,248,2,1500,-1,-0.205289280552439,370
7,249,2,500,1,-6.14297546966667,390
7,250,2,500,1,-9.68826951684737,364
7,251,2,500,1,-8.64376380251778,-57
7,252,2,500,1,-8.77470117024377,-95
7,253,2,500,1,-14.4528232597462,350
7,254,2,1500,-1,-10.8415061088453,358
7,255,2,500,1,-7.89109166224309,387
7,256,2,500,1,-12.92978484281,402
7,257,2,1500,-1,-9.55880473077882,330
7,258,2,500,1,-14.3207492490259,405
7,259,2,1500,-1,-20.4197904172474,380
7,260,2,500,1,-16.0749094696239,556
7,261,2,1500,-1,-7.97676518408788,408
7,262,2,1500,-1,NaN,NaN
7,263,2,1500,-1,5.16811668247789,363
7,264,2,500,1,3.17739886596776,385
7,265,2,1500,-1,-4.39514213761337,353
7,266,2,1500,-1,-6.43412723632011,494
7,267,2,500,1,-1.93674356836533,525
7,268,2,1500,-1,NaN,NaN
7,269,2,500,1,-6.24429597603254,481
7,270,2,500,1,-4.90318310800768,455
7,271,2,500,1,-8.26915965197761,377
7,272,2,1500,-1,-4.61368020948053,366
7,273,2,1500,-1,2.00921858062648,394
7,274,2,500,1,-0.451663453129003,417
7,275,2,500,1,-4.89476896032174,353
7,276,2,1500,-1,NaN,NaN
7,277,2,500,1,-3.46549254848324,400
7,278,2,1500,-1,-4.03591882128112,366
7,279,2,1500,-1,1.32210229171023,355
7,280,2,1500,-1,5.55056990104854,380
7,281,2,500,1,-0.579192311483323,445
7,282,2,500,1,-8.23293174572459,360
7,283,2,1500,-1,0.522056732392261,423
7,284,2,1500,-1,-0.359706111138947,441
7,285,2,1500,-1,1.06977050538407,396
7,286,2,500,1,-5.48974917083628,427
7,287,2,500,1,-11.417422918727,452
7,288,2,1500,-1,-9.79014069052338,362
7,289,2,500,1,-3.04385812447528,676
7,290,2,500,1,-5.46066480351716,459
7,291,2,500,1,-10.2751845576272,416
7,292,2,1500,-1,-7.99940351608247,341
7,293,2,1500,-1,-4.80942521664674,333
7,294,2,1500,-1,-3.64643744789669,343
7,295,2,1500,-1,-4.29064660271664,336
7,296,2,500,1,-10.7256728908142,545
7,297,2,1500,-1,-1.05200619446876,352
7,298,2,500,1,-3.94798033803544,399
7,299,2,500,1,-7.80331875165213,333
7,300,2,1500,-1,-3.9515959526202,328
7,301,2,1500,-1,-0.539595144481728,358
7,302,2,500,1,-3.40790734346244,304
7,303,2,500,1,-13.3588632651821,368
7,304,2,500,1,-17.0405424056283,18
7,305,2,1500,-1,-9.19460007365102,312
7,306,2,500,1,-7.78877897349672,417
7,307,2,500,1,-10.3600361786141,548
7,308,2,500,1,-12.7514442470883,778
7,309,2,500,1,-14.723546050415,352
7,310,2,1500,-1,-11.0502248995242,327
7,311,2,1500,-1,NaN,NaN
7,312,2,1500,-1,4.16668012470843,354
7,313,2,500,1,-3.33993673683058,406
7,314,2,1500,-1,-3.8946783979545,412
7,315,2,500,1,-6.81157272537269,476
7,316,2,1500,-1,NaN,NaN
7,317,2,1500,-1,NaN,NaN
7,318,2,500,1,4.05080373689467,438
7,319,2,500,1,-17.9752015385566,-125
7,320,2,1500,-1,-15.0155638954954,433
7,321,2,1500,-1,-3.29382847545519,386
7,322,2,500,1,-8.06828426957131,550
7,323,2,1500,-1,-4.10432022233241,352
7,324,2,500,1,-2.69968491320323,392
7,325,2,1500,-1,-8.0499759435568,384
7,326,2,1500,-1,-2.26533921059817,356
7,327,2,1500,-1,-4.29617993181346,-124
7,328,2,1500,-1,-0.930716528357,518
7,329,2,1500,-1,NaN,NaN
7,330,2,1500,-1,7.32326242842794,361
7,331,2,500,1,0.83806150874709,430
7,332,2,500,1,-9.89206715760916,-92
7,333,2,500,1,-8.07521921727258,481
7,334,2,500,1,-19.8211420899208,-95
7,335,2,500,1,-17.5412000581818,617
7,336,2,1500,-1,NaN,NaN
7,337,2,1500,-1,-4.30835125007099,320
7,338,2,500,1,-5.22966617407647,377
7,339,2,500,1,-8.47914353262164,348
7,340,2,1500,-1,-6.71079174571541,372
7,341,2,500,1,-9.09238439312636,647
7,342,2,500,1,-9.37306857946263,406
7,343,2,1500,-1,NaN,NaN
7,344,2,500,1,-4.68478598070091,1184
7,345,2,1500,-1,-5.68067176924986,310
7,346,2,500,1,-5.76624337361996,658
7,347,2,500,1,-6.0432324564605,372
7,348,2,1500,-1,-8.64746083608626,416
7,349,2,1500,-1,-7.41812970502862,349
7,350,2,1500,-1,NaN,NaN
7,351,2,1500,-1,NaN,NaN
7,352,2,1500,-1,NaN,NaN
7,353,2,1500,-1,4.37445012149194,393
7,354,2,1500,-1,1.59706773407997,357
7,355,2,1500,-1,NaN,NaN
7,356,2,500,1,1.72245970838321,452
7,357,2,1500,-1,3.86809805841798,372
7,358,2,500,1,2.20644595318453,450
7,359,2,500,1,-4.48204206481887,90
7,360,2,1500,-1,NaN,NaN
7,361,2,500,1,-1.91368171363997,506
7,362,2,1500,-1,NaN,NaN
7,363,2,500,1,-0.501253271020191,535
7,364,2,500,1,-10.1634916053691,357
7,365,2,1500,-1,-0.841346299017459,361
7,366,2,1500,-1,NaN,NaN
7,367,2,1500,-1,1.25840171192868,485
7,368,2,500,1,5.40123477012166,570
7,369,2,500,1,-7.08941391211414,476
7,370,2,1500,-1,-10.7007721151934,434
7,371,2,1500,-1,NaN,NaN
7,372,2,500,1,-2.03913891176511,458
7,373,2,1500,-1,-1.28304229670065,403
7,374,2,500,1,-0.888361824356419,444
7,375,2,1500,-1,2.36103827060036,373
7,376,2,500,1,-6.93464608167812,-21
7,377,2,1500,-1,NaN,NaN
7,378,2,1500,-1,-1.73795391037705,380
7,379,2,1500,-1,8.37883534514294,354
7,380,2,1500,-1,NaN,NaN
7,381,2,1500,-1,11.1015190373867,344
7,382,2,500,1,6.42239266296584,440
7,383,2,1500,-1,11.4101330711966,369
7,384,2,500,1,9.08171969394141,400
7,385,2,1500,-1,2.88513973502551,327
7,386,2,500,1,2.15674018737961,-36
7,387,2,1500,-1,2.34563590759751,519
7,388,2,1500,-1,16.4036346226032,432
7,389,2,1500,-1,4.5991012167262,420
7,390,2,500,1,2.67130454509435,410
7,391,2,1500,-1,NaN,NaN
7,392,2,1500,-1,3.90982440856836,356
7,393,2,500,1,-5.99274348636026,521
7,394,2,500,1,-14.5422685947916,454
7,395,2,500,1,-12.220018959523,337
7,396,2,500,1,-23.3926229487978,707
7,397,2,1500,-1,-9.02320618193623,419
7,398,2,500,1,-16.8648810612038,-108
7,399,2,500,1,-7.0540476382792,539
7,400,2,1500,-1,-4.26070508151118,391
7,401,2,1500,-1,NaN,NaN
7,402,2,500,1,-7.10947281092011,44
7,403,2,500,1,-8.98127512628194,336
7,404,2,500,1,-13.0912186450296,381
7,405,2,1500,-1,NaN,NaN
7,406,2,1500,-1,-11.7745116260464,-58
7,407,2,500,1,-10.9330433683464,-110
7,408,2,500,1,-8.21974366930033,466
7,409,2,1500,-1,NaN,NaN
7,410,2,1500,-1,NaN,NaN
7,411,2,500,1,-5.46267517815155,429
7,412,2,1500,-1,-2.56507544790312,382
7,413,2,500,1,-12.2455561670223,-139
7,414,2,500,1,-8.29529836668279,616
7,415,2,1500,-1,1.78148843075415,349
7,416,2,500,1,-1.90803807503991,373
7,417,2,500,1,-11.5694280944566,6
7,418,2,1500,-1,-13.1056818881412,-58
7,419,2,1500,-1,-2.73979217599352,10
7,420,2,500,1,-16.8335358451136,149
7,421,3,750,0,-1.62996575210051,349
7,422,3,500,0,-3.7625683124553,364
7,423,3,1000,0,-1.18241189413353,319
7,424,3,1000,0,-0.917135551487051,347
7,425,3,750,0,-1.53351508518374,367
7,426,3,1500,0,-0.454686354998147,384
7,427,3,1500,0,-1.34834024934451,322
7,428,3,1000,0,-3.04933251258012,335
7,429,3,1000,0,-0.208134470416264,346
7,430,3,1000,0,-1.26482677323411,337
7,431,3,1500,0,0.993489564579848,381
7,432,3,500,0,0.396369787012602,430
7,433,3,1250,0,0.145522865636041,348
7,434,3,750,0,0.848291143648489,363
7,435,3,500,0,-3.65665934162533,520
7,436,3,750,0,0.927341609248188,361
7,437,3,1000,0,1.29505188709288,429
7,438,3,1250,0,-1.06926261078733,364
7,439,3,1000,0,NaN,NaN
7,440,3,750,0,0.612476955380544,377
7,441,3,1250,0,-1.65409682118618,371
7,442,3,1500,0,1.68316098137892,365
7,443,3,1250,0,8.22991703014008,528
7,444,3,750,0,-5.91609914277839,459
7,445,3,1250,0,-10.0300783509175,482
7,446,3,1000,0,0.74179120327598,333
7,447,3,500,0,-3.71124387492541,430
7,448,3,1500,0,NaN,NaN
7,449,3,750,0,-1.5095787639174,438
7,450,3,1000,0,-7.95167307543918,446
7,451,3,500,0,-5.81790365532008,496
7,452,3,1250,0,NaN,NaN
7,453,3,750,0,-2.33409007375027,379
7,454,3,1500,0,NaN,NaN
7,455,3,1250,0,0.0425956748799427,396
7,456,3,1000,0,-4.85264742044418,726
7,457,3,1500,0,-11.0420167000431,60
7,458,3,1500,0,NaN,NaN
7,459,3,1500,0,-2.93084066462894,307
7,460,3,750,0,-0.765036126901377,431
7,461,3,1250,0,4.61564628649167,332
7,462,3,750,0,2.06975757185542,436
7,463,3,1000,0,1.25999405947482,768
7,464,3,750,0,-0.738662875613377,352
7,465,3,500,0,-0.396393612421898,390
7,466,3,500,0,0.761717638202035,386
7,467,3,500,0,9.86342552124472,357
7,468,3,500,0,0.0388249419771488,415
7,469,3,1250,0,NaN,NaN
7,470,3,1500,0,1.13744254659401,380
7,471,3,750,0,-11.5234366108026,397
7,472,3,1000,0,NaN,NaN
7,473,3,750,0,NaN,NaN
7,474,3,1000,0,1.04591560613875,358
7,475,3,1500,0,NaN,NaN
7,476,3,500,0,-3.37751281930226,427
7,477,3,750,0,-4.92896235067897,373
7,478,3,1000,0,NaN,NaN
7,479,3,500,0,-6.07054393376713,600
7,480,3,750,0,-4.66952518156239,484
7,481,3,1500,0,-3.75286784958728,347
7,482,3,500,0,-12.0121139970352,289
7,483,3,1250,0,-1.02894809438604,343
7,484,3,1250,0,-6.03359785931288,460
7,485,3,1250,0,NaN,NaN
7,486,3,1500,0,NaN,NaN
7,487,3,1000,0,2.52855346529657,319
7,488,3,1500,0,-1.03935054697544,351
7,489,3,1500,0,NaN,NaN
7,490,3,1000,0,NaN,NaN
7,491,3,1250,0,0.303106786852179,444
7,492,3,1000,0,NaN,NaN
7,493,3,750,0,-6.25942885351278,579
7,494,3,500,0,-14.0456704204302,-71
7,495,3,1250,0,NaN,NaN
7,496,3,500,0,NaN,NaN
7,497,3,1000,0,-6.90303704738413,351
7,498,3,500,0,-5.60308386364411,425
7,499,3,1000,0,NaN,NaN
7,500,3,1500,0,-7.39000766527604,406
7,501,3,1250,0,NaN,NaN
7,502,3,500,0,-12.086241383226,819
7,503,3,500,0,-9.72278072942267,545
7,504,3,1250,0,-10.6308275577543,378
7,505,3,750,0,-5.30828303029568,382
7,506,3,1250,0,-3.43556181560854,325
7,507,3,750,0,-3.81532691006342,296
7,508,3,1500,0,-7.6320077588316,319
7,509,3,1000,0,-13.5138131460767,26
7,510,3,1000,0,NaN,NaN
7,511,3,1250,0,NaN,NaN
7,512,3,750,0,-5.14071398524778,584
7,513,3,1250,0,NaN,NaN
7,514,3,1500,0,1.39713066161506,384
7,515,3,750,0,-3.45067081836954,401
7,516,3,1250,0,-3.26747227836475,334
7,517,3,1250,0,-6.07531478869517,327
7,518,3,500,0,-5.48205550376195,453
7,519,3,750,0,-4.33215942969797,411
7,520,3,750,0,-4.80879100619978,503
7,521,3,1000,0,-4.46616559164195,368
7,522,3,1250,0,-1.46197523560112,371
7,523,3,500,0,-7.99333223086973,-66
7,524,3,1250,0,NaN,NaN
7,525,3,750,0,-10.3107465783447,482
7,526,3,1500,0,NaN,NaN
7,527,3,1500,0,-1.4875318036198,374
7,528,3,500,0,-10.8642670511985,303
7,529,3,1500,0,NaN,NaN
7,530,3,1000,0,NaN,NaN
7,531,3,1500,0,-1.808094858588,448
7,532,3,500,0,-6.33158090545962,392
7,533,3,500,0,-1.19195636389823,531
7,534,3,500,0,-7.71012710486591,406
7,535,3,1500,0,-4.21336838255139,330
7,536,3,750,0,NaN,NaN
7,537,3,1250,0,-3.85566655128478,377
7,538,3,750,0,NaN,NaN
7,539,3,500,0,-17.3399123992614,-95
7,540,3,500,0,-7.91957030344445,532
7,541,3,1500,0,NaN,NaN
7,542,3,1250,0,0.625248148839196,331
7,543,3,750,0,-15.4629602807991,390
7,544,3,500,0,-18.9494249289167,-75
7,545,3,1250,0,NaN,NaN
7,546,3,500,0,-11.3915224187582,33
7,547,3,1500,0,NaN,NaN
7,548,3,750,0,-3.24434187433468,339
7,549,3,1250,0,-2.98182466030501,293
7,550,3,1250,0,-9.66439724192273,389
7,551,3,1500,0,NaN,NaN
7,552,3,1500,0,-2.343798068599,322
7,553,3,1500,0,-3.48961623256348,320
7,554,3,1500,0,NaN,NaN
7,555,3,1000,0,-8.33446851017288,186
7,556,3,1000,0,-5.15197514673113,355
7,557,3,1250,0,NaN,NaN
7,558,3,1000,0,-5.92805683024681,328
7,559,3,750,0,-5.54155173713084,342
7,560,3,1000,0,-9.29631759751681,394
7,561,3,500,0,-3.13398284946331,377
7,562,3,1500,0,NaN,NaN
7,563,3,500,0,-5.17931573983498,486
7,564,3,750,0,-7.48749463220756,326
7,565,3,1000,0,-14.80589505197,481
7,566,3,1250,0,NaN,NaN
7,567,3,750,0,NaN,NaN
7,568,3,1000,0,-3.73051317431176,323
7,569,3,1000,0,-2.43370038163722,274
7,570,3,500,0,-6.72232972719427,308
8,1,1,500,-0,-0.708209964470764,865
8,2,1,1500,-0,-1.28654630785864,400
8,3,1,500,-0,-2.90246502701296,492
8,4,1,1500,-0,-0.197032854694386,389
8,5,1,500,-0,-1.69603508152644,451
8,6,1,500,-0,0.176515861750426,387
8,7,1,1500,-0,NaN,NaN
8,8,1,500,-0,0.265613967659503,558
8,9,1,1500,-0,NaN,NaN
8,10,1,1500,-0,-1.31893630727994,428
8,11,1,1500,-0,-0.193119361022732,423
8,12,1,500,-0,-0.604573640471023,50
8,13,1,1500,-0,-0.41570329899988,414
8,14,1,500,-0,1.22811331966851,575
8,15,1,1500,-0,-1.22617999515859,419
8,16,1,500,-0,-0.225774468551625,552
8,17,1,500,-0,1.05042858456608,528
8,18,1,1500,-0,-1.76186332423906,379
8,19,1,1500,-0,-1.05771919337162,372
8,20,1,500,-0,-0.74658010985256,499
8,21,2,500,1,-2.11733029237511,550
8,22,2,500,1,-4.82461822081364,569
8,23,2,500,1,-7.28123816328303,462
8,24,2,1500,-1,-7.39959902445444,386
8,25,2,1500,-1,0.803894876717867,394
8,26,2,500,1,-1.20445431647855,530
8,27,2,1500,-1,-2.90698722074206,329
8,28,2,500,1,-0.320799864197097,501
8,29,2,1500,-1,-0.943886828141164,353
8,30,2,1500,-1,0.348366570870336,421
8,31,2,1500,-1,3.42330651089625,434
8,32,2,1500,-1,3.83102643902486,393
8,33,2,500,1,5.34588853154613,513
8,34,2,1500,-1,1.67268139467878,378
8,35,2,1500,-1,4.80850310548451,466
8,36,2,1500,-1,2.68564389513634,423
8,37,2,1500,-1,3.07561074711541,395
8,38,2,1500,-1,3.06460731873194,460
8,39,2,500,1,1.0037039592541,644
8,40,2,500,1,-0.073219189796625,508
8,41,2,500,1,-3.2769755103117,443
8,42,2,500,1,-0.21845207333621,662
8,43,2,500,1,-5.33677504976308,459
8,44,2,500,1,-3.76966950745138,486
8,45,2,500,1,-6.19681175379747,371
8,46,2,500,1,-6.62549599619051,487
8,47,2,1500,-1,-5.21655974765293,353
8,48,2,500,1,-7.41505920071409,564
8,49,2,500,1,-6.68856913783107,413
8,50,2,500,1,-8.26364179629493,392
8,51,2,500,1,-6.88268660022791,513
8,52,2,500,1,-7.5321788681494,461
8,53,2,500,1,-7.59727172334549,405
8,54,2,500,1,-8.84993548122292,364
8,55,2,500,1,-4.81938280343178,437
8,56,2,500,1,-6.7975023482927,409
8,57,2,500,1,-7.90543325186316,345
8,58,2,500,1,-7.45417672237337,366
8,59,2,500,1,-9.35747299973045,428
8,60,2,500,1,-7.81865170313996,496
8,61,2,500,1,-11.0395435563152,425
8,62,2,500,1,-8.63581920258599,373
8,63,2,1500,-1,-8.38518221431651,390
8,64,2,500,1,-9.40085386477576,443
8,65,2,500,1,-1.58599990018958,374
8,66,2,500,1,-9.28234474096226,480
8,67,2,1500,-1,-8.36062988229371,393
8,68,2,1500,-1,-2.9374251195759,387
8,69,2,1500,-1,0.560036920383805,390
8,70,2,500,1,0.39625770347372,468
8,71,2,1500,-1,-0.101163376088695,351
8,72,2,500,1,1.04970393175976,478
8,73,2,1500,-1,-0.886342292766557,-63
8,74,2,500,1,0.492958901270077,508
8,75,2,1500,-1,-4.49835049468484,374
8,76,2,500,1,-0.875372522165674,496
8,77,2,500,1,-5.19551367196195,544
8,78,2,1500,-1,-5.35764637425442,351
8,79,2,1500,-1,2.6639869768735,435
8,80,2,500,1,4.0527140734844,514
8,81,2,500,1,-5.48687855365792,370
8,82,2,500,1,-9.87248319239627,496
8,83,2,1500,-1,-6.66032613389017,360
8,84,2,500,1,-5.317577269498,449
8,85,2,1500,-1,-4.73415311148307,370
8,86,2,500,1,-4.03872427033348,558
8,87,2,500,1,-6.24919387860819,318
8,88,2,500,1,-10.8454973825902,421
8,89,2,1500,-1,-9.73517933986341,350
8,90,2,1500,-1,-3.12130583232549,333
8,91,2,1500,-1,-1.86702637063643,299
8,92,2,500,1,-4.15611113533088,461
8,93,2,1500,-1,-5.09014051238449,380
8,94,2,1500,-1,-4.3265891894042,344
8,95,2,1500,-1,1.20499060416492,412
8,96,2,1500,-1,2.64103916281766,363
8,97,2,1500,-1,-0.814758801469715,392
8,98,2,500,1,-0.209340326207279,140
8,99,2,1500,-1,NaN,NaN
8,100,2,1500,-1,-2.32396280699245,400
8,101,2,1500,-1,0.719677637187288,410
8,102,2,1500,-1,1.57460421703008,373
8,103,2,500,1,3.73761017858826,525
8,104,2,1500,-1,-1.83661606841937,403
8,105,2,500,1,-1.01464329960716,378
8,106,2,1500,-1,-0.283518269125255,396
8,107,2,1500,-1,1.21681162204274,389
8,108,2,1500,-1,-0.887141828345431,366
8,109,2,1500,-1,1.83334513258265,347
8,110,2,1500,-1,3.32657991644872,372
8,111,2,1500,-1,4.52428913794181,388
8,112,2,500,1,2.25228557367234,575
8,113,2,1500,-1,NaN,NaN
8,114,2,500,1,0.262076890492793,416
8,115,2,500,1,-4.63185959753204,416
8,116,2,1500,-1,-1.06857017692009,392
8,117,2,500,1,-2.79246359636235,421
8,118,2,1500,-1,-3.53825823118141,337
8,119,2,500,1,-2.07751571508537,460
8,120,2,500,1,-5.53405173276659,372
8,121,2,500,1,-5.45871583095375,420
8,122,2,500,1,-6.6338948815619,76
8,123,2,500,1,-7.58907513294883,396
8,124,2,1500,-1,-4.78730295665492,360
8,125,2,500,1,-4.44030245128926,448
8,126,2,1500,-1,-3.66296170416916,356
8,127,2,1500,-1,-0.123632779256103,381
8,128,2,1500,-1,2.00593068989851,429
8,129,2,1500,-1,3.15816778757018,362
8,130,2,500,1,1.00898423701416,563
8,131,2,1500,-1,0.895097221536826,393
8,132,2,1500,-1,-2.17425976125797,434
8,133,2,500,1,-0.467497230720182,543
8,134,2,1500,-1,-0.929400143913471,352
8,135,2,500,1,-2.98223712652794,556
8,136,2,500,1,-1.43922152845342,468
8,137,2,1500,-1,-3.92410220529577,359
8,138,2,1500,-1,-0.51281576185926,459
8,139,2,500,1,0.630870300456127,524
8,140,2,500,1,-2.62014115906512,337
8,141,2,500,1,-3.55121523406819,422
8,142,2,500,1,-5.26175697060399,398
8,143,2,500,1,-6.68887471516262,401
8,144,2,1500,-1,-7.1869812168987,370
8,145,2,500,1,-2.96791787169666,447
8,146,2,1500,-1,-0.609116169632089,381
8,147,2,500,1,-0.996894567626823,713
8,148,2,1500,-1,-3.31564024272251,455
8,149,2,500,1,-1.00661995256901,549
8,150,2,500,1,-1.08592328718167,530
8,151,2,1500,-1,-2.03267931408022,348
8,152,2,500,1,-4.02309949782095,407
8,153,2,1500,-1,-3.89337164373,370
8,154,2,1500,-1,-6.0651311732292,830
8,155,2,500,1,-2.67584291344027,493
8,156,2,500,1,-0.233244721097992,550
8,157,2,1500,-1,NaN,NaN
8,158,2,500,1,-0.912101751088834,403
8,159,2,1500,-1,0.388770193619673,411
8,160,2,1500,-1,-1.222853503106,358
8,161,2,1500,-1,0.58988231290412,365
8,162,2,500,1,-6.32788284459025,426
8,163,2,500,1,-3.22242164389974,348
8,164,2,1500,-1,-4.31208524463179,370
8,165,2,1500,-1,-2.50003279377311,337
8,166,2,1500,-1,-0.475863992903371,359
8,167,2,1500,-1,-0.0930092414735731,372
8,168,2,500,1,-3.05527750937511,475
8,169,2,500,1,-3.46476268274358,365
8,170,2,1500,-1,-1.8629761262584,342
8,171,2,1500,-1,0.884119098515644,364
8,172,2,1500,-1,NaN,NaN
8,173,2,500,1,0.315887200249913,361
8,174,2,1500,-1,NaN,NaN
8,175,2,1500,-1,-0.15092185306056,344
8,176,2,500,1,1.16735691528388,390
8,177,2,500,1,0.486151766401257,414
8,178,2,1500,-1,-2.38044367421915,366
8,179,2,1500,-1,-0.382574581845383,411
8,180,2,1500,-1,0.164825188135723,412
8,181,2,1500,-1,-0.597739330170893,404
8,182,2,500,1,2.67167484721785,404
8,183,2,500,1,-0.75184856860357,393
8,184,2,500,1,-3.47648641884436,402
8,185,2,500,1,-3.55932296803255,391
8,186,2,1500,-1,-4.12824517370132,368
8,187,2,1500,-1,-2.47645341289917,321
8,188,2,500,1,-1.12537298554581,376
8,189,2,500,1,-2.07553052019509,329
8,190,2,500,1,-5.58023910581689,378
8,191,2,500,1,-11.3664362664564,346
8,192,2,500,1,-2.27402316056294,349
8,193,2,1500,-1,-4.07145147439506,375
8,194,2,1500,-1,0.0870353201174606,372
8,195,2,500,1,0.481253801568646,448
8,196,2,500,1,-3.58216622947854,291
8,197,2,500,1,-2.94129794314694,465
8,198,2,1500,-1,-3.14856831832423,401
8,199,2,1500,-1,0.570303907923447,404
8,200,2,1500,-1,0.121602325211606,338
8,201,2,1500,-1,2.85948546933415,418
8,202,2,1500,-1,1.1142659494703,459
8,203,2,500,1,0.607790999010981,500
8,204,2,500,1,-2.2909403032428,425
8,205,2,500,1,-2.33848963878684,420
8,206,2,1500,-1,-2.55284522700323,330
8,207,2,1500,-1,0.196540067632939,341
8,208,2,1500,-1,3.40368097649475,375
8,209,2,500,1,1.59163085884046,515
8,210,2,1500,-1,-1.56018890133646,393
8,211,2,500,1,-0.0750245849697682,512
8,212,2,1500,-1,0.624837972837358,349
8,213,2,1500,-1,2.53871257616564,385
8,214,2,1500,-1,2.42809100121147,420
8,215,2,1500,-1,3.68073885323175,432
8,216,2,1500,-1,5.45892708614802,384
8,217,2,1500,-1,5.90358671472381,316
8,218,2,500,1,1.82533455861457,489
8,219,2,500,1,0.268485573835902,405
8,220,2,1500,-1,1.25642188390616,-76
8,221,2,1500,-1,-0.93671921653768,397
8,222,2,1500,-1,NaN,NaN
8,223,2,1500,-1,4.99659556329935,358
8,224,2,500,1,2.18592001708451,511
8,225,2,1500,-1,2.45532703998349,494
8,226,2,1500,-1,2.91813597288031,393
8,227,2,500,1,2.20578352496,567
8,228,2,1500,-1,-1.04915611167193,377
8,229,2,1500,-1,-0.913319302858283,444
8,230,2,500,1,-2.42594559548497,396
8,231,2,1500,-1,0.638583379517836,459
8,232,2,500,1,-1.23355479830534,498
8,233,2,1500,-1,0.147189230359174,437
8,234,2,500,1,-4.13056554928708,441
8,235,2,500,1,-4.07336163985301,110
8,236,2,1500,-1,-3.57853630386238,301
8,237,2,1500,-1,-0.124232778198841,353
8,238,2,500,1,-1.83309323070212,496
8,239,2,500,1,-1.32265487814914,378
8,240,2,1500,-1,0.368535338028472,340
8,241,2,500,1,0.874184127565256,441
8,242,2,1500,-1,4.31243211374843,310
8,243,2,1500,-1,6.98876240841326,343
8,244,2,500,1,4.09802228274741,476
8,245,2,500,1,-1.99910292334911,445
8,246,2,1500,-1,0.856251598062935,338
8,247,2,1500,-1,1.02531254625134,368
8,248,2,1500,-1,3.52536879060746,379
8,249,2,1500,-1,4.56863092582364,358
8,250,2,500,1,3.47722977857004,509
8,251,2,500,1,-0.352014311007947,-12
8,252,2,500,1,-2.84911178167683,429
8,253,2,1500,-1,-3.58163971400218,356
8,254,2,500,1,-2.52608486275149,410
8,255,2,1500,-1,-1.4571603095856,347
8,256,2,1500,-1,5.0178122269845,377
8,257,2,500,1,3.11028902808789,401
8,258,2,1500,-1,3.07413299142886,337
8,259,2,500,1,1.27552586401357,508
8,260,2,1500,-1,NaN,NaN
8,261,2,500,1,3.16556187849446,401
8,262,2,1500,-1,2.57705242873683,371
8,263,2,1500,-1,3.8609893628056,350
8,264,2,1500,-1,2.34129277332587,363
8,265,2,1500,-1,1.69794778585557,371
8,266,2,500,1,2.02958137215937,397
8,267,2,500,1,-2.02566964966682,379
8,268,2,500,1,-1.75162894111846,358
8,269,2,500,1,-3.06656028055215,403
8,270,2,1500,-1,-4.49985517849114,323
8,271,2,1500,-1,NaN,NaN
8,272,2,1500,-1,0.0122753455251176,343
8,273,2,1500,-1,3.54808368985301,373
8,274,2,1500,-1,-0.785705609452714,350
8,275,2,500,1,2.13985968864492,485
8,276,2,500,1,NaN,NaN
8,277,2,1500,-1,2.1964641683146,770
8,278,2,500,1,1.75749237048892,498
8,279,2,1500,-1,1.90153324805814,598
8,280,2,1500,-1,1.25985818294464,325
8,281,2,500,1,2.62056329186393,358
8,282,2,1500,-1,NaN,NaN
8,283,2,1500,-1,2.33779589586688,364
8,284,2,500,1,0.538132887725238,382
8,285,2,500,1,0.85102260689008,429
8,286,2,1500,-1,-1.38186694528127,351
8,287,2,500,1,1.95901595498536,368
8,288,2,1500,-1,0.959707702130654,406
8,289,2,500,1,0.308522850001014,401
8,290,2,500,1,4.18130897153923,446
8,291,2,1500,-1,NaN,NaN
8,292,2,1500,-1,3.02455569019119,382
8,293,2,1500,-1,-0.000935689584439258,392
8,294,2,500,1,-0.749094398531908,398
8,295,2,500,1,-0.948158634802136,22
8,296,2,500,1,-5.13895317335437,341
8,297,2,500,1,-4.40682386862911,352
8,298,2,500,1,-2.21696408259338,354
8,299,2,500,1,-4.07942822072241,371
8,300,2,1500,-1,NaN,NaN
8,301,2,500,1,-5.99451148921766,353
8,302,2,500,1,-3.32748565971701,345
8,303,2,500,1,-5.2811619573111,354
8,304,2,500,1,-3.20299418897043,343
8,305,2,1500,-1,-6.85978822117089,324
8,306,2,500,1,-5.19906897058632,403
8,307,2,500,1,-10.1659795435345,375
8,308,2,1500,-1,0.262857755782215,326
8,309,2,1500,-1,-3.8714234452548,347
8,310,2,500,1,-4.34474820238537,597
8,311,2,500,1,-5.28784380957958,359
8,312,2,1500,-1,-2.5251706341134,-24
8,313,2,1500,-1,2.98038006291129,379
8,314,2,1500,-1,0.061767201219228,353
8,315,2,1500,-1,3.24590420905314,394
8,316,2,500,1,2.01913834313318,453
8,317,2,500,1,-1.1802284262366,361
8,318,2,500,1,0.759971281122476,425
8,319,2,1500,-1,-3.73236222219653,365
8,320,2,500,1,0.219220523016296,447
8,321,2,1500,-1,-1.89112817944656,322
8,322,2,1500,-1,1.94167035743002,355
8,323,2,500,1,0.0556449812407093,455
8,324,2,500,1,2.89251919916846,365
8,325,2,500,1,-6.28930260506201,396
8,326,2,1500,-1,1.87639581056012,307
8,327,2,500,1,-1.51374888359872,387
8,328,2,500,1,-4.29272283217319,412
8,329,2,500,1,-4.33087217362322,386
8,330,2,500,1,-3.30071623772614,343
8,331,2,1500,-1,1.14424048507668,346
8,332,2,1500,-1,-1.86034325853731,353
8,333,2,1500,-1,1.12362225417286,448
8,334,2,1500,-1,0.515112120755385,380
8,335,2,500,1,0.404920830667618,556
8,336,2,500,1,-3.39501404471399,329
8,337,2,500,1,-5.90662817819911,361
8,338,2,1500,-1,0.0372951460864782,299
8,339,2,1500,-1,0.574726524390035,360
8,340,2,500,1,-0.945756403910424,385
8,341,2,500,1,-3.64882212120867,392
8,342,2,1500,-1,0.312372469991172,384
8,343,2,500,1,-4.13047270659046,362
8,344,2,500,1,-3.86165904109909,381
8,345,2,500,1,-2.06554568240494,344
8,346,2,1500,-1,-4.09705542541225,344
8,347,2,1500,-1,-2.07914385079733,321
8,348,2,500,1,1.48065292814737,475
8,349,2,1500,-1,-1.68726423826779,346
8,350,2,1500,-1,-1.25089454345155,359
8,351,2,500,1,-1.9406314889935,388
8,352,2,1500,-1,NaN,NaN
8,353,2,1500,-1,-1.12244920098477,382
8,354,2,500,1,-0.703093433214828,358
8,355,2,1500,-1,NaN,NaN
8,356,2,1500,-1,2.80008059857926,375
8,357,2,1500,-1,0.482176125052539,367
8,358,2,500,1,-1.63376212379364,383
8,359,2,1500,-1,-2.07296594263355,362
8,360,2,500,1,-1.07690126344646,580
8,361,2,500,1,-3.8141678245811,370
8,362,2,1500,-1,-5.4369023686297,345
8,363,2,500,1,-1.47967031037718,451
8,364,2,500,1,-2.39539578230998,396
8,365,2,1500,-1,0.265854877946321,317
8,366,2,1500,-1,0.653305394992399,331
8,367,2,1500,-1,3.77219113941382,320
8,368,2,500,1,3.79541315447259,526
8,369,2,1500,-1,1.47091619509316,332
8,370,2,500,1,2.53149820842062,448
8,371,2,1500,-1,-1.73773958016102,296
8,372,2,500,1,0.667939946745384,498
8,373,2,1500,-1,-0.539402081275405,329
8,374,2,500,1,1.37330872108113,427
8,375,2,1500,-1,-0.860262740684511,355
8,376,2,1500,-1,3.35104725967263,319
8,377,2,500,1,1.32766940332012,472
8,378,2,500,1,1.10116189165028,403
8,379,2,1500,-1,1.6773027134423,330
8,380,2,500,1,4.02932824854187,384
8,381,2,500,1,0.141536518894579,421
8,382,2,500,1,-2.09325891503093,390
8,383,2,500,1,0.211527247510709,400
8,384,2,1500,-1,1.7119899565379,351
8,385,2,500,1,3.21394661706319,479
8,386,2,500,1,1.20817622769727,382
8,387,2,1500,-1,NaN,NaN
8,388,2,500,1,3.83874149872968,389
8,389,2,1500,-1,6.31472011881011,315
8,390,2,500,1,3.06450875954028,488
8,391,2,1500,-1,3.16294102289049,361
8,392,2,500,1,0.148905262845402,356
8,393,2,500,1,5.12441425785353,391
8,394,2,500,1,1.01728706881201,332
8,395,2,500,1,5.18381495920484,395
8,396,2,500,1,1.49246295419625,79
8,397,2,500,1,-2.04494505499465,305
8,398,2,1500,-1,3.3664181300121,330
8,399,2,500,1,6.46236485318096,448
8,400,2,1500,-1,8.13395037218215,317
8,401,2,500,1,3.05496112443247,384
8,402,2,500,1,1.74260269574084,422
8,403,2,1500,-1,5.66214906767083,327
8,404,2,1500,-1,4.35807079349848,321
8,405,2,1500,-1,3.39979298717584,331
8,406,2,1500,-1,6.07716697798343,304
8,407,2,1500,-1,6.99019711795241,369
8,408,2,1500,-1,6.63286995644729,339
8,409,2,1500,-1,4.4470910077418,339
8,410,2,1500,-1,3.19012266458558,376
8,411,2,1500,-1,0.528158647985816,350
8,412,2,1500,-1,3.17401813481172,339
8,413,2,500,1,-0.680442896577806,469
8,414,2,500,1,1.22567884159307,396
8,415,2,500,1,-1.37132414790794,358
8,416,2,1500,-1,2.9303428476536,350
8,417,2,1500,-1,5.6216396937348,358
8,418,2,1500,-1,5.08656770089271,345
8,419,2,1500,-1,10.783168385157,350
8,420,2,500,1,5.19654274530401,524
8,421,3,1500,-0,0.406789927974028,367
8,422,3,1500,-0,NaN,NaN
8,423,3,1250,-0,0.873967889380321,348
8,424,3,1000,-0,2.23222355906765,336
8,425,3,750,-0,4.55060434807885,368
8,426,3,1500,-0,NaN,NaN
8,427,3,1250,-0,-0.847489256371911,368
8,428,3,500,-0,1.30629615286405,403
8,429,3,1250,-0,0.715708319318181,351
8,430,3,1000,-0,1.46701736147291,380
8,431,3,500,-0,-2.28772322685262,400
8,432,3,1000,-0,-0.0325494571793428,354
8,433,3,1000,-0,-1.87995542128064,321
8,434,3,1000,-0,-2.5427795182671,367
8,435,3,1250,-0,1.4238465838729,360
8,436,3,500,-0,-1.78411448426851,370
8,437,3,1000,-0,-0.147811414700094,323
8,438,3,1250,-0,NaN,NaN
8,439,3,500,-0,-1.08057940699923,380
8,440,3,500,-0,-1.36807029113184,349
8,441,3,1250,-0,NaN,NaN
8,442,3,500,-0,-3.29097263462717,359
8,443,3,750,-0,-2.24512030556688,390
8,444,3,500,-0,-1.17232653992955,386
8,445,3,500,-0,-0.761384439788761,360
8,446,3,500,-0,-0.552935745704244,332
8,447,3,750,-0,-3.93994606593547,361
8,448,3,500,-0,1.41155889500047,332
8,449,3,750,-0,5.63850068288942,316
8,450,3,1250,-0,6.81662990469902,319
8,451,3,1250,-0,4.66812733351265,314
8,452,3,1250,-0,6.61063472009512,347
8,453,3,1250,-0,1.74062564932237,317
8,454,3,1000,-0,-0.316110259657856,394
8,455,3,1500,-0,1.36012609404478,345
8,456,3,1000,-0,0.0545214536937194,367
8,457,3,750,-0,1.7816601626859,373
8,458,3,500,-0,0.597197830190366,376
8,459,3,1250,-0,NaN,NaN
8,460,3,1000,-0,0.23284705090228,345
8,461,3,1500,-0,-4.2373046371997,361
8,462,3,750,-0,NaN,NaN
8,463,3,500,-0,-4.23833095867099,357
8,464,3,1250,-0,0.633539799027583,341
8,465,3,1500,-0,NaN,NaN
8,466,3,500,-0,-1.80573263399776,510
8,467,3,1250,-0,4.24367800763206,312
8,468,3,1000,-0,-0.15200789384618,327
8,469,3,1000,-0,2.37490184531825,331
8,470,3,1500,-0,6.05220366778462,328
8,471,3,1500,-0,1.94160212805283,316
8,472,3,750,-0,2.30459107391667,434
8,473,3,1000,-0,-1.3198462987381,336
8,474,3,1250,-0,4.91989816379071,312
8,475,3,1500,-0,1.87424022453373,338
8,476,3,500,-0,-0.954323758920205,542
8,477,3,500,-0,-2.32466235945076,361
8,478,3,1500,-0,-0.636787458058375,289
8,479,3,1250,-0,1.5490837984069,288
8,480,3,1500,-0,-0.295813987560769,245
8,481,3,750,-0,-5.73776839628587,357
8,482,3,1500,-0,-1.61863502585371,-134
8,483,3,750,-0,-0.640591124495314,384
8,484,3,750,-0,-0.63714049359135,419
8,485,3,500,-0,1.57249827265723,506
8,486,3,500,-0,-2.07031828931105,314
8,487,3,1000,-0,NaN,NaN
8,488,3,1500,-0,-1.3356190758735,365
8,489,3,750,-0,-3.09746972979311,385
8,490,3,1000,-0,-3.65389217536342,313
8,491,3,1250,-0,-2.49332134294117,309
8,492,3,1000,-0,-1.31466844929267,247
8,493,3,1000,-0,-2.48364895246954,319
8,494,3,750,-0,-4.35413843166242,328
8,495,3,500,-0,-1.90490510807371,401
8,496,3,1250,-0,-3.594839346814,336
8,497,3,750,-0,-3.34991589292677,368
8,498,3,750,-0,-2.65336282178538,375
8,499,3,1000,-0,-2.75426271196937,352
8,500,3,500,-0,-4.66133965082031,419
8,501,3,500,-0,-7.06573046608978,316
8,502,3,1250,-0,-2.69919851471534,315
8,503,3,500,-0,-4.29166784002374,324
8,504,3,500,-0,-5.22935072733732,495
8,505,3,1500,-0,-1.44097321537537,261
8,506,3,500,-0,-3.49798658408593,373
8,507,3,1500,-0,-0.0601521728525996,329
8,508,3,750,-0,-0.101041757348173,352
8,509,3,1250,-0,0.0369395459483236,317
8,510,3,1000,-0,0.360972787505267,354
8,511,3,1250,-0,-0.123970147700599,338
8,512,3,1000,-0,-3.99710919709635,365
8,513,3,750,-0,0.396993080161854,406
8,514,3,750,-0,4.49189839055547,362
8,515,3,1250,-0,-4.37591658569445,380
8,516,3,1500,-0,0.774436343963948,353
8,517,3,750,-0,-2.78984156310467,328
8,518,3,1000,-0,-1.59579197223829,350
8,519,3,1250,-0,-1.31048260031516,283
8,520,3,1500,-0,-3.20873511486913,308
8,521,3,1500,-0,-2.49894541928677,351
8,522,3,1500,-0,-1.17795525404282,357
8,523,3,1250,-0,-2.57928732657739,305
8,524,3,750,-0,0.361287063760328,384
8,525,3,1000,-0,-1.06946207581612,301
8,526,3,1500,-0,-2.88561119239457,272
8,527,3,1250,-0,-2.96441884995981,352
8,528,3,1000,-0,-2.27779920375202,347
8,529,3,750,-0,-2.37538288199597,411
8,530,3,1500,-0,-3.13705006985885,324
8,531,3,750,-0,-2.2899637416841,367
8,532,3,1500,-0,-1.85615962072007,291
8,533,3,750,-0,-1.53922029055392,368
8,534,3,750,-0,-0.625498860730025,315
8,535,3,750,-0,-1.41302017037687,346
8,536,3,1500,-0,NaN,NaN
8,537,3,1000,-0,-2.42550444451555,318
8,538,3,500,-0,1.9216501432207,468
8,539,3,1500,-0,NaN,NaN
8,540,3,750,-0,-1.68267681051441,419
8,541,3,1250,-0,0.162040877549733,352
8,542,3,1000,-0,-3.29456899378283,286
8,543,3,500,-0,-3.87690603407096,407
8,544,3,500,-0,-1.03934191633758,367
8,545,3,1250,-0,NaN,NaN
8,546,3,500,-0,1.83073288219382,346
8,547,3,1000,-0,2.91144333652274,194
8,548,3,500,-0,0.633036716515365,334
8,549,3,1500,-0,NaN,NaN
8,550,3,1000,-0,0.152178283547877,328
8,551,3,500,-0,1.68260925099908,351
8,552,3,1250,-0,-0.905865965517097,328
8,553,3,1250,-0,1.78865444005787,340
8,554,3,750,-0,-1.15331634783036,381
8,555,3,1000,-0,2.57245702267337,351
8,556,3,750,-0,0.113791380244545,391
8,557,3,1500,-0,-2.75257448436439,342
8,558,3,1500,-0,1.40285022682397,370
8,559,3,1000,-0,-2.13196961171669,337
8,560,3,1500,-0,NaN,NaN
8,561,3,1250,-0,2.33372349043122,316
8,562,3,750,-0,-1.29737574434236,387
8,563,3,1500,-0,0.277384566039393,351
8,564,3,1000,-0,0.736223799393903,369
8,565,3,750,-0,-1.8958142370973,371
8,566,3,1000,-0,-1.54570975968924,360
8,567,3,1250,-0,-0.766639904193754,369
8,568,3,750,-0,1.84528030725578,412
8,569,3,1500,-0,0.896922625837121,386
8,570,3,500,-0,-1.37536815409764,445
9,1,1,500,0,4.95048217139899,707
9,2,1,500,0,-2.07097617518764,19
9,3,1,1500,0,NaN,NaN
9,4,1,500,0,-0.0428248301838728,726
9,5,1,1500,0,-3.40818703390899,415
9,6,1,500,0,1.40608704911248,593
9,7,1,500,0,0.684134934271723,341
9,8,1,1500,0,-1.11919452804251,380
9,9,1,1500,0,2.22181350347115,381
9,10,1,1500,0,NaN,NaN
9,11,1,500,0,6.14859523258006,538
9,12,1,500,0,-2.45072007994973,349
9,13,1,1500,0,NaN,NaN
9,14,1,1500,0,2.53064660250948,405
9,15,1,500,0,5.37903682591975,427
9,16,1,1500,0,5.12708205623501,375
9,17,1,500,0,NaN,NaN
9,18,1,1500,0,5.62246466582366,367
9,19,1,500,0,2.83049909662204,352
9,20,1,1500,0,5.65538430263692,330
9,21,2,500,1,8.0713404561227,421
9,22,2,500,1,0.750107699163112,-22
9,23,2,500,1,-1.8364473330648,459
9,24,2,500,1,-7.33819227783858,509
9,25,2,500,1,-11.0530465656644,375
9,26,2,1500,-1,0.0580896365625722,338
9,27,2,1500,-1,8.10972196591232,323
9,28,2,500,1,0.752182182023532,536
9,29,2,1500,-1,0.046347306171878,332
9,30,2,1500,-1,5.93285025535387,378
9,31,2,500,1,6.84794215114061,587
9,32,2,1500,-1,2.82556845155822,346
9,33,2,1500,-1,NaN,NaN
9,34,2,1500,-1,NaN,NaN
9,35,2,1500,-1,23.9827219982662,473
9,36,2,500,1,28.1478672860961,627
9,37,2,1500,-1,NaN,NaN
9,38,2,500,1,21.3538709481955,758
9,39,2,500,1,2.91961275465236,754
9,40,2,1500,-1,4.50077759407776,447
9,41,2,500,1,9.87148120334673,449
9,42,2,500,1,3.16973106200793,471
9,43,2,500,1,5.95494494750413,539
9,44,2,1500,-1,4.91949908028929,408
9,45,2,500,1,6.61146340416968,486
9,46,2,1500,-1,13.1376936838555,373
9,47,2,500,1,6.02421760926776,461
9,48,2,1500,-1,3.85666873792219,328
9,49,2,500,1,5.04302550501623,-83
9,50,2,1500,-1,6.76482272877003,417
9,51,2,500,1,-0.388099858739679,455
9,52,2,500,1,-3.94629511571396,420
9,53,2,1500,-1,-2.38426369172992,370
9,54,2,1500,-1,6.61984354850331,362
9,55,2,1500,-1,13.4174727797698,356
9,56,2,500,1,3.01685219484555,432
9,57,2,1500,-1,9.962306010116,413
9,58,2,500,1,12.4132521014956,602
9,59,2,500,1,4.12251807380218,377
9,60,2,1500,-1,1.40624045341286,412
9,61,2,1500,-1,13.4013310140342,358
9,62,2,1500,-1,13.9243783664562,299
9,63,2,500,1,14.1893044633898,-86
9,64,2,1500,-1,6.81168750766326,408
9,65,2,1500,-1,NaN,NaN
9,66,2,1500,-1,NaN,NaN
9,67,2,1500,-1,NaN,NaN
9,68,2,1500,-1,16.9083503668408,406
9,69,2,1500,-1,23.8072157424723,418
9,70,2,500,1,15.0775108411766,621
9,71,2,500,1,7.63878897325515,380
9,72,2,500,1,2.30640014408612,447
9,73,2,500,1,2.94855573510164,494
9,74,2,1500,-1,9.31243576961496,429
9,75,2,1500,-1,22.0268455725548,373
9,76,2,500,1,17.2869727964232,579
9,77,2,500,1,3.43198103743295,501
9,78,2,500,1,-1.69982493746983,520
9,79,2,500,1,-2.99469927144505,749
9,80,2,500,1,0.646523875748254,320
9,81,2,500,1,2.38578242060395,294
9,82,2,500,1,2.64078984030319,323
9,83,2,1500,-1,6.76601902152034,365
9,84,2,500,1,7.0961034035043,384
9,85,2,500,1,5.90648655508001,344
9,86,2,1500,-1,14.1688027132056,339
9,87,2,500,1,22.201197916017,468
9,88,2,1500,-1,10.6639853646922,317
9,89,2,500,1,11.7151981989222,426
9,90,2,500,1,5.60847942201256,316
9,91,2,1500,-1,13.5587729609524,321
9,92,2,500,1,9.92384931771113,410
9,93,2,500,1,0.263902177248082,372
9,94,2,1500,-1,10.940752583739,441
9,95,2,500,1,14.214686363591,444
9,96,2,1500,-1,17.341923354402,297
9,97,2,500,1,23.9781075783997,158
9,98,2,500,1,6.96593029641351,346
9,99,2,500,1,4.35807438485414,552
9,100,2,1500,-1,13.0767761053417,398
9,101,2,1500,-1,23.1193786402803,312
9,102,2,1500,-1,NaN,NaN
9,103,2,1500,-1,26.3582223840689,345
9,104,2,500,1,18.8047236018558,836
9,105,2,1500,-1,6.95402919905413,385
9,106,2,1500,-1,14.2943429131301,445
9,107,2,1500,-1,23.5195205084646,335
9,108,2,500,1,20.4079530180868,428
9,109,2,1500,-1,17.7887257485956,348
9,110,2,500,1,19.7031266423594,364
9,111,2,1500,-1,18.0097011988503,342
9,112,2,500,1,10.8910719000319,405
9,113,2,500,1,8.47674983106675,356
9,114,2,1500,-1,NaN,NaN
9,115,2,1500,-1,NaN,NaN
9,116,2,1500,-1,23.2459338795654,436
9,117,2,500,1,23.0048273884838,538
9,118,2,500,1,14.4465227433743,406
9,119,2,500,1,15.2530761368324,361
9,120,2,500,1,10.0144050874985,346
9,121,2,500,1,2.81853639967821,379
9,122,2,1500,-1,5.8883983136139,205
9,123,2,1500,-1,22.7565246463142,384
9,124,2,1500,-1,23.4803756025377,365
9,125,2,1500,-1,19.0638844389918,328
9,126,2,500,1,13.4998068739121,413
9,127,2,500,1,5.82463296716769,379
9,128,2,1500,-1,5.89384490112842,371
9,129,2,1500,-1,9.31608605944286,347
9,130,2,500,1,8.37444851974387,-7
9,131,2,500,1,7.15862102875632,474
9,132,2,500,1,8.18569599304927,458
9,133,2,1500,-1,9.62499306101727,300
9,134,2,1500,-1,14.142480935338,322
9,135,2,500,1,13.3700076946488,433
9,136,2,1500,-1,14.3739120853274,380
9,137,2,1500,-1,NaN,NaN
9,138,2,1500,-1,NaN,NaN
9,139,2,1500,-1,25.9499422721275,425
9,140,2,1500,-1,26.3550593606314,376
9,141,2,500,1,21.6817163581884,802
9,142,2,500,1,10.220033581377,185
9,143,2,1500,-1,12.7933621329258,328
9,144,2,1500,-1,15.4176268018996,413
9,145,2,1500,-1,18.0272235279979,357
9,146,2,1500,-1,18.8959446203232,445
9,147,2,500,1,19.2851068381661,453
9,148,2,500,1,16.6756037210144,435
9,149,2,500,1,13.0831696118212,419
9,150,2,500,1,14.7231158760359,339
9,151,2,1500,-1,11.1664376011535,423
9,152,2,1500,-1,12.8614584451514,510
9,153,2,1500,-1,16.8023715560623,558
9,154,2,1500,-1,24.6173380653412,392
9,155,2,500,1,24.4705063732428,402
9,156,2,1500,-1,26.8580090583805,448
9,157,2,500,1,23.212017650353,402
9,158,2,500,1,15.2129588826477,415
9,159,2,1500,-1,11.0277986976739,431
9,160,2,500,1,13.4849412886741,429
9,161,2,500,1,12.3469982118519,439
9,162,2,1500,-1,10.8306161234837,593
9,163,2,500,1,12.8798962062215,407
9,164,2,1500,-1,6.35078222069635,333
9,165,2,500,1,8.26278362464866,394
9,166,2,500,1,10.2181565947033,482
9,167,2,1500,-1,11.0186415963579,393
9,168,2,1500,-1,21.5836606056509,345
9,169,2,1500,-1,24.4508284417816,365
9,170,2,500,1,23.1782714871399,449
9,171,2,1500,-1,23.2403400610949,332
9,172,2,500,1,26.0675419444215,390
9,173,2,1500,-1,26.9658317332088,318
9,174,2,1500,-1,27.25696371135,374
9,175,2,500,1,18.2352272917936,-8
9,176,2,500,1,13.1113056473824,418
9,177,2,1500,-1,15.804847238179,366
9,178,2,500,1,21.3775611911744,400
9,179,2,1500,-1,16.9557617836385,386
9,180,2,1500,-1,22.137412611376,391
9,181,2,1500,-1,23.4030608192605,415
9,182,2,1500,-1,20.1475440745865,407
9,183,2,1500,-1,19.6280863168948,394
9,184,2,1500,-1,19.1859680462157,327
9,185,2,1500,-1,26.646872097494,293
9,186,2,500,1,20.2354689329525,460
9,187,2,500,1,10.9472566221856,496
9,188,2,500,1,1.7489474496125,426
9,189,2,1500,-1,9.42935421247043,332
9,190,2,1500,-1,NaN,NaN
9,191,2,1500,-1,29.828454757392,365
9,192,2,1500,-1,24.350807855223,453
9,193,2,1500,-1,NaN,NaN
9,194,2,500,1,19.62727237691,493
9,195,2,500,1,9.79351372546933,449
9,196,2,1500,-1,10.8725959288072,400
9,197,2,500,1,21.2812327787893,497
9,198,2,1500,-1,20.4060335223846,381
9,199,2,1500,-1,22.1253283590363,437
9,200,2,500,1,25.7597419889709,567
9,201,2,500,1,13.6471585418165,375
9,202,2,500,1,12.8480343158319,364
9,203,2,1500,-1,8.61275006266665,311
9,204,2,1500,-1,25.7994645061038,319
9,205,2,1500,-1,NaN,NaN
9,206,2,1500,-1,NaN,NaN
9,207,2,1500,-1,29.4934460168351,472
9,208,2,500,1,26.7165193811621,543
9,209,2,500,1,24.414978953194,774
9,210,2,500,1,27.9848298403047,380
9,211,2,500,1,12.6264616810374,407
9,212,2,1500,-1,15.0408656376348,377
9,213,2,500,1,20.6399187475053,417
9,214,2,500,1,21.8314132569878,349
9,215,2,1500,-1,6.08150354810127,381
9,216,2,500,1,15.7258016677667,366
9,217,2,500,1,9.72296486880141,143
9,218,2,500,1,6.75807614525198,372
9,219,2,1500,-1,NaN,NaN
9,220,2,500,1,11.6354046925908,457
9,221,2,1500,-1,12.985077478109,372
9,222,2,1500,-1,25.2437750918558,318
9,223,2,1500,-1,24.9947101384502,343
9,224,2,1500,-1,NaN,NaN
9,225,2,1500,-1,NaN,NaN
9,226,2,1500,-1,27.6940652029598,304
9,227,2,500,1,14.7104473418162,478
9,228,2,1500,-1,18.6600020656515,330
9,229,2,1500,-1,22.3462817491233,359
9,230,2,1500,-1,17.7451520822032,409
9,231,2,1500,-1,22.3690891227389,375
9,232,2,500,1,17.3040738420372,469
9,233,2,1500,-1,15.677987501692,328
9,234,2,500,1,15.1230822735935,358
9,235,2,1500,-1,3.90910207894709,382
9,236,2,1500,-1,18.5625133450702,351
9,237,2,1500,-1,23.9452873265105,371
9,238,2,500,1,15.2665062886369,512
9,239,2,500,1,11.1355522795807,363
9,240,2,500,1,8.28186690752939,374
9,241,2,500,1,10.0403664665415,426
9,242,2,1500,-1,7.48505992997747,370
9,243,2,500,1,17.9996164065554,446
9,244,2,1500,-1,13.9306007633294,309
9,245,2,1500,-1,22.6304825460335,349
9,246,2,500,1,17.7462088395503,417
9,247,2,500,1,16.7058669869113,464
9,248,2,500,1,7.90258727838494,476
9,249,2,500,1,9.32366872503312,604
9,250,2,1500,-1,13.3983764206224,303
9,251,2,500,1,15.5318434467284,498
9,252,2,500,1,8.74136552817619,339
9,253,2,1500,-1,7.92033470842944,357
9,254,2,1500,-1,19.7070062585303,382
9,255,2,500,1,17.6379158387202,629
9,256,2,500,1,9.3388568208211,306
9,257,2,1500,-1,9.82258990576308,383
9,258,2,500,1,10.7334330461085,435
9,259,2,1500,-1,11.4129325681718,374
9,260,2,500,1,14.0306332143972,431
9,261,2,1500,-1,12.0680646667892,325
9,262,2,1500,-1,14.0387771773104,421
9,263,2,1500,-1,15.6669833867133,357
9,264,2,500,1,17.1408207725522,-8
9,265,2,1500,-1,8.53825903708775,333
9,266,2,1500,-1,16.8660111444137,404
9,267,2,500,1,14.2221608071149,511
9,268,2,500,1,5.44097318557221,519
9,269,2,500,1,5.35066735555374,344
9,270,2,1500,-1,5.1826598732685,378
9,271,2,500,1,9.36290442087899,475
9,272,2,1500,-1,NaN,NaN
9,273,2,1500,-1,NaN,NaN
9,274,2,500,1,10.2616534231775,650
9,275,2,500,1,11.9300289028879,20
9,276,2,500,1,12.3921289138141,561
9,277,2,1500,-1,11.2993721109576,385
9,278,2,1500,-1,16.4869371680314,357
9,279,2,500,1,22.891858638514,436
9,280,2,500,1,16.0197329518262,431
9,281,2,500,1,15.2199791624763,384
9,282,2,1500,-1,19.6215155796508,324
9,283,2,500,1,20.7522989861462,649
9,284,2,1500,-1,14.1962489241761,319
9,285,2,1500,-1,18.2975276981853,354
9,286,2,500,1,20.0363056416525,610
9,287,2,500,1,14.4844317392688,620
9,288,2,1500,-1,13.5824770701116,361
9,289,2,500,1,17.4855384570514,461
9,290,2,500,1,21.0462839282261,401
9,291,2,500,1,22.8529872169347,-39
9,292,2,500,1,15.8161201415678,418
9,293,2,500,1,3.51786638739812,376
9,294,2,1500,-1,6.95802840498844,333
9,295,2,500,1,9.69348672552091,454
9,296,2,1500,-1,11.9505584597886,447
9,297,2,500,1,10.228332537971,644
9,298,2,500,1,11.0005155328184,320
9,299,2,1500,-1,8.72486409827137,346
9,300,2,1500,-1,16.8831986080318,370
9,301,2,500,1,18.9140707157837,362
9,302,2,500,1,19.4415223981204,424
9,303,2,1500,-1,16.2219760573666,369
9,304,2,500,1,10.0385156589938,626
9,305,2,500,1,5.76193087593967,333
9,306,2,1500,-1,9.61702100198753,363
9,307,2,1500,-1,18.464122097372,321
9,308,2,1500,-1,21.3098462830109,320
9,309,2,1500,-1,29.216351311608,341
9,310,2,500,1,13.6453630524806,547
9,311,2,500,1,9.26573437634039,388
9,312,2,1500,-1,9.80944740429881,-158
9,313,2,500,1,14.9900619470061,401
9,314,2,500,1,6.00801596942899,469
9,315,2,1500,-1,13.4998569420501,386
9,316,2,500,1,13.3891197749782,471
9,317,2,1500,-1,3.21631056415022,330
9,318,2,1500,-1,8.37193800726563,339
9,319,2,500,1,6.77870569658456,447
9,320,2,1500,-1,4.23384636966186,359
9,321,2,1500,-1,8.72516372261699,402
9,322,2,1500,-1,11.0379666567492,352
9,323,2,500,1,17.8685767064171,372
9,324,2,1500,-1,3.42938423832344,434
9,325,2,500,1,5.02070259202196,385
9,326,2,1500,-1,7.74412854171865,360
9,327,2,500,1,10.2222958977665,530
9,328,2,500,1,7.60395355707946,456
9,329,2,500,1,6.64572029728967,743
9,330,2,500,1,7.15696693382136,433
9,331,2,1500,-1,-3.548412284333,338
9,332,2,1500,-1,15.600546548441,299
9,333,2,500,1,12.0547635626146,383
9,334,2,1500,-1,12.3494057838707,345
9,335,2,1500,-1,20.7388518451496,381
9,336,2,1500,-1,15.9371380396835,349
9,337,2,1500,-1,27.7808025951329,365
9,338,2,500,1,26.2821132058207,427
9,339,2,500,1,16.6052603407268,-3
9,340,2,500,1,3.91746188014545,546
9,341,2,1500,-1,6.50736457683513,508
9,342,2,500,1,3.37699043407269,471
9,343,2,1500,-1,6.07430781977544,363
9,344,2,500,1,5.53751439699516,517
9,345,2,1500,-1,6.8525827103339,271
9,346,2,1500,-1,9.22534088341212,365
9,347,2,1500,-1,16.7140702338172,362
9,348,2,1500,-1,20.8988965417748,369
9,349,2,500,1,18.2307468643823,390
9,350,2,500,1,11.4410743462235,403
9,351,2,1500,-1,13.824041663674,360
9,352,2,1500,-1,12.8624450525785,529
9,353,2,500,1,9.90907199593667,445
9,354,2,1500,-1,13.2541417779244,422
9,355,2,500,1,10.1111949397013,418
9,356,2,500,1,4.23868720145253,396
9,357,2,1500,-1,6.97988488666183,355
9,358,2,1500,-1,17.3614511564151,511
9,359,2,1500,-1,16.1123079545987,356
9,360,2,500,1,14.2891310294377,418
9,361,2,1500,-1,9.58850797041389,348
9,362,2,500,1,10.6016896701457,443
9,363,2,500,1,7.94982443234733,408
9,364,2,500,1,4.09159212082391,624
9,365,2,500,1,-3.16143050286998,387
9,366,2,500,1,0.659743223932918,399
9,367,2,1500,-1,9.5488333829162,410
9,368,2,1500,-1,NaN,NaN
9,369,2,500,1,9.17674724223316,410
9,370,2,500,1,3.96605320527875,662
9,371,2,1500,-1,-1.55732747194271,488
9,372,2,500,1,2.70521267601029,326
9,373,2,500,1,2.41418645225454,476
9,374,2,1500,-1,2.93894350386148,402
9,375,2,500,1,11.2945221659949,405
9,376,2,1500,-1,8.33490391833307,343
9,377,2,500,1,3.98065196496595,388
9,378,2,500,1,2.34346467892977,362
9,379,2,1500,-1,5.8934475676994,332
9,380,2,500,1,13.144569259174,481
9,381,2,500,1,4.99847485253655,382
9,382,2,500,1,1.52829967999015,15
9,383,2,1500,-1,1.99278517285701,363
9,384,2,500,1,6.74958298117762,618
9,385,2,500,1,-2.20114944377155,508
9,386,2,500,1,-3.26038271008144,339
9,387,2,500,1,-1.57602453649366,343
9,388,2,1500,-1,9.34091841557448,365
9,389,2,1500,-1,19.1150513554094,377
9,390,2,500,1,18.8687142330852,358
9,391,2,500,1,9.91166001058712,389
9,392,2,1500,-1,2.57631800736585,340
9,393,2,1500,-1,NaN,NaN
9,394,2,500,1,11.0882312052264,393
9,395,2,500,1,1.75663172073387,418
9,396,2,1500,-1,6.38554034637923,325
9,397,2,1500,-1,10.5586786573656,350
9,398,2,1500,-1,9.61877776064419,446
9,399,2,500,1,12.4913476550602,641
9,400,2,1500,-1,13.4854899113985,422
9,401,2,1500,-1,18.7475908148814,381
9,402,2,1500,-1,19.946855026697,398
9,403,2,500,1,13.4305672112239,383
9,404,2,1500,-1,NaN,NaN
9,405,2,500,1,10.2808289124131,657
9,406,2,1500,-1,6.65962416995514,353
9,407,2,500,1,9.06768604181921,377
9,408,2,1500,-1,15.071051367444,337
9,409,2,1500,-1,12.9518200626639,395
9,410,2,500,1,8.39198865213896,413
9,411,2,1500,-1,6.2159025884218,315
9,412,2,1500,-1,11.4724470409782,370
9,413,2,500,1,6.37757580373539,398
9,414,2,1500,-1,8.52813246944424,347
9,415,2,500,1,8.89762017570698,341
9,416,2,500,1,7.37682152266912,362
9,417,2,500,1,7.28833106669241,368
9,418,2,500,1,13.0929949735871,394
9,419,2,1500,-1,5.97684752904686,410
9,420,2,500,1,12.4168744816973,722
9,421,3,1500,0,2.19397810603442,362
9,422,3,750,0,8.90934183204091,380
9,423,3,750,0,8.31337526311495,451
9,424,3,1000,0,9.93073007035782,351
9,425,3,500,0,12.2527073509554,391
9,426,3,750,0,11.2203814708075,318
9,427,3,750,0,NaN,NaN
9,428,3,1500,0,NaN,NaN
9,429,3,1500,0,2.85894881749674,382
9,430,3,500,0,6.17825197020251,408
9,431,3,500,0,10.9693175593615,435
9,432,3,750,0,10.0871205265089,368
9,433,3,500,0,6.95399721721329,388
9,434,3,750,0,4.57643778266067,380
9,435,3,750,0,9.30767403660248,405
9,436,3,750,0,7.30237093866892,428
9,437,3,1250,0,8.34367782539343,335
9,438,3,500,0,9.20854917726124,647
9,439,3,1000,0,NaN,NaN
9,440,3,1000,0,9.51693407018177,336
9,441,3,750,0,13.9978341978848,345
9,442,3,1250,0,10.8562130681528,361
9,443,3,1250,0,12.5159607629595,334
9,444,3,1250,0,16.7094587345895,331
9,445,3,1500,0,12.0567659601727,327
9,446,3,1000,0,9.91931455038458,378
9,447,3,1000,0,9.77042940579185,370
9,448,3,1250,0,NaN,NaN
9,449,3,1000,0,5.9339300094344,329
9,450,3,1250,0,3.81560080256547,329
9,451,3,750,0,8.46453591371705,407
9,452,3,1000,0,9.4854006793392,357
9,453,3,1000,0,7.31811773618056,349
9,454,3,500,0,9.54662049893207,351
9,455,3,1000,0,9.33734535258229,-182
9,456,3,750,0,6.34725302407732,367
9,457,3,750,0,6.67150427951629,347
9,458,3,750,0,4.68055708707072,411
9,459,3,500,0,0.607312835459727,363
9,460,3,750,0,8.00391039039263,351
9,461,3,1500,0,3.56134014626011,401
9,462,3,500,0,5.88171988717043,-79
9,463,3,1000,0,8.97371136425376,353
9,464,3,500,0,7.28187441106047,117
9,465,3,1000,0,6.98468017123125,371
9,466,3,1000,0,10.5717875309429,451
9,467,3,1500,0,8.51533631244233,407
9,468,3,1500,0,8.00742385434541,437
9,469,3,1250,0,5.93746593024295,384
9,470,3,750,0,9.64573943899429,479
9,471,3,500,0,10.6207538950972,424
9,472,3,1500,0,13.8763781301961,361
9,473,3,750,0,NaN,NaN
9,474,3,500,0,6.65332304395728,346
9,475,3,1000,0,1.28815412881313,333
9,476,3,1000,0,1.04184512179874,315
9,477,3,1500,0,7.35659097498754,364
9,478,3,500,0,2.77280432356874,393
9,479,3,750,0,13.9332120257876,397
9,480,3,1500,0,3.24045838086764,337
9,481,3,1250,0,2.64599197045953,396
9,482,3,1500,0,11.49573165785,369
9,483,3,1000,0,-0.227724479353807,488
9,484,3,1000,0,4.17060940302853,363
9,485,3,1250,0,11.0430544720707,366
9,486,3,500,0,0.259953738689399,47
9,487,3,1500,0,10.3414320133441,313
9,488,3,500,0,6.03876804119103,377
9,489,3,1000,0,2.87870824893749,333
9,490,3,1250,0,7.43286973632245,319
9,491,3,1250,0,6.72041463828903,339
9,492,3,1250,0,2.22675663123763,391
9,493,3,500,0,5.4215432898217,450
9,494,3,500,0,10.3242294220825,60
9,495,3,1500,0,6.13523569309013,340
9,496,3,500,0,7.92192664126109,-59
9,497,3,1000,0,6.40248667318187,362
9,498,3,750,0,4.10461659815046,403
9,499,3,750,0,4.61347937150401,450
9,500,3,1250,0,5.40310843596066,343
9,501,3,1250,0,6.75182404262241,461
9,502,3,1500,0,NaN,NaN
9,503,3,1500,0,2.15451400800396,363
9,504,3,1500,0,6.48678423910989,375
9,505,3,1500,0,NaN,NaN
9,506,3,1250,0,3.17634119433715,391
9,507,3,1000,0,3.70288376603868,533
9,508,3,1000,0,4.32663225117548,335
9,509,3,750,0,6.70091500054346,455
9,510,3,1250,0,11.011349827492,367
9,511,3,500,0,11.2818340366739,466
9,512,3,750,0,10.1395654593887,385
9,513,3,1250,0,6.52646716355048,364
9,514,3,1000,0,8.19039396919282,415
9,515,3,1500,0,7.68266177001818,395
9,516,3,500,0,6.03318992334174,451
9,517,3,1250,0,4.77534593236785,407
9,518,3,750,0,4.95785352594378,407
9,519,3,1500,0,6.20224616788453,418
9,520,3,500,0,4.5477508512389,432
9,521,3,500,0,2.82116764614387,46
9,522,3,750,0,7.59078471128183,455
9,523,3,1500,0,3.52993998299172,360
9,524,3,1000,0,3.68723570135985,367
9,525,3,1250,0,3.18053805645164,378
9,526,3,1500,0,-2.26166211860245,330
9,527,3,1500,0,2.85936260848581,31
9,528,3,750,0,3.35538186126706,479
9,529,3,750,0,6.06374760960929,427
9,530,3,1250,0,4.81104076992058,351
9,531,3,750,0,8.08421795895145,437
9,532,3,500,0,4.64576881222331,556
9,533,3,1250,0,8.81355380581789,344
9,534,3,500,0,5.59993174114859,389
9,535,3,500,0,4.53361297640134,253
9,536,3,1250,0,5.1662453702775,375
9,537,3,1250,0,3.97529016818932,388
9,538,3,1000,0,4.33802470333881,374
9,539,3,1000,0,4.98063330060011,324
9,540,3,1500,0,NaN,NaN
9,541,3,1250,0,-1.34690869931653,381
9,542,3,1500,0,-1.24386815917007,341
9,543,3,1000,0,8.0907708933314,347
9,544,3,500,0,5.06987879109618,426
9,545,3,1500,0,1.71005736049581,329
9,546,3,500,0,7.6795388752465,396
9,547,3,750,0,5.74736912277496,336
9,548,3,500,0,6.68950101188518,367
9,549,3,750,0,NaN,NaN
9,550,3,1250,0,-0.0980274763180665,-129
9,551,3,1250,0,1.29411417556438,411
9,552,3,500,0,13.0034727558362,620
9,553,3,1250,0,11.7241752782878,353
9,554,3,1500,0,7.74302271791859,311
9,555,3,1250,0,5.89634114720467,347
9,556,3,1500,0,8.83302719400986,394
9,557,3,1000,0,7.87797570685281,368
9,558,3,750,0,7.15233159339883,366
9,559,3,1000,0,5.82967062571954,413
9,560,3,500,0,0.777236546941327,374
9,561,3,1500,0,5.1546797926334,34
9,562,3,1250,0,NaN,NaN
9,563,3,500,0,7.52883092355359,376
9,564,3,1500,0,5.44770037450628,432
9,565,3,1500,0,10.49013928828,376
9,566,3,1000,0,6.30664374209826,361
9,567,3,1000,0,8.15134806324346,575
9,568,3,1250,0,3.53349985598854,270
9,569,3,750,0,6.08384512808663,347
9,570,3,1000,0,8.86550725493278,337
10,1,1,500,-0,NaN,NaN
10,2,1,1500,-0,NaN,NaN
10,3,1,1500,-0,NaN,NaN
10,4,1,500,-0,NaN,NaN
10,5,1,1500,-0,8.96320271714795,599
10,6,1,500,-0,-5.80308614935842,-175
10,7,1,1500,-0,NaN,NaN
10,8,1,500,-0,-2.90519378377495,482
10,9,1,500,-0,-1.2904992847009,-58
10,10,1,1500,-0,0.0239052541749632,212
10,11,1,1500,-0,NaN,NaN
10,12,1,500,-0,-3.86376967698054,380
10,13,1,1500,-0,NaN,NaN
10,14,1,500,-0,-1.19853771823853,519
10,15,1,1500,-0,-7.08471924749359,450
10,16,1,500,-0,0.672289425885281,464
10,17,1,1500,-0,-4.42608179130158,511
10,18,1,1500,-0,-3.44341507140583,517
10,19,1,500,-0,-4.24354309000057,297
10,20,1,500,-0,-3.05914741682998,493
10,21,2,500,1,-1.27077121652127,398
10,22,2,1500,-1,-12.0790485623279,347
10,23,2,1500,-1,-3.50901595428297,338
10,24,2,500,1,2.2021421467305,384
10,25,2,1500,-1,-11.7505680043009,382
10,26,2,1500,-1,-16.7695455562045,322
10,27,2,1500,-1,-8.29833093469149,403
10,28,2,1500,-1,NaN,NaN
10,29,2,1500,-1,1.62605112838096,396
10,30,2,1500,-1,-12.9812768653114,296
10,31,2,500,1,-12.6079986382873,449
10,32,2,500,1,-10.3462480259902,380
10,33,2,500,1,-8.05626489675672,398
10,34,2,500,1,-20.9609683994784,367
10,35,2,500,1,-28.3153316382377,412
10,36,2,1500,-1,NaN,NaN
10,37,2,500,1,-29.9504245641473,480
10,38,2,1500,-1,NaN,NaN
10,39,2,500,1,NaN,NaN
10,40,2,500,1,NaN,NaN
10,41,2,500,1,NaN,NaN
10,42,2,500,1,NaN,NaN
10,43,2,500,1,NaN,NaN
10,44,2,500,1,NaN,NaN
10,45,2,1500,-1,NaN,NaN
10,46,2,1500,-1,NaN,NaN
10,47,2,1500,-1,NaN,NaN
10,48,2,1500,-1,NaN,NaN
10,49,2,1500,-1,NaN,NaN
10,50,2,500,1,NaN,NaN
10,51,2,1500,-1,NaN,NaN
10,52,2,500,1,NaN,NaN
10,53,2,1500,-1,NaN,NaN
10,54,2,1500,-1,NaN,NaN
10,55,2,500,1,NaN,NaN
10,56,2,500,1,NaN,NaN
10,57,2,500,1,NaN,NaN
10,58,2,500,1,NaN,NaN
10,59,2,1500,-1,NaN,NaN
10,60,2,500,1,NaN,NaN
10,61,2,1500,-1,NaN,NaN
10,62,2,1500,-1,NaN,NaN
10,63,2,1500,-1,NaN,NaN
10,64,2,500,1,NaN,NaN
10,65,2,1500,-1,NaN,NaN
10,66,2,1500,-1,NaN,NaN
10,67,2,500,1,NaN,NaN
10,68,2,1500,-1,NaN,NaN
10,69,2,500,1,NaN,NaN
10,70,2,1500,-1,NaN,NaN
10,71,2,1500,-1,NaN,NaN
10,72,2,1500,-1,NaN,NaN
10,73,2,1500,-1,NaN,NaN
10,74,2,500,1,NaN,NaN
10,75,2,500,1,NaN,NaN
10,76,2,500,1,NaN,NaN
10,77,2,500,1,NaN,NaN
10,78,2,1500,-1,NaN,NaN
10,79,2,500,1,NaN,NaN
10,80,2,500,1,NaN,NaN
10,81,2,1500,-1,NaN,NaN
10,82,2,500,1,NaN,NaN
10,83,2,1500,-1,NaN,NaN
10,84,2,500,1,NaN,NaN
10,85,2,1500,-1,NaN,NaN
10,86,2,1500,-1,NaN,NaN
10,87,2,500,1,NaN,NaN
10,88,2,500,1,NaN,NaN
10,89,2,1500,-1,NaN,NaN
10,90,2,1500,-1,NaN,NaN
10,91,2,1500,-1,NaN,NaN
10,92,2,1500,-1,NaN,NaN
10,93,2,500,1,NaN,NaN
10,94,2,1500,-1,NaN,NaN
10,95,2,1500,-1,NaN,NaN
10,96,2,500,1,NaN,NaN
10,97,2,1500,-1,-19.953687950986,448
10,98,2,500,1,-19.040281358771,387
10,99,2,500,1,NaN,NaN
10,100,2,500,1,-26.0840933643133,376
10,101,2,1500,-1,-28.518205067106,522
10,102,2,500,1,-18.7604866338562,365
10,103,2,500,1,NaN,NaN
10,104,2,1500,-1,-17.3687967322769,456
10,105,2,500,1,NaN,NaN
10,106,2,1500,-1,-24.4073549527856,381
10,107,2,500,1,-13.0293605495607,467
10,108,2,1500,-1,-19.1321271237122,382
10,109,2,1500,-1,-7.92804452572021,384
10,110,2,1500,-1,-2.90136169026269,480
10,111,2,1500,-1,-5.40506063128914,408
10,112,2,500,1,-5.56625665597812,396
10,113,2,1500,-1,-3.3543667305469,390
10,114,2,1500,-1,-2.24849050506587,489
10,115,2,1500,-1,-1.12382677430776,366
10,116,2,1500,-1,1.50146485804574,477
10,117,2,1500,-1,0.969963569053391,418
10,118,2,500,1,-10.9798078114518,582
10,119,2,1500,-1,-4.51449764116249,397
10,120,2,500,1,6.14549427729327,533
10,121,2,500,1,-0.383251210509598,427
10,122,2,1500,-1,4.14125499131767,448
10,123,2,1500,-1,8.70089012724412,469
10,124,2,500,1,8.55350543583871,491
10,125,2,1500,-1,0.000782801862783327,428
10,126,2,500,1,-6.22909046095772,476
10,127,2,1500,-1,2.27194743036767,450
10,128,2,1500,-1,6.83232204622873,414
10,129,2,1500,-1,-10.2482041639981,437
10,130,2,1500,-1,5.40421315204078,398
10,131,2,1500,-1,4.86792947678302,437
10,132,2,1500,-1,3.53040674204774,416
10,133,2,500,1,3.06999940557803,395
10,134,2,1500,-1,NaN,NaN
10,135,2,1500,-1,16.6211403867106,475
10,136,2,1500,-1,15.9329682144919,438
10,137,2,500,1,1.4690375762176,540
10,138,2,500,1,10.2978199271847,342
10,139,2,500,1,5.42370876381377,545
10,140,2,1500,-1,-4.13275007848935,416
10,141,2,1500,-1,2.91671575640194,409
10,142,2,500,1,7.15800347024458,443
10,143,2,1500,-1,0.969387834536618,446
10,144,2,1500,-1,11.6790792416938,412
10,145,2,500,1,2.99818623683595,468
10,146,2,1500,-1,8.48485024154435,461
10,147,2,500,1,0.795019257305729,577
10,148,2,500,1,-6.04864068565359,341
10,149,2,1500,-1,-3.98220835635915,419
10,150,2,500,1,1.96419143013456,366
10,151,2,1500,-1,NaN,NaN
10,152,2,500,1,0.910354248848654,41
10,153,2,500,1,8.39153667680476,327
10,154,2,500,1,-2.0627968196703,447
10,155,2,1500,-1,-2.75235747092001,525
10,156,2,500,1,-4.59006377612759,403
10,157,2,500,1,-4.25943915023331,371
10,158,2,1500,-1,0.3846065185158,421
10,159,2,1500,-1,2.46492958303183,432
10,160,2,1500,-1,NaN,NaN
10,161,2,500,1,1.2070328753035,383
10,162,2,1500,-1,4.43029615689753,447
10,163,2,1500,-1,13.958920306037,461
10,164,2,1500,-1,5.22218198280102,425
10,165,2,1500,-1,NaN,NaN
10,166,2,500,1,6.66744582538276,586
10,167,2,1500,-1,5.42504588493885,450
10,168,2,1500,-1,13.5572365665933,415
10,169,2,500,1,-5.0811291061343,600
10,170,2,500,1,-8.53253241750196,464
10,171,2,1500,-1,-13.542652736693,379
10,172,2,500,1,8.88899503256008,589
10,173,2,1500,-1,3.6495535076816,487
10,174,2,1500,-1,-4.21990370057349,402
10,175,2,500,1,2.7044531440154,397
10,176,2,1500,-1,10.7629528714091,358
10,177,2,1500,-1,8.07954725243731,341
10,178,2,500,1,7.12094884130979,573
10,179,2,500,1,-4.52497967087307,-42
10,180,2,1500,-1,-8.79828721090134,428
10,181,2,500,1,-1.17905893482707,671
10,182,2,1500,-1,-0.674600131459734,428
10,183,2,500,1,-1.37563934110253,437
10,184,2,500,1,-6.31234223947115,420
10,185,2,500,1,-9.97572951227772,357
10,186,2,500,1,-12.5260924349084,442
10,187,2,500,1,-18.0786156093663,435
10,188,2,500,1,-24.9384603374845,382
10,189,2,1500,-1,-0.111937778398158,424
10,190,2,500,1,-8.42223101389345,459
10,191,2,1500,-1,1.1483778146513,368
10,192,2,1500,-1,-7.15835671755693,452
10,193,2,500,1,-1.33001913120441,402
10,194,2,500,1,-5.78396313834514,392
10,195,2,500,1,0.777797092544797,377
10,196,2,1500,-1,-3.57513644243336,451
10,197,2,500,1,3.99146459387367,500
10,198,2,500,1,1.18080816201785,468
10,199,2,1500,-1,1.66946231928243,399
10,200,2,500,1,1.32505961078347,356
10,201,2,500,1,-0.265289008483386,445
10,202,2,1500,-1,2.09440441062264,450
10,203,2,1500,-1,NaN,NaN
10,204,2,500,1,-5.19611940502255,332
10,205,2,1500,-1,-2.87456044090955,452
10,206,2,500,1,0.220176340067065,432
10,207,2,500,1,2.45221248272764,496
10,208,2,1500,-1,0.627837633269997,427
10,209,2,500,1,5.83536252691148,505
10,210,2,500,1,6.39348667046342,542
10,211,2,1500,-1,2.09559490371304,396
10,212,2,500,1,7.02635526920066,403
10,213,2,500,1,7.57761812006419,457
10,214,2,500,1,3.38197453999749,150
10,215,2,1500,-1,-0.357365182314143,429
10,216,2,1500,-1,NaN,NaN
10,217,2,500,1,0.770439100632962,412
10,218,2,500,1,1.70530390005356,420
10,219,2,1500,-1,3.02439130117382,454
10,220,2,500,1,4.08127420421739,464
10,221,2,500,1,3.24497699162564,514
10,222,2,500,1,-1.21727496769102,440
10,223,2,500,1,-1.00891897165226,480
10,224,2,1500,-1,-0.238918393649245,399
10,225,2,500,1,-2.73770033356772,467
10,226,2,500,1,-3.58011958966819,373
10,227,2,500,1,-0.530473890885967,384
10,228,2,500,1,-9.60803450096248,350
10,229,2,1500,-1,6.63374683608597,450
10,230,2,1500,-1,-0.724427161420203,417
10,231,2,500,1,-3.83715486282185,477
10,232,2,500,1,-3.85148972765618,687
10,233,2,500,1,3.85824634109894,375
10,234,2,500,1,4.27083041053291,485
10,235,2,500,1,2.01257260053233,424
10,236,2,1500,-1,6.01919226333224,434
10,237,2,1500,-1,NaN,NaN
10,238,2,1500,-1,5.97923568694873,400
10,239,2,1500,-1,4.44825731458613,529
10,240,2,500,1,-5.7653687606579,517
10,241,2,1500,-1,-2.48705171082615,414
10,242,2,1500,-1,-4.31817028705058,382
10,243,2,500,1,1.75007624146742,507
10,244,2,1500,-1,NaN,NaN
10,245,2,500,1,-12.5180197748579,-151
10,246,2,500,1,-16.464235420502,401
10,247,2,500,1,-14.4644155621857,474
10,248,2,500,1,-10.5684929596323,587
10,249,2,500,1,-11.0154979408621,439
10,250,2,500,1,-3.99351519157177,411
10,251,2,1500,-1,-13.8105595760792,418
10,252,2,500,1,3.0429703422301,399
10,253,2,1500,-1,-3.95448509343529,396
10,254,2,1500,-1,7.0797597417708,411
10,255,2,1500,-1,9.65725980906893,486
10,256,2,500,1,-5.44904841088952,105
10,257,2,1500,-1,2.74090430704777,418
10,258,2,500,1,10.0454318475279,492
10,259,2,1500,-1,1.98796302399353,381
10,260,2,1500,-1,6.62987268318984,367
10,261,2,1500,-1,9.37060176646456,339
10,262,2,1500,-1,2.94741852840055,380
10,263,2,500,1,6.57449146425958,470
10,264,2,1500,-1,1.66397375106968,415
10,265,2,1500,-1,9.6060144134315,384
10,266,2,500,1,8.72613151916923,509
10,267,2,1500,-1,12.5195475190384,477
10,268,2,1500,-1,10.7536681994101,431
10,269,2,1500,-1,8.69673766641164,361
10,270,2,500,1,12.9821606184985,405
10,271,2,500,1,4.85862654281294,-58
10,272,2,500,1,-4.51646137853771,396
10,273,2,500,1,-6.34230638528667,414
10,274,2,1500,-1,-2.32947457748666,442
10,275,2,1500,-1,12.0560724204795,512
10,276,2,500,1,-7.64488227273836,369
10,277,2,1500,-1,14.5767557328971,390
10,278,2,500,1,5.53538439874803,371
10,279,2,1500,-1,6.21460543864929,461
10,280,2,1500,-1,12.4629503831161,390
10,281,2,500,1,7.5550593767054,348
10,282,2,1500,-1,8.13395535499562,382
10,283,2,1500,-1,7.75742948607268,395
10,284,2,500,1,11.1717086562965,450
10,285,2,1500,-1,5.58274044579375,375
10,286,2,1500,-1,3.67243558355785,362
10,287,2,1500,-1,6.99984549968699,373
10,288,2,500,1,4.98536288258952,356
10,289,2,1500,-1,6.65721250246966,406
10,290,2,500,1,4.43086533103161,394
10,291,2,1500,-1,NaN,NaN
10,292,2,500,1,-1.56779756899632,485
10,293,2,500,1,-2.1507110859707,586
10,294,2,1500,-1,-10.0743061690839,483
10,295,2,500,1,4.69685336393368,384
10,296,2,500,1,3.64359505828618,379
10,297,2,500,1,5.13375764719108,376
10,298,2,1500,-1,-1.52969163787646,441
10,299,2,1500,-1,2.55313264785572,398
10,300,2,1500,-1,8.20819370269857,414
10,301,2,500,1,3.64365453416479,392
10,302,2,1500,-1,3.1487366957203,354
10,303,2,500,1,1.01731932508073,409
10,304,2,500,1,1.53073900660892,353
10,305,2,500,1,4.82918173372564,402
10,306,2,500,1,0.344538352889268,473
10,307,2,1500,-1,NaN,NaN
10,308,2,500,1,9.24915068567755,465
10,309,2,1500,-1,3.50842192140944,411
10,310,2,500,1,5.36057771115141,371
10,311,2,1500,-1,5.44023367188533,406
10,312,2,500,1,-2.17801188069769,357
10,313,2,1500,-1,-2.14119701864863,290
10,314,2,1500,-1,6.72396168189261,378
10,315,2,1500,-1,4.55737326642485,380
10,316,2,500,1,4.43274877716671,390
10,317,2,1500,-1,NaN,NaN
10,318,2,500,1,-1.08772199757431,368
10,319,2,500,1,2.61987751163093,338
10,320,2,500,1,5.36918370401,494
10,321,2,500,1,4.89949071758834,401
10,322,2,500,1,5.64283250996544,491
10,323,2,500,1,-0.539084109339438,461
10,324,2,1500,-1,-1.70172463122422,403
10,325,2,500,1,4.45263856228011,460
10,326,2,1500,-1,NaN,NaN
10,327,2,500,1,1.89843356231367,397
10,328,2,1500,-1,-0.411993341589479,379
10,329,2,500,1,6.65052554487826,370
10,330,2,500,1,-3.95632409414704,388
10,331,2,500,1,-2.55652632597489,356
10,332,2,500,1,6.85903751271594,329
10,333,2,1500,-1,1.61610469639534,-195
10,334,2,500,1,-23.0319670320922,-110
10,335,2,1500,-1,-3.54424949036196,386
10,336,2,500,1,-3.68816740496169,520
10,337,2,1500,-1,NaN,NaN
10,338,2,1500,-1,4.27988385460971,412
10,339,2,1500,-1,6.2936452710285,356
10,340,2,500,1,-5.97881972338329,425
10,341,2,1500,-1,-0.803802548107555,453
10,342,2,1500,-1,NaN,NaN
10,343,2,1500,-1,1.73533152365956,423
10,344,2,500,1,4.56951784887144,449
10,345,2,500,1,-2.52073772361882,404
10,346,2,500,1,1.87048760762721,665
10,347,2,500,1,1.15188303066393,588
10,348,2,500,1,0.645679641941477,365
10,349,2,1500,-1,0.615951230451397,418
10,350,2,500,1,5.95285904754249,439
10,351,2,1500,-1,-5.27891086405019,435
10,352,2,1500,-1,4.89476597104089,403
10,353,2,500,1,6.3234630079882,395
10,354,2,1500,-1,5.37562562517909,368
10,355,2,500,1,-2.70836082698341,386
10,356,2,1500,-1,1.63030490788186,426
10,357,2,500,1,2.72937738550293,436
10,358,2,1500,-1,4.07235375326434,426
10,359,2,500,1,2.91891519650961,435
10,360,2,1500,-1,4.19493782951421,423
10,361,2,1500,-1,3.02285600859036,345
10,362,2,500,1,-2.56682951084115,428
10,363,2,1500,-1,-2.91775451457054,370
10,364,2,500,1,1.48297339450057,91
10,365,2,500,1,5.22237368289898,443
10,366,2,1500,-1,6.75986587916588,428
10,367,2,500,1,8.7467273169579,507
10,368,2,1500,-1,0.618884534697629,409
10,369,2,1500,-1,2.0942078453243,322
10,370,2,1500,-1,4.37850713976869,321
10,371,2,1500,-1,NaN,NaN
10,372,2,1500,-1,8.96108902787235,350
10,373,2,500,1,-3.82682566045776,297
10,374,2,1500,-1,6.19423294024358,346
10,375,2,500,1,0.459091820642893,336
10,376,2,1500,-1,0.990176839056302,332
10,377,2,500,1,2.7044300828351,318
10,378,2,500,1,0.289816308796102,304
10,379,2,500,1,-1.9736298732534,304
10,380,2,500,1,-8.04386352102406,390
10,381,2,500,1,1.47632145158591,308
10,382,2,1500,-1,2.15601165595645,326
10,383,2,500,1,4.23623827122081,253
10,384,2,500,1,3.09941254000437,357
10,385,2,1500,-1,7.16867115490683,-3
10,386,2,500,1,6.65781723461879,344
10,387,2,1500,-1,1.14286410163641,344
10,388,2,1500,-1,12.4486817397421,348
10,389,2,500,1,-0.383401279035878,352
10,390,2,500,1,6.72325684174004,370
10,391,2,500,1,2.14614950777024,348
10,392,2,1500,-1,8.86859897958803,353
10,393,2,1500,-1,-0.372772070561849,359
10,394,2,500,1,3.53528743976898,377
10,395,2,1500,-1,7.18828841106187,367
10,396,2,1500,-1,6.15380480685283,322
10,397,2,500,1,3.34659960733,334
10,398,2,1500,-1,5.45200298237733,374
10,399,2,500,1,6.63328381449306,341
10,400,2,500,1,-1.88369500850975,504
10,401,2,1500,-1,NaN,NaN
10,402,2,500,1,3.42596510527984,438
10,403,2,1500,-1,4.72649876231159,359
10,404,2,500,1,2.48993552898407,379
10,405,2,1500,-1,-0.788634387896525,342
10,406,2,1500,-1,3.3169490090687,325
10,407,2,500,1,-0.0609557450979923,716
10,408,2,1500,-1,0.299850871701847,285
10,409,2,500,1,2.32970783646318,376
10,410,2,1500,-1,-2.7249862977587,335
10,411,2,500,1,-1.34946948588782,315
10,412,2,1500,-1,-1.67532345118962,316
10,413,2,500,1,0.81647436900335,404
10,414,2,1500,-1,-1.55673260051927,503
10,415,2,1500,-1,10.2808131448704,368
10,416,2,1500,-1,3.17717596093779,338
10,417,2,500,1,4.14627861471864,423
10,418,2,1500,-1,1.23128858168521,341
10,419,2,500,1,4.20974003862924,324
10,420,2,1500,-1,-1.26303263766178,370
10,421,3,750,-0,2.54763678831962,-162
10,422,3,1250,-0,8.0436806282838,362
10,423,3,1250,-0,5.46043906799132,348
10,424,3,1250,-0,6.50023641549333,340
10,425,3,500,-0,0.430738617452394,326
10,426,3,750,-0,2.15061505357421,385
10,427,3,1250,-0,2.85554631455614,391
10,428,3,500,-0,-1.58236130476151,342
10,429,3,1000,-0,4.535702967962,380
10,430,3,750,-0,6.36634554249318,374
10,431,3,1000,-0,0.675624317502314,346
10,432,3,1500,-0,5.26771731798782,321
10,433,3,1000,-0,8.90255490552603,383
10,434,3,750,-0,1.53691391533622,334
10,435,3,750,-0,2.65807359930831,344
10,436,3,1500,-0,3.72708180406856,345
10,437,3,1500,-0,3.12859424310544,323
10,438,3,1500,-0,3.1738401965783,392
10,439,3,1000,-0,4.2742263987521,325
10,440,3,1000,-0,10.5496111357912,278
10,441,3,1500,-0,-1.59327628897205,306
10,442,3,500,-0,8.65181979475735,358
10,443,3,1250,-0,5.97085162904264,295
10,444,3,1250,-0,1.5655701590177,316
10,445,3,1000,-0,1.43471439607318,383
10,446,3,1500,-0,0.730294445670948,362
10,447,3,1000,-0,-7.70421878798152,480
10,448,3,500,-0,2.13701935119528,416
10,449,3,500,-0,-6.94895401569221,580
10,450,3,500,-0,-1.38654266196374,-67
10,451,3,750,-0,-5.72526288425592,-167
10,452,3,750,-0,2.01010131925812,422
10,453,3,1000,-0,2.28954026687342,338
10,454,3,500,-0,7.71679169600893,382
10,455,3,500,-0,-5.62099041673958,424
10,456,3,1250,-0,0.432476724228629,357
10,457,3,1500,-0,0.742193450827468,377
10,458,3,500,-0,4.10424876721203,342
10,459,3,1250,-0,3.62644521304296,368
10,460,3,500,-0,-1.08814824131727,405
10,461,3,1000,-0,2.65399163929151,362
10,462,3,500,-0,-3.50307786873713,383
10,463,3,500,-0,2.97630638929401,378
10,464,3,500,-0,-2.83178305726894,372
10,465,3,1000,-0,-1.73195193382383,337
10,466,3,750,-0,0.98676437689959,349
10,467,3,1500,-0,-0.95557257883397,344
10,468,3,750,-0,-1.3885048557374,364
10,469,3,750,-0,0.197101491063929,367
10,470,3,1250,-0,2.15169324624854,402
10,471,3,1250,-0,1.13628440344053,350
10,472,3,750,-0,0.591852760505569,379
10,473,3,1250,-0,0.953568437500312,318
10,474,3,1250,-0,2.79724127244421,343
10,475,3,1250,-0,-0.0736514878159251,369
10,476,3,500,-0,2.14073714089252,310
10,477,3,1500,-0,4.33792903783958,353
10,478,3,1000,-0,0.986034534372709,346
10,479,3,500,-0,-0.213276125267102,453
10,480,3,1000,-0,-1.1676094193761,377
10,481,3,750,-0,0.140416588819913,494
10,482,3,1500,-0,0.792406605927344,375
10,483,3,500,-0,4.27700028719168,437
10,484,3,1500,-0,5.62617424789311,387
10,485,3,1500,-0,4.02160993975936,419
10,486,3,1500,-0,1.75179208739788,395
10,487,3,500,-0,0.65697822258806,289
10,488,3,1500,-0,6.63912557300796,324
10,489,3,1500,-0,-2.03517646472487,327
10,490,3,1500,-0,0.397775045650483,360
10,491,3,500,-0,-1.03555929097664,384
10,492,3,750,-0,1.3168889391073,341
10,493,3,750,-0,2.29588307045274,-162
10,494,3,1000,-0,NaN,NaN
10,495,3,500,-0,0.530651377924954,488
10,496,3,750,-0,0.540573860587405,411
10,497,3,500,-0,-5.59609741163316,404
10,498,3,750,-0,2.24383187274697,422
10,499,3,1250,-0,2.49016392707997,394
10,500,3,1000,-0,-5.27678474975453,316
10,501,3,1000,-0,-0.136122160156119,403
10,502,3,1500,-0,-2.35465275748597,412
10,503,3,1250,-0,-4.74072214380796,476
10,504,3,1000,-0,-2.70952253077013,390
10,505,3,750,-0,3.15186294042042,397
10,506,3,1000,-0,-4.41748538332893,387
10,507,3,750,-0,-4.46618469128883,438
10,508,3,1000,-0,-1.40084744213087,341
10,509,3,500,-0,3.77863580543989,428
10,510,3,750,-0,-3.56895645765309,395
10,511,3,1250,-0,-2.98649061076368,404
10,512,3,750,-0,0.162292836458167,329
10,513,3,1250,-0,-3.14492714714098,346
10,514,3,1500,-0,0.695770787439742,312
10,515,3,1250,-0,0.0271626758081239,348
10,516,3,1000,-0,-3.28292238613308,355
10,517,3,750,-0,-2.21485260853615,343
10,518,3,1250,-0,-0.110435422280574,319
10,519,3,500,-0,-3.99388131661639,365
10,520,3,750,-0,-4.42840073035445,391
10,521,3,1250,-0,-4.35044887945942,345
10,522,3,1000,-0,-1.19266949237192,373
10,523,3,750,-0,-4.50576946845043,340
10,524,3,1000,-0,-7.76238372025896,490
10,525,3,1250,-0,NaN,NaN
10,526,3,750,-0,-3.31752979070785,396
10,527,3,1500,-0,1.88655476740634,358
10,528,3,1250,-0,2.61472411775553,456
10,529,3,1250,-0,2.60568351671751,383
10,530,3,1250,-0,-4.25314484693531,376
10,531,3,750,-0,-5.02158651835408,349
10,532,3,500,-0,0.983545829655436,372
10,533,3,1250,-0,2.16983980374138,449
10,534,3,1000,-0,-2.01412925505956,415
10,535,3,1000,-0,-2.20955149647216,480
10,536,3,1500,-0,-3.00776914854643,406
10,537,3,1000,-0,-5.96466431678859,451
10,538,3,1250,-0,-3.3275072654185,335
10,539,3,1000,-0,-7.84439892871017,423
10,540,3,1000,-0,-7.35233647672818,389
10,541,3,750,-0,-0.665119830915251,397
10,542,3,1500,-0,-6.29614305173526,355
10,543,3,750,-0,5.46977752807716,403
10,544,3,1500,-0,-1.56185540741917,401
10,545,3,1500,-0,-2.33633849774295,385
10,546,3,1500,-0,-5.83010326106768,328
10,547,3,750,-0,-1.26026501305618,355
10,548,3,500,-0,-2.86167546676412,358
10,549,3,500,-0,-0.0771344135982223,325
10,550,3,1500,-0,1.42169596871441,330
10,551,3,1250,-0,5.26378125481525,363
10,552,3,1250,-0,6.37577587660537,382
10,553,3,1250,-0,-5.83651136416121,357
10,554,3,500,-0,-2.09896040260747,365
10,555,3,750,-0,-1.30647493508585,420
10,556,3,1000,-0,-2.90270171873064,345
10,557,3,750,-0,-0.0535039681106492,399
10,558,3,1500,-0,6.88196360495866,398
10,559,3,1000,-0,2.95977948068485,370
10,560,3,1500,-0,0.656678211395037,348
10,561,3,1500,-0,2.96818732670968,321
10,562,3,500,-0,-0.420629740834432,443
10,563,3,1500,-0,2.45178391357182,350
10,564,3,500,-0,1.49810404006956,330
10,565,3,1500,-0,-2.05442436259637,381
10,566,3,1250,-0,1.31361864578181,342
10,567,3,1000,-0,2.40670926492658,355
10,568,3,1000,-0,0.613814483460219,452
10,569,3,500,-0,1.422667673422,373
10,570,3,500,-0,0.712160148989164,411
11,1,1,500,0,0.340063616032959,427
11,2,1,1500,0,NaN,NaN
11,3,1,1500,0,4.45030698582363,444
11,4,1,500,0,1.00888903948043,744
11,5,1,500,0,3.01293405177405,487
11,6,1,500,0,3.32008281400742,483
11,7,1,500,0,-1.41206385668449,458
11,8,1,1500,0,3.32575653147118,330
11,9,1,1500,0,7.09144084642271,680
11,10,1,1500,0,-2.22083545101877,222
11,11,1,500,0,9.66946380516495,-99
11,12,1,500,0,12.481502199452,453
11,13,1,1500,0,NaN,NaN
11,14,1,1500,0,12.3030338341055,386
11,15,1,1500,0,6.76762483149069,-113
11,16,1,500,0,4.32621897219655,10
11,17,1,1500,0,3.87368671194585,354
11,18,1,1500,0,14.6993966983271,427
11,19,1,500,0,10.8020122302388,790
11,20,1,500,0,8.58790507571029,903
11,21,2,1500,-1,NaN,NaN
11,22,2,1500,-1,16.7594123775156,490
11,23,2,1500,-1,21.8795975200782,391
11,24,2,500,1,NaN,NaN
11,25,2,1500,-1,25.4631585560442,366
11,26,2,1500,-1,NaN,NaN
11,27,2,1500,-1,NaN,NaN
11,28,2,500,1,29.5789933938712,1069
11,29,2,1500,-1,22.2862792852892,264
11,30,2,1500,-1,26.3875777036763,322
11,31,2,500,1,NaN,NaN
11,32,2,1500,-1,NaN,NaN
11,33,2,1500,-1,NaN,NaN
11,34,2,500,1,29.7238406305419,516
11,35,2,1500,-1,24.730087380335,325
11,36,2,1500,-1,NaN,NaN
11,37,2,500,1,NaN,NaN
11,38,2,1500,-1,24.249061327868,-11
11,39,2,1500,-1,NaN,NaN
11,40,2,1500,-1,NaN,NaN
11,41,2,500,1,22.6892863108419,432
11,42,2,1500,-1,26.4102747653288,335
11,43,2,500,1,22.5714566966448,638
11,44,2,1500,-1,NaN,NaN
11,45,2,500,1,NaN,NaN
11,46,2,1500,-1,NaN,NaN
11,47,2,500,1,NaN,NaN
11,48,2,1500,-1,NaN,NaN
11,49,2,500,1,NaN,NaN
11,50,2,1500,-1,NaN,NaN
11,51,2,500,1,NaN,NaN
11,52,2,1500,-1,27.5745942112499,362
11,53,2,1500,-1,25.7708524100784,359
11,54,2,1500,-1,28.3743496812028,428
11,55,2,500,1,NaN,NaN
11,56,2,500,1,23.1650902088182,647
11,57,2,1500,-1,22.1758745453275,317
11,58,2,1500,-1,25.2364513874254,303
11,59,2,500,1,17.360289534395,546
11,60,2,1500,-1,19.7628632683465,84
11,61,2,1500,-1,16.90002624021,515
11,62,2,500,1,23.064031790019,628
11,63,2,500,1,21.259319309616,385
11,64,2,1500,-1,NaN,NaN
11,65,2,1500,-1,NaN,NaN
11,66,2,500,1,23.4075691177539,493
11,67,2,500,1,23.6264179208447,339
11,68,2,500,1,15.0862535491362,27
11,69,2,500,1,14.9430083402045,132
11,70,2,1500,-1,29.2262139365933,421
11,71,2,1500,-1,13.1325355599866,339
11,72,2,1500,-1,29.8817205650798,354
11,73,2,1500,-1,NaN,NaN
11,74,2,500,1,NaN,NaN
11,75,2,500,1,24.0302641062893,467
11,76,2,1500,-1,NaN,NaN
11,77,2,500,1,26.3303323255868,411
11,78,2,500,1,21.2717194951459,86
11,79,2,500,1,22.9285550613101,43
11,80,2,500,1,25.2687510675955,-93
11,81,2,1500,-1,27.4952813251594,366
11,82,2,500,1,NaN,NaN
11,83,2,500,1,24.3985158070926,405
11,84,2,500,1,19.2870709498349,360
11,85,2,1500,-1,26.7767841415607,351
11,86,2,1500,-1,23.8071735539492,480
11,87,2,500,1,22.9438268140105,-17
11,88,2,500,1,18.0900028925238,10
11,89,2,500,1,17.7619647516365,411
11,90,2,500,1,14.6821325829895,371
11,91,2,500,1,16.1556136892235,499
11,92,2,1500,-1,14.8591774259753,333
11,93,2,1500,-1,25.0966332346495,357
11,94,2,1500,-1,NaN,NaN
11,95,2,1500,-1,NaN,NaN
11,96,2,1500,-1,NaN,NaN
11,97,2,500,1,NaN,NaN
11,98,2,1500,-1,NaN,NaN
11,99,2,500,1,23.0439832464448,867
11,100,2,1500,-1,NaN,NaN
11,101,2,1500,-1,NaN,NaN
11,102,2,1500,-1,NaN,NaN
11,103,2,500,1,24.7118934526388,584
11,104,2,1500,-1,NaN,NaN
11,105,2,500,1,24.1911380180304,13
11,106,2,500,1,23.2860618482769,440
11,107,2,1500,-1,28.2663825791796,375
11,108,2,500,1,21.4025936584073,401
11,109,2,1500,-1,NaN,NaN
11,110,2,500,1,22.3489328165145,478
11,111,2,500,1,22.5922818506596,401
11,112,2,1500,-1,25.7420598869967,330
11,113,2,1500,-1,NaN,NaN
11,114,2,1500,-1,NaN,NaN
11,115,2,1500,-1,NaN,NaN
11,116,2,500,1,NaN,NaN
11,117,2,1500,-1,NaN,NaN
11,118,2,500,1,25.8755133395335,589
11,119,2,1500,-1,NaN,NaN
11,120,2,1500,-1,26.3935204263218,373
11,121,2,500,1,29.6738239266549,489
11,122,2,500,1,18.3377926948995,339
11,123,2,1500,-1,26.4045122607656,299
11,124,2,1500,-1,NaN,NaN
11,125,2,500,1,19.8595482749333,472
11,126,2,1500,-1,28.3699709536241,340
11,127,2,500,1,25.6140992986576,414
11,128,2,1500,-1,NaN,NaN
11,129,2,500,1,25.1260420423346,596
11,130,2,1500,-1,19.5126886700173,341
11,131,2,1500,-1,NaN,NaN
11,132,2,500,1,20.9967398663867,471
11,133,2,500,1,NaN,NaN
11,134,2,1500,-1,NaN,NaN
11,135,2,500,1,28.4903807269936,430
11,136,2,1500,-1,26.6724467939668,375
11,137,2,500,1,NaN,NaN
11,138,2,500,1,19.7763063990716,85
11,139,2,500,1,26.3382584759163,320
11,140,2,500,1,27.3514967570639,342
11,141,2,500,1,19.5679433672596,422
11,142,2,500,1,NaN,NaN
11,143,2,500,1,NaN,NaN
11,144,2,500,1,NaN,NaN
11,145,2,1500,-1,NaN,NaN
11,146,2,1500,-1,24.3737611140555,437
11,147,2,1500,-1,26.1240145169788,405
11,148,2,1500,-1,NaN,NaN
11,149,2,500,1,NaN,NaN
11,150,2,1500,-1,22.7297119639706,378
11,151,2,500,1,25.2314857934277,523
11,152,2,1500,-1,24.7972964660507,368
11,153,2,1500,-1,23.0396555933969,392
11,154,2,1500,-1,NaN,NaN
11,155,2,500,1,NaN,NaN
11,156,2,1500,-1,NaN,NaN
11,157,2,1500,-1,NaN,NaN
11,158,2,1500,-1,NaN,NaN
11,159,2,500,1,22.8079020873111,419
11,160,2,1500,-1,23.4240648286042,319
11,161,2,1500,-1,NaN,NaN
11,162,2,500,1,6.00238423508634,-40
11,163,2,1500,-1,23.2246679258641,358
11,164,2,500,1,17.4980162306489,384
11,165,2,1500,-1,23.9181012303593,318
11,166,2,500,1,18.4728709304213,525
11,167,2,500,1,20.2801855592335,374
11,168,2,500,1,11.7440901665183,-70
11,169,2,500,1,11.0294746645868,365
11,170,2,500,1,14.5105832623746,379
11,171,2,500,1,11.5692124484561,316
11,172,2,500,1,16.7368944508426,255
11,173,2,500,1,20.1393962051016,383
11,174,2,1500,-1,21.4584888973883,433
11,175,2,1500,-1,26.6146747775384,322
11,176,2,500,1,29.4612673075049,439
11,177,2,500,1,25.7161684580246,581
11,178,2,500,1,NaN,NaN
11,179,2,1500,-1,NaN,NaN
11,180,2,1500,-1,20.5839024964222,455
11,181,2,500,1,NaN,NaN
11,182,2,1500,-1,NaN,NaN
11,183,2,500,1,28.5306887775419,500
11,184,2,500,1,24.5099559848716,-19
11,185,2,1500,-1,18.5723211706891,313
11,186,2,1500,-1,NaN,NaN
11,187,2,500,1,17.3556576868542,402
11,188,2,1500,-1,19.1863429771728,-114
11,189,2,1500,-1,19.7786493024931,-114
11,190,2,1500,-1,22.6269437899913,371
11,191,2,1500,-1,NaN,NaN
11,192,2,500,1,NaN,NaN
11,193,2,1500,-1,NaN,NaN
11,194,2,1500,-1,23.5860464041754,437
11,195,2,500,1,19.379146750864,389
11,196,2,500,1,28.9659828411264,347
11,197,2,1500,-1,24.4152108047791,352
11,198,2,500,1,21.4171743698135,368
11,199,2,500,1,24.4098043717518,763
11,200,2,500,1,15.8909759443698,-88
11,201,2,500,1,12.9815789235046,421
11,202,2,1500,-1,24.2596408776456,413
11,203,2,1500,-1,NaN,NaN
11,204,2,1500,-1,25.3756452478669,437
11,205,2,500,1,16.9336074560612,518
11,206,2,500,1,19.9909364779652,321
11,207,2,500,1,17.3112994817143,-92
11,208,2,1500,-1,NaN,NaN
11,209,2,500,1,22.5905190772295,373
11,210,2,500,1,17.9074114281657,572
11,211,2,500,1,20.2461513497829,410
11,212,2,500,1,13.6605762777803,460
11,213,2,1500,-1,NaN,NaN
11,214,2,500,1,12.5741659533406,662
11,215,2,1500,-1,17.1234549097774,277
11,216,2,1500,-1,18.8570653231219,339
11,217,2,500,1,17.2724077306162,345
11,218,2,1500,-1,NaN,NaN
11,219,2,1500,-1,24.2673122659255,455
11,220,2,500,1,21.9040563080456,620
11,221,2,500,1,21.6055997239885,554
11,222,2,1500,-1,NaN,NaN
11,223,2,1500,-1,12.6152090366409,332
11,224,2,1500,-1,NaN,NaN
11,225,2,1500,-1,20.8821491694804,459
11,226,2,500,1,22.6826943680653,454
11,227,2,500,1,13.3756474633502,294
11,228,2,1500,-1,NaN,NaN
11,229,2,500,1,15.0408245844707,364
11,230,2,1500,-1,15.2742565775577,359
11,231,2,1500,-1,NaN,NaN
11,232,2,500,1,24.0593856486531,574
11,233,2,1500,-1,19.4768785047482,357
11,234,2,500,1,21.5137979467039,419
11,235,2,500,1,25.5225312028599,319
11,236,2,500,1,17.5509524304238,18
11,237,2,500,1,16.9944669177693,423
11,238,2,500,1,NaN,NaN
11,239,2,1500,-1,NaN,NaN
11,240,2,1500,-1,26.781210035541,401
11,241,2,1500,-1,23.8820834726105,406
11,242,2,500,1,24.239281820672,598
11,243,2,500,1,19.1448407138782,349
11,244,2,500,1,13.1333678063859,347
11,245,2,1500,-1,13.7723581359143,358
11,246,2,1500,-1,NaN,NaN
11,247,2,1500,-1,NaN,NaN
11,248,2,1500,-1,NaN,NaN
11,249,2,1500,-1,26.1370047038088,483
11,250,2,1500,-1,25.3289738998076,461
11,251,2,500,1,NaN,NaN
11,252,2,500,1,24.4513853325384,329
11,253,2,500,1,24.0343865969743,252
11,254,2,500,1,15.7112327106417,446
11,255,2,500,1,18.4942226618407,-87
11,256,2,1500,-1,18.6108458167224,507
11,257,2,500,1,20.2340743652371,389
11,258,2,1500,-1,17.3818435073533,345
11,259,2,500,1,NaN,NaN
11,260,2,1500,-1,22.1018602821576,348
11,261,2,500,1,23.0043047231018,356
11,262,2,1500,-1,NaN,NaN
11,263,2,1500,-1,27.7013513669408,376
11,264,2,1500,-1,NaN,NaN
11,265,2,1500,-1,16.1834053804905,372
11,266,2,500,1,27.2330844756204,39
11,267,2,500,1,17.1405987536782,-103
11,268,2,500,1,16.1186986244585,320
11,269,2,1500,-1,26.1072930490975,402
11,270,2,500,1,21.4066430023094,376
11,271,2,500,1,26.4935894482678,423
11,272,2,500,1,22.9628821192384,406
11,273,2,1500,-1,22.7354368909266,467
11,274,2,1500,-1,22.7742580710682,401
11,275,2,500,1,23.4659344169003,380
11,276,2,500,1,18.8009019217907,144
11,277,2,500,1,22.5936335344461,65
11,278,2,500,1,20.7245464799656,311
11,279,2,500,1,21.9582042943474,-20
11,280,2,1500,-1,NaN,NaN
11,281,2,1500,-1,NaN,NaN
11,282,2,1500,-1,27.2953343532872,316
11,283,2,500,1,22.2968630966114,606
11,284,2,500,1,27.2053715887601,297
11,285,2,1500,-1,NaN,NaN
11,286,2,1500,-1,NaN,NaN
11,287,2,1500,-1,29.8713052023498,305
11,288,2,1500,-1,24.2307789551221,342
11,289,2,1500,-1,NaN,NaN
11,290,2,1500,-1,NaN,NaN
11,291,2,500,1,23.7811205412813,356
11,292,2,500,1,28.2383144909257,437
11,293,2,1500,-1,24.1712183830463,370
11,294,2,500,1,NaN,NaN
11,295,2,1500,-1,25.2224222332121,345
11,296,2,500,1,17.7198814703264,511
11,297,2,1500,-1,27.5686611569268,354
11,298,2,1500,-1,NaN,NaN
11,299,2,500,1,25.7812302135185,732
11,300,2,500,1,22.7698276621326,450
11,301,2,1500,-1,NaN,NaN
11,302,2,500,1,18.3938989239946,425
11,303,2,1500,-1,NaN,NaN
11,304,2,500,1,24.4065533481265,400
11,305,2,1500,-1,29.5838645804347,365
11,306,2,500,1,25.9005909970915,620
11,307,2,500,1,17.358738274334,387
11,308,2,1500,-1,15.9255208162286,411
11,309,2,1500,-1,NaN,NaN
11,310,2,500,1,20.6819490822243,424
11,311,2,1500,-1,28.9325707927124,375
11,312,2,1500,-1,NaN,NaN
11,313,2,1500,-1,NaN,NaN
11,314,2,500,1,NaN,NaN
11,315,2,500,1,29.4609547599996,518
11,316,2,500,1,18.2534511071916,569
11,317,2,500,1,13.8272059914763,-66
11,318,2,1500,-1,28.0245162245525,438
11,319,2,1500,-1,23.5815285018721,345
11,320,2,500,1,22.4659731496108,399
11,321,2,1500,-1,21.68444291748,359
11,322,2,500,1,20.8171101149808,330
11,323,2,1500,-1,25.8086218385956,390
11,324,2,1500,-1,NaN,NaN
11,325,2,500,1,27.7382330772343,562
11,326,2,1500,-1,NaN,NaN
11,327,2,500,1,22.8928993810217,516
11,328,2,1500,-1,26.1650679878679,-32
11,329,2,1500,-1,24.777280573183,368
11,330,2,500,1,26.4035743972642,430
11,331,2,500,1,11.1117102095768,474
11,332,2,500,1,11.6335466266018,422
11,333,2,500,1,15.3676314394223,151
11,334,2,1500,-1,12.5781358217623,489
11,335,2,500,1,6.00282901207623,548
11,336,2,1500,-1,8.85666252982486,495
11,337,2,500,1,20.9630786488068,205
11,338,2,500,1,9.1649812384576,371
11,339,2,500,1,6.30905221451359,430
11,340,2,500,1,-0.353017956374549,463
11,341,2,500,1,7.41550744771044,611
11,342,2,500,1,7.56407114200971,193
11,343,2,500,1,13.8598845043756,459
11,344,2,1500,-1,NaN,NaN
11,345,2,1500,-1,21.957815726219,352
11,346,2,1500,-1,NaN,NaN
11,347,2,500,1,NaN,NaN
11,348,2,1500,-1,29.9204533599311,481
11,349,2,1500,-1,16.3652896696116,93
11,350,2,500,1,18.4041165252523,867
11,351,2,500,1,16.7709475497815,-70
11,352,2,1500,-1,NaN,NaN
11,353,2,500,1,20.7665900093013,364
11,354,2,1500,-1,26.2520486640874,401
11,355,2,1500,-1,NaN,NaN
11,356,2,1500,-1,28.7594393296569,328
11,357,2,500,1,22.330220164354,654
11,358,2,1500,-1,25.036379288739,355
11,359,2,1500,-1,NaN,NaN
11,360,2,500,1,NaN,NaN
11,361,2,500,1,26.0638879020075,510
11,362,2,500,1,27.5818366795795,428
11,363,2,1500,-1,29.0776163109288,496
11,364,2,1500,-1,NaN,NaN
11,365,2,500,1,22.9191560772751,675
11,366,2,500,1,18.6015184151218,424
11,367,2,500,1,16.8771002413326,439
11,368,2,1500,-1,25.750072819402,366
11,369,2,1500,-1,18.7671744817146,395
11,370,2,1500,-1,28.8495427906785,357
11,371,2,500,1,25.7517312149219,570
11,372,2,500,1,21.7249699174056,305
11,373,2,500,1,13.8615726534597,346
11,374,2,1500,-1,21.9446546685681,338
11,375,2,1500,-1,22.6700753413019,365
11,376,2,1500,-1,27.0528350303652,341
11,377,2,1500,-1,27.0084900582868,671
11,378,2,1500,-1,25.4361156314041,302
11,379,2,1500,-1,NaN,NaN
11,380,2,500,1,22.0340470208848,386
11,381,2,1500,-1,25.6219895055106,353
11,382,2,1500,-1,NaN,NaN
11,383,2,1500,-1,26.2889846788329,313
11,384,2,500,1,24.1500725885491,440
11,385,2,1500,-1,23.9231394321545,137
11,386,2,1500,-1,NaN,NaN
11,387,2,1500,-1,19.3767999981187,-45
11,388,2,1500,-1,26.6759839293182,360
11,389,2,1500,-1,NaN,NaN
11,390,2,500,1,28.2745225505227,586
11,391,2,500,1,NaN,NaN
11,392,2,1500,-1,24.3426578334035,320
11,393,2,500,1,12.3066999193159,-8
11,394,2,1500,-1,23.5111794362319,278
11,395,2,500,1,28.0299740950527,408
11,396,2,500,1,18.5172924796967,23
11,397,2,500,1,26.4495752325154,346
11,398,2,500,1,21.3811020978225,238
11,399,2,500,1,15.7555917945853,332
11,400,2,1500,-1,19.9044862700679,-162
11,401,2,500,1,22.2634982427017,501
11,402,2,1500,-1,NaN,NaN
11,403,2,500,1,28.5557905388855,514
11,404,2,500,1,23.107761140384,319
11,405,2,500,1,16.0379694827188,350
11,406,2,500,1,20.3620531973924,354
11,407,2,500,1,24.3467060706305,318
11,408,2,500,1,-2.15277861336273,-39
11,409,2,500,1,1.50737244371956,382
11,410,2,500,1,NaN,NaN
11,411,2,1500,-1,NaN,NaN
11,412,2,1500,-1,NaN,NaN
11,413,2,1500,-1,22.8219713757383,386
11,414,2,500,1,6.17586764877213,770
11,415,2,500,1,16.8667793346735,-76
11,416,2,500,1,14.3427208456033,145
11,417,2,1500,-1,19.8756582068289,322
11,418,2,1500,-1,25.6097585839949,294
11,419,2,1500,-1,NaN,NaN
11,420,2,500,1,18.0411506974434,285
11,421,3,1500,0,NaN,NaN
11,422,3,1250,0,NaN,NaN
11,423,3,750,0,18.5193411426809,356
11,424,3,750,0,19.0287533747938,363
11,425,3,1500,0,22.6686831665026,269
11,426,3,1000,0,NaN,NaN
11,427,3,750,0,NaN,NaN
11,428,3,1250,0,17.8088040810711,350
11,429,3,750,0,NaN,NaN
11,430,3,1000,0,27.0591260714667,388
11,431,3,750,0,27.2926635724367,476
11,432,3,1000,0,15.1914059831612,-95
11,433,3,1250,0,11.239788154388,322
11,434,3,750,0,NaN,NaN
11,435,3,1500,0,NaN,NaN
11,436,3,1500,0,17.5069827318474,360
11,437,3,1250,0,NaN,NaN
11,438,3,1250,0,NaN,NaN
11,439,3,1500,0,16.3076566727456,362
11,440,3,500,0,20.5630330938042,805
11,441,3,500,0,27.1781342553248,-111
11,442,3,1000,0,15.2567093443754,454
11,443,3,1500,0,NaN,NaN
11,444,3,500,0,18.6431516368252,662
11,445,3,1500,0,27.3152601515547,436
11,446,3,500,0,13.8967761157981,41
11,447,3,1250,0,18.6486037183695,335
11,448,3,500,0,NaN,NaN
11,449,3,1500,0,19.2980459124841,328
11,450,3,500,0,17.6379828552339,596
11,451,3,1000,0,12.3149201582741,332
11,452,3,500,0,10.986173477042,-38
11,453,3,1500,0,2.4565719840696,357
11,454,3,1250,0,7.95599380676843,685
11,455,3,500,0,NaN,NaN
11,456,3,1250,0,3.79263660231127,325
11,457,3,750,0,-10.7641040445936,423
11,458,3,500,0,14.3408864703978,397
11,459,3,1000,0,-4.92291041443977,320
11,460,3,750,0,19.5453707549143,545
11,461,3,1250,0,NaN,NaN
11,462,3,1500,0,NaN,NaN
11,463,3,500,0,17.6597477588855,917
11,464,3,1500,0,NaN,NaN
11,465,3,1250,0,17.0502168900216,357
11,466,3,1000,0,18.0282076344943,343
11,467,3,1500,0,NaN,NaN
11,468,3,1500,0,22.6297232887661,461
11,469,3,1250,0,NaN,NaN
11,470,3,1250,0,20.8662365839087,419
11,471,3,500,0,29.4425210009783,-158
11,472,3,1500,0,NaN,NaN
11,473,3,500,0,22.0163503858215,671
11,474,3,1250,0,25.8001439064292,583
11,475,3,500,0,11.1309615263963,96
11,476,3,1000,0,15.6627301815199,382
11,477,3,1500,0,28.7609011956257,384
11,478,3,1500,0,22.0898530940455,369
11,479,3,1000,0,27.7113740656884,443
11,480,3,500,0,16.2233696397792,713
11,481,3,500,0,16.7360564761632,593
11,482,3,750,0,22.452778648464,489
11,483,3,500,0,20.8425323405264,-40
11,484,3,750,0,25.523060595607,611
11,485,3,1250,0,21.2103653881148,-108
11,486,3,750,0,NaN,NaN
11,487,3,750,0,NaN,NaN
11,488,3,1500,0,NaN,NaN
11,489,3,500,0,27.2593194635091,1131
11,490,3,500,0,19.8391304305062,174
11,491,3,1000,0,NaN,NaN
11,492,3,750,0,25.3682512354919,392
11,493,3,1250,0,NaN,NaN
11,494,3,1500,0,18.0896240648067,294
11,495,3,750,0,16.2360653625011,342
11,496,3,750,0,NaN,NaN
11,497,3,1000,0,10.152754323875,354
11,498,3,750,0,20.0599150258282,368
11,499,3,500,0,22.2264207231004,295
11,500,3,1000,0,NaN,NaN
11,501,3,1250,0,24.8153729616635,330
11,502,3,1250,0,26.7203378549886,387
11,503,3,1000,0,8.41796949103705,350
11,504,3,1500,0,18.7796853365255,166
11,505,3,750,0,15.3341878433323,527
11,506,3,1000,0,21.9682891579478,294
11,507,3,1500,0,21.9380737959516,329
11,508,3,1250,0,13.2321530319373,441
11,509,3,1250,0,NaN,NaN
11,510,3,1000,0,NaN,NaN
11,511,3,1000,0,15.3956131373361,697
11,512,3,1000,0,22.8761559147185,444
11,513,3,750,0,NaN,NaN
11,514,3,750,0,16.8519456400506,414
11,515,3,500,0,22.7182487027241,-89
11,516,3,1250,0,22.3764093169914,334
11,517,3,1000,0,26.8421607787691,515
11,518,3,1000,0,16.3958424972479,453
11,519,3,1500,0,18.7337455898893,-33
11,520,3,750,0,NaN,NaN
11,521,3,1500,0,13.2262393333763,-43
11,522,3,1500,0,21.5486661457134,-2
11,523,3,1250,0,NaN,NaN
11,524,3,500,0,18.2528153387071,504
11,525,3,1000,0,NaN,NaN
11,526,3,500,0,18.4497965829031,297
11,527,3,750,0,16.6786781030566,845
11,528,3,1000,0,22.1271717255669,324
11,529,3,1250,0,26.7697566325347,396
11,530,3,1000,0,29.7879971060956,619
11,531,3,1000,0,16.9708707919217,112
11,532,3,1500,0,13.9937280081935,401
11,533,3,1500,0,19.0039106993269,298
11,534,3,1250,0,22.346694872711,458
11,535,3,750,0,28.6131963635335,486
11,536,3,500,0,17.3569967031371,556
11,537,3,1000,0,14.1808613369274,379
11,538,3,1000,0,13.8379963008715,497
11,539,3,1250,0,10.2305701387249,423
11,540,3,500,0,13.1699468985589,634
11,541,3,750,0,10.999002957408,-136
11,542,3,500,0,-0.832757832607167,491
11,543,3,500,0,-2.7651504897804,434
11,544,3,1000,0,10.5015705099364,206
11,545,3,1250,0,3.03931575058684,428
11,546,3,750,0,8.11219978125804,375
11,547,3,1000,0,15.0077830831867,488
11,548,3,750,0,12.127271720589,638
11,549,3,1250,0,6.03806644355307,446
11,550,3,1250,0,7.81092499188146,405
11,551,3,1500,0,17.0383255275316,281
11,552,3,500,0,17.703439970832,349
11,553,3,500,0,15.0263395562791,287
11,554,3,1250,0,22.8153474853495,264
11,555,3,500,0,11.0578398436496,357
11,556,3,1500,0,NaN,NaN
11,557,3,1000,0,26.4252253912317,376
11,558,3,750,0,12.0831881718095,-62
11,559,3,1000,0,NaN,NaN
11,560,3,1500,0,NaN,NaN
11,561,3,1500,0,16.4318811951674,455
11,562,3,1000,0,NaN,NaN
11,563,3,750,0,18.8385583889723,465
11,564,3,750,0,10.3923031955219,777
11,565,3,750,0,18.1047152060065,403
11,566,3,1500,0,NaN,NaN
11,567,3,1250,0,NaN,NaN
11,568,3,500,0,16.555791929264,1111
11,569,3,1250,0,14.2060439432957,382
11,570,3,750,0,NaN,NaN
12,1,1,500,0,0.240536124843405,632
12,2,1,1500,0,NaN,NaN
12,3,1,500,0,0.0415636184099482,188
12,4,1,1500,0,4.35603517782886,502
12,5,1,1500,0,NaN,NaN
12,6,1,500,0,2.33828012095448,628
12,7,1,1500,0,3.09640428840526,369
12,8,1,500,0,-0.12532470510587,504
12,9,1,500,0,0.763016661473056,310
12,10,1,1500,0,-0.588547004857363,333
12,11,1,1500,0,NaN,NaN
12,12,1,1500,0,3.65839866861181,350
12,13,1,500,0,5.94953154773306,477
12,14,1,1500,0,6.55583821841274,405
12,15,1,1500,0,4.85308084157202,357
12,16,1,1500,0,NaN,NaN
12,17,1,500,0,5.31786887198089,431
12,18,1,500,0,7.31018512752546,385
12,19,1,500,0,5.65717219519552,287
12,20,1,500,0,7.00046238969773,350
12,21,2,500,1,-2.95407605686176,412
12,22,2,500,1,0.885225085534143,419
12,23,2,1500,-1,-12.4236215928353,399
12,24,2,1500,-1,0.746517353078666,391
12,25,2,1500,-1,9.4461456275159,425
12,26,2,1500,-1,13.587974453667,417
12,27,2,500,1,25.9875248362248,537
12,28,2,1500,-1,NaN,NaN
12,29,2,500,1,14.4337944107432,432
12,30,2,500,1,5.36886214043508,426
12,31,2,1500,-1,5.58145275011298,301
12,32,2,500,1,6.87538784325917,69
12,33,2,1500,-1,7.93207272649079,307
12,34,2,1500,-1,10.189506053433,329
12,35,2,500,1,8.7732260260394,83
12,36,2,500,1,0.471443225553134,383
12,37,2,1500,-1,6.62662094675873,332
12,38,2,500,1,4.69091293271459,355
12,39,2,1500,-1,9.08841931273677,320
12,40,2,1500,-1,6.3735390602276,356
12,41,2,1500,-1,9.85267372991507,358
12,42,2,500,1,5.44436250417625,429
12,43,2,1500,-1,4.2307792108571,453
12,44,2,500,1,6.21459522738004,457
12,45,2,1500,-1,-3.16551513692963,360
12,46,2,500,1,0.294654480116065,490
12,47,2,500,1,2.86321108134083,453
12,48,2,1500,-1,6.39928809822985,375
12,49,2,500,1,1.75580028460807,419
12,50,2,1500,-1,6.4680431656971,376
12,51,2,500,1,6.97486136015256,357
12,52,2,1500,-1,9.59826018450678,374
12,53,2,1500,-1,NaN,NaN
12,54,2,500,1,5.72456445761923,523
12,55,2,500,1,3.57987373999685,405
12,56,2,1500,-1,0.475368990912244,366
12,57,2,1500,-1,NaN,NaN
12,58,2,1500,-1,7.43729978837277,400
12,59,2,1500,-1,2.95425690953424,447
12,60,2,1500,-1,4.93100409097613,469
12,61,2,1500,-1,5.16815949103584,386
12,62,2,500,1,4.0889005360156,468
12,63,2,500,1,0.885690048298302,397
12,64,2,500,1,2.86880600367607,343
12,65,2,500,1,-2.37446932068461,424
12,66,2,1500,-1,5.0283133160573,315
12,67,2,500,1,4.28079892539754,450
12,68,2,500,1,6.73861441363933,291
12,69,2,1500,-1,2.3138772835681,374
12,70,2,500,1,2.38403677594075,392
12,71,2,500,1,3.09775330637485,391
12,72,2,1500,-1,9.915922631244,363
12,73,2,500,1,6.97890765559578,416
12,74,2,500,1,8.19094850511143,401
12,75,2,1500,-1,8.73752199214651,337
12,76,2,500,1,2.59896390008915,381
12,77,2,1500,-1,NaN,NaN
12,78,2,500,1,6.79871034000463,445
12,79,2,500,1,3.16988245188005,492
12,80,2,500,1,1.63889826521495,448
12,81,2,500,1,4.01915723249387,365
12,82,2,500,1,6.50129806518544,372
12,83,2,1500,-1,-0.726800714504305,318
12,84,2,1500,-1,NaN,NaN
12,85,2,1500,-1,4.83701372310827,364
12,86,2,500,1,3.7940527042811,371
12,87,2,1500,-1,4.20153531820254,371
12,88,2,500,1,5.16176401176483,383
12,89,2,500,1,4.12502358666322,434
12,90,2,500,1,1.20295490606566,361
12,91,2,500,1,4.52503121861399,468
12,92,2,500,1,0.601695116737271,398
12,93,2,1500,-1,-0.410912337598952,387
12,94,2,1500,-1,3.05200293261832,411
12,95,2,1500,-1,-2.85806712577495,397
12,96,2,500,1,5.93494431086171,572
12,97,2,500,1,6.53159872205134,399
12,98,2,1500,-1,6.54447200180648,374
12,99,2,500,1,0.770592193068399,450
12,100,2,500,1,6.24974949297004,397
12,101,2,1500,-1,-0.3503852281348,422
12,102,2,1500,-1,3.27668667385137,396
12,103,2,1500,-1,8.20094771572066,421
12,104,2,1500,-1,6.56069701480987,328
12,105,2,500,1,5.47223906751701,396
12,106,2,1500,-1,3.48508652026643,308
12,107,2,1500,-1,6.44618977688168,366
12,108,2,1500,-1,NaN,NaN
12,109,2,1500,-1,15.3622930248398,376
12,110,2,1500,-1,11.5163420564609,337
12,111,2,500,1,10.5162412463676,460
12,112,2,500,1,14.1153353461512,399
12,113,2,1500,-1,NaN,NaN
12,114,2,500,1,7.66566940235132,417
12,115,2,500,1,10.0125800060659,353
12,116,2,1500,-1,9.67535675983015,326
12,117,2,1500,-1,13.7596036070267,312
12,118,2,1500,-1,11.3832200304541,330
12,119,2,1500,-1,5.41034420380547,304
12,120,2,500,1,9.20442101136581,-183
12,121,2,500,1,12.6491362060179,393
12,122,2,500,1,19.0386548037321,391
12,123,2,1500,-1,15.6567514480127,327
12,124,2,1500,-1,10.7473831556638,407
12,125,2,1500,-1,NaN,NaN
12,126,2,500,1,17.4093150538058,447
12,127,2,500,1,14.6006906241343,427
12,128,2,1500,-1,10.4722016932966,326
12,129,2,1500,-1,13.3034260529962,404
12,130,2,500,1,8.14119620587247,373
12,131,2,500,1,3.65107053021374,404
12,132,2,1500,-1,0.489791435956527,379
12,133,2,500,1,4.70499387751271,453
12,134,2,1500,-1,7.64434298264425,423
12,135,2,1500,-1,2.45812773601007,389
12,136,2,500,1,6.03822882828478,437
12,137,2,500,1,3.86240515174201,475
12,138,2,1500,-1,-0.00823913604754765,393
12,139,2,500,1,1.0751025001979,470
12,140,2,500,1,5.9220461582537,455
12,141,2,1500,-1,NaN,NaN
12,142,2,500,1,6.7411771841481,415
12,143,2,1500,-1,-3.01322812393014,333
12,144,2,500,1,5.36301931444719,1034
12,145,2,1500,-1,3.47114704974059,372
12,146,2,500,1,-0.974551516000135,458
12,147,2,1500,-1,4.81739521221397,386
12,148,2,1500,-1,NaN,NaN
12,149,2,500,1,3.72286667546082,354
12,150,2,1500,-1,2.04851248673392,363
12,151,2,1500,-1,3.9504001914847,332
12,152,2,1500,-1,-0.421797176347285,359
12,153,2,500,1,5.41883218079065,368
12,154,2,500,1,2.95977257353524,449
12,155,2,1500,-1,3.60989792668364,322
12,156,2,1500,-1,NaN,NaN
12,157,2,1500,-1,4.60567715996536,405
12,158,2,500,1,9.67231076332466,412
12,159,2,500,1,7.90313552051385,431
12,160,2,1500,-1,3.78544374909298,358
12,161,2,1500,-1,9.43201300085816,345
12,162,2,1500,-1,6.76962399622127,461
12,163,2,500,1,8.16454547183949,-83
12,164,2,500,1,9.68657402603442,517
12,165,2,1500,-1,3.23952414877197,454
12,166,2,1500,-1,5.29463224536638,521
12,167,2,500,1,6.68678246987163,363
12,168,2,500,1,-5.51599420045744,396
12,169,2,500,1,-8.00153008484115,421
12,170,2,500,1,0.122280432953719,461
12,171,2,500,1,3.24544715074128,324
12,172,2,500,1,-0.117065137735794,476
12,173,2,500,1,0.352328687293794,434
12,174,2,1500,-1,4.387476293,332
12,175,2,1500,-1,4.95857387288634,326
12,176,2,500,1,2.87948648999954,510
12,177,2,500,1,0.488357069638155,374
12,178,2,500,1,3.65738817429013,401
12,179,2,500,1,5.2811531870756,473
12,180,2,500,1,3.16497566514226,288
12,181,2,500,1,4.67309215902758,376
12,182,2,1500,-1,3.86267383649178,430
12,183,2,500,1,5.61840129833198,398
12,184,2,500,1,6.5575016880961,566
12,185,2,1500,-1,10.7355766149018,334
12,186,2,1500,-1,5.85882548754128,432
12,187,2,1500,-1,4.46953802697813,389
12,188,2,1500,-1,3.34524026304223,410
12,189,2,500,1,2.37422026299946,517
12,190,2,500,1,-4.39464452969561,395
12,191,2,1500,-1,-1.3101528787993,340
12,192,2,1500,-1,2.50251141140943,385
12,193,2,500,1,4.08062283521627,605
12,194,2,500,1,1.87409315219569,425
12,195,2,1500,-1,6.6633400612359,376
12,196,2,1500,-1,3.57486859938155,439
12,197,2,1500,-1,NaN,NaN
12,198,2,500,1,2.78949325056304,496
12,199,2,1500,-1,5.2967604497549,372
12,200,2,500,1,3.21204730055148,928
12,201,2,500,1,1.95272247665704,369
12,202,2,500,1,1.07683619547607,411
12,203,2,500,1,4.04937932301621,347
12,204,2,1500,-1,1.34086983520024,458
12,205,2,1500,-1,1.15069257824198,361
12,206,2,1500,-1,1.3875444890288,388
12,207,2,500,1,2.55211643401357,372
12,208,2,1500,-1,-3.567105370504,362
12,209,2,1500,-1,NaN,NaN
12,210,2,1500,-1,4.89585831448725,401
12,211,2,500,1,4.46243409284221,482
12,212,2,500,1,1.55421561627008,385
12,213,2,1500,-1,NaN,NaN
12,214,2,1500,-1,-0.436875106696727,401
12,215,2,1500,-1,8.80424555782266,405
12,216,2,1500,-1,3.28691926363364,394
12,217,2,500,1,NaN,NaN
12,218,2,1500,-1,1.66754116529286,353
12,219,2,500,1,1.56215589409675,380
12,220,2,500,1,-6.29861043470136,476
12,221,2,1500,-1,1.10176260913755,415
12,222,2,500,1,4.01061852786774,352
12,223,2,1500,-1,9.48491827944725,401
12,224,2,1500,-1,9.93696626660764,336
12,225,2,1500,-1,NaN,NaN
12,226,2,500,1,-2.20006333079261,371
12,227,2,500,1,-4.39859277211302,458
12,228,2,500,1,2.83758528768689,493
12,229,2,1500,-1,2.76680270914884,398
12,230,2,1500,-1,5.88459508801925,364
12,231,2,500,1,1.42878303240561,549
12,232,2,1500,-1,-8.35852501448621,393
12,233,2,1500,-1,7.74565192325127,406
12,234,2,500,1,0.387337648115271,469
12,235,2,1500,-1,10.9539679853891,409
12,236,2,500,1,7.7780218290894,570
12,237,2,1500,-1,7.6436289758429,375
12,238,2,500,1,9.11188740525317,469
12,239,2,500,1,3.97446340013125,348
12,240,2,1500,-1,-0.58368473763147,382
12,241,2,500,1,-2.55100691491073,-21
12,242,2,500,1,4.68825811415662,433
12,243,2,1500,-1,NaN,NaN
12,244,2,1500,-1,2.87240178788446,378
12,245,2,1500,-1,4.61577615448169,363
12,246,2,1500,-1,7.79135728825395,422
12,247,2,500,1,3.70191316292975,393
12,248,2,500,1,-1.2772028093112,336
12,249,2,500,1,-1.98295050376357,50
12,250,2,1500,-1,-2.56242373865192,450
12,251,2,500,1,-0.835938064979285,405
12,252,2,500,1,-1.72923592580155,442
12,253,2,500,1,9.10314598543814,379
12,254,2,500,1,2.46427064999697,409
12,255,2,500,1,0.691935893988936,453
12,256,2,500,1,5.40897407717561,389
12,257,2,500,1,-2.16905020886873,462
12,258,2,500,1,-0.22567149808852,528
12,259,2,1500,-1,-3.20827621188446,354
12,260,2,1500,-1,-3.12423088705697,359
12,261,2,500,1,-7.21099548467783,547
12,262,2,1500,-1,3.86364687965225,377
12,263,2,1500,-1,-1.09425926114568,375
12,264,2,1500,-1,-4.88020565738564,475
12,265,2,1500,-1,6.2968338408344,350
12,266,2,500,1,1.2617645866028,530
12,267,2,1500,-1,-0.716077592958865,405
12,268,2,500,1,-3.40799790932064,443
12,269,2,500,1,0.876336830305796,449
12,270,2,500,1,7.98049766092737,453
12,271,2,1500,-1,4.11079535694176,352
12,272,2,500,1,-3.89273900366718,620
12,273,2,1500,-1,5.78666114210041,361
12,274,2,1500,-1,6.07356857860194,396
12,275,2,1500,-1,8.12210425119942,394
12,276,2,1500,-1,5.35562142322785,316
12,277,2,1500,-1,5.64647136901614,340
12,278,2,500,1,6.27075343263983,451
12,279,2,500,1,3.4802283511571,364
12,280,2,1500,-1,3.52083265170493,416
12,281,2,500,1,4.9186268765377,365
12,282,2,500,1,5.70288992264637,461
12,283,2,500,1,5.6367140412241,491
12,284,2,1500,-1,-2.66407559590444,352
12,285,2,500,1,-7.29161383409888,27
12,286,2,500,1,-3.13982005289139,393
12,287,2,500,1,-2.81897566744693,382
12,288,2,1500,-1,-0.693290007974734,332
12,289,2,1500,-1,NaN,NaN
12,290,2,1500,-1,1.92867456868428,473
12,291,2,1500,-1,0.691832920897472,338
12,292,2,1500,-1,2.47914215754414,388
12,293,2,1500,-1,NaN,NaN
12,294,2,500,1,-0.208852729852215,445
12,295,2,1500,-1,7.08465092500146,367
12,296,2,1500,-1,8.54452528175982,363
12,297,2,500,1,1.17734630038046,400
12,298,2,500,1,1.28354120809245,405
12,299,2,1500,-1,1.02289142732561,366
12,300,2,1500,-1,-0.365579323078915,724
12,301,2,500,1,-2.96277685088288,573
12,302,2,500,1,-3.92563683679201,399
12,303,2,1500,-1,2.30351473844336,352
12,304,2,500,1,2.02022176771149,357
12,305,2,500,1,4.69739249462234,388
12,306,2,1500,-1,-2.40799686009086,411
12,307,2,500,1,-1.4485405939844,414
12,308,2,500,1,3.92878772796316,418
12,309,2,1500,-1,-2.56403459195849,338
12,310,2,1500,-1,7.47391832358161,451
12,311,2,500,1,2.83871949601226,423
12,312,2,500,1,1.9483008014563,433
12,313,2,500,1,0.235313900332617,469
12,314,2,1500,-1,6.58964599410025,399
12,315,2,1500,-1,0.714738103630373,396
12,316,2,500,1,-0.928272040013368,440
12,317,2,500,1,0.24750617438902,385
12,318,2,1500,-1,2.22791865071721,453
12,319,2,1500,-1,6.66005888819042,541
12,320,2,500,1,2.75844401946193,396
12,321,2,1500,-1,18.7455260071404,367
12,322,2,500,1,13.2373307455935,388
12,323,2,500,1,10.3204113351865,324
12,324,2,1500,-1,5.70467040673113,365
12,325,2,500,1,7.95067418130926,393
12,326,2,500,1,8.24018194898973,371
12,327,2,500,1,8.76323711128045,361
12,328,2,1500,-1,11.0534043635868,374
12,329,2,500,1,-0.267170473951312,477
12,330,2,500,1,0.970910479560983,94
12,331,2,1500,-1,5.25823046724707,398
12,332,2,500,1,2.82462937533119,561
12,333,2,500,1,-2.04923782775799,-150
12,334,2,1500,-1,-0.170964750680989,382
12,335,2,500,1,-0.600320351941588,432
12,336,2,500,1,0.808726799113271,398
12,337,2,500,1,4.60960027860839,404
12,338,2,500,1,-1.80364138644557,428
12,339,2,500,1,4.65370189256437,-90
12,340,2,500,1,3.51926638575353,686
12,341,2,1500,-1,11.0744941153038,317
12,342,2,500,1,5.06456122498934,546
12,343,2,500,1,6.65468051636142,376
12,344,2,1500,-1,7.68443583869218,408
12,345,2,1500,-1,10.7663015705171,329
12,346,2,1500,-1,11.0760506629432,347
12,347,2,500,1,-1.46735472576175,380
12,348,2,1500,-1,9.63272525071849,385
12,349,2,1500,-1,14.1203298868246,345
12,350,2,1500,-1,6.5839145134001,360
12,351,2,1500,-1,7.26717423932878,362
12,352,2,1500,-1,3.15163744996599,503
12,353,2,500,1,4.33310337001165,464
12,354,2,1500,-1,1.88396010041934,345
12,355,2,500,1,2.35099944427528,652
12,356,2,500,1,7.80628319694255,348
12,357,2,1500,-1,NaN,NaN
12,358,2,500,1,2.68971189077921,232
12,359,2,500,1,-2.23537302881912,370
12,360,2,500,1,5.62209880043092,384
12,361,2,500,1,7.00537024357628,384
12,362,2,1500,-1,0.233507026788983,334
12,363,2,500,1,4.70097688095093,408
12,364,2,1500,-1,0.152585836539654,322
12,365,2,1500,-1,-3.92253932082151,329
12,366,2,1500,-1,6.59097871448812,348
12,367,2,1500,-1,12.2415315836601,360
12,368,2,1500,-1,8.26430392482023,354
12,369,2,1500,-1,7.04947478458325,340
12,370,2,1500,-1,11.1690921916116,751
12,371,2,1500,-1,8.9552207774008,363
12,372,2,500,1,3.42261725581426,435
12,373,2,1500,-1,-4.44330458885147,444
12,374,2,1500,-1,0.485551714138274,513
12,375,2,500,1,3.10691170906211,601
12,376,2,1500,-1,3.77216953997266,445
12,377,2,500,1,2.38397103836228,389
12,378,2,1500,-1,6.17971968217135,379
12,379,2,500,1,4.71073408514929,441
12,380,2,500,1,1.54081837157007,482
12,381,2,500,1,4.24005915456523,-30
12,382,2,1500,-1,-3.03337047587284,425
12,383,2,500,1,-5.42798373919379,413
12,384,2,1500,-1,-2.14571316648946,358
12,385,2,1500,-1,2.09081818685194,365
12,386,2,1500,-1,-0.359329206254031,421
12,387,2,500,1,-2.17556542425682,-44
12,388,2,500,1,8.41063863096395,408
12,389,2,1500,-1,2.88674399424068,375
12,390,2,500,1,2.42068598337612,383
12,391,2,500,1,2.47488200763917,435
12,392,2,500,1,0.374883545748882,361
12,393,2,1500,-1,-4.73590330609963,393
12,394,2,500,1,1.54006776767564,446
12,395,2,1500,-1,NaN,NaN
12,396,2,500,1,4.35359005266424,523
12,397,2,500,1,4.26527421540419,475
12,398,2,1500,-1,3.67244392956481,375
12,399,2,1500,-1,1.12892324657331,463
12,400,2,500,1,3.45595773317213,528
12,401,2,1500,-1,-2.29755499298742,352
12,402,2,500,1,1.34104522375279,522
12,403,2,500,1,4.62971738468536,524
12,404,2,1500,-1,NaN,NaN
12,405,2,1500,-1,NaN,NaN
12,406,2,1500,-1,6.02852878257341,302
12,407,2,1500,-1,4.93931556649655,376
12,408,2,1500,-1,6.30872684077934,372
12,409,2,1500,-1,5.32393450496947,353
12,410,2,1500,-1,-0.472585199691216,443
12,411,2,1500,-1,NaN,NaN
12,412,2,1500,-1,4.39892087523408,410
12,413,2,1500,-1,5.73496936039446,363
12,414,2,500,1,4.17879854222982,414
12,415,2,500,1,-3.01181799823594,508
12,416,2,500,1,5.94225795888442,438
12,417,2,500,1,1.17417553177378,379
12,418,2,1500,-1,2.40430295770159,366
12,419,2,1500,-1,-4.70199037891718,428
12,420,2,500,1,-1.13575786117683,390
12,421,3,1500,0,3.17968434118683,444
12,422,3,1250,0,3.01055975235228,397
12,423,3,1500,0,2.80877728992837,410
12,424,3,1500,0,1.06249117290575,461
12,425,3,1500,0,6.90760610539137,443
12,426,3,1000,0,NaN,NaN
12,427,3,1000,0,2.99969483886003,529
12,428,3,1500,0,6.21695348366884,411
12,429,3,1500,0,2.05314752518031,411
12,430,3,1250,0,5.07357128904251,421
12,431,3,750,0,4.89401899270601,-153
12,432,3,1250,0,2.12609293428645,527
12,433,3,750,0,0.682472975690477,473
12,434,3,500,0,-6.09422017818622,-194
12,435,3,500,0,1.69116139161567,594
12,436,3,1000,0,1.50266328345414,410
12,437,3,500,0,-3.65058965082084,320
12,438,3,750,0,1.43744697238283,440
12,439,3,1500,0,-1.85470666124563,434
12,440,3,750,0,NaN,NaN
12,441,3,1500,0,NaN,NaN
12,442,3,500,0,-2.8719902820904,380
12,443,3,1000,0,-0.416040704909581,361
12,444,3,1000,0,5.02467098324821,365
12,445,3,500,0,2.51047662848882,418
12,446,3,500,0,-1.59003328570392,-74
12,447,3,1250,0,-0.858924879551805,321
12,448,3,1250,0,-4.90202186113854,387
12,449,3,1500,0,2.20484930281448,378
12,450,3,500,0,NaN,NaN
12,451,3,1000,0,1.60877715520791,502
12,452,3,500,0,5.61576249485776,425
12,453,3,1500,0,5.66674982639352,376
12,454,3,1500,0,2.5068532351454,440
12,455,3,500,0,2.81050835509097,470
12,456,3,1250,0,3.82919888613322,436
12,457,3,1250,0,NaN,NaN
12,458,3,750,0,-1.44841595854858,426
12,459,3,500,0,-2.74804681329375,427
12,460,3,1250,0,-1.38138410178815,361
12,461,3,500,0,-2.25995096879583,29
12,462,3,1250,0,5.84620317125006,334
12,463,3,1500,0,5.47978502207542,383
12,464,3,1500,0,2.38324962135726,323
12,465,3,750,0,-1.74681547967275,386
12,466,3,750,0,5.55522127865009,496
12,467,3,750,0,1.12153881655798,412
12,468,3,1000,0,0.868969819989099,396
12,469,3,750,0,-3.53144033458011,388
12,470,3,750,0,7.52572374093723,423
12,471,3,1000,0,10.0704293256372,422
12,472,3,1500,0,3.46875196998265,429
12,473,3,500,0,2.01800877253318,-30
12,474,3,1500,0,7.56015143602272,389
12,475,3,1250,0,6.91156245676856,370
12,476,3,500,0,4.38591871138622,394
12,477,3,1000,0,NaN,NaN
12,478,3,750,0,3.83989783254832,396
12,479,3,1500,0,6.20906991515851,362
12,480,3,1500,0,-1.17056102017246,311
12,481,3,1500,0,NaN,NaN
12,482,3,1250,0,-0.964536733326894,448
12,483,3,1250,0,1.74546369046068,386
12,484,3,1000,0,7.66187739876128,460
12,485,3,1250,0,NaN,NaN
12,486,3,1250,0,0.317990273018302,512
12,487,3,750,0,NaN,NaN
12,488,3,1000,0,3.53692259891346,407
12,489,3,1000,0,-0.115103620229707,-157
12,490,3,750,0,1.9123224341044,502
12,491,3,500,0,11.1620272012837,436
12,492,3,500,0,8.42714356957705,451
12,493,3,750,0,3.43513981017306,442
12,494,3,1250,0,14.8780220327888,395
12,495,3,1000,0,14.2719080678894,390
12,496,3,750,0,-4.69217971843685,-147
12,497,3,500,0,-2.2232785755001,649
12,498,3,1000,0,5.41118895027512,428
12,499,3,1500,0,0.0479591224978094,-71
12,500,3,750,0,2.62371734189732,-162
12,501,3,750,0,7.52250345863526,396
12,502,3,500,0,5.22451437033182,411
12,503,3,1000,0,3.21788963192027,410
12,504,3,1000,0,5.56395671293289,501
12,505,3,1000,0,NaN,NaN
12,506,3,500,0,5.56516874242722,-67
12,507,3,1250,0,6.30933821667543,480
12,508,3,500,0,0.808425455446837,477
12,509,3,750,0,3.89971320129916,465
12,510,3,500,0,1.68679706972603,601
12,511,3,1250,0,-0.288047723857397,433
12,512,3,1000,0,-4.98498411676937,267
12,513,3,1500,0,11.7734195576371,-142
12,514,3,750,0,4.027345925952,376
12,515,3,1250,0,2.69529749169166,519
12,516,3,750,0,6.91523423387816,427
12,517,3,1250,0,3.71463076863095,350
12,518,3,500,0,-2.86766307545687,413
12,519,3,1250,0,-0.0662125927414571,329
12,520,3,500,0,0.758553617937941,502
12,521,3,750,0,7.93253622406814,-113
12,522,3,1000,0,NaN,NaN
12,523,3,500,0,4.53448467776889,599
12,524,3,750,0,-0.280022331637855,445
12,525,3,1500,0,7.95537779934411,350
12,526,3,1500,0,8.60535732915864,298
12,527,3,1000,0,2.63076973270186,390
12,528,3,750,0,3.94349517746077,464
12,529,3,1250,0,5.63787657093936,400
12,530,3,500,0,3.02590657120659,468
12,531,3,1250,0,3.31590986432149,405
12,532,3,1250,0,3.76856579805182,479
12,533,3,1500,0,NaN,NaN
12,534,3,750,0,2.6690827072792,500
12,535,3,500,0,3.19167649464772,75
12,536,3,1250,0,NaN,NaN
12,537,3,1000,0,3.78786447101483,432
12,538,3,1000,0,4.40178097245787,424
12,539,3,1500,0,3.61068909332483,398
12,540,3,500,0,0.188675456769728,564
12,541,3,1500,0,NaN,NaN
12,542,3,750,0,1.4293630735668,847
12,543,3,1500,0,7.03317455804542,467
12,544,3,1250,0,-2.15300042294957,356
12,545,3,750,0,-2.08020108917319,889
12,546,3,1250,0,11.0737883097402,410
12,547,3,1000,0,4.71537212074798,461
12,548,3,750,0,-1.29045917489985,607
12,549,3,500,0,-3.20865852560161,469
12,550,3,750,0,-6.06803091913903,-173
12,551,3,1000,0,-0.924914205880189,412
12,552,3,500,0,-1.32512834798122,851
12,553,3,1250,0,NaN,NaN
12,554,3,1000,0,11.4635152356952,459
12,555,3,1000,0,NaN,NaN
12,556,3,1000,0,0.218758045098521,420
12,557,3,750,0,-10.1292185371725,429
12,558,3,500,0,0.495304568064445,424
12,559,3,1500,0,3.09165988602878,448
12,560,3,1000,0,0.862988662423544,360
12,561,3,500,0,1.16760713134061,456
12,562,3,1250,0,5.67777277478602,412
12,563,3,1250,0,NaN,NaN
12,564,3,1500,0,-5.14108214307744,356
12,565,3,1500,0,0.823808471967872,374
12,566,3,1000,0,2.478545751119,391
12,567,3,750,0,7.47476742730527,453
12,568,3,1250,0,5.65827151266624,364
12,569,3,1000,0,1.56867425059257,376
12,570,3,1500,0,2.11919530408832,-116
13,1,1,500,0,4.64371792205718,813
13,2,1,1500,0,NaN,NaN
13,3,1,500,0,-0.822483877352036,538
13,4,1,500,0,0.218298884197636,484
13,5,1,1500,0,3.47779528694765,493
13,6,1,1500,0,2.39238005039734,493
13,7,1,1500,0,NaN,NaN
13,8,1,500,0,NaN,NaN
13,9,1,1500,0,NaN,NaN
13,10,1,500,0,0.518035087791817,418
13,11,1,1500,0,NaN,NaN
13,12,1,500,0,1.16320161463445,591
13,13,1,1500,0,-9.46325887131624,523
13,14,1,500,0,-3.45900209185061,596
13,15,1,1500,0,NaN,NaN
13,16,1,500,0,-4.88664001865375,677
13,17,1,1500,0,-7.73111416496283,460
13,18,1,500,0,-6.70413314817596,520
13,19,1,500,0,-15.0542411864934,858
13,20,1,1500,0,-5.62922949166845,399
13,21,2,1500,-1,-4.57912031903406,572
13,22,2,500,1,1.99221178629642,704
13,23,2,500,1,-11.1958002684946,43
13,24,2,500,1,-15.6512212235502,610
13,25,2,500,1,-18.7162447760192,378
13,26,2,1500,-1,-14.1425172298497,335
13,27,2,500,1,-15.0426118361124,891
13,28,2,500,1,-13.0011599201701,752
13,29,2,500,1,-21.226662642961,477
13,30,2,500,1,-20.5891236793712,398
13,31,2,1500,-1,NaN,NaN
13,32,2,1500,-1,NaN,NaN
13,33,2,500,1,-13.8875681705251,388
13,34,2,500,1,-9.63143876839051,826
13,35,2,500,1,-17.8769919701257,20
13,36,2,1500,-1,NaN,NaN
13,37,2,500,1,NaN,NaN
13,38,2,1500,-1,-12.5018089097519,543
13,39,2,1500,-1,-12.4954511893999,481
13,40,2,500,1,-8.2527561330735,358
13,41,2,1500,-1,-14.4572886007069,395
13,42,2,1500,-1,-10.2318289600586,446
13,43,2,500,1,-8.16095946947254,416
13,44,2,1500,-1,-8.50491124088364,485
13,45,2,1500,-1,-4.39432552630917,525
13,46,2,1500,-1,-4.09163303499627,367
13,47,2,1500,-1,-5.01677043392411,441
13,48,2,1500,-1,-12.2232615144275,372
13,49,2,500,1,-7.83803899139009,537
13,50,2,500,1,-18.4052050075717,402
13,51,2,1500,-1,-9.20895316096153,398
13,52,2,1500,-1,-14.0455333668366,514
13,53,2,500,1,-4.22907103173736,455
13,54,2,1500,-1,-12.6524357011615,456
13,55,2,1500,-1,-15.1623732477914,412
13,56,2,1500,-1,-16.6442769413201,501
13,57,2,500,1,-5.58251280989865,607
13,58,2,1500,-1,-12.0426246799056,394
13,59,2,1500,-1,-7.20676514609299,456
13,60,2,500,1,-3.848476535106,529
13,61,2,1500,-1,-8.84154325518738,425
13,62,2,1500,-1,-4.93749442073905,451
13,63,2,500,1,-3.36560581959492,440
13,64,2,500,1,-6.24064262117954,429
13,65,2,500,1,-4.98165436886368,751
13,66,2,1500,-1,-8.23367829722753,387
13,67,2,1500,-1,-11.2001801684445,380
13,68,2,1500,-1,-6.78399883516004,400
13,69,2,500,1,-5.05688289867621,384
13,70,2,500,1,-5.44147373696268,375
13,71,2,1500,-1,-4.60946675807665,428
13,72,2,1500,-1,-1.53919660538297,423
13,73,2,1500,-1,-5.45743439930983,366
13,74,2,500,1,-7.08114451661583,567
13,75,2,500,1,-11.0096088987513,379
13,76,2,500,1,-1.78512335319067,469
13,77,2,1500,-1,-7.43167136134919,452
13,78,2,500,1,-2.92991709191263,490
13,79,2,500,1,-9.0806616317671,538
13,80,2,500,1,-6.28290310414357,418
13,81,2,500,1,-7.84256832321181,393
13,82,2,1500,-1,-17.8454642152997,353
13,83,2,1500,-1,-7.69597539805598,404
13,84,2,500,1,6.13392418930755,361
13,85,2,500,1,-13.6740971873354,388
13,86,2,500,1,13.6252066441464,580
13,87,2,1500,-1,-2.95313414198708,461
13,88,2,1500,-1,-4.87747410654249,407
13,89,2,1500,-1,0.729892418716193,478
13,90,2,1500,-1,-1.8635050396933,375
13,91,2,1500,-1,-3.08248909195651,349
13,92,2,1500,-1,-3.14716272401122,371
13,93,2,1500,-1,-9.63381103823433,506
13,94,2,500,1,-9.47509772996951,414
13,95,2,1500,-1,-3.78677976974095,346
13,96,2,500,1,-7.80080940319087,373
13,97,2,1500,-1,-6.74333314709548,512
13,98,2,1500,-1,-5.96089512750537,371
13,99,2,500,1,-8.76086518613799,575
13,100,2,1500,-1,-14.4597197908974,397
13,101,2,1500,-1,-21.7953499361805,377
13,102,2,500,1,-20.6788254221889,480
13,103,2,500,1,-20.2819591388301,487
13,104,2,500,1,-12.7708565505516,466
13,105,2,500,1,-1.87554372916628,523
13,106,2,500,1,-11.7047837340693,468
13,107,2,1500,-1,-16.3045482030992,492
13,108,2,500,1,-10.3232018141755,629
13,109,2,500,1,-7.82413894550779,507
13,110,2,1500,-1,-5.94343818763542,378
13,111,2,500,1,0.422118446586774,496
13,112,2,500,1,1.79330972556266,433
13,113,2,1500,-1,-8.82138991198663,519
13,114,2,500,1,1.68819612844381,485
13,115,2,500,1,-0.907182918144406,420
13,116,2,500,1,-0.906321916359738,444
13,117,2,1500,-1,-18.3189314732869,387
13,118,2,500,1,-5.56275177035843,420
13,119,2,500,1,-6.02180359142538,395
13,120,2,500,1,3.71894064242569,409
13,121,2,1500,-1,11.8580273749823,546
13,122,2,500,1,1.5186924119356,483
13,123,2,500,1,-3.03712960683124,581
13,124,2,1500,-1,0.0751168483103399,402
13,125,2,500,1,1.81851748031943,445
13,126,2,1500,-1,4.57905750140282,495
13,127,2,500,1,0.499082276534882,403
13,128,2,500,1,17.0508693731896,405
13,129,2,1500,-1,2.59753917782935,388
13,130,2,500,1,-0.863554329367841,424
13,131,2,500,1,-10.2622010447366,369
13,132,2,500,1,-3.12545570855479,350
13,133,2,1500,-1,-16.1879914645612,410
13,134,2,500,1,-9.53815239448393,607
13,135,2,1500,-1,2.10867371983356,507
13,136,2,1500,-1,4.24039889359983,506
13,137,2,500,1,-8.26593624866236,446
13,138,2,1500,-1,-6.04343769780353,409
13,139,2,1500,-1,-3.2685759966296,553
13,140,2,500,1,6.38052360448158,365
13,141,2,1500,-1,0.285983722632966,416
13,142,2,1500,-1,-6.07802381700709,353
13,143,2,1500,-1,0.295028232288443,532
13,144,2,1500,-1,-4.39619078984173,351
13,145,2,500,1,10.2386208455088,465
13,146,2,500,1,-15.0725087968777,463
13,147,2,1500,-1,-14.0087224947086,433
13,148,2,1500,-1,-11.7647949035911,431
13,149,2,500,1,-13.013382342387,568
13,150,2,500,1,-9.50831081607497,578
13,151,2,500,1,-6.35351853219062,534
13,152,2,1500,-1,3.87175320952171,392
13,153,2,500,1,5.29435498030842,405
13,154,2,1500,-1,-3.71250058632674,385
13,155,2,1500,-1,-4.99614130798527,471
13,156,2,1500,-1,-9.95196659423828,415
13,157,2,1500,-1,-9.86708074464062,380
13,158,2,500,1,-4.10457091586983,458
13,159,2,1500,-1,-17.2358231215599,387
13,160,2,1500,-1,-19.2639735962458,426
13,161,2,1500,-1,-11.546466763146,466
13,162,2,1500,-1,-5.49021827304748,393
13,163,2,1500,-1,1.62278104974436,360
13,164,2,500,1,-1.1858310984881,788
13,165,2,500,1,-10.0619791233817,187
13,166,2,500,1,-10.074081398878,434
13,167,2,500,1,-7.152169623401,418
13,168,2,1500,-1,-12.6350198013066,397
13,169,2,500,1,-4.56604633627074,394
13,170,2,1500,-1,-7.18407623503454,372
13,171,2,1500,-1,-2.54302167385784,555
13,172,2,1500,-1,5.01804607345061,401
13,173,2,1500,-1,-2.17178747764673,434
13,174,2,500,1,2.66207118727906,545
13,175,2,500,1,-7.69188655251615,385
13,176,2,500,1,-10.6420277873517,412
13,177,2,500,1,-16.8955162144966,417
13,178,2,1500,-1,-14.695647839735,431
13,179,2,500,1,-3.54658763273555,430
13,180,2,1500,-1,-14.9401331263745,429
13,181,2,1500,-1,0.307943119184762,413
13,182,2,1500,-1,-12.5201793061513,447
13,183,2,500,1,-4.99679463447452,521
13,184,2,500,1,-6.82985621824493,646
13,185,2,500,1,-9.11492698460002,463
13,186,2,1500,-1,-10.1337937529431,423
13,187,2,1500,-1,-5.44534974053699,335
13,188,2,1500,-1,-4.13093693205072,368
13,189,2,1500,-1,-1.8717247660465,412
13,190,2,500,1,-2.99120446537089,452
13,191,2,500,1,-8.97807725402905,518
13,192,2,1500,-1,-13.2807793214715,395
13,193,2,500,1,-6.10304768685462,375
13,194,2,500,1,-12.3695644613392,524
13,195,2,1500,-1,-5.62652165192541,451
13,196,2,1500,-1,2.09254958520761,478
13,197,2,500,1,3.47639944872784,439
13,198,2,1500,-1,11.5198434481222,386
13,199,2,1500,-1,-2.19574864407863,371
13,200,2,500,1,1.03620005137631,509
13,201,2,500,1,-5.7628543650351,437
13,202,2,500,1,-10.2361357815819,392
13,203,2,500,1,-4.54903744482205,412
13,204,2,1500,-1,-10.2435209080214,335
13,205,2,1500,-1,-4.30978158387474,321
13,206,2,1500,-1,-4.08242265589842,382
13,207,2,1500,-1,-6.29304060156421,364
13,208,2,500,1,-4.59528641494527,478
13,209,2,1500,-1,-11.2019568017724,429
13,210,2,1500,-1,-9.2302677153929,399
13,211,2,1500,-1,NaN,NaN
13,212,2,1500,-1,-2.83166692115881,371
13,213,2,500,1,-3.42452957579644,554
13,214,2,500,1,-8.57346143794846,398
13,215,2,1500,-1,-8.4862521073529,355
13,216,2,1500,-1,0.746949298028585,449
13,217,2,500,1,-4.85109248883906,580
13,218,2,500,1,-1.52755026762929,349
13,219,2,500,1,-6.47149580576705,404
13,220,2,1500,-1,-1.14384907953919,391
13,221,2,500,1,-10.3191540426093,432
13,222,2,1500,-1,-7.52674530798827,479
13,223,2,500,1,-6.79679543522887,399
13,224,2,500,1,-5.5264199835375,396
13,225,2,500,1,-0.680151485904453,422
13,226,2,500,1,-5.48547964349222,461
13,227,2,1500,-1,-8.55135578980546,411
13,228,2,1500,-1,-5.52643785358952,390
13,229,2,500,1,-5.18515876538203,378
13,230,2,500,1,0.777484576395974,446
13,231,2,1500,-1,-17.683561850699,403
13,232,2,500,1,16.2530076830928,392
13,233,2,1500,-1,-16.5320277775146,331
13,234,2,1500,-1,-6.45903775542699,377
13,235,2,1500,-1,-7.13972725906008,380
13,236,2,1500,-1,-5.74524945369556,397
13,237,2,1500,-1,9.02901563897898,459
13,238,2,500,1,1.15944603987065,568
13,239,2,1500,-1,-1.38226590839295,444
13,240,2,1500,-1,-10.0878042642079,464
13,241,2,1500,-1,-1.31539669523326,422
13,242,2,1500,-1,-10.1905412383125,485
13,243,2,500,1,-8.9098768987375,545
13,244,2,500,1,-7.10248936572451,412
13,245,2,500,1,-6.75835908644372,505
13,246,2,500,1,-1.21290234442209,539
13,247,2,500,1,-6.80343181345255,504
13,248,2,1500,-1,-10.3205628181038,385
13,249,2,500,1,2.06284366926279,669
13,250,2,500,1,-11.66258981072,547
13,251,2,1500,-1,-2.65803760952169,516
13,252,2,1500,-1,-0.194628586675186,346
13,253,2,1500,-1,6.10379607717305,386
13,254,2,500,1,1.02713950421725,456
13,255,2,500,1,-6.93287141411311,430
13,256,2,500,1,-9.12682878835225,128
13,257,2,500,1,-6.28936334621131,514
13,258,2,500,1,0.273050433655586,333
13,259,2,500,1,4.09703155238718,383
13,260,2,500,1,2.20653530889112,485
13,261,2,500,1,7.75270149961989,472
13,262,2,1500,-1,10.4418618192138,688
13,263,2,1500,-1,20.5545496965846,332
13,264,2,500,1,17.2338936734871,377
13,265,2,1500,-1,13.3553358271878,545
13,266,2,1500,-1,NaN,NaN
13,267,2,1500,-1,17.6346015462008,439
13,268,2,500,1,16.0285878322744,386
13,269,2,500,1,-9.59705428943663,419
13,270,2,500,1,5.05915228306692,403
13,271,2,500,1,20.0194522772937,417
13,272,2,500,1,-8.44677697158837,461
13,273,2,1500,-1,NaN,NaN
13,274,2,1500,-1,5.94479123068779,387
13,275,2,1500,-1,6.00484950361559,426
13,276,2,500,1,5.21916402386142,439
13,277,2,1500,-1,-2.35081416047572,360
13,278,2,1500,-1,0.666709140974395,396
13,279,2,500,1,7.66877159212537,446
13,280,2,1500,-1,1.86388927423676,360
13,281,2,1500,-1,NaN,NaN
13,282,2,1500,-1,6.76877211767458,383
13,283,2,500,1,-2.64817131738542,456
13,284,2,500,1,-3.51520322557087,511
13,285,2,500,1,-3.94791068052381,479
13,286,2,500,1,-0.207766376425016,364
13,287,2,1500,-1,-5.9030180853846,386
13,288,2,500,1,-5.2120751550761,457
13,289,2,500,1,7.71848266279053,481
13,290,2,1500,-1,-1.48213841741306,395
13,291,2,500,1,6.27269238962077,498
13,292,2,1500,-1,8.53413587282137,722
13,293,2,1500,-1,0.0030340255808572,545
13,294,2,500,1,-0.490590498679384,422
13,295,2,1500,-1,-5.00810590604576,349
13,296,2,500,1,4.75206296326235,463
13,297,2,1500,-1,1.40288707955677,361
13,298,2,1500,-1,2.62297128575335,362
13,299,2,1500,-1,6.32720444782159,507
13,300,2,500,1,-2.5176008451405,586
13,301,2,500,1,-2.30475264322013,350
13,302,2,1500,-1,-9.44906070010173,343
13,303,2,500,1,-1.27229842768463,433
13,304,2,1500,-1,-10.0098361576857,452
13,305,2,500,1,-4.27232899377213,464
13,306,2,500,1,-1.9109650297558,434
13,307,2,1500,-1,-2.76040589739285,372
13,308,2,1500,-1,3.77716604166304,360
13,309,2,500,1,7.07594899210271,475
13,310,2,1500,-1,5.39018149801573,345
13,311,2,1500,-1,-3.81106017482574,354
13,312,2,1500,-1,4.9819514324158,371
13,313,2,1500,-1,0.780563892117156,352
13,314,2,500,1,-2.27871566668456,429
13,315,2,500,1,-2.83324848607132,437
13,316,2,500,1,-5.54861429206695,401
13,317,2,500,1,-12.7532377673024,388
13,318,2,1500,-1,NaN,NaN
13,319,2,500,1,-0.541950679714349,406
13,320,2,1500,-1,-6.3272744101671,410
13,321,2,500,1,-5.51795675964268,412
13,322,2,500,1,-10.5976072423117,425
13,323,2,1500,-1,-10.9851498067892,355
13,324,2,500,1,-4.85030037775977,396
13,325,2,1500,-1,-9.64015013557144,467
13,326,2,500,1,-2.05562617067809,433
13,327,2,1500,-1,-4.11270046169549,313
13,328,2,500,1,0.104068478507478,350
13,329,2,1500,-1,6.80784881921101,334
13,330,2,1500,-1,7.36311494455436,339
13,331,2,500,1,-3.67570933832342,403
13,332,2,500,1,-9.3428665548048,415
13,333,2,500,1,-8.46839491013169,457
13,334,2,1500,-1,-2.99610634345666,385
13,335,2,500,1,1.78701765716247,384
13,336,2,500,1,-2.56305120317683,451
13,337,2,500,1,-0.557288789374314,427
13,338,2,1500,-1,2.29590955402855,419
13,339,2,500,1,4.95758028715574,442
13,340,2,500,1,7.9554021862314,467
13,341,2,500,1,-8.02127001188837,367
13,342,2,500,1,-6.96032945767966,413
13,343,2,1500,-1,NaN,NaN
13,344,2,500,1,NaN,NaN
13,345,2,500,1,-5.01306996069325,810
13,346,2,500,1,-9.42999204032711,405
13,347,2,500,1,-10.554781168929,355
13,348,2,500,1,0.164733454547881,551
13,349,2,500,1,-7.44900741832448,438
13,350,2,1500,-1,1.6197252377742,373
13,351,2,500,1,4.93223069604731,382
13,352,2,1500,-1,10.6779507495553,337
13,353,2,1500,-1,-0.763392952120271,365
13,354,2,1500,-1,1.31088230538032,399
13,355,2,1500,-1,5.6078314612413,403
13,356,2,1500,-1,-0.994371398831604,388
13,357,2,500,1,5.48435229838038,488
13,358,2,500,1,-8.22690220336114,333
13,359,2,1500,-1,-7.72329792058429,392
13,360,2,1500,-1,-3.79591768102269,347
13,361,2,500,1,-2.30451603940074,377
13,362,2,1500,-1,-7.89526628932646,385
13,363,2,1500,-1,-8.46159324262802,448
13,364,2,500,1,-8.49270233599212,361
13,365,2,1500,-1,-9.52931022030014,411
13,366,2,1500,-1,-6.97324508822101,419
13,367,2,500,1,-3.61703264786026,393
13,368,2,500,1,-11.8297171476712,460
13,369,2,1500,-1,-12.0989909324603,399
13,370,2,500,1,-3.32815264170939,567
13,371,2,1500,-1,-7.95879089331007,367
13,372,2,500,1,-3.17004726416009,411
13,373,2,1500,-1,-8.47853862133314,362
13,374,2,500,1,-2.5416476997992,396
13,375,2,1500,-1,-5.17322435927694,417
13,376,2,500,1,-4.17385635667455,344
13,377,2,500,1,-14.3338626686612,406
13,378,2,1500,-1,1.95343316907192,413
13,379,2,500,1,-6.4695168204553,420
13,380,2,1500,-1,-3.52239612371388,356
13,381,2,1500,-1,-2.71822373142825,381
13,382,2,1500,-1,NaN,NaN
13,383,2,1500,-1,3.09423076924951,427
13,384,2,1500,-1,5.18186980639521,328
13,385,2,500,1,1.89683337629687,426
13,386,2,500,1,5.40816550284571,457
13,387,2,1500,-1,7.35076037629173,325
13,388,2,1500,-1,6.78568819988268,379
13,389,2,500,1,2.72669224615166,430
13,390,2,1500,-1,-8.2115657880954,432
13,391,2,500,1,-0.697395779708972,535
13,392,2,500,1,NaN,NaN
13,393,2,1500,-1,-3.39241453125804,407
13,394,2,1500,-1,-2.74063679702719,372
13,395,2,1500,-1,-10.2637882748243,457
13,396,2,1500,-1,-10.6540206464571,379
13,397,2,1500,-1,-3.52869705707961,428
13,398,2,1500,-1,-2.18759604061538,374
13,399,2,500,1,-3.57327306453266,449
13,400,2,500,1,-7.19232162464761,598
13,401,2,500,1,-6.28419181753608,464
13,402,2,500,1,-8.32160490951309,347
13,403,2,1500,-1,-12.3071253328567,398
13,404,2,1500,-1,-8.72936288801917,384
13,405,2,1500,-1,-3.66731013135833,390
13,406,2,1500,-1,-16.0960705739691,371
13,407,2,500,1,-2.26359503772629,410
13,408,2,1500,-1,-9.92057625741576,483
13,409,2,500,1,-6.98930146848197,455
13,410,2,1500,-1,-10.3736038294886,438
13,411,2,1500,-1,-12.9573352138571,556
13,412,2,500,1,-8.47156810938892,416
13,413,2,1500,-1,-7.40614183721986,342
13,414,2,500,1,0.882363879908036,430
13,415,2,500,1,-7.04404314831319,401
13,416,2,1500,-1,3.55078106200488,413
13,417,2,500,1,-2.29764892965804,400
13,418,2,1500,-1,-5.98774363001396,404
13,419,2,500,1,-8.11797349118935,464
13,420,2,1500,-1,-6.85781563254591,363
13,421,3,1000,0,NaN,NaN
13,422,3,750,0,-8.84056233135283,468
13,423,3,750,0,-5.14696711428435,430
13,424,3,500,0,-5.33810321000114,399
13,425,3,1000,0,-8.12216505683129,401
13,426,3,1500,0,-10.2006052517544,369
13,427,3,500,0,-4.81953746478571,475
13,428,3,1000,0,-6.20398019078304,469
13,429,3,750,0,-5.99692979827773,454
13,430,3,500,0,-8.05503800440556,521
13,431,3,750,0,-10.619099463144,406
13,432,3,1000,0,-8.61650482726117,418
13,433,3,1250,0,-5.44352766380908,393
13,434,3,750,0,-7.22705538265787,399
13,435,3,1500,0,-11.6798428382316,461
13,436,3,1000,0,-8.8363971046125,462
13,437,3,1500,0,-14.0021291893652,427
13,438,3,1500,0,-15.132129308244,426
13,439,3,1500,0,-8.81904898039521,510
13,440,3,750,0,-7.71646033262417,419
13,441,3,1250,0,-13.8167536548113,419
13,442,3,1250,0,-12.0954543687814,379
13,443,3,1500,0,-11.5949799833911,476
13,444,3,1500,0,-13.0444643744911,372
13,445,3,1250,0,-20.4886026784547,428
13,446,3,750,0,-18.428135302884,424
13,447,3,500,0,-17.8501835744601,448
13,448,3,750,0,NaN,NaN
13,449,3,750,0,-16.6353786963439,382
13,450,3,1500,0,-10.8492455784765,357
13,451,3,1500,0,-7.75416394831889,407
13,452,3,1000,0,-13.123090072352,407
13,453,3,750,0,-10.8973105941487,367
13,454,3,750,0,-10.5160412532025,366
13,455,3,500,0,-12.042068847871,451
13,456,3,1250,0,-8.6519380582096,450
13,457,3,1250,0,-9.2513079194171,360
13,458,3,1250,0,-12.3905953209069,665
13,459,3,500,0,-13.3506088715956,400
13,460,3,1500,0,-13.1835485517357,326
13,461,3,1250,0,-15.6335252096424,478
13,462,3,1250,0,-10.1605839638037,412
13,463,3,1250,0,-9.77936550060751,537
13,464,3,1250,0,NaN,NaN
13,465,3,1500,0,-12.8421079680849,442
13,466,3,1500,0,-12.1510317234049,460
13,467,3,750,0,-10.4244538144065,402
13,468,3,750,0,-14.714693823743,478
13,469,3,1500,0,-13.7970907775602,418
13,470,3,750,0,-9.99634632970275,372
13,471,3,1250,0,NaN,NaN
13,472,3,500,0,-8.68703448736537,431
13,473,3,500,0,-12.4244466332257,58
13,474,3,1250,0,-10.1189876259961,385
13,475,3,1000,0,-16.8533895294439,461
13,476,3,1250,0,-13.0369342373312,450
13,477,3,1250,0,-11.3983912954319,428
13,478,3,750,0,-16.9694022793614,500
13,479,3,750,0,-16.3951560722529,416
13,480,3,750,0,-9.6764213320593,419
13,481,3,1250,0,-10.0672824364348,385
13,482,3,500,0,-13.5555178399862,442
13,483,3,1500,0,-12.6711029422851,477
13,484,3,1000,0,NaN,NaN
13,485,3,1250,0,-15.9120465687559,441
13,486,3,1250,0,-19.5332937479232,475
13,487,3,1250,0,-9.23789389654218,473
13,488,3,500,0,-3.76999400309887,21
13,489,3,1000,0,-3.49614802383426,512
13,490,3,750,0,-7.89773393770628,449
13,491,3,1000,0,-7.38224670391764,411
13,492,3,1000,0,-9.15581786236793,435
13,493,3,500,0,-11.5711892518118,485
13,494,3,1500,0,-11.2230203336421,395
13,495,3,1000,0,-12.0162947503002,356
13,496,3,1250,0,-11.343684374318,486
13,497,3,500,0,-15.0033288690419,467
13,498,3,1000,0,-14.5582782270362,480
13,499,3,500,0,-6.85128801937819,520
13,500,3,500,0,-6.5237664261323,440
13,501,3,750,0,-9.04032120489932,434
13,502,3,500,0,-6.37628158253512,527
13,503,3,750,0,-13.6384474015794,437
13,504,3,750,0,-8.57679693566779,500
13,505,3,750,0,-6.74774254504951,500
13,506,3,500,0,-11.0001523080101,439
13,507,3,1500,0,-9.10631416453063,434
13,508,3,1000,0,-8.31528341341164,442
13,509,3,1250,0,-10.134906120008,440
13,510,3,1500,0,-5.95469317980082,398
13,511,3,500,0,-14.1486126760105,33
13,512,3,750,0,-13.3353832756834,424
13,513,3,1500,0,-15.8945432188526,440
13,514,3,750,0,-14.0768037028641,380
13,515,3,1500,0,NaN,NaN
13,516,3,500,0,-13.2579120908647,501
13,517,3,1000,0,-10.722856099484,390
13,518,3,1000,0,-6.2915241933599,398
13,519,3,1000,0,-7.03529981892396,435
13,520,3,1000,0,-10.9782672898969,448
13,521,3,1000,0,-9.42474813560299,434
13,522,3,500,0,-7.57688110415891,534
13,523,3,1500,0,-6.22166169228457,351
13,524,3,500,0,-12.3840998332585,549
13,525,3,1250,0,-9.14993589362161,385
13,526,3,500,0,-10.6743988166878,467
13,527,3,750,0,-13.5716839378147,434
13,528,3,1000,0,-12.0092763624476,465
13,529,3,500,0,-16.0755372577957,401
13,530,3,1250,0,-13.1413755987521,433
13,531,3,750,0,-10.1351050109135,682
13,532,3,1000,0,-11.523946272822,405
13,533,3,500,0,-9.98460222891986,502
13,534,3,1000,0,-10.9604957746733,424
13,535,3,500,0,-8.0616206984009,418
13,536,3,750,0,-14.1310960226108,533
13,537,3,1500,0,-14.0859703627194,361
13,538,3,1500,0,-11.5302085539327,339
13,539,3,1250,0,-14.9493550578248,447
13,540,3,1000,0,NaN,NaN
13,541,3,1500,0,-16.7097950910346,471
13,542,3,750,0,-16.5683674294346,463
13,543,3,500,0,-13.3392560310577,77
13,544,3,1000,0,-6.23907764183248,391
13,545,3,1500,0,-13.4968769570755,488
13,546,3,1500,0,-16.243245078325,514
13,547,3,1000,0,-8.55574603334743,369
13,548,3,500,0,-7.13238102861961,639
13,549,3,1000,0,-13.0028685780607,407
13,550,3,500,0,-7.47027267634472,442
13,551,3,500,0,-9.52624139514335,541
13,552,3,1000,0,-8.78694048605664,491
13,553,3,1250,0,-11.1929816269856,369
13,554,3,500,0,-12.9826723957523,432
13,555,3,750,0,-15.8227869096635,432
13,556,3,750,0,-15.9114546473623,427
13,557,3,1250,0,-10.5741446845875,392
13,558,3,1250,0,-11.0677665321985,442
13,559,3,1500,0,-10.129668628871,443
13,560,3,1500,0,-5.71340264324448,488
13,561,3,1000,0,-13.5317942441398,443
13,562,3,1000,0,-11.1597289289017,413
13,563,3,1500,0,-16.8799865551674,473
13,564,3,1500,0,-7.00517487945868,394
13,565,3,500,0,-9.99449131644525,504
13,566,3,1000,0,-12.4832483422363,336
13,567,3,1250,0,-10.5059542665001,510
13,568,3,1250,0,-18.0985048894063,469
13,569,3,1500,0,-10.1899662969898,416
13,570,3,1250,0,-11.6667047240415,439
14,1,1,1500,-0,NaN,NaN
14,2,1,1500,-0,NaN,NaN
14,3,1,1500,-0,-0.460796418653374,530
14,4,1,500,-0,0.28605887818493,413
14,5,1,1500,-0,6.99868347745078,333
14,6,1,500,-0,NaN,NaN
14,7,1,500,-0,1.41682725678115,518
14,8,1,500,-0,4.83345235526192,-40
14,9,1,500,-0,-1.56569801695163,437
14,10,1,1500,-0,-1.06656141390726,278
14,11,1,500,-0,-4.66145165755945,615
14,12,1,500,-0,1.08504983490072,-18
14,13,1,1500,-0,-4.88727373009041,335
14,14,1,1500,-0,-5.5667192405229,324
14,15,1,500,-0,-2.05453865699156,369
14,16,1,1500,-0,-2.36300739470609,210
14,17,1,1500,-0,-1.18803324742355,115
14,18,1,1500,-0,-7.88324765995447,303
14,19,1,500,-0,-4.05047192169244,428
14,20,1,500,-0,-5.36252999833466,-99
14,21,2,1500,-1,-3.19550224703448,837
14,22,2,1500,-1,17.5167382857927,482
14,23,2,500,1,16.9906726525145,498
14,24,2,500,1,-1.42775085794793,438
14,25,2,500,1,-10.4522298365506,371
14,26,2,1500,-1,-16.340279878237,379
14,27,2,1500,-1,-6.96835732809352,287
14,28,2,500,1,2.14771340257996,40
14,29,2,1500,-1,NaN,NaN
14,30,2,1500,-1,-0.387081385533211,335
14,31,2,1500,-1,11.8435654813405,428
14,32,2,1500,-1,10.0327325029536,298
14,33,2,1500,-1,8.0180948282369,356
14,34,2,500,1,10.909511310668,386
14,35,2,1500,-1,4.1112915297974,274
14,36,2,500,1,2.30865343763735,401
14,37,2,1500,-1,NaN,NaN
14,38,2,500,1,-0.767911509601358,426
14,39,2,500,1,-7.83732543169084,335
14,40,2,1500,-1,-9.91625167991349,317
14,41,2,1500,-1,-0.671393653572991,280
14,42,2,1500,-1,-1.79809653969961,298
14,43,2,500,1,-0.76865085651972,422
14,44,2,500,1,-16.8370064274924,-50
14,45,2,1500,-1,NaN,NaN
14,46,2,500,1,-11.6620652187338,566
14,47,2,500,1,-19.468505965689,965
14,48,2,1500,-1,NaN,NaN
14,49,2,500,1,-17.496155917382,446
14,50,2,500,1,-14.4799143924146,300
14,51,2,500,1,-27.5455971243155,311
14,52,2,500,1,-25.4711926289401,-49
14,53,2,500,1,-20.5206694443106,248
14,54,2,1500,-1,-29.494772739232,314
14,55,2,1500,-1,-13.0521457892602,-157
14,56,2,1500,-1,NaN,NaN
14,57,2,500,1,-16.3479510430481,521
14,58,2,500,1,-25.4783430860391,389
14,59,2,1500,-1,-26.2682464514409,361
14,60,2,1500,-1,-19.8254229983921,314
14,61,2,500,1,-19.0855378027457,388
14,62,2,500,1,-22.1956378204079,376
14,63,2,1500,-1,NaN,NaN
14,64,2,500,1,-24.6298013226587,506
14,65,2,500,1,-29.3850650522026,427
14,66,2,1500,-1,-28.4947799012754,234
14,67,2,1500,-1,-21.6623820893385,286
14,68,2,1500,-1,-14.7879393709858,344
14,69,2,500,1,-15.2261714796445,473
14,70,2,1500,-1,-17.9040556915332,307
14,71,2,1500,-1,-17.9503566331309,320
14,72,2,500,1,-20.5385701853988,402
14,73,2,1500,-1,-18.663157620463,342
14,74,2,1500,-1,-14.4388724468395,311
14,75,2,500,1,-18.0801142617416,506
14,76,2,500,1,-22.9402151049189,398
14,77,2,500,1,-26.2752691035605,406
14,78,2,500,1,-27.418308628842,331
14,79,2,1500,-1,-24.1416163200495,303
14,80,2,500,1,-22.7528341481456,343
14,81,2,500,1,-27.8486862195326,348
14,82,2,500,1,-29.2350458628762,363
14,83,2,500,1,-22.6687487508564,-46
14,84,2,1500,-1,-23.675202173154,336
14,85,2,500,1,-16.8533364345779,388
14,86,2,500,1,-25.6161963997859,511
14,87,2,500,1,-29.4353203794959,351
14,88,2,500,1,-29.9215126265363,463
14,89,2,1500,-1,NaN,NaN
14,90,2,1500,-1,-24.8959355569628,369
14,91,2,500,1,-20.3203388694986,459
14,92,2,1500,-1,-17.9947026531285,320
14,93,2,500,1,-19.7757955061984,391
14,94,2,1500,-1,-12.2541234184346,307
14,95,2,500,1,-21.0632884381557,-22
14,96,2,1500,-1,-15.5927665168873,426
14,97,2,500,1,-14.4412229650387,438
14,98,2,500,1,-18.6619981134001,397
14,99,2,500,1,-23.3512613518671,411
14,100,2,500,1,-29.4689523861513,363
14,101,2,500,1,NaN,NaN
14,102,2,1500,-1,NaN,NaN
14,103,2,1500,-1,-14.5654281267131,340
14,104,2,500,1,-8.50508234611211,386
14,105,2,500,1,-22.9493482995395,376
14,106,2,500,1,-27.5827627191013,318
14,107,2,1500,-1,NaN,NaN
14,108,2,1500,-1,-3.46943159275947,362
14,109,2,500,1,-18.2952195032483,566
14,110,2,500,1,-26.09272036288,409
14,111,2,500,1,-27.9190170893773,591
14,112,2,500,1,-29.3052657020466,352
14,113,2,500,1,NaN,NaN
14,114,2,1500,-1,-15.301675663895,294
14,115,2,1500,-1,-2.94310328525235,278
14,116,2,500,1,-13.2916119370935,382
14,117,2,500,1,-20.8075314608573,349
14,118,2,500,1,-18.0399923265449,402
14,119,2,1500,-1,-6.39331536450837,315
14,120,2,1500,-1,3.45704552546647,362
14,121,2,1500,-1,10.1586125496996,328
14,122,2,1500,-1,7.82479457676145,311
14,123,2,1500,-1,NaN,NaN
14,124,2,1500,-1,14.6115926062779,329
14,125,2,1500,-1,NaN,NaN
14,126,2,1500,-1,16.7498830321115,345
14,127,2,1500,-1,13.725730401066,366
14,128,2,1500,-1,NaN,NaN
14,129,2,500,1,-4.35493707948256,-9
14,130,2,1500,-1,18.2455780802291,323
14,131,2,1500,-1,11.4610185514858,369
14,132,2,500,1,-20.4862553914551,-168
14,133,2,1500,-1,NaN,NaN
14,134,2,1500,-1,NaN,NaN
14,135,2,500,1,0.619179826395124,563
14,136,2,500,1,-7.7345766804807,522
14,137,2,1500,-1,-8.98069372563375,434
14,138,2,500,1,-9.06221586128166,510
14,139,2,500,1,-16.0400644324276,367
14,140,2,500,1,-25.2910864914431,441
14,141,2,1500,-1,-6.08834740961329,360
14,142,2,1500,-1,NaN,NaN
14,143,2,500,1,-5.14324908003266,670
14,144,2,500,1,-16.8480885455892,396
14,145,2,500,1,-18.2660717330185,390
14,146,2,500,1,-22.6009323829012,439
14,147,2,1500,-1,-10.6754116803424,268
14,148,2,500,1,-15.1624104479536,392
14,149,2,1500,-1,-9.68910230523475,294
14,150,2,1500,-1,-6.20889975998532,311
14,151,2,1500,-1,0.638033691674559,310
14,152,2,500,1,-16.5246764735529,416
14,153,2,1500,-1,1.85457503792192,351
14,154,2,500,1,-20.6047020057836,395
14,155,2,500,1,-24.7706483611182,443
14,156,2,500,1,-26.4613847558932,378
14,157,2,500,1,-29.323250513554,429
14,158,2,500,1,-27.2823098565875,386
14,159,2,500,1,-27.670035300338,326
14,160,2,1500,-1,-16.3256608691898,280
14,161,2,1500,-1,3.76329167692097,318
14,162,2,500,1,-24.9253984541566,261
14,163,2,1500,-1,-1.13089580625375,165
14,164,2,1500,-1,-0.601822868999284,312
14,165,2,1500,-1,2.45874861850772,333
14,166,2,1500,-1,6.55835264797684,338
14,167,2,1500,-1,9.4299445465639,306
14,168,2,500,1,-15.605121337023,432
14,169,2,500,1,-6.50946320926415,374
14,170,2,500,1,-17.3632778568195,257
14,171,2,500,1,-21.6012649100331,338
14,172,2,1500,-1,NaN,NaN
14,173,2,500,1,-20.9659980913089,383
14,174,2,500,1,-21.8307923475246,411
14,175,2,1500,-1,-11.458630670584,302
14,176,2,500,1,-13.4027396841332,370
14,177,2,500,1,-26.0350557130069,338
14,178,2,1500,-1,-26.2917201272343,323
14,179,2,500,1,-22.4170813237154,351
14,180,2,500,1,NaN,NaN
14,181,2,1500,-1,-19.6971707643359,329
14,182,2,500,1,-24.7792517433417,417
14,183,2,500,1,NaN,NaN
14,184,2,500,1,NaN,NaN
14,185,2,1500,-1,-25.9110290874697,297
14,186,2,1500,-1,-10.6528326203434,318
14,187,2,500,1,-27.8084266757208,359
14,188,2,1500,-1,-10.8324982023981,296
14,189,2,1500,-1,-4.95629347688125,346
14,190,2,1500,-1,-7.38183455827617,310
14,191,2,1500,-1,-0.604484435327998,331
14,192,2,500,1,-15.0629018156068,394
14,193,2,1500,-1,-8.41551360556482,246
14,194,2,1500,-1,-0.752446759045946,319
14,195,2,500,1,NaN,NaN
14,196,2,1500,-1,-9.99039222197846,291
14,197,2,1500,-1,-5.49954205964638,348
14,198,2,500,1,-12.983351674646,437
14,199,2,1500,-1,2.42608915142634,286
14,200,2,500,1,-19.0894333863372,426
14,201,2,1500,-1,-1.28755424198456,245
14,202,2,1500,-1,-5.70912676675968,316
14,203,2,500,1,-13.3076086431176,474
14,204,2,1500,-1,-6.43778164406961,301
14,205,2,500,1,-8.14292685850358,561
14,206,2,500,1,-19.9682697057341,374
14,207,2,1500,-1,-1.56059427902565,92
14,208,2,1500,-1,-0.457833997717081,307
14,209,2,500,1,-10.2215894645225,309
14,210,2,1500,-1,-5.46504981628102,334
14,211,2,500,1,-18.9790384088931,358
14,212,2,500,1,-23.5439761483991,295
14,213,2,1500,-1,-14.4633806025913,-107
14,214,2,500,1,-23.9893761405437,-16
14,215,2,500,1,NaN,NaN
14,216,2,500,1,NaN,NaN
14,217,2,1500,-1,-25.9219977638136,265
14,218,2,1500,-1,-8.02952858951736,300
14,219,2,1500,-1,-6.38852928428451,300
14,220,2,500,1,-23.456530784876,379
14,221,2,500,1,-21.9694493211424,346
14,222,2,1500,-1,-7.41937522341747,299
14,223,2,1500,-1,-1.10062208781628,296
14,224,2,1500,-1,NaN,NaN
14,225,2,1500,-1,2.10445515683799,307
14,226,2,500,1,-3.94437684414838,544
14,227,2,500,1,-20.274391245876,367
14,228,2,500,1,-16.8236781304866,404
14,229,2,500,1,-20.3713167742529,301
14,230,2,500,1,-28.3820914641383,340
14,231,2,1500,-1,-18.4919141552162,292
14,232,2,1500,-1,-5.96477302159892,329
14,233,2,1500,-1,-6.89828900014758,286
14,234,2,1500,-1,-0.61317037236731,285
14,235,2,500,1,-8.67476981870767,446
14,236,2,500,1,-21.2065853067193,344
14,237,2,1500,-1,-7.85097530118263,201
14,238,2,500,1,-20.9850318467301,379
14,239,2,500,1,-28.6548186343415,480
14,240,2,1500,-1,-0.837163748792393,279
14,241,2,500,1,-15.2963532909583,291
14,242,2,1500,-1,-19.0989338882678,298
14,243,2,500,1,-29.1839521367368,411
14,244,2,1500,-1,-16.8534946661333,287
14,245,2,500,1,-28.6039633281535,378
14,246,2,500,1,NaN,NaN
14,247,2,1500,-1,-19.2503653272309,262
14,248,2,500,1,NaN,NaN
14,249,2,1500,-1,-28.5029470056109,281
14,250,2,1500,-1,-13.2196274539169,274
14,251,2,1500,-1,-11.0151667819455,308
14,252,2,500,1,-19.825893144786,504
14,253,2,1500,-1,-8.89634811489025,340
14,254,2,1500,-1,-2.11707533466446,318
14,255,2,500,1,-14.508387905066,373
14,256,2,1500,-1,-5.30838100986146,336
14,257,2,500,1,-21.1295029992222,379
14,258,2,1500,-1,-14.6406068229206,271
14,259,2,1500,-1,-6.93157178448667,469
14,260,2,1500,-1,-2.03430689906175,294
14,261,2,500,1,-18.6525281987227,334
14,262,2,500,1,-24.1087808273601,311
14,263,2,1500,-1,-9.75240320612296,338
14,264,2,500,1,-13.7665235868475,439
14,265,2,500,1,-23.0512899172296,390
14,266,2,500,1,-29.6016308388696,446
14,267,2,500,1,-24.8449532811014,286
14,268,2,1500,-1,-15.4735222119515,332
14,269,2,500,1,-19.8669802502583,350
14,270,2,1500,-1,-5.73535909423108,284
14,271,2,500,1,-17.8657035679062,418
14,272,2,1500,-1,-0.181480757308989,428
14,273,2,500,1,-18.5005239256773,455
14,274,2,1500,-1,-3.77697672812349,408
14,275,2,500,1,-26.495269279115,400
14,276,2,1500,-1,-16.4192581929971,429
14,277,2,1500,-1,-4.31633792547015,342
14,278,2,1500,-1,-6.93410554033136,308
14,279,2,1500,-1,0.389085173453454,346
14,280,2,500,1,-12.8378466711192,424
14,281,2,1500,-1,-3.49651759932355,304
14,282,2,500,1,-19.9317256739632,361
14,283,2,1500,-1,-6.8145788922079,398
14,284,2,500,1,-20.9181013199184,352
14,285,2,500,1,-25.9336492583064,427
14,286,2,1500,-1,-12.1950182260284,269
14,287,2,1500,-1,6.99675699254727,373
14,288,2,500,1,-25.9823120858126,392
14,289,2,1500,-1,0.955428410483384,332
14,290,2,500,1,-11.5885317092944,472
14,291,2,500,1,-19.5230705521551,413
14,292,2,1500,-1,-9.78086065578177,335
14,293,2,500,1,NaN,NaN
14,294,2,500,1,NaN,NaN
14,295,2,500,1,NaN,NaN
14,296,2,1500,-1,-15.0793081827744,317
14,297,2,500,1,NaN,NaN
14,298,2,1500,-1,-3.2386876630898,264
14,299,2,1500,-1,0.312055204868193,343
14,300,2,1500,-1,3.29105639489744,319
14,301,2,500,1,-24.338457978184,358
14,302,2,500,1,-25.7735345739417,415
14,303,2,1500,-1,-8.03358547786675,334
14,304,2,1500,-1,-4.25801711827939,342
14,305,2,500,1,-24.5999265872629,383
14,306,2,500,1,-19.7002861867165,335
14,307,2,1500,-1,-9.51233320474005,328
14,308,2,500,1,-9.62423415368014,457
14,309,2,500,1,NaN,NaN
14,310,2,500,1,-27.0225702658328,378
14,311,2,1500,-1,-10.6953380788674,313
14,312,2,1500,-1,-4.6628640086854,293
14,313,2,500,1,NaN,NaN
14,314,2,1500,-1,-7.05642860969823,309
14,315,2,1500,-1,-0.00466354967220324,339
14,316,2,500,1,-23.1420427679868,401
14,317,2,1500,-1,-3.70818558603755,318
14,318,2,1500,-1,6.26279415153722,295
14,319,2,1500,-1,0.969012658803128,358
14,320,2,1500,-1,6.98764322942554,365
14,321,2,1500,-1,5.7636568768633,301
14,322,2,1500,-1,7.87749132557689,310
14,323,2,500,1,-18.1909423138742,-31
14,324,2,1500,-1,-0.142591593748169,337
14,325,2,1500,-1,0.446238164391124,322
14,326,2,1500,-1,-0.0104218046524065,291
14,327,2,500,1,-18.5274309209187,404
14,328,2,1500,-1,2.72912260552794,291
14,329,2,500,1,-23.5021182922066,367
14,330,2,1500,-1,-0.863042320971518,321
14,331,2,1500,-1,2.17875279732523,305
14,332,2,1500,-1,2.0939898410516,358
14,333,2,500,1,-24.1401899176106,378
14,334,2,1500,-1,5.58810694981902,294
14,335,2,1500,-1,NaN,NaN
14,336,2,1500,-1,1.94203297439725,268
14,337,2,1500,-1,13.1530605619881,314
14,338,2,500,1,-19.5889190659695,380
14,339,2,500,1,NaN,NaN
14,340,2,500,1,NaN,NaN
14,341,2,1500,-1,-7.93621735521757,350
14,342,2,500,1,NaN,NaN
14,343,2,1500,-1,10.2279449619809,288
14,344,2,1500,-1,8.46512348031321,205
14,345,2,1500,-1,9.57335977681022,326
14,346,2,1500,-1,11.2833391088979,277
14,347,2,500,1,-1.13801366871207,416
14,348,2,500,1,-19.2274339183635,397
14,349,2,500,1,-28.0335987805166,292
14,350,2,1500,-1,3.07333849488721,255
14,351,2,1500,-1,-4.80222298140863,268
14,352,2,1500,-1,4.32835138000242,332
14,353,2,1500,-1,NaN,NaN
14,354,2,500,1,NaN,NaN
14,355,2,1500,-1,6.52193440370838,322
14,356,2,1500,-1,7.7483477299813,385
14,357,2,1500,-1,3.84668819873225,324
14,358,2,1500,-1,10.2032903164588,368
14,359,2,500,1,-18.763797227465,304
14,360,2,1500,-1,-16.8000562893537,314
14,361,2,1500,-1,-0.225957985585098,269
14,362,2,500,1,-15.7424395864911,421
14,363,2,1500,-1,-7.52945316301115,268
14,364,2,500,1,-28.2510061263541,379
14,365,2,1500,-1,-12.4173987154489,282
14,366,2,1500,-1,-14.1236871098404,249
14,367,2,500,1,NaN,NaN
14,368,2,500,1,-27.6878764426396,296
14,369,2,1500,-1,-11.5058724310866,289
14,370,2,1500,-1,-25.5014130356084,262
14,371,2,1500,-1,-15.306734213614,299
14,372,2,1500,-1,-6.30487165728688,323
14,373,2,1500,-1,-6.67365893211723,305
14,374,2,500,1,-24.6239412148148,406
14,375,2,500,1,-13.7570370037027,336
14,376,2,500,1,-29.1193398400335,308
14,377,2,500,1,NaN,NaN
14,378,2,500,1,-29.3602242288475,354
14,379,2,1500,-1,NaN,NaN
14,380,2,500,1,NaN,NaN
14,381,2,500,1,NaN,NaN
14,382,2,1500,-1,-15.8514695209617,314
14,383,2,1500,-1,-3.65085933460574,310
14,384,2,500,1,-13.6199561671703,373
14,385,2,500,1,NaN,NaN
14,386,2,500,1,NaN,NaN
14,387,2,1500,-1,NaN,NaN
14,388,2,500,1,NaN,NaN
14,389,2,500,1,NaN,NaN
14,390,2,500,1,NaN,NaN
14,391,2,1500,-1,NaN,NaN
14,392,2,1500,-1,0.308190954094371,313
14,393,2,1500,-1,6.93198930122024,310
14,394,2,500,1,NaN,NaN
14,395,2,500,1,NaN,NaN
14,396,2,500,1,NaN,NaN
14,397,2,500,1,NaN,NaN
14,398,2,1500,-1,NaN,NaN
14,399,2,1500,-1,NaN,NaN
14,400,2,1500,-1,6.33794231777916,313
14,401,2,1500,-1,0.777534629441666,326
14,402,2,500,1,-22.5202219968551,422
14,403,2,1500,-1,-6.69549705301966,280
14,404,2,500,1,-28.3951091492332,384
14,405,2,500,1,NaN,NaN
14,406,2,1500,-1,NaN,NaN
14,407,2,1500,-1,-3.78253298948146,291
14,408,2,500,1,-23.3772489709269,411
14,409,2,500,1,NaN,NaN
14,410,2,500,1,NaN,NaN
14,411,2,500,1,NaN,NaN
14,412,2,500,1,NaN,NaN
14,413,2,500,1,-28.8861724663848,-155
14,414,2,1500,-1,NaN,NaN
14,415,2,1500,-1,0.457628925980692,309
14,416,2,500,1,NaN,NaN
14,417,2,500,1,NaN,NaN
14,418,2,500,1,NaN,NaN
14,419,2,500,1,NaN,NaN
14,420,2,500,1,NaN,NaN
14,421,3,1250,-0,2.94102932785679,913
14,422,3,1500,-0,-3.72879779245746,281
14,423,3,500,-0,-17.4709736619595,387
14,424,3,1250,-0,NaN,NaN
14,425,3,500,-0,-7.33474311055074,338
14,426,3,1250,-0,1.58335041379364,313
14,427,3,500,-0,-13.9846908217286,318
14,428,3,1500,-0,4.25981271002867,327
14,429,3,500,-0,-4.20945603991375,362
14,430,3,500,-0,-6.24385233093044,323
14,431,3,1000,-0,-2.60994686806841,311
14,432,3,750,-0,-3.2183761638551,339
14,433,3,1250,-0,2.55767038277489,273
14,434,3,1500,-0,7.44105949269411,314
14,435,3,750,-0,-3.25422482672933,323
14,436,3,500,-0,6.39022454713386,380
14,437,3,1250,-0,4.12781133470432,353
14,438,3,1000,-0,5.06440865377295,356
14,439,3,500,-0,-9.45808074732624,408
14,440,3,1500,-0,-3.62336301793178,279
14,441,3,1000,-0,-3.58340999686197,305
14,442,3,750,-0,-11.0333487527318,302
14,443,3,750,-0,-13.0580940384036,302
14,444,3,500,-0,-8.92132617897979,357
14,445,3,500,-0,-7.64384161094494,287
14,446,3,1250,-0,-3.59556758902039,277
14,447,3,1250,-0,-6.14127425173467,338
14,448,3,500,-0,-8.00406172158345,369
14,449,3,1000,-0,-2.60069320151374,313
14,450,3,1250,-0,-6.94701329930118,304
14,451,3,500,-0,-14.3386565977235,343
14,452,3,500,-0,-18.9863085327875,-93
14,453,3,1500,-0,-1.59653800262424,364
14,454,3,750,-0,NaN,NaN
14,455,3,500,-0,-15.1134438272051,416
14,456,3,1500,-0,-8.85389747908066,302
14,457,3,750,-0,-3.0688527755029,318
14,458,3,1250,-0,-1.86556604440549,339
14,459,3,750,-0,NaN,NaN
14,460,3,750,-0,-3.23858076636166,320
14,461,3,500,-0,-5.12988949343851,332
14,462,3,1500,-0,-3.92003512056538,279
14,463,3,1250,-0,-7.19497227111137,304
14,464,3,1000,-0,-1.73973485284916,325
14,465,3,500,-0,-2.56423411645435,373
14,466,3,500,-0,-6.27508534637543,284
14,467,3,1000,-0,-4.91615294717799,321
14,468,3,500,-0,-14.5267745664214,399
14,469,3,1250,-0,0.0233412904416159,256
14,470,3,1000,-0,2.57077217675186,312
14,471,3,750,-0,NaN,NaN
14,472,3,1000,-0,-5.80577858023866,314
14,473,3,1000,-0,-13.674471383278,329
14,474,3,750,-0,-7.23035555672207,324
14,475,3,750,-0,-7.98785142866258,323
14,476,3,1500,-0,-8.79370149418722,307
14,477,3,1000,-0,-7.92543651503178,324
14,478,3,1000,-0,-10.2336611998926,308
14,479,3,750,-0,-11.9424566628185,347
14,480,3,1500,-0,-8.21418737621233,337
14,481,3,1000,-0,-3.22800181614953,308
14,482,3,500,-0,-10.3740418971801,354
14,483,3,750,-0,-6.04229424459381,301
14,484,3,500,-0,-20.7189941371257,302
14,485,3,1250,-0,-11.4625381295855,358
14,486,3,500,-0,-27.065969835587,332
14,487,3,500,-0,-16.0672922512833,306
14,488,3,1000,-0,-15.8590499789959,299
14,489,3,1500,-0,-8.49207588191134,52
14,490,3,1500,-0,-8.73257752948704,282
14,491,3,1500,-0,-11.4419995885863,303
14,492,3,1500,-0,-2.19556048421647,325
14,493,3,750,-0,-19.1835690513352,324
14,494,3,500,-0,-16.1253339656542,436
14,495,3,1000,-0,-12.0967218361131,316
14,496,3,750,-0,-17.0417468055768,315
14,497,3,1250,-0,-8.78580674214775,279
14,498,3,1500,-0,-1.22545478125371,325
14,499,3,1000,-0,-2.52914557080957,336
14,500,3,1250,-0,-5.34188395570662,351
14,501,3,1250,-0,NaN,NaN
14,502,3,1500,-0,-3.57265446936503,294
14,503,3,1000,-0,-9.83711287143797,325
14,504,3,750,-0,NaN,NaN
14,505,3,1250,-0,-8.92003630689981,324
14,506,3,1000,-0,NaN,NaN
14,507,3,1250,-0,-4.79276643297512,341
14,508,3,750,-0,-9.85412702956542,345
14,509,3,500,-0,-11.9961678190605,360
14,510,3,1500,-0,-11.2666010601619,333
14,511,3,750,-0,-8.50633677967496,290
14,512,3,1500,-0,6.87130024504818,298
14,513,3,1000,-0,-0.644379896031461,306
14,514,3,1250,-0,-7.11759123560148,297
14,515,3,500,-0,-15.0501617189656,309
14,516,3,1250,-0,-12.717103642908,240
14,517,3,750,-0,NaN,NaN
14,518,3,1500,-0,-8.12560801493643,300
14,519,3,750,-0,-11.4977124768656,324
14,520,3,500,-0,-27.0868624107468,387
14,521,3,1000,-0,-8.45151280316533,319
14,522,3,1000,-0,-0.823624760031177,290
14,523,3,750,-0,-5.92185911241661,305
14,524,3,1500,-0,-10.653892886189,-93
14,525,3,1500,-0,NaN,NaN
14,526,3,1500,-0,-16.3108340256269,297
14,527,3,500,-0,-21.5192624659076,344
14,528,3,750,-0,-4.86078496328711,311
14,529,3,750,-0,1.36806813038031,424
14,530,3,1250,-0,-11.9653311914754,261
14,531,3,1250,-0,-13.960551516996,294
14,532,3,1500,-0,-11.0071580789074,285
14,533,3,1000,-0,-4.87581184739137,332
14,534,3,1000,-0,-24.5471310073437,297
14,535,3,1000,-0,-13.1382159391826,327
14,536,3,1000,-0,-0.469366823944225,12
14,537,3,750,-0,-11.847402756578,61
14,538,3,1250,-0,-6.87792025696948,303
14,539,3,1000,-0,NaN,NaN
14,540,3,500,-0,-13.2703569362893,385
14,541,3,1000,-0,-3.63369253867866,310
14,542,3,1500,-0,-3.81362793665853,272
14,543,3,750,-0,-3.77509546926498,339
14,544,3,1500,-0,4.63945647930354,304
14,545,3,1500,-0,NaN,NaN
14,546,3,1250,-0,-7.18010004711134,311
14,547,3,750,-0,1.41335821663377,346
14,548,3,1500,-0,-2.14358149541231,319
14,549,3,1250,-0,3.63514378669777,290
14,550,3,1250,-0,-5.80985856554363,293
14,551,3,500,-0,-17.5850344844841,-64
14,552,3,750,-0,NaN,NaN
14,553,3,1000,-0,-5.45488879714268,307
14,554,3,500,-0,-8.30934853426979,389
14,555,3,750,-0,4.86434396396862,342
14,556,3,1000,-0,6.38582952306688,313
14,557,3,1500,-0,-0.314158844214308,288
14,558,3,1500,-0,NaN,NaN
14,559,3,750,-0,0.989748016353507,368
14,560,3,1250,-0,4.98204310047253,307
14,561,3,750,-0,3.6882399083046,338
14,562,3,1500,-0,5.50721035358257,284
14,563,3,1000,-0,NaN,NaN
14,564,3,1250,-0,8.39477378614526,307
14,565,3,1250,-0,0.361902059995736,304
14,566,3,1250,-0,NaN,NaN
14,567,3,1250,-0,6.37121941224293,331
14,568,3,500,-0,2.52040548293506,451
14,569,3,1500,-0,NaN,NaN
14,570,3,1000,-0,8.35164576089695,339
15,1,1,500,0,7.97128384628893,632
15,2,1,1500,0,-3.72805087744366,326
15,3,1,500,0,4.89425328459486,-47
15,4,1,1500,0,NaN,NaN
15,5,1,1500,0,6.42656088697853,344
15,6,1,500,0,3.16793630560468,629
15,7,1,500,0,5.34645268466649,396
15,8,1,1500,0,6.72021513412282,309
15,9,1,1500,0,-5.46383120120311,346
15,10,1,500,0,-1.86250357549207,450
15,11,1,1500,0,NaN,NaN
15,12,1,500,0,1.60536444810234,-24
15,13,1,1500,0,8.49608814586562,352
15,14,1,500,0,3.67718628009032,524
15,15,1,500,0,5.74380984048348,362
15,16,1,1500,0,7.18842454267793,304
15,17,1,1500,0,NaN,NaN
15,18,1,1500,0,8.44395474028127,253
15,19,1,500,0,7.96667076258697,-37
15,20,1,500,0,4.98944299315627,377
15,21,2,500,1,1.39578525487527,428
15,22,2,500,1,3.32749171669991,-18
15,23,2,1500,-1,-1.3535861664226,318
15,24,2,1500,-1,14.3812640120357,356
15,25,2,1500,-1,16.2080154448545,442
15,26,2,500,1,13.9223197697811,493
15,27,2,1500,-1,16.0711772360071,422
15,28,2,1500,-1,18.9611281869631,312
15,29,2,1500,-1,26.6722929332874,290
15,30,2,1500,-1,21.9409906698206,512
15,31,2,500,1,18.5149263961677,431
15,32,2,1500,-1,23.9198271037704,388
15,33,2,500,1,23.6656397488009,480
15,34,2,1500,-1,21.3524382801032,338
15,35,2,1500,-1,NaN,NaN
15,36,2,500,1,21.3574377327033,502
15,37,2,500,1,19.8942844399352,339
15,38,2,500,1,14.1215570227777,404
15,39,2,500,1,15.1971831976984,438
15,40,2,500,1,3.72412900572438,383
15,41,2,500,1,6.39005831808889,346
15,42,2,1500,-1,NaN,NaN
15,43,2,500,1,13.8679328497374,457
15,44,2,1500,-1,14.7673781599095,327
15,45,2,1500,-1,18.1149964815297,354
15,46,2,1500,-1,17.6317205093291,300
15,47,2,500,1,13.4680491065528,416
15,48,2,500,1,11.5291914926794,365
15,49,2,1500,-1,10.4170286102119,320
15,50,2,1500,-1,15.5901478361777,313
15,51,2,500,1,12.6690230790966,-13
15,52,2,500,1,8.53217421207931,403
15,53,2,500,1,12.0798622929925,336
15,54,2,500,1,11.3962978181399,391
15,55,2,500,1,14.1209092192935,428
15,56,2,1500,-1,16.3629711928376,288
15,57,2,500,1,11.5141587795843,395
15,58,2,1500,-1,13.4584357110417,281
15,59,2,1500,-1,18.1975450541732,270
15,60,2,1500,-1,22.10503006271,336
15,61,2,500,1,18.9587626766047,47
15,62,2,500,1,22.0798968104955,368
15,63,2,1500,-1,NaN,NaN
15,64,2,500,1,14.3927336328335,11
15,65,2,500,1,11.1631152330787,328
15,66,2,500,1,10.5534368841457,360
15,67,2,1500,-1,12.0984601635625,317
15,68,2,1500,-1,13.1718819852359,303
15,69,2,500,1,9.58324148801768,382
15,70,2,1500,-1,NaN,NaN
15,71,2,500,1,13.795309605828,467
15,72,2,1500,-1,18.5010172690458,307
15,73,2,1500,-1,16.0247207277644,381
15,74,2,1500,-1,21.4530412152605,429
15,75,2,500,1,24.9304598813873,386
15,76,2,500,1,12.3846363623458,330
15,77,2,1500,-1,14.7485284559143,295
15,78,2,500,1,14.3949587970373,455
15,79,2,500,1,7.28341694257954,107
15,80,2,1500,-1,14.0911898316297,-126
15,81,2,1500,-1,17.8353350282524,343
15,82,2,1500,-1,18.0018708472971,408
15,83,2,500,1,16.7878822584016,404
15,84,2,500,1,14.5008497377977,344
15,85,2,1500,-1,19.5007765847218,299
15,86,2,500,1,12.8561340693394,8
15,87,2,1500,-1,19.6459992989742,312
15,88,2,500,1,15.4113712223746,55
15,89,2,1500,-1,18.4729518354097,327
15,90,2,1500,-1,15.5382443352986,310
15,91,2,500,1,15.8460350297885,400
15,92,2,1500,-1,14.817957987446,-151
15,93,2,1500,-1,26.0400801442059,345
15,94,2,500,1,21.4597362105906,434
15,95,2,1500,-1,23.7747101184871,359
15,96,2,500,1,22.8161434926055,560
15,97,2,500,1,20.4622022866852,310
15,98,2,500,1,18.7902419549015,300
15,99,2,500,1,8.72061807079835,354
15,100,2,500,1,14.2362270477308,-24
15,101,2,500,1,19.8167563470917,386
15,102,2,500,1,12.4918565663082,343
15,103,2,1500,-1,17.4649890206688,359
15,104,2,500,1,21.4786330150959,368
15,105,2,1500,-1,24.8899021015924,342
15,106,2,500,1,8.71132967768354,375
15,107,2,1500,-1,18.5167816575821,299
15,108,2,500,1,15.0698952990856,402
15,109,2,500,1,11.5321008929298,381
15,110,2,1500,-1,20.3911077238425,367
15,111,2,500,1,18.4944544761005,327
15,112,2,500,1,15.0831738910991,302
15,113,2,1500,-1,25.5825504432361,321
15,114,2,500,1,15.8066272246586,358
15,115,2,1500,-1,27.5291898954661,301
15,116,2,1500,-1,10.4295923583136,-196
15,117,2,500,1,17.3475901390771,404
15,118,2,1500,-1,28.4965335758068,290
15,119,2,500,1,25.7046988543738,420
15,120,2,500,1,23.9905075742953,345
15,121,2,500,1,18.6142610186364,309
15,122,2,1500,-1,23.6405834279809,389
15,123,2,500,1,27.9687040694799,330
15,124,2,1500,-1,22.7742433153995,331
15,125,2,1500,-1,NaN,NaN
15,126,2,500,1,28.1839002046034,428
15,127,2,500,1,22.1390527792543,119
15,128,2,1500,-1,NaN,NaN
15,129,2,500,1,NaN,NaN
15,130,2,1500,-1,NaN,NaN
15,131,2,1500,-1,25.0372581451375,462
15,132,2,1500,-1,28.8824779052366,518
15,133,2,500,1,NaN,NaN
15,134,2,1500,-1,NaN,NaN
15,135,2,1500,-1,NaN,NaN
15,136,2,1500,-1,NaN,NaN
15,137,2,1500,-1,NaN,NaN
15,138,2,1500,-1,NaN,NaN
15,139,2,1500,-1,NaN,NaN
15,140,2,1500,-1,NaN,NaN
15,141,2,500,1,NaN,NaN
15,142,2,500,1,NaN,NaN
15,143,2,1500,-1,27.4717711445793,394
15,144,2,1500,-1,29.5105473711809,458
15,145,2,500,1,NaN,NaN
15,146,2,500,1,NaN,NaN
15,147,2,1500,-1,NaN,NaN
15,148,2,1500,-1,22.4344853200857,464
15,149,2,1500,-1,NaN,NaN
15,150,2,500,1,29.4147629353532,443
15,151,2,1500,-1,NaN,NaN
15,152,2,500,1,NaN,NaN
15,153,2,1500,-1,29.6488505374171,401
15,154,2,500,1,NaN,NaN
15,155,2,500,1,19.4752934751847,473
15,156,2,1500,-1,18.9847839403968,314
15,157,2,1500,-1,20.7063880522893,356
15,158,2,500,1,13.9581942526174,429
15,159,2,500,1,15.8681820743509,364
15,160,2,500,1,0.734288496427146,384
15,161,2,1500,-1,NaN,NaN
15,162,2,500,1,20.2138105015787,206
15,163,2,500,1,11.2050407300921,477
15,164,2,500,1,9.88434352631879,457
15,165,2,500,1,7.3005806259864,434
15,166,2,500,1,13.1461681495762,473
15,167,2,500,1,9.20737101101978,386
15,168,2,1500,-1,10.3325025669565,315
15,169,2,1500,-1,18.0543257506237,320
15,170,2,1500,-1,25.8926833811424,304
15,171,2,1500,-1,NaN,NaN
15,172,2,500,1,20.8724815029679,476
15,173,2,1500,-1,24.4993160704286,344
15,174,2,500,1,26.3743289757719,345
15,175,2,500,1,20.7093921868485,-8
15,176,2,500,1,9.52895832965128,410
15,177,2,500,1,5.41464030701578,451
15,178,2,500,1,5.93204257522104,368
15,179,2,1500,-1,5.72181566411318,330
15,180,2,1500,-1,17.9370097924432,356
15,181,2,500,1,10.3238024159443,373
15,182,2,1500,-1,8.60542006402149,447
15,183,2,500,1,13.4190871718455,520
15,184,2,500,1,10.550871767924,47
15,185,2,1500,-1,5.33636601174139,369
15,186,2,500,1,13.2501218182509,351
15,187,2,500,1,4.40850392714705,508
15,188,2,500,1,7.29975975055222,366
15,189,2,1500,-1,13.8823806469869,298
15,190,2,500,1,4.96211754426852,456
15,191,2,1500,-1,12.7040122158948,357
15,192,2,500,1,10.2320092886418,441
15,193,2,500,1,7.48576314690708,389
15,194,2,1500,-1,14.3358859140995,313
15,195,2,1500,-1,NaN,NaN
15,196,2,1500,-1,11.3078820915398,428
15,197,2,500,1,13.269260149263,421
15,198,2,1500,-1,NaN,NaN
15,199,2,500,1,17.6279692945915,383
15,200,2,500,1,13.4933111669252,193
15,201,2,1500,-1,16.8591571245526,424
15,202,2,1500,-1,21.2925366750503,342
15,203,2,1500,-1,22.191572459292,317
15,204,2,500,1,19.0904429523457,464
15,205,2,1500,-1,26.3301823971412,334
15,206,2,1500,-1,NaN,NaN
15,207,2,500,1,17.6392246350546,688
15,208,2,1500,-1,17.3556240172754,368
15,209,2,500,1,17.6410247005236,446
15,210,2,1500,-1,14.7125744423939,388
15,211,2,500,1,17.731577531825,406
15,212,2,500,1,9.58604830609537,402
15,213,2,1500,-1,7.90734768165433,375
15,214,2,1500,-1,NaN,NaN
15,215,2,1500,-1,18.8686695647371,324
15,216,2,500,1,18.4298478488733,420
15,217,2,500,1,14.4549102655248,389
15,218,2,1500,-1,17.9279115007979,327
15,219,2,500,1,15.1589308902307,434
15,220,2,500,1,9.73556808368094,490
15,221,2,1500,-1,14.4970617071334,368
15,222,2,1500,-1,22.4698612340868,372
15,223,2,500,1,8.96957594046201,403
15,224,2,1500,-1,13.5438193963716,408
15,225,2,1500,-1,24.6773876470511,350
15,226,2,500,1,24.1006699758707,-73
15,227,2,1500,-1,14.5854660791849,343
15,228,2,1500,-1,25.6440985472899,350
15,229,2,500,1,19.0890290022573,528
15,230,2,1500,-1,18.8625011343421,324
15,231,2,1500,-1,21.8248515789985,464
15,232,2,500,1,16.3817344935905,467
15,233,2,500,1,13.6066653921567,433
15,234,2,1500,-1,13.2501384600947,380
15,235,2,1500,-1,20.8931979775614,340
15,236,2,1500,-1,23.186796886867,465
15,237,2,1500,-1,26.1232506542615,309
15,238,2,500,1,21.4923668172207,399
15,239,2,500,1,22.8729408303387,388
15,240,2,500,1,24.4169093288786,425
15,241,2,1500,-1,14.8218247026744,419
15,242,2,1500,-1,NaN,NaN
15,243,2,1500,-1,21.5261819916987,375
15,244,2,1500,-1,NaN,NaN
15,245,2,500,1,24.1157300336721,439
15,246,2,1500,-1,NaN,NaN
15,247,2,500,1,27.9510747520462,493
15,248,2,1500,-1,NaN,NaN
15,249,2,500,1,22.1391645917182,399
15,250,2,500,1,23.6550120693099,322
15,251,2,1500,-1,NaN,NaN
15,252,2,500,1,28.644798011564,402
15,253,2,500,1,10.2852067155932,388
15,254,2,500,1,18.8219077285274,423
15,255,2,1500,-1,NaN,NaN
15,256,2,500,1,18.2805577442893,501
15,257,2,500,1,18.1542270163826,734
15,258,2,1500,-1,21.3879179707816,300
15,259,2,1500,-1,24.9263345213295,297
15,260,2,500,1,17.632180495201,518
15,261,2,500,1,10.9814826015949,320
15,262,2,1500,-1,24.0970944710458,307
15,263,2,500,1,19.730822892324,408
15,264,2,1500,-1,26.0912989772259,307
15,265,2,500,1,10.3168556051624,390
15,266,2,1500,-1,NaN,NaN
15,267,2,1500,-1,21.0508339968349,509
15,268,2,500,1,26.5862908032128,389
15,269,2,500,1,18.4327352536812,441
15,270,2,500,1,17.3726800647587,109
15,271,2,500,1,10.395543336639,331
15,272,2,1500,-1,22.1982235378858,319
15,273,2,500,1,19.6159118024357,422
15,274,2,500,1,8.37080705418932,372
15,275,2,1500,-1,18.2731626883982,298
15,276,2,1500,-1,NaN,NaN
15,277,2,1500,-1,21.6147054687634,330
15,278,2,1500,-1,24.1581259743566,337
15,279,2,500,1,15.5057804967049,423
15,280,2,500,1,15.1068728617656,365
15,281,2,1500,-1,29.7346757202226,374
15,282,2,500,1,17.0156664273691,386
15,283,2,1500,-1,21.8636375921383,278
15,284,2,1500,-1,21.1954506310235,395
15,285,2,500,1,18.75634381519,606
15,286,2,500,1,23.5092020923858,301
15,287,2,1500,-1,27.3527028717985,308
15,288,2,1500,-1,NaN,NaN
15,289,2,1500,-1,NaN,NaN
15,290,2,1500,-1,NaN,NaN
15,291,2,500,1,23.3178919632281,472
15,292,2,1500,-1,19.4183986796123,287
15,293,2,500,1,23.1136378420963,415
15,294,2,1500,-1,26.945074835542,294
15,295,2,500,1,21.3989472360944,425
15,296,2,1500,-1,25.3782012516802,306
15,297,2,1500,-1,NaN,NaN
15,298,2,500,1,17.254814195348,342
15,299,2,1500,-1,NaN,NaN
15,300,2,1500,-1,NaN,NaN
15,301,2,500,1,27.9661885997428,442
15,302,2,1500,-1,28.2295242672297,453
15,303,2,500,1,NaN,NaN
15,304,2,500,1,25.8468321020044,419
15,305,2,500,1,25.7023950276856,324
15,306,2,500,1,14.4252608132577,363
15,307,2,1500,-1,23.6141353238596,318
15,308,2,500,1,27.8165006157625,420
15,309,2,1500,-1,20.8211578845718,363
15,310,2,1500,-1,28.2669180374517,346
15,311,2,500,1,25.2501989820552,409
15,312,2,1500,-1,26.9412273085256,311
15,313,2,1500,-1,19.8114326243918,432
15,314,2,1500,-1,25.3526019408643,332
15,315,2,1500,-1,NaN,NaN
15,316,2,500,1,25.5725185371131,424
15,317,2,1500,-1,29.5293071634678,308
15,318,2,1500,-1,NaN,NaN
15,319,2,1500,-1,NaN,NaN
15,320,2,1500,-1,NaN,NaN
15,321,2,1500,-1,NaN,NaN
15,322,2,1500,-1,12.8554701354271,343
15,323,2,500,1,23.7231451335372,444
15,324,2,1500,-1,14.2327648421701,315
15,325,2,1500,-1,29.1898599571044,306
15,326,2,1500,-1,NaN,NaN
15,327,2,500,1,26.1511444791781,-94
15,328,2,1500,-1,29.9741564292825,365
15,329,2,500,1,26.3315751111694,438
15,330,2,500,1,20.6727126390647,418
15,331,2,500,1,15.3678658444478,356
15,332,2,500,1,12.4380001429132,325
15,333,2,1500,-1,23.312089174085,361
15,334,2,500,1,15.4497685832152,370
15,335,2,500,1,19.8389276241502,402
15,336,2,500,1,12.3008916912826,352
15,337,2,1500,-1,25.169365662679,348
15,338,2,500,1,16.2580072174699,330
15,339,2,500,1,13.6340363586154,359
15,340,2,500,1,3.8265233900282,342
15,341,2,500,1,13.9150775149339,12
15,342,2,1500,-1,21.4353966228593,286
15,343,2,1500,-1,20.9019233324757,308
15,344,2,500,1,11.4961505052881,319
15,345,2,500,1,12.0203204059665,340
15,346,2,500,1,8.35179550850346,358
15,347,2,1500,-1,NaN,NaN
15,348,2,1500,-1,NaN,NaN
15,349,2,500,1,20.7667078408631,371
15,350,2,500,1,8.43415251585347,355
15,351,2,500,1,0.272387371766672,326
15,352,2,1500,-1,27.9353208900145,326
15,353,2,500,1,14.5642589550848,390
15,354,2,1500,-1,23.9695147242353,329
15,355,2,500,1,16.7450184568155,421
15,356,2,500,1,17.0436635655727,480
15,357,2,500,1,21.7005359602341,342
15,358,2,500,1,5.89740228144733,331
15,359,2,500,1,6.58125374979337,326
15,360,2,1500,-1,17.7933923123826,304
15,361,2,500,1,10.8832177658603,394
15,362,2,1500,-1,15.489800510596,353
15,363,2,1500,-1,NaN,NaN
15,364,2,500,1,9.409904971759,406
15,365,2,1500,-1,25.0441712102428,295
15,366,2,1500,-1,26.1245247917196,397
15,367,2,500,1,11.8599503915344,364
15,368,2,1500,-1,23.488760138254,436
15,369,2,500,1,23.066981883311,490
15,370,2,1500,-1,NaN,NaN
15,371,2,1500,-1,NaN,NaN
15,372,2,1500,-1,27.2681773335871,359
15,373,2,500,1,22.7597959197726,385
15,374,2,1500,-1,26.3476235879626,285
15,375,2,1500,-1,NaN,NaN
15,376,2,1500,-1,24.9643506176769,435
15,377,2,500,1,18.8719198313751,390
15,378,2,1500,-1,NaN,NaN
15,379,2,500,1,NaN,NaN
15,380,2,1500,-1,NaN,NaN
15,381,2,1500,-1,26.5732693125197,321
15,382,2,1500,-1,26.2749112809955,366
15,383,2,1500,-1,NaN,NaN
15,384,2,1500,-1,NaN,NaN
15,385,2,500,1,24.2843429199422,366
15,386,2,1500,-1,27.2518875094335,352
15,387,2,1500,-1,NaN,NaN
15,388,2,500,1,28.6242408875137,603
15,389,2,1500,-1,NaN,NaN
15,390,2,1500,-1,NaN,NaN
15,391,2,500,1,21.6507555189968,386
15,392,2,500,1,26.8288232311617,384
15,393,2,500,1,16.1807928818536,359
15,394,2,500,1,15.3385963256833,351
15,395,2,500,1,12.456966451291,375
15,396,2,500,1,11.0452782901534,316
15,397,2,500,1,11.917245243711,336
15,398,2,1500,-1,26.3625611461017,316
15,399,2,1500,-1,NaN,NaN
15,400,2,500,1,18.1729513624755,440
15,401,2,1500,-1,29.7696975852194,301
15,402,2,500,1,24.8785823043111,427
15,403,2,1500,-1,26.8167356836776,363
15,404,2,1500,-1,21.2023256278678,293
15,405,2,500,1,16.7973435738049,515
15,406,2,1500,-1,25.0084124588143,300
15,407,2,500,1,23.1867187975936,455
15,408,2,500,1,22.5186306216395,350
15,409,2,1500,-1,23.0528709941065,4
15,410,2,1500,-1,NaN,NaN
15,411,2,1500,-1,NaN,NaN
15,412,2,1500,-1,NaN,NaN
15,413,2,500,1,21.5801045987242,460
15,414,2,1500,-1,28.5380896590164,264
15,415,2,1500,-1,NaN,NaN
15,416,2,500,1,28.6112082768743,49
15,417,2,500,1,19.1305161246647,88
15,418,2,500,1,21.3729987344547,357
15,419,2,500,1,14.1289419425791,335
15,420,2,500,1,5.39821681390266,414
15,421,3,1000,0,8.9633525077823,482
15,422,3,500,0,14.7924300134232,165
15,423,3,1500,0,9.85506956220321,334
15,424,3,1250,0,4.23789252362724,454
15,425,3,1500,0,2.40614532560763,323
15,426,3,1500,0,7.91626570239337,-118
15,427,3,750,0,4.36596172485316,356
15,428,3,1500,0,5.04752994740777,311
15,429,3,1250,0,9.82295100373167,360
15,430,3,1250,0,7.39650809767527,339
15,431,3,1000,0,6.1226195752726,326
15,432,3,750,0,4.13971155103558,380
15,433,3,1000,0,6.2003808206112,361
15,434,3,500,0,1.77472531524709,372
15,435,3,1250,0,12.1144627720794,323
15,436,3,1250,0,11.4988852892504,352
15,437,3,1000,0,5.72995318417507,339
15,438,3,1000,0,4.06369755700646,299
15,439,3,500,0,6.31610378685747,354
15,440,3,500,0,6.49377580256238,374
15,441,3,500,0,11.3663821675146,334
15,442,3,1250,0,NaN,NaN
15,443,3,500,0,1.41773542592425,368
15,444,3,500,0,5.08767166880049,421
15,445,3,500,0,5.51085976189676,364
15,446,3,500,0,11.6790620706085,317
15,447,3,500,0,7.52795512643908,630
15,448,3,500,0,5.8719823783403,337
15,449,3,1250,0,4.24596835829206,-37
15,450,3,500,0,11.2488983520087,642
15,451,3,750,0,5.94588480988677,330
15,452,3,1000,0,6.23041936179489,298
15,453,3,1000,0,3.2425606722084,279
15,454,3,1500,0,NaN,NaN
15,455,3,750,0,3.23119566993058,386
15,456,3,1500,0,1.20730485072357,358
15,457,3,750,0,4.10855174566328,360
15,458,3,1000,0,10.4149607967392,335
15,459,3,750,0,0.16349942186583,360
15,460,3,1500,0,4.73766988067944,333
15,461,3,500,0,4.13833307176751,416
15,462,3,500,0,7.66121487634724,325
15,463,3,750,0,0.823513431924031,355
15,464,3,500,0,8.20517640459038,388
15,465,3,1250,0,9.32699143850604,302
15,466,3,1500,0,8.57160483932299,-140
15,467,3,1000,0,8.64059628056318,366
15,468,3,1250,0,14.2949006041445,311
15,469,3,1500,0,10.7946464397236,330
15,470,3,750,0,8.78351222767414,422
15,471,3,500,0,7.65662819904505,-7
15,472,3,1000,0,9.66968404211724,323
15,473,3,1000,0,12.0905193343058,360
15,474,3,500,0,8.27606668758555,383
15,475,3,750,0,12.921450888443,308
15,476,3,1250,0,8.95199942038271,287
15,477,3,1250,0,13.2468367285346,233
15,478,3,750,0,6.06846993582301,368
15,479,3,1250,0,8.58448289172707,67
15,480,3,1250,0,11.8309582183059,-55
15,481,3,1250,0,6.91340636882497,262
15,482,3,1500,0,12.307919767983,318
15,483,3,1000,0,14.4716200258258,343
15,484,3,1250,0,12.152121770623,291
15,485,3,1250,0,12.0819991038787,299
15,486,3,1500,0,15.5615943355731,196
15,487,3,1500,0,7.81006284414462,292
15,488,3,750,0,9.97386559394618,356
15,489,3,1250,0,5.81487231059304,302
15,490,3,750,0,6.98784060231872,370
15,491,3,1500,0,12.7427914282283,285
15,492,3,750,0,11.5532866897781,344
15,493,3,500,0,7.86782483420496,427
15,494,3,750,0,6.86316085623988,353
15,495,3,1250,0,11.8348455078823,336
15,496,3,1500,0,9.04707639897401,349
15,497,3,1500,0,16.2024017471678,251
15,498,3,500,0,8.227022723306,404
15,499,3,1500,0,13.3850485395065,357
15,500,3,1000,0,6.43604348810279,314
15,501,3,1250,0,7.49566205645265,333
15,502,3,1000,0,13.6153401239206,372
15,503,3,1000,0,6.29404403623891,316
15,504,3,1500,0,NaN,NaN
15,505,3,500,0,9.2980040965089,396
15,506,3,1250,0,10.5121317711916,319
15,507,3,1000,0,2.98696780224602,308
15,508,3,750,0,7.56943111050759,318
15,509,3,500,0,3.09212606638868,79
15,510,3,750,0,8.08659004951794,271
15,511,3,750,0,8.7443651384929,299
15,512,3,1500,0,8.96905130532087,322
15,513,3,750,0,5.34522678655802,409
15,514,3,1000,0,8.64640431116725,348
15,515,3,750,0,10.9700876789957,326
15,516,3,1500,0,8.56475110553463,73
15,517,3,1500,0,12.8350221158837,302
15,518,3,750,0,4.16001705143307,334
15,519,3,1500,0,10.8730103068192,308
15,520,3,750,0,7.95758845482557,366
15,521,3,1500,0,15.729092610838,345
15,522,3,1250,0,8.98485139325327,317
15,523,3,750,0,7.32966033162507,333
15,524,3,1500,0,15.4636466012566,308
15,525,3,1000,0,17.6323824432614,314
15,526,3,750,0,9.96470727831645,326
15,527,3,1250,0,11.4489342618489,290
15,528,3,1000,0,12.3888309811267,340
15,529,3,1000,0,7.7495294795381,304
15,530,3,500,0,10.2189334963571,376
15,531,3,750,0,11.7765964327276,323
15,532,3,1000,0,10.6467360953325,334
15,533,3,750,0,7.26587591670467,346
15,534,3,1500,0,11.0769719951766,192
15,535,3,1250,0,16.5759593784411,326
15,536,3,1500,0,20.4182195550321,138
15,537,3,1000,0,12.3454596985994,325
15,538,3,750,0,NaN,NaN
15,539,3,1250,0,24.231536787575,312
15,540,3,500,0,15.0931406696997,383
15,541,3,1500,0,28.0044709311787,302
15,542,3,500,0,7.5345840964022,372
15,543,3,500,0,19.445651450794,399
15,544,3,1000,0,4.53089006331816,509
15,545,3,1500,0,10.6378044568421,353
15,546,3,1250,0,13.8072403551649,377
15,547,3,750,0,6.74951098559933,416
15,548,3,750,0,9.26932304592006,412
15,549,3,1000,0,8.7091961669696,295
15,550,3,1500,0,13.5379049380378,246
15,551,3,1000,0,NaN,NaN
15,552,3,1000,0,13.1257419825866,254
15,553,3,500,0,9.71533283326021,17
15,554,3,1500,0,7.16839404502701,299
15,555,3,1500,0,9.2879643851681,222
15,556,3,750,0,8.56006725664075,339
15,557,3,750,0,4.82087786839915,341
15,558,3,1000,0,10.6711612510625,-45
15,559,3,1250,0,22.6972244297783,319
15,560,3,500,0,7.46216690305683,342
15,561,3,1250,0,10.1543780429891,273
15,562,3,1250,0,13.168993511597,188
15,563,3,500,0,14.6477296665251,347
15,564,3,500,0,13.5040367248574,313
15,565,3,500,0,15.9042149524451,324
15,566,3,1250,0,12.1346869811899,348
15,567,3,1000,0,17.2768622300782,323
15,568,3,1000,0,5.81911480003276,355
15,569,3,1250,0,8.09925689558213,382
15,570,3,1000,0,9.52497631898862,257
16,1,1,500,-0,-4.14365364076067,526
16,2,1,1500,-0,NaN,NaN
16,3,1,1500,-0,-7.40027189034354,339
16,4,1,500,-0,NaN,NaN
16,5,1,500,-0,1.04214035118041,420
16,6,1,1500,-0,-2.12557217712155,374
16,7,1,1500,-0,-2.95348385157695,656
16,8,1,500,-0,-1.77054225981493,548
16,9,1,500,-0,1.37190706523646,541
16,10,1,1500,-0,NaN,NaN
16,11,1,500,-0,-4.78469418537061,409
16,12,1,1500,-0,-1.9172345632061,404
16,13,1,1500,-0,1.74223858601062,345
16,14,1,500,-0,-2.76776678766712,443
16,15,1,500,-0,-2.39838932701529,453
16,16,1,1500,-0,0.825419982789516,353
16,17,1,500,-0,-1.80632293958623,452
16,18,1,1500,-0,-4.66662635139329,374
16,19,1,500,-0,-7.05375958771913,439
16,20,1,1500,-0,1.681871411126,367
16,21,2,1500,-1,2.66827783590673,366
16,22,2,500,1,6.63393793922949,428
16,23,2,1500,-1,-2.9665189867168,305
16,24,2,1500,-1,4.26736599252881,354
16,25,2,1500,-1,2.9653336520467,326
16,26,2,1500,-1,-2.71116039190321,351
16,27,2,500,1,-9.53170074997563,402
16,28,2,1500,-1,-8.1761135528673,339
16,29,2,500,1,-9.56538226526159,347
16,30,2,500,1,-12.0167645033503,393
16,31,2,1500,-1,-10.6831561215081,350
16,32,2,500,1,-17.7490648163695,367
16,33,2,1500,-1,-17.4969723661449,325
16,34,2,500,1,-19.6330264740103,-60
16,35,2,500,1,-15.9068870972452,455
16,36,2,1500,-1,-21.5949420948127,361
16,37,2,500,1,-17.566368437983,379
16,38,2,1500,-1,1.5363304893838,333
16,39,2,1500,-1,10.7680232563479,437
16,40,2,500,1,10.8753054430017,447
16,41,2,500,1,-2.36031792973553,343
16,42,2,1500,-1,-26.2391743246386,338
16,43,2,500,1,-6.16983609433335,435
16,44,2,500,1,-21.7435921455059,408
16,45,2,1500,-1,-22.4491703151841,378
16,46,2,1500,-1,-12.6478301371624,368
16,47,2,1500,-1,-13.6680988971058,424
16,48,2,1500,-1,-14.1125607212311,388
16,49,2,1500,-1,-8.56839933868982,462
16,50,2,1500,-1,-17.4087830377561,340
16,51,2,500,1,-15.4811907540034,313
16,52,2,500,1,-8.67297051777874,336
16,53,2,500,1,-7.6268283821464,282
16,54,2,500,1,-21.6179588863717,288
16,55,2,500,1,-5.44806851578237,325
16,56,2,500,1,-4.58543299982754,320
16,57,2,1500,-1,-29.1903760367385,352
16,58,2,1500,-1,-11.7470801808637,309
16,59,2,500,1,-17.9306049692284,392
16,60,2,1500,-1,-22.4364258287113,338
16,61,2,500,1,-14.3006659676383,333
16,62,2,500,1,3.22933729107475,301
16,63,2,500,1,-3.54634048202157,384
16,64,2,1500,-1,NaN,NaN
16,65,2,500,1,-2.63050714493934,373
16,66,2,1500,-1,-3.26464279286367,358
16,67,2,500,1,2.68934080627524,349
16,68,2,500,1,-6.41834493253342,332
16,69,2,500,1,-4.11615287132929,1
16,70,2,1500,-1,NaN,NaN
16,71,2,1500,-1,-1.19843484916855,370
16,72,2,500,1,-3.86135205691882,378
16,73,2,500,1,-8.47137167197959,366
16,74,2,1500,-1,-9.93866064901543,375
16,75,2,500,1,-6.01902960887911,452
16,76,2,1500,-1,-3.90599628023776,335
16,77,2,1500,-1,7.96242596250919,366
16,78,2,1500,-1,12.4397178678686,341
16,79,2,1500,-1,-7.61553836662493,474
16,80,2,500,1,-0.875458940411193,363
16,81,2,500,1,-23.519201231333,-12
16,82,2,1500,-1,-21.44184053197,375
16,83,2,500,1,-13.8747342358699,376
16,84,2,500,1,-17.4283157783597,349
16,85,2,500,1,-23.4824067214899,342
16,86,2,1500,-1,-18.613581298016,343
16,87,2,500,1,-18.4737337142459,402
16,88,2,500,1,-23.9967675023998,400
16,89,2,1500,-1,-19.0522442695175,381
16,90,2,1500,-1,-15.7012293289065,386
16,91,2,500,1,-11.5824838647029,393
16,92,2,1500,-1,-14.4938206332469,353
16,93,2,1500,-1,-15.4316707125353,363
16,94,2,1500,-1,-12.2094863093472,382
16,95,2,500,1,-8.30015290527999,457
16,96,2,500,1,-10.7436089664102,372
16,97,2,1500,-1,-12.6526419817407,386
16,98,2,500,1,-14.9403564107232,346
16,99,2,500,1,-23.0263747479636,310
16,100,2,1500,-1,-16.9420487319123,351
16,101,2,500,1,-9.36760558071096,381
16,102,2,1500,-1,-15.7621314179138,356
16,103,2,500,1,-6.62650476934184,379
16,104,2,1500,-1,-18.931240711881,354
16,105,2,500,1,-6.67101380936267,545
16,106,2,1500,-1,-20.2945484890477,394
16,107,2,1500,-1,-10.3043709058175,465
16,108,2,1500,-1,-6.93167407318083,353
16,109,2,1500,-1,-8.92730529605774,365
16,110,2,500,1,-6.67105649322998,374
16,111,2,1500,-1,-17.0632839902817,339
16,112,2,1500,-1,-1.857682047379,351
16,113,2,500,1,-10.5682573989046,398
16,114,2,500,1,-5.29607183360851,666
16,115,2,1500,-1,-6.03002337553765,379
16,116,2,1500,-1,-5.56609018073237,381
16,117,2,1500,-1,-6.84939012313806,349
16,118,2,500,1,-7.60771262100294,353
16,119,2,1500,-1,-3.2156169141094,303
16,120,2,500,1,-3.40675660165071,378
16,121,2,1500,-1,-3.29419563824208,325
16,122,2,1500,-1,-3.18257152257665,385
16,123,2,1500,-1,NaN,NaN
16,124,2,500,1,-1.29044799048491,439
16,125,2,1500,-1,-4.87609322846642,325
16,126,2,1500,-1,-2.65155673087404,328
16,127,2,1500,-1,5.04309672657412,395
16,128,2,500,1,0.542756688598535,412
16,129,2,1500,-1,-2.8761116241868,351
16,130,2,500,1,-4.6573758102122,427
16,131,2,1500,-1,-5.69717973156037,332
16,132,2,500,1,-2.31361478973885,602
16,133,2,500,1,-12.7824609666337,397
16,134,2,500,1,-27.5626451966257,439
16,135,2,500,1,-12.2439186111922,371
16,136,2,1500,-1,-10.3856365569346,358
16,137,2,1500,-1,-4.61782255278423,350
16,138,2,500,1,-8.4063554764533,363
16,139,2,500,1,-10.031606081255,350
16,140,2,1500,-1,-8.09864150922044,360
16,141,2,500,1,-6.96691258551389,389
16,142,2,1500,-1,NaN,NaN
16,143,2,1500,-1,-2.83437794269743,335
16,144,2,500,1,-3.42887190448729,400
16,145,2,500,1,-13.6788196389076,357
16,146,2,1500,-1,-11.9854839535772,360
16,147,2,500,1,-5.8912131809484,441
16,148,2,500,1,-4.07186277596953,363
16,149,2,1500,-1,-10.1081214893776,375
16,150,2,1500,-1,-4.06353449900591,362
16,151,2,500,1,-6.15419060579572,347
16,152,2,1500,-1,-9.86029032534863,321
16,153,2,500,1,-9.19077190996062,396
16,154,2,500,1,-14.8532824208285,387
16,155,2,500,1,-16.8154915651877,358
16,156,2,1500,-1,-12.9106043399499,343
16,157,2,500,1,-16.5520591171231,358
16,158,2,500,1,-13.77004298248,364
16,159,2,1500,-1,-10.2059031095186,346
16,160,2,1500,-1,-2.48610300556656,398
16,161,2,1500,-1,-6.67342427621336,368
16,162,2,1500,-1,-0.979896189103961,306
16,163,2,1500,-1,-3.14967391786224,378
16,164,2,500,1,-5.42583087528444,393
16,165,2,1500,-1,-1.56641990613414,333
16,166,2,500,1,-4.30071806820649,367
16,167,2,500,1,-6.73331196140156,399
16,168,2,1500,-1,-7.7587659268,346
16,169,2,500,1,-8.16138989217798,399
16,170,2,500,1,-8.78484398853971,530
16,171,2,500,1,-8.95692969804972,455
16,172,2,500,1,-18.1027281857334,373
16,173,2,500,1,-24.8478905899048,-12
16,174,2,1500,-1,-1.63219865954632,450
16,175,2,1500,-1,-6.06728086844726,338
16,176,2,1500,-1,2.04266899400582,349
16,177,2,500,1,-10.6235036994019,378
16,178,2,500,1,-18.0778639600218,390
16,179,2,1500,-1,-9.45533871661893,360
16,180,2,500,1,-9.7482937381132,350
16,181,2,1500,-1,-7.40403295399462,350
16,182,2,1500,-1,-2.82383885866609,367
16,183,2,1500,-1,3.36368728082277,362
16,184,2,500,1,0.536539482535789,368
16,185,2,1500,-1,2.42029067517586,337
16,186,2,1500,-1,5.85750578316607,359
16,187,2,500,1,2.1421547746996,478
16,188,2,500,1,-14.3285799796224,40
16,189,2,1500,-1,-7.45793153304069,383
16,190,2,1500,-1,-1.7694353849166,357
16,191,2,1500,-1,13.1227706816558,319
16,192,2,500,1,10.8162594024502,431
16,193,2,500,1,-10.707926758417,355
16,194,2,1500,-1,7.18437504286969,369
16,195,2,1500,-1,10.7874306457199,374
16,196,2,1500,-1,9.06492085633835,374
16,197,2,500,1,3.83305510646155,516
16,198,2,500,1,-6.96097292899377,338
16,199,2,500,1,-0.306795087194835,324
16,200,2,500,1,1.04491237301166,328
16,201,2,500,1,-14.0788363251282,316
16,202,2,1500,-1,-11.3433949671456,386
16,203,2,500,1,-2.72029465020759,377
16,204,2,1500,-1,-13.2544542245653,334
16,205,2,500,1,2.70618116943687,356
16,206,2,1500,-1,-10.3359649256349,330
16,207,2,1500,-1,-2.46756988159203,352
16,208,2,500,1,-5.53941305985077,319
16,209,2,1500,-1,-2.10587544656822,-100
16,210,2,500,1,-0.224966059197837,353
16,211,2,1500,-1,-3.99001668988289,346
16,212,2,500,1,-1.39893745477358,346
16,213,2,500,1,-14.051065756538,331
16,214,2,500,1,-17.5689057434679,305
16,215,2,500,1,-23.0780146363597,336
16,216,2,1500,-1,-11.697929747372,333
16,217,2,1500,-1,-2.92331122551782,370
16,218,2,500,1,-8.08149165277086,326
16,219,2,500,1,-20.8069446460955,301
16,220,2,500,1,-17.7857097140663,336
16,221,2,1500,-1,NaN,NaN
16,222,2,1500,-1,-3.4610197980962,388
16,223,2,500,1,-0.217483663998684,398
16,224,2,500,1,-7.58760714344191,31
16,225,2,500,1,-17.3318332586144,344
16,226,2,1500,-1,-6.92961476562147,351
16,227,2,1500,-1,4.36314489139676,323
16,228,2,500,1,-5.0422089315079,360
16,229,2,1500,-1,-2.14347323821483,318
16,230,2,1500,-1,-0.956838536937941,395
16,231,2,1500,-1,1.20493211106111,534
16,232,2,500,1,1.28927899692796,372
16,233,2,1500,-1,-3.52532417189852,382
16,234,2,500,1,-3.91681601716639,335
16,235,2,500,1,-4.53360131915562,333
16,236,2,1500,-1,3.60240870143616,337
16,237,2,1500,-1,-13.0153334860207,339
16,238,2,500,1,-10.3754235851976,360
16,239,2,500,1,-16.286343101345,362
16,240,2,500,1,-15.7972786607712,353
16,241,2,500,1,-22.6596982425131,390
16,242,2,500,1,-22.3687231378684,342
16,243,2,1500,-1,-19.2226229859436,352
16,244,2,1500,-1,-14.3763268267056,405
16,245,2,1500,-1,-11.8154608000606,374
16,246,2,1500,-1,-12.0460961113112,390
16,247,2,500,1,-17.6925274936441,395
16,248,2,500,1,-18.7934860102918,388
16,249,2,500,1,-14.7616322970539,392
16,250,2,500,1,-17.8248416812853,351
16,251,2,1500,-1,-12.0376535376488,372
16,252,2,1500,-1,-5.57717772085981,363
16,253,2,500,1,-11.003407723643,411
16,254,2,500,1,-17.6345619697101,110
16,255,2,1500,-1,-15.3816461133886,388
16,256,2,1500,-1,NaN,NaN
16,257,2,1500,-1,-9.1561113718615,465
16,258,2,1500,-1,-13.0823728480999,360
16,259,2,1500,-1,-9.60652702392835,378
16,260,2,500,1,-15.6076041148469,455
16,261,2,500,1,-17.7450332936898,358
16,262,2,500,1,-19.0118921860341,401
16,263,2,500,1,-23.9038168949594,353
16,264,2,500,1,-21.3296897929355,370
16,265,2,1500,-1,-16.5029841313693,333
16,266,2,500,1,-16.2124173875595,412
16,267,2,1500,-1,-15.6878232137727,348
16,268,2,500,1,-12.9811325273192,365
16,269,2,1500,-1,-11.325665571994,339
16,270,2,1500,-1,-10.6740452700346,370
16,271,2,500,1,-9.67673890687627,360
16,272,2,1500,-1,-7.24871060830902,317
16,273,2,500,1,-19.1316889900809,357
16,274,2,1500,-1,NaN,NaN
16,275,2,500,1,-15.4154195567813,407
16,276,2,500,1,-15.4151178927637,375
16,277,2,500,1,-15.2489153892563,406
16,278,2,1500,-1,-15.8182852439235,361
16,279,2,1500,-1,-12.2710484951984,359
16,280,2,1500,-1,-11.5586466090891,349
16,281,2,1500,-1,-5.71741841203752,367
16,282,2,1500,-1,-10.4041763979771,371
16,283,2,1500,-1,-11.7123201644879,335
16,284,2,500,1,-9.99187137343985,366
16,285,2,1500,-1,-8.51297381062279,384
16,286,2,1500,-1,-7.26574980106556,376
16,287,2,500,1,-7.89705332724268,371
16,288,2,500,1,-8.72489009001037,384
16,289,2,500,1,-13.4255422723571,361
16,290,2,500,1,-15.067373865736,324
16,291,2,500,1,-15.6766161508992,446
16,292,2,500,1,-20.310229818623,353
16,293,2,500,1,-23.0643940728107,441
16,294,2,500,1,-24.3152358058381,372
16,295,2,500,1,-29.1070027288361,368
16,296,2,1500,-1,-21.0429215137355,366
16,297,2,500,1,-21.1736343242859,357
16,298,2,500,1,-16.295893958582,394
16,299,2,1500,-1,-15.8923003211745,339
16,300,2,1500,-1,-10.7382407801663,325
16,301,2,500,1,-9.54157177276491,339
16,302,2,1500,-1,-11.2265153924277,377
16,303,2,1500,-1,-3.71395196445786,415
16,304,2,500,1,-12.1410262161811,391
16,305,2,1500,-1,-5.63330845465241,348
16,306,2,1500,-1,-7.55364143914423,342
16,307,2,500,1,-7.96352975930145,377
16,308,2,1500,-1,NaN,NaN
16,309,2,500,1,-7.8651867307266,446
16,310,2,1500,-1,-4.37624333297707,365
16,311,2,1500,-1,-2.31866973660075,332
16,312,2,500,1,-3.85241036589755,338
16,313,2,500,1,-6.51654107215324,370
16,314,2,500,1,-11.4736236421773,371
16,315,2,1500,-1,-9.00659329763227,360
16,316,2,500,1,-7.45274680303542,326
16,317,2,500,1,-9.96084163382077,390
16,318,2,1500,-1,-5.41833070611218,318
16,319,2,1500,-1,-5.41032408922522,338
16,320,2,500,1,-1.88999465329994,347
16,321,2,1500,-1,-7.93084711766381,346
16,322,2,1500,-1,-4.31117649199487,378
16,323,2,1500,-1,-3.23201385534128,319
16,324,2,1500,-1,-7.47657905252401,337
16,325,2,1500,-1,-7.54955866236779,382
16,326,2,500,1,-7.66951802868581,391
16,327,2,1500,-1,-10.1901211951005,374
16,328,2,500,1,-9.78929282021009,372
16,329,2,500,1,-6.74447339672625,401
16,330,2,1500,-1,-6.96024358715965,380
16,331,2,500,1,-1.74143501482133,354
16,332,2,500,1,-5.67831158658875,392
16,333,2,500,1,-16.9007891625363,412
16,334,2,1500,-1,-6.91850527656357,370
16,335,2,1500,-1,-6.89571295220588,356
16,336,2,500,1,-5.93311960654942,347
16,337,2,500,1,-6.92597274442702,337
16,338,2,1500,-1,-11.5182387113719,346
16,339,2,500,1,-10.509453334657,348
16,340,2,500,1,-11.344528599567,353
16,341,2,1500,-1,-15.2821599756322,383
16,342,2,500,1,-13.0169054523867,374
16,343,2,500,1,-17.3793290361409,394
16,344,2,1500,-1,-11.5393500983486,387
16,345,2,1500,-1,NaN,NaN
16,346,2,1500,-1,NaN,NaN
16,347,2,500,1,-1.26469893600521,380
16,348,2,500,1,-6.75977968681758,360
16,349,2,500,1,-4.98044917632121,326
16,350,2,1500,-1,-8.74668145948216,341
16,351,2,1500,-1,3.73277960140609,344
16,352,2,1500,-1,-2.21735141015074,349
16,353,2,500,1,-1.44569980691545,369
16,354,2,1500,-1,-7.43847723176382,338
16,355,2,500,1,-6.96993965572591,429
16,356,2,1500,-1,-4.36754296517915,377
16,357,2,1500,-1,2.87463965777837,351
16,358,2,500,1,-6.79102812391729,400
16,359,2,500,1,-6.88054704712588,368
16,360,2,500,1,-12.0246807459415,366
16,361,2,1500,-1,-10.6054747335916,372
16,362,2,1500,-1,-1.16212160661213,338
16,363,2,1500,-1,-0.578579381952424,349
16,364,2,500,1,-6.2476658343787,417
16,365,2,1500,-1,-3.08636491770385,301
16,366,2,500,1,-3.30722053729934,346
16,367,2,500,1,-5.20609678420022,364
16,368,2,500,1,-12.9535815514414,353
16,369,2,1500,-1,-4.80051734845454,343
16,370,2,1500,-1,-3.51969548924943,374
16,371,2,500,1,-0.777792268343118,372
16,372,2,1500,-1,-5.55953169192979,311
16,373,2,500,1,-4.90202661952872,356
16,374,2,1500,-1,-1.77535951044766,355
16,375,2,1500,-1,1.65376018201369,326
16,376,2,500,1,-8.12659492445603,353
16,377,2,500,1,-11.8889237514051,346
16,378,2,1500,-1,-9.81802024273597,380
16,379,2,500,1,-15.2143341053901,365
16,380,2,1500,-1,-18.5856907411694,335
16,381,2,500,1,-13.9306414828775,367
16,382,2,1500,-1,-9.92847732664012,402
16,383,2,1500,-1,-10.5210937132015,695
16,384,2,1500,-1,-2.08378067009499,385
16,385,2,500,1,-2.33413815153917,380
16,386,2,1500,-1,-5.63346754301646,325
16,387,2,500,1,-11.3364752985632,432
16,388,2,1500,-1,-15.0243022664053,353
16,389,2,1500,-1,-9.65103140772787,380
16,390,2,1500,-1,-8.54654876527241,380
16,391,2,1500,-1,-4.20177859861835,321
16,392,2,500,1,-7.31620814637052,433
16,393,2,1500,-1,-11.1157924313668,374
16,394,2,500,1,-9.42411231884068,387
16,395,2,1500,-1,-10.7045475719189,382
16,396,2,1500,-1,-7.47790183856445,293
16,397,2,1500,-1,-2.6592403744874,359
16,398,2,1500,-1,-0.691593368785643,356
16,399,2,500,1,0.155824746200892,333
16,400,2,500,1,-12.1822324054822,-110
16,401,2,500,1,-7.89157178238006,573
16,402,2,500,1,-17.6406603740084,368
16,403,2,1500,-1,-10.6421622689076,347
16,404,2,500,1,-14.580480467168,385
16,405,2,500,1,-14.8145569796798,374
16,406,2,1500,-1,-19.9494684381152,333
16,407,2,500,1,-10.3532677383496,363
16,408,2,500,1,-17.8653609057585,369
16,409,2,1500,-1,-15.2542855948848,431
16,410,2,1500,-1,-5.96119335776797,464
16,411,2,500,1,-16.8192130878089,381
16,412,2,1500,-1,-14.1811602177306,364
16,413,2,500,1,-18.6622237163301,395
16,414,2,1500,-1,-4.67843067103858,379
16,415,2,500,1,-11.2550847946615,364
16,416,2,1500,-1,-8.96353741425536,346
16,417,2,500,1,-11.8963849809594,421
16,418,2,1500,-1,-4.55987912842192,365
16,419,2,500,1,-12.4718080908548,393
16,420,2,1500,-1,-13.9345566827601,355
16,421,3,750,-0,-2.28408132249577,373
16,422,3,1250,-0,-1.76510634957815,465
16,423,3,750,-0,-2.9852587254321,393
16,424,3,1000,-0,-7.15753992053784,350
16,425,3,1000,-0,-10.3280676584361,359
16,426,3,1000,-0,-14.0480478213968,403
16,427,3,1000,-0,-8.61558307043737,355
16,428,3,1500,-0,-13.997122359893,360
16,429,3,1000,-0,-9.2449930092626,370
16,430,3,1250,-0,-14.6570263927016,359
16,431,3,500,-0,-12.034314381978,346
16,432,3,1500,-0,-7.1759084165197,313
16,433,3,750,-0,-15.9605638856889,-129
16,434,3,1250,-0,-12.3390792569823,375
16,435,3,500,-0,-11.1519314204726,356
16,436,3,1000,-0,-9.87365124346078,373
16,437,3,1250,-0,-7.36205143277033,263
16,438,3,750,-0,-10.5450431503321,366
16,439,3,1500,-0,-12.3084287789464,357
16,440,3,1500,-0,-11.4446028700914,360
16,441,3,750,-0,-14.6164889549676,388
16,442,3,1000,-0,-10.4536732004807,357
16,443,3,500,-0,-15.4252803378951,427
16,444,3,750,-0,-11.4333390243502,370
16,445,3,1000,-0,-12.2420802851044,355
16,446,3,1500,-0,-8.92382021633929,359
16,447,3,500,-0,-7.84737359458815,348
16,448,3,1500,-0,-9.33927356342176,331
16,449,3,500,-0,-10.7188338685866,410
16,450,3,1500,-0,-5.67778035058891,341
16,451,3,1500,-0,-9.89294460321503,367
16,452,3,1000,-0,-9.9566375313051,370
16,453,3,1000,-0,-10.0525462811228,402
16,454,3,500,-0,-8.57706824546425,383
16,455,3,1000,-0,-5.93372500583923,329
16,456,3,1500,-0,-7.04007500113521,346
16,457,3,750,-0,-11.8949203356551,363
16,458,3,1250,-0,-11.2463390209812,329
16,459,3,1000,-0,-6.41406142798486,369
16,460,3,500,-0,-16.1122293711571,355
16,461,3,750,-0,-12.1537991828549,357
16,462,3,750,-0,-6.07651319775596,382
16,463,3,1000,-0,-11.0044497244589,331
16,464,3,1500,-0,-13.4703437980778,354
16,465,3,1250,-0,-7.98551270526289,341
16,466,3,1250,-0,-13.2491782924642,341
16,467,3,750,-0,-16.5227014398383,339
16,468,3,1250,-0,-7.44633539524013,341
16,469,3,750,-0,-10.1975046678845,372
16,470,3,1000,-0,-9.87174894457155,332
16,471,3,500,-0,-5.42528244868186,394
16,472,3,1250,-0,-14.6489068560805,370
16,473,3,750,-0,-12.6788496414898,345
16,474,3,1500,-0,-7.69486212717213,341
16,475,3,1250,-0,-5.86502691778953,283
16,476,3,500,-0,-14.1092638300568,455
16,477,3,750,-0,-13.50127997503,374
16,478,3,500,-0,-5.50157281715688,326
16,479,3,750,-0,-9.21105299634277,330
16,480,3,1500,-0,-5.48088652747088,337
16,481,3,1000,-0,-8.14945640240667,357
16,482,3,1500,-0,-5.88938070756658,328
16,483,3,1250,-0,-6.21387210368976,315
16,484,3,1500,-0,-5.12757805137983,337
16,485,3,1000,-0,-3.04016320059832,343
16,486,3,1000,-0,-1.06762556089609,318
16,487,3,1000,-0,-4.45472577157927,335
16,488,3,500,-0,-3.3136831459392,345
16,489,3,1500,-0,-4.22467328723734,341
16,490,3,1250,-0,-5.54034324299267,315
16,491,3,1000,-0,-7.79283404634662,328
16,492,3,500,-0,-7.71578634141321,389
16,493,3,750,-0,-9.5430629216839,333
16,494,3,1500,-0,-3.01599346400036,319
16,495,3,500,-0,-10.4072705844247,381
16,496,3,750,-0,-7.24454543093085,358
16,497,3,1000,-0,-7.63749610578235,329
16,498,3,1250,-0,-6.11090361210743,383
16,499,3,750,-0,-11.9025833365409,379
16,500,3,1000,-0,-4.53107630908147,305
16,501,3,500,-0,-5.67831820354946,355
16,502,3,1250,-0,-7.88406367584296,335
16,503,3,1000,-0,-8.06586566214601,373
16,504,3,1250,-0,-7.03541666264334,319
16,505,3,1250,-0,-4.75965059848462,332
16,506,3,1250,-0,-6.64821496401163,334
16,507,3,1500,-0,-7.16705592490092,346
16,508,3,500,-0,-10.4617825464736,335
16,509,3,1500,-0,-1.17093805352845,301
16,510,3,500,-0,-10.6580116218273,417
16,511,3,1000,-0,-10.8083512094809,329
16,512,3,1000,-0,-11.6604760249682,350
16,513,3,1500,-0,-13.3684936646199,332
16,514,3,500,-0,-8.80949041939006,406
16,515,3,750,-0,NaN,NaN
16,516,3,1250,-0,-12.0276800539259,386
16,517,3,750,-0,-13.1161767132278,374
16,518,3,1500,-0,-12.9858272995322,377
16,519,3,750,-0,-9.66483532837148,372
16,520,3,500,-0,-11.8891439429161,363
16,521,3,750,-0,-10.8168311261712,370
16,522,3,750,-0,-9.42053041105828,361
16,523,3,500,-0,-11.7364374459174,354
16,524,3,1500,-0,-15.9848178605828,346
16,525,3,750,-0,-8.69167505885029,392
16,526,3,500,-0,-14.9777679358753,363
16,527,3,1500,-0,-4.5327892702597,426
16,528,3,500,-0,-8.02438834393822,394
16,529,3,1500,-0,-2.0680777655088,353
16,530,3,750,-0,-10.4976878910377,364
16,531,3,1000,-0,-3.82594031143314,336
16,532,3,1250,-0,-8.93092889261464,376
16,533,3,500,-0,-14.7679859276582,362
16,534,3,500,-0,-13.3069117775541,356
16,535,3,1250,-0,-15.2175694953117,362
16,536,3,500,-0,-14.6583199207785,364
16,537,3,500,-0,-11.588337412027,338
16,538,3,1250,-0,-21.7463678666449,351
16,539,3,750,-0,-13.0403273733021,378
16,540,3,1500,-0,-9.90603539759622,320
16,541,3,1250,-0,-9.56317451581869,298
16,542,3,1500,-0,-9.73816375114289,361
16,543,3,1000,-0,-11.6777679593641,322
16,544,3,1250,-0,-4.21675290147329,315
16,545,3,1500,-0,-8.43681476305808,351
16,546,3,500,-0,-3.10983884509712,389
16,547,3,500,-0,-5.76366498153188,342
16,548,3,1500,-0,-7.8385302875647,338
16,549,3,750,-0,-7.45103544326072,357
16,550,3,750,-0,-2.17901112774538,370
16,551,3,1500,-0,-5.91902372070033,383
16,552,3,1250,-0,-2.30512975467536,369
16,553,3,1250,-0,-2.97102138067388,351
16,554,3,1250,-0,-5.36230502778823,358
16,555,3,1250,-0,-11.0781864342536,317
16,556,3,1000,-0,-9.26987429965817,360
16,557,3,1000,-0,-9.28109321382737,338
16,558,3,750,-0,-13.9137911784414,353
16,559,3,1000,-0,-10.692984671362,351
16,560,3,500,-0,-11.7463234026447,371
16,561,3,750,-0,-11.636263686491,351
16,562,3,1250,-0,-14.0613267855762,360
16,563,3,1000,-0,-9.09162529209134,350
16,564,3,750,-0,-11.7902347950973,339
16,565,3,1500,-0,-10.8874599034275,345
16,566,3,500,-0,-4.22429007139924,415
16,567,3,1250,-0,-8.54458061065721,312
16,568,3,1500,-0,-8.63637256353834,326
16,569,3,500,-0,-9.25195854870343,433
16,570,3,1250,-0,-8.563654137939,306
17,1,1,500,0,0.184720917698038,933
17,2,1,1500,0,NaN,NaN
17,3,1,1500,0,NaN,NaN
17,4,1,500,0,NaN,NaN
17,5,1,500,0,-1.5158592104791,545
17,6,1,500,0,3.6073528776879,-24
17,7,1,1500,0,NaN,NaN
17,8,1,1500,0,NaN,NaN
17,9,1,1500,0,-2.37751557116124,826
17,10,1,500,0,-4.89828557563934,57
17,11,1,1500,0,0.627996011346057,610
17,12,1,1500,0,3.46096967721386,588
17,13,1,500,0,2.90682465127448,888
17,14,1,1500,0,NaN,NaN
17,15,1,500,0,8.52756439023881,-107
17,16,1,500,0,-3.09690304214505,-23
17,17,1,1500,0,-2.97088880412622,453
17,18,1,500,0,-3.29698181947049,677
17,19,1,1500,0,-2.14651703153608,307
17,20,1,500,0,-6.90137393464557,367
17,21,2,500,1,-3.42147160437883,389
17,22,2,1500,-1,-6.4412648202067,618
17,23,2,500,1,-2.31857382236914,-81
17,24,2,1500,-1,NaN,NaN
17,25,2,1500,-1,NaN,NaN
17,26,2,1500,-1,NaN,NaN
17,27,2,1500,-1,NaN,NaN
17,28,2,1500,-1,13.3846692000423,858
17,29,2,1500,-1,NaN,NaN
17,30,2,500,1,NaN,NaN
17,31,2,1500,-1,5.91469399660141,426
17,32,2,1500,-1,9.68899121844738,360
17,33,2,500,1,12.030863041642,652
17,34,2,1500,-1,3.4374012133127,349
17,35,2,1500,-1,NaN,NaN
17,36,2,1500,-1,NaN,NaN
17,37,2,500,1,NaN,NaN
17,38,2,500,1,-1.92577986452174,521
17,39,2,1500,-1,NaN,NaN
17,40,2,1500,-1,NaN,NaN
17,41,2,500,1,7.76495308299659,-2
17,42,2,1500,-1,6.6935353786345,356
17,43,2,1500,-1,13.9957332946217,282
17,44,2,500,1,7.68190358418235,702
17,45,2,500,1,-0.545791534615584,335
17,46,2,500,1,4.09530613376061,17
17,47,2,1500,-1,1.16768819694788,331
17,48,2,1500,-1,13.4379365142533,19
17,49,2,1500,-1,19.931322200443,273
17,50,2,500,1,7.95589847606138,427
17,51,2,500,1,4.27224249958789,519
17,52,2,500,1,7.50316699723309,471
17,53,2,500,1,0.924731514086588,388
17,54,2,500,1,3.29079561143102,383
17,55,2,500,1,5.74974093641579,49
17,56,2,500,1,2.33808291101188,396
17,57,2,1500,-1,6.49377558629652,326
17,58,2,1500,-1,13.5572388552533,281
17,59,2,500,1,6.24197948924181,428
17,60,2,1500,-1,8.24525609393986,351
17,61,2,1500,-1,16.695661411668,354
17,62,2,1500,-1,18.889540938797,73
17,63,2,500,1,13.9916991366288,-82
17,64,2,1500,-1,9.7052968302963,329
17,65,2,500,1,NaN,NaN
17,66,2,500,1,8.19706892643493,54
17,67,2,1500,-1,10.3301619766801,400
17,68,2,1500,-1,NaN,NaN
17,69,2,500,1,10.9665606062972,560
17,70,2,1500,-1,11.1787488099215,294
17,71,2,500,1,12.4410959182468,199
17,72,2,500,1,12.1825595392793,425
17,73,2,500,1,9.75991305456197,438
17,74,2,1500,-1,9.53278468118513,301
17,75,2,1500,-1,24.7454792543493,299
17,76,2,500,1,18.349557272504,493
17,77,2,1500,-1,NaN,NaN
17,78,2,500,1,27.3722169692399,-70
17,79,2,500,1,20.7196936104194,10
17,80,2,1500,-1,11.5187225595315,354
17,81,2,1500,-1,NaN,NaN
17,82,2,1500,-1,NaN,NaN
17,83,2,1500,-1,21.433317485365,342
17,84,2,1500,-1,NaN,NaN
17,85,2,500,1,NaN,NaN
17,86,2,500,1,15.5605840909515,-141
17,87,2,1500,-1,NaN,NaN
17,88,2,500,1,NaN,NaN
17,89,2,500,1,21.1245342398426,586
17,90,2,500,1,NaN,NaN
17,91,2,500,1,NaN,NaN
17,92,2,1500,-1,NaN,NaN
17,93,2,1500,-1,24.3641131392249,380
17,94,2,500,1,15.3441375574421,386
17,95,2,1500,-1,18.9244722693735,83
17,96,2,1500,-1,19.8809786630709,377
17,97,2,1500,-1,NaN,NaN
17,98,2,1500,-1,NaN,NaN
17,99,2,500,1,25.96013281021,464
17,100,2,500,1,24.0054122273478,385
17,101,2,1500,-1,17.7756233982202,296
17,102,2,500,1,25.3828324486297,464
17,103,2,500,1,13.388868581746,441
17,104,2,1500,-1,17.3154823287796,311
17,105,2,500,1,13.3385059987701,386
17,106,2,500,1,14.3027342740866,75
17,107,2,1500,-1,22.0510812221198,295
17,108,2,500,1,22.5281972252203,-62
17,109,2,500,1,20.5744829690825,-130
17,110,2,1500,-1,NaN,NaN
17,111,2,1500,-1,24.3500132757653,266
17,112,2,500,1,16.7154624457005,-71
17,113,2,500,1,17.2804860624015,400
17,114,2,1500,-1,19.8817259718096,230
17,115,2,1500,-1,24.5870707791261,471
17,116,2,500,1,21.8700576223203,365
17,117,2,500,1,8.49602636868261,381
17,118,2,1500,-1,9.21642302160173,379
17,119,2,500,1,19.7972142998814,380
17,120,2,1500,-1,16.7043601775298,325
17,121,2,1500,-1,22.1958331107299,349
17,122,2,1500,-1,21.9776999703374,317
17,123,2,1500,-1,29.5994038375651,323
17,124,2,1500,-1,NaN,NaN
17,125,2,500,1,24.5140510774768,-117
17,126,2,500,1,17.8052630703832,508
17,127,2,1500,-1,16.8209944231459,270
17,128,2,500,1,17.5041118913931,447
17,129,2,500,1,17.0361084220847,406
17,130,2,1500,-1,NaN,NaN
17,131,2,500,1,11.281240664325,-75
17,132,2,1500,-1,16.9669794062239,284
17,133,2,500,1,17.8824590690259,514
17,134,2,500,1,16.5383347459908,370
17,135,2,1500,-1,NaN,NaN
17,136,2,1500,-1,NaN,NaN
17,137,2,1500,-1,22.8940826500528,405
17,138,2,1500,-1,24.5367355031419,276
17,139,2,1500,-1,23.87009738999,321
17,140,2,500,1,20.4390694061925,483
17,141,2,1500,-1,18.4609094742032,291
17,142,2,500,1,22.5297707733264,393
17,143,2,500,1,13.4512738749623,373
17,144,2,1500,-1,NaN,NaN
17,145,2,1500,-1,NaN,NaN
17,146,2,1500,-1,NaN,NaN
17,147,2,1500,-1,NaN,NaN
17,148,2,1500,-1,18.9108874091617,352
17,149,2,1500,-1,NaN,NaN
17,150,2,1500,-1,NaN,NaN
17,151,2,1500,-1,NaN,NaN
17,152,2,1500,-1,19.7740702289474,221
17,153,2,500,1,18.6082245215214,415
17,154,2,500,1,16.9138220345467,555
17,155,2,500,1,13.4556053786456,466
17,156,2,1500,-1,14.925197965407,325
17,157,2,500,1,20.1675517490683,493
17,158,2,500,1,18.1349509759456,384
17,159,2,500,1,17.361463280647,-40
17,160,2,500,1,11.3956394909161,-85
17,161,2,500,1,17.1605462702796,-109
17,162,2,1500,-1,12.6317688113751,383
17,163,2,500,1,16.5281312432886,-35
17,164,2,500,1,17.8960116061145,539
17,165,2,500,1,11.4047923435652,470
17,166,2,500,1,6.84312985158452,-82
17,167,2,500,1,NaN,NaN
17,168,2,1500,-1,19.9515197644767,322
17,169,2,500,1,20.7845025861749,392
17,170,2,1500,-1,NaN,NaN
17,171,2,500,1,16.8347844496725,615
17,172,2,1500,-1,21.8615588066517,327
17,173,2,1500,-1,NaN,NaN
17,174,2,500,1,28.4507273357671,398
17,175,2,1500,-1,NaN,NaN
17,176,2,500,1,22.1431090055244,700
17,177,2,1500,-1,NaN,NaN
17,178,2,500,1,24.2422113358552,1178
17,179,2,1500,-1,NaN,NaN
17,180,2,1500,-1,NaN,NaN
17,181,2,500,1,23.8388299953846,445
17,182,2,1500,-1,16.2562703421156,295
17,183,2,500,1,10.7537500845833,360
17,184,2,500,1,7.19794189271914,354
17,185,2,1500,-1,14.9446052809701,459
17,186,2,500,1,28.1990132205706,-67
17,187,2,500,1,NaN,NaN
17,188,2,1500,-1,26.3775958939584,337
17,189,2,500,1,18.5214551427846,417
17,190,2,1500,-1,22.2690932043376,365
17,191,2,500,1,25.6775931830281,367
17,192,2,1500,-1,24.8278855485489,327
17,193,2,500,1,NaN,NaN
17,194,2,1500,-1,24.6629046025328,475
17,195,2,1500,-1,28.6954149851731,305
17,196,2,500,1,27.4374543885592,437
17,197,2,1500,-1,24.1959263265902,297
17,198,2,1500,-1,NaN,NaN
17,199,2,500,1,22.1473528832507,404
17,200,2,1500,-1,NaN,NaN
17,201,2,1500,-1,29.009483712056,267
17,202,2,500,1,29.7426478071015,460
17,203,2,500,1,20.305135653835,403
17,204,2,500,1,12.4264962422901,354
17,205,2,500,1,1.47019499030704,90
17,206,2,1500,-1,NaN,NaN
17,207,2,1500,-1,NaN,NaN
17,208,2,1500,-1,NaN,NaN
17,209,2,500,1,21.3120577400484,400
17,210,2,1500,-1,18.8513498490761,286
17,211,2,500,1,17.512102631456,387
17,212,2,500,1,10.565926248556,402
17,213,2,500,1,14.7284295362175,362
17,214,2,500,1,12.6837726559007,457
17,215,2,1500,-1,NaN,NaN
17,216,2,500,1,22.4583310753933,550
17,217,2,500,1,24.8839932156216,430
17,218,2,500,1,17.9904019607233,498
17,219,2,500,1,21.8711645545675,450
17,220,2,500,1,27.3832418617231,-1
17,221,2,500,1,NaN,NaN
17,222,2,500,1,23.2629330988317,433
17,223,2,1500,-1,NaN,NaN
17,224,2,500,1,21.5983988881918,-9
17,225,2,500,1,16.1567618220278,518
17,226,2,1500,-1,21.9910142721304,451
17,227,2,500,1,27.2592029177165,381
17,228,2,500,1,14.4064383101495,550
17,229,2,1500,-1,15.252214794949,326
17,230,2,1500,-1,17.4932489294396,332
17,231,2,500,1,23.911159678061,464
17,232,2,1500,-1,12.2659492679994,294
17,233,2,1500,-1,NaN,NaN
17,234,2,500,1,14.2837011450014,-146
17,235,2,500,1,14.4086803857688,429
17,236,2,500,1,12.5488210327039,383
17,237,2,1500,-1,17.3708746828742,352
17,238,2,1500,-1,NaN,NaN
17,239,2,500,1,19.8271751263477,433
17,240,2,500,1,22.6406929651892,390
17,241,2,1500,-1,23.6784487741031,425
17,242,2,500,1,24.3239263289274,-82
17,243,2,500,1,11.8474596761638,663
17,244,2,1500,-1,16.1809123442178,357
17,245,2,500,1,14.341993511327,481
17,246,2,500,1,20.435352036474,74
17,247,2,1500,-1,25.9444454810981,363
17,248,2,500,1,19.3218524253175,724
17,249,2,500,1,13.938721925899,-110
17,250,2,500,1,13.8725207136134,341
17,251,2,1500,-1,NaN,NaN
17,252,2,500,1,12.1474853015198,-168
17,253,2,500,1,18.9645746454943,-132
17,254,2,1500,-1,13.4720306679265,328
17,255,2,500,1,14.7923180737952,758
17,256,2,500,1,14.3381470714026,549
17,257,2,1500,-1,19.9840308438248,311
17,258,2,500,1,20.3892800438808,485
17,259,2,500,1,13.0343215932763,390
17,260,2,1500,-1,13.0625585560255,392
17,261,2,500,1,23.1493326931735,-68
17,262,2,1500,-1,NaN,NaN
17,263,2,500,1,NaN,NaN
17,264,2,1500,-1,22.9622379993043,544
17,265,2,1500,-1,28.9270016478163,330
17,266,2,500,1,29.0079166297758,413
17,267,2,500,1,26.3783269036888,416
17,268,2,1500,-1,24.4218911372532,327
17,269,2,500,1,17.1399767127692,240
17,270,2,1500,-1,NaN,NaN
17,271,2,1500,-1,NaN,NaN
17,272,2,1500,-1,NaN,NaN
17,273,2,1500,-1,27.4543281772563,439
17,274,2,500,1,21.1946566565754,575
17,275,2,1500,-1,28.4433824715516,339
17,276,2,500,1,25.8629647146983,487
17,277,2,1500,-1,22.1439886789274,275
17,278,2,500,1,23.2524436945561,406
17,279,2,500,1,13.3967466108483,419
17,280,2,500,1,13.0690739254764,403
17,281,2,1500,-1,21.7171132336188,320
17,282,2,1500,-1,29.4023913562326,304
17,283,2,500,1,24.0870857053429,539
17,284,2,1500,-1,NaN,NaN
17,285,2,1500,-1,NaN,NaN
17,286,2,1500,-1,NaN,NaN
17,287,2,500,1,25.8358559404547,121
17,288,2,500,1,19.6338573792408,889
17,289,2,500,1,17.7643551500229,-19
17,290,2,500,1,13.7463905838488,-96
17,291,2,1500,-1,13.9587921149525,506
17,292,2,500,1,14.5659490051807,570
17,293,2,500,1,21.3962769855221,447
17,294,2,1500,-1,NaN,NaN
17,295,2,1500,-1,NaN,NaN
17,296,2,500,1,22.1300673009361,-106
17,297,2,500,1,16.8016590660417,643
17,298,2,500,1,16.3055055658338,-73
17,299,2,500,1,13.1605817141439,493
17,300,2,1500,-1,18.1663966674002,330
17,301,2,500,1,18.9629734105973,510
17,302,2,1500,-1,21.0143208468029,319
17,303,2,500,1,22.3016682173968,408
17,304,2,1500,-1,24.2088380322511,-139
17,305,2,500,1,17.4070796933954,-43
17,306,2,500,1,21.8465080810697,439
17,307,2,1500,-1,19.8163306133657,305
17,308,2,1500,-1,23.428138016448,331
17,309,2,500,1,18.600753652562,560
17,310,2,500,1,9.11416368862738,136
17,311,2,1500,-1,NaN,NaN
17,312,2,500,1,13.32062739225,-56
17,313,2,1500,-1,25.8539148021905,346
17,314,2,500,1,15.940367759241,376
17,315,2,500,1,15.5249975664724,392
17,316,2,1500,-1,NaN,NaN
17,317,2,1500,-1,NaN,NaN
17,318,2,1500,-1,28.0247409101306,7
17,319,2,1500,-1,NaN,NaN
17,320,2,1500,-1,NaN,NaN
17,321,2,500,1,25.282113410083,538
17,322,2,1500,-1,NaN,NaN
17,323,2,1500,-1,21.1463411134245,367
17,324,2,500,1,22.0132082914669,436
17,325,2,1500,-1,19.1440941538898,303
17,326,2,1500,-1,24.9491306337997,573
17,327,2,500,1,24.3436977857547,593
17,328,2,500,1,6.21584209207473,-57
17,329,2,500,1,17.8242523108228,-62
17,330,2,1500,-1,NaN,NaN
17,331,2,1500,-1,NaN,NaN
17,332,2,500,1,24.3516940502649,456
17,333,2,500,1,23.9589848377221,451
17,334,2,1500,-1,26.9378349713758,264
17,335,2,500,1,22.5309693559162,667
17,336,2,1500,-1,NaN,NaN
17,337,2,500,1,16.4916365768187,461
17,338,2,1500,-1,18.2587540980932,381
17,339,2,1500,-1,24.9678167111581,307
17,340,2,500,1,26.8889754863727,459
17,341,2,1500,-1,13.3628154760426,191
17,342,2,1500,-1,NaN,NaN
17,343,2,500,1,20.4005925911025,545
17,344,2,1500,-1,24.4195132989757,442
17,345,2,500,1,24.731721529526,400
17,346,2,500,1,NaN,NaN
17,347,2,1500,-1,NaN,NaN
17,348,2,1500,-1,NaN,NaN
17,349,2,1500,-1,NaN,NaN
17,350,2,1500,-1,NaN,NaN
17,351,2,1500,-1,NaN,NaN
17,352,2,1500,-1,NaN,NaN
17,353,2,1500,-1,NaN,NaN
17,354,2,1500,-1,NaN,NaN
17,355,2,1500,-1,NaN,NaN
17,356,2,500,1,NaN,NaN
17,357,2,1500,-1,NaN,NaN
17,358,2,500,1,NaN,NaN
17,359,2,1500,-1,NaN,NaN
17,360,2,1500,-1,NaN,NaN
17,361,2,1500,-1,NaN,NaN
17,362,2,500,1,NaN,NaN
17,363,2,1500,-1,NaN,NaN
17,364,2,500,1,NaN,NaN
17,365,2,500,1,29.3366783366138,449
17,366,2,500,1,NaN,NaN
17,367,2,1500,-1,19.3008644755335,271
17,368,2,500,1,23.4352493091771,322
17,369,2,500,1,NaN,NaN
17,370,2,1500,-1,NaN,NaN
17,371,2,1500,-1,NaN,NaN
17,372,2,1500,-1,NaN,NaN
17,373,2,1500,-1,NaN,NaN
17,374,2,500,1,NaN,NaN
17,375,2,500,1,NaN,NaN
17,376,2,500,1,NaN,NaN
17,377,2,500,1,NaN,NaN
17,378,2,1500,-1,NaN,NaN
17,379,2,1500,-1,NaN,NaN
17,380,2,500,1,28.4047351344804,515
17,381,2,500,1,27.294556031831,470
17,382,2,500,1,NaN,NaN
17,383,2,1500,-1,24.8701459200207,370
17,384,2,1500,-1,27.6828447321023,87
17,385,2,500,1,29.3166894603737,-49
17,386,2,1500,-1,NaN,NaN
17,387,2,1500,-1,NaN,NaN
17,388,2,1500,-1,NaN,NaN
17,389,2,500,1,25.8433553200337,425
17,390,2,500,1,NaN,NaN
17,391,2,500,1,27.9807310592998,-93
17,392,2,1500,-1,NaN,NaN
17,393,2,500,1,24.1032430655079,384
17,394,2,1500,-1,28.5779462319298,287
17,395,2,1500,-1,NaN,NaN
17,396,2,500,1,29.0605463854633,552
17,397,2,1500,-1,NaN,NaN
17,398,2,500,1,NaN,NaN
17,399,2,1500,-1,NaN,NaN
17,400,2,1500,-1,NaN,NaN
17,401,2,1500,-1,NaN,NaN
17,402,2,500,1,24.9327974386974,491
17,403,2,1500,-1,27.3998180794619,299
17,404,2,1500,-1,NaN,NaN
17,405,2,500,1,NaN,NaN
17,406,2,500,1,13.6775321571363,-132
17,407,2,1500,-1,NaN,NaN
17,408,2,500,1,17.7155128062358,635
17,409,2,1500,-1,23.7386745956481,326
17,410,2,1500,-1,21.9655404137051,268
17,411,2,500,1,19.4570179391775,358
17,412,2,500,1,17.6882621017911,362
17,413,2,1500,-1,25.7020871332137,351
17,414,2,500,1,26.4737863217762,364
17,415,2,500,1,15.9658108733048,351
17,416,2,1500,-1,25.0464059409426,126
17,417,2,1500,-1,NaN,NaN
17,418,2,1500,-1,NaN,NaN
17,419,2,500,1,22.1947036756955,420
17,420,2,500,1,16.6433218170446,405
17,421,3,500,0,14.7311194708169,473
17,422,3,1250,0,NaN,NaN
17,423,3,1500,0,NaN,NaN
17,424,3,1500,0,21.3593769427985,347
17,425,3,1250,0,21.6918060168394,368
17,426,3,1500,0,15.0702943932444,400
17,427,3,1000,0,10.3751438602149,295
17,428,3,500,0,13.8356676530692,409
17,429,3,500,0,10.1948649458211,69
17,430,3,500,0,10.2002563728639,374
17,431,3,1500,0,19.6275117999538,326
17,432,3,500,0,17.7718058279167,345
17,433,3,750,0,8.94845313147763,303
17,434,3,1250,0,20.2186545341827,317
17,435,3,500,0,11.7449618202112,367
17,436,3,500,0,-1.84806736035227,420
17,437,3,500,0,4.47128621881995,412
17,438,3,750,0,9.56009975511907,395
17,439,3,1000,0,15.4862776901935,349
17,440,3,1000,0,16.0490504819848,296
17,441,3,1000,0,NaN,NaN
17,442,3,1250,0,NaN,NaN
17,443,3,500,0,14.010208997636,363
17,444,3,1500,0,18.1884592439537,362
17,445,3,1250,0,14.8075038043406,382
17,446,3,500,0,8.18746494558832,463
17,447,3,750,0,15.8085958270451,316
17,448,3,1500,0,21.9908666131787,335
17,449,3,1250,0,21.1481345745574,354
17,450,3,750,0,14.8740021508603,315
17,451,3,1500,0,9.86562417120559,430
17,452,3,1500,0,7.51537907764478,350
17,453,3,500,0,7.40201392384513,559
17,454,3,500,0,7.50553845878052,-109
17,455,3,1250,0,9.07881988519191,-190
17,456,3,750,0,16.8556170210413,382
17,457,3,1500,0,12.8555308553065,277
17,458,3,1000,0,6.59547308457536,-71
17,459,3,750,0,NaN,NaN
17,460,3,1000,0,14.6255821731015,299
17,461,3,1000,0,12.6984901244534,589
17,462,3,1250,0,NaN,NaN
17,463,3,1000,0,NaN,NaN
17,464,3,1250,0,16.9592592715936,322
17,465,3,1250,0,14.177614012352,373
17,466,3,1250,0,21.0438750240367,304
17,467,3,1250,0,17.3995780566301,327
17,468,3,1500,0,NaN,NaN
17,469,3,500,0,7.87621834933994,552
17,470,3,1000,0,10.5513084746556,380
17,471,3,1500,0,1.09382910078912,374
17,472,3,1000,0,13.5151392627139,357
17,473,3,1250,0,6.75307398348374,415
17,474,3,750,0,5.55461575533142,683
17,475,3,1000,0,4.01192947533881,365
17,476,3,1500,0,14.7238682178872,353
17,477,3,1500,0,8.47264577036117,400
17,478,3,1000,0,NaN,NaN
17,479,3,1250,0,12.2446132809109,798
17,480,3,1000,0,NaN,NaN
17,481,3,1250,0,16.750088770366,290
17,482,3,1000,0,18.9928811090691,365
17,483,3,1000,0,NaN,NaN
17,484,3,750,0,NaN,NaN
17,485,3,500,0,15.1002753652034,631
17,486,3,1000,0,NaN,NaN
17,487,3,1500,0,NaN,NaN
17,488,3,500,0,11.9258470093713,-38
17,489,3,1250,0,11.3969584841681,636
17,490,3,1000,0,12.9033611596813,391
17,491,3,750,0,16.0299366195944,382
17,492,3,1250,0,16.1574854732508,422
17,493,3,500,0,-2.49045957367592,118
17,494,3,1250,0,13.4518044548418,389
17,495,3,500,0,16.0184238382049,317
17,496,3,500,0,7.93709138488308,-26
17,497,3,1000,0,13.6804449134866,303
17,498,3,1500,0,NaN,NaN
17,499,3,1500,0,NaN,NaN
17,500,3,1500,0,NaN,NaN
17,501,3,500,0,7.5109529178556,71
17,502,3,750,0,13.0274463323328,592
17,503,3,500,0,11.4952612622416,569
17,504,3,1500,0,9.96563681797071,424
17,505,3,500,0,11.0242399608141,524
17,506,3,1000,0,5.88979175743694,552
17,507,3,1250,0,NaN,NaN
17,508,3,750,0,17.8622516203511,1016
17,509,3,1500,0,18.0856225855296,614
17,510,3,750,0,14.3476041931947,403
17,511,3,1250,0,NaN,NaN
17,512,3,750,0,9.65179035714954,451
17,513,3,500,0,17.5446580638876,520
17,514,3,750,0,NaN,NaN
17,515,3,750,0,9.45884774189066,-188
17,516,3,1000,0,13.1177014004285,321
17,517,3,750,0,NaN,NaN
17,518,3,1000,0,4.60126365410753,365
17,519,3,500,0,11.059971151554,406
17,520,3,750,0,10.3945711883457,378
17,521,3,1000,0,8.56027637781987,373
17,522,3,1500,0,NaN,NaN
17,523,3,750,0,NaN,NaN
17,524,3,750,0,8.81262832753176,556
17,525,3,1500,0,11.0303222435404,399
17,526,3,1250,0,NaN,NaN
17,527,3,1000,0,8.90542016309952,396
17,528,3,1500,0,NaN,NaN
17,529,3,750,0,5.43059617839999,344
17,530,3,1250,0,12.9593379702581,3
17,531,3,1250,0,NaN,NaN
17,532,3,1000,0,10.9080264117858,373
17,533,3,750,0,13.2559375282001,381
17,534,3,1500,0,NaN,NaN
17,535,3,500,0,1.80148091970491,519
17,536,3,1500,0,NaN,NaN
17,537,3,750,0,10.9096787532499,354
17,538,3,1250,0,10.2257255771531,-28
17,539,3,1500,0,17.3675576684708,0
17,540,3,750,0,8.92542877279544,-113
17,541,3,1500,0,11.8998131619521,543
17,542,3,1500,0,9.2857951116234,611
17,543,3,500,0,10.8833044384956,266
17,544,3,1000,0,18.245578962627,259
17,545,3,1500,0,13.7203418137556,-96
17,546,3,500,0,17.6775122781901,-120
17,547,3,1250,0,NaN,NaN
17,548,3,1000,0,8.7942059981562,314
17,549,3,1000,0,NaN,NaN
17,550,3,1250,0,16.2996880050706,351
17,551,3,1250,0,15.6446249979315,477
17,552,3,1250,0,NaN,NaN
17,553,3,1500,0,20.1939277612592,434
17,554,3,750,0,11.9574099560946,413
17,555,3,1500,0,NaN,NaN
17,556,3,500,0,9.03215065855217,680
17,557,3,750,0,NaN,NaN
17,558,3,1000,0,15.032586306532,364
17,559,3,1250,0,9.57452127235935,168
17,560,3,750,0,8.550841728133,140
17,561,3,750,0,NaN,NaN
17,562,3,1000,0,NaN,NaN
17,563,3,750,0,NaN,NaN
17,564,3,500,0,7.50790453962909,-48
17,565,3,750,0,9.61540683530548,-168
17,566,3,750,0,NaN,NaN
17,567,3,500,0,10.875547756596,782
17,568,3,1250,0,21.491714950287,433
17,569,3,500,0,25.941453658726,517
17,570,3,1000,0,14.4505770441229,851
18,1,1,500,0,7.41671591369052,567
18,2,1,500,0,-1.83010939352778,408
18,3,1,500,0,1.75670879158699,400
18,4,1,500,0,3.67936477019661,322
18,5,1,500,0,4.12737434135387,315
18,6,1,1500,0,-2.17415067714988,-6
18,7,1,1500,0,5.49954963860611,339
18,8,1,1500,0,-1.41133258669518,363
18,9,1,1500,0,-1.43571426601003,337
18,10,1,1500,0,7.18534686649885,321
18,11,1,500,0,-1.4950806968335,338
18,12,1,1500,0,NaN,NaN
18,13,1,1500,0,-3.95714703161509,315
18,14,1,500,0,-4.77554333552803,371
18,15,1,1500,0,-6.50206969779509,303
18,16,1,500,0,-5.76251996563234,465
18,17,1,500,0,-2.32311731167616,339
18,18,1,1500,0,-1.99690966407467,307
18,19,1,1500,0,-8.9858987748997,352
18,20,1,500,0,-14.2806876346797,463
18,21,2,500,1,-9.38192604517111,570
18,22,2,500,1,-19.117188591817,461
18,23,2,500,1,-28.8552770790185,354
18,24,2,500,1,NaN,NaN
18,25,2,1500,-1,NaN,NaN
18,26,2,500,1,-24.8595074337176,352
18,27,2,1500,-1,-22.6413987306411,326
18,28,2,1500,-1,-26.2244053103703,335
18,29,2,1500,-1,-19.8862630788512,329
18,30,2,1500,-1,-18.1344177901346,365
18,31,2,1500,-1,-14.9698838027599,343
18,32,2,500,1,-14.2532041227316,636
18,33,2,500,1,-25.7260862384934,468
18,34,2,500,1,-27.3778322287134,283
18,35,2,1500,-1,NaN,NaN
18,36,2,1500,-1,-22.6809132204133,357
18,37,2,500,1,-18.1924009826552,520
18,38,2,1500,-1,-24.9612901176539,345
18,39,2,1500,-1,-19.4765362050363,315
18,40,2,1500,-1,-19.2211853563183,308
18,41,2,1500,-1,-15.0187982717272,313
18,42,2,1500,-1,-14.0132464773803,325
18,43,2,1500,-1,-13.8198071284263,304
18,44,2,1500,-1,-15.3631425576453,303
18,45,2,1500,-1,-17.9625548412497,331
18,46,2,1500,-1,-16.0452635883211,345
18,47,2,1500,-1,-12.7321973170044,430
18,48,2,1500,-1,-16.6105606170209,325
18,49,2,500,1,-12.8671532475695,455
18,50,2,1500,-1,-23.5733109188376,350
18,51,2,500,1,-14.821684368659,523
18,52,2,1500,-1,-18.1989792627412,330
18,53,2,1500,-1,-17.9587753192088,323
18,54,2,1500,-1,-16.0539026449563,303
18,55,2,1500,-1,-12.1850850834968,300
18,56,2,1500,-1,-10.3242987213868,320
18,57,2,500,1,-13.4941851240822,476
18,58,2,1500,-1,-18.1458845222195,322
18,59,2,500,1,-19.1978693070093,429
18,60,2,500,1,NaN,NaN
18,61,2,1500,-1,-25.1777403131776,411
18,62,2,500,1,-18.7992980439985,327
18,63,2,1500,-1,-24.3115110559535,301
18,64,2,1500,-1,-18.6128005948121,344
18,65,2,1500,-1,-13.7440498754603,324
18,66,2,1500,-1,-12.832110073427,287
18,67,2,500,1,-15.8064794621746,380
18,68,2,500,1,-24.1665377496111,503
18,69,2,1500,-1,-29.6436853767824,302
18,70,2,1500,-1,-23.2679792938329,305
18,71,2,500,1,-22.5173997134115,372
18,72,2,1500,-1,-25.2779262894896,287
18,73,2,1500,-1,-20.4115752389886,302
18,74,2,1500,-1,-15.1105773541647,293
18,75,2,1500,-1,-16.8351330926511,372
18,76,2,1500,-1,-15.7804392727881,349
18,77,2,500,1,-12.8986637785024,353
18,78,2,1500,-1,-22.0179083733988,282
18,79,2,500,1,-20.989767704021,384
18,80,2,500,1,-29.5171761315185,334
18,81,2,500,1,-29.9622148170745,350
18,82,2,1500,-1,-22.7463016009981,292
18,83,2,500,1,-21.2699267412156,394
18,84,2,1500,-1,-22.5673339639165,307
18,85,2,1500,-1,-22.9632213295853,292
18,86,2,500,1,-25.0716428834099,378
18,87,2,1500,-1,-19.4866158574617,388
18,88,2,500,1,-29.4679151025494,330
18,89,2,1500,-1,-26.1416828095998,325
18,90,2,500,1,-25.0680828003858,238
18,91,2,500,1,-28.0996423981931,-48
18,92,2,1500,-1,-19.9555623119444,325
18,93,2,1500,-1,-19.7085824344986,325
18,94,2,500,1,-22.268989433772,356
18,95,2,1500,-1,-21.1694958214281,322
18,96,2,500,1,-24.2867115929975,304
18,97,2,500,1,-25.4569908705392,359
18,98,2,500,1,-24.3785156576955,326
18,99,2,1500,-1,-22.6018497016153,342
18,100,2,500,1,-27.4652049649408,354
18,101,2,500,1,-21.9459440972958,342
18,102,2,500,1,-28.2595927655892,324
18,103,2,1500,-1,-27.0364417804125,298
18,104,2,1500,-1,-26.6740407386444,348
18,105,2,500,1,-22.5194619179969,-68
18,106,2,1500,-1,NaN,NaN
18,107,2,500,1,-28.464101286359,456
18,108,2,1500,-1,-21.5659913657802,305
18,109,2,1500,-1,-16.8321953124818,308
18,110,2,1500,-1,-18.6314572414487,332
18,111,2,500,1,-20.6132345636549,376
18,112,2,500,1,-23.4011063258521,332
18,113,2,500,1,-22.6967546185535,323
18,114,2,500,1,-25.6970586680547,354
18,115,2,1500,-1,-28.3424346379035,307
18,116,2,500,1,-20.9066020685395,357
18,117,2,1500,-1,-22.4308593627612,293
18,118,2,1500,-1,-16.0251399787908,301
18,119,2,1500,-1,-16.0258062532548,323
18,120,2,1500,-1,-13.2839661487393,312
18,121,2,1500,-1,-18.376095702797,313
18,122,2,500,1,-16.7348598915431,712
18,123,2,500,1,-25.4909981607705,315
18,124,2,1500,-1,-29.0062870467125,292
18,125,2,500,1,-24.7534478798324,405
18,126,2,1500,-1,-25.5353532169805,306
18,127,2,1500,-1,-23.6430247415567,317
18,128,2,1500,-1,-22.397416876162,374
18,129,2,1500,-1,-20.4427784373982,346
18,130,2,1500,-1,-18.3261370542379,307
18,131,2,1500,-1,-14.4637628248545,315
18,132,2,500,1,-21.10242227173,454
18,133,2,1500,-1,-25.2321919453624,305
18,134,2,1500,-1,-19.3806163112181,315
18,135,2,500,1,-21.0331091102183,323
18,136,2,500,1,-25.7974264549604,341
18,137,2,1500,-1,-22.7109605799363,319
18,138,2,500,1,-22.4776839509082,334
18,139,2,500,1,-25.5636577191871,432
18,140,2,500,1,-26.796000898731,333
18,141,2,1500,-1,-28.3122037528778,292
18,142,2,500,1,-25.2465956158371,303
18,143,2,500,1,-27.3925833319039,343
18,144,2,500,1,-29.0426788806342,326
18,145,2,1500,-1,-19.051694270975,320
18,146,2,500,1,-26.8575304452319,370
18,147,2,500,1,-23.8198820773426,389
18,148,2,500,1,-25.8405498802541,330
18,149,2,1500,-1,-24.0748309145751,285
18,150,2,1500,-1,-15.8017386299668,316
18,151,2,500,1,-27.3545150657367,412
18,152,2,500,1,-27.5386342788942,330
18,153,2,1500,-1,-23.981069173943,303
18,154,2,1500,-1,-19.3446797878525,314
18,155,2,1500,-1,-18.4678937719968,329
18,156,2,500,1,-19.0952891937466,378
18,157,2,500,1,-25.5438773854397,347
18,158,2,500,1,-25.4753431575592,366
18,159,2,500,1,-25.5697759896481,343
18,160,2,1500,-1,-22.3827603468358,328
18,161,2,500,1,-15.0226526529561,360
18,162,2,500,1,-21.5217254288313,349
18,163,2,1500,-1,-18.5755293266503,305
18,164,2,1500,-1,-16.105589787412,330
18,165,2,1500,-1,-15.4312301259335,352
18,166,2,500,1,-21.7718390272515,581
18,167,2,1500,-1,NaN,NaN
18,168,2,1500,-1,-16.3618336223636,346
18,169,2,500,1,-16.040281285768,349
18,170,2,500,1,-22.3547902093655,344
18,171,2,500,1,-23.8010755749611,341
18,172,2,500,1,-21.8308456292149,368
18,173,2,500,1,-26.2621053096882,306
18,174,2,1500,-1,-21.0525898803625,347
18,175,2,1500,-1,-19.773356915082,345
18,176,2,1500,-1,-16.8190080716775,312
18,177,2,1500,-1,-20.6416608288823,298
18,178,2,1500,-1,-22.2422078121124,401
18,179,2,1500,-1,-18.6108844652263,375
18,180,2,500,1,-17.2792524680765,593
18,181,2,500,1,-23.6005374578331,361
18,182,2,1500,-1,-24.7279000788654,347
18,183,2,500,1,-21.0031960800165,396
18,184,2,1500,-1,-26.7688082267931,356
18,185,2,1500,-1,-14.0779686542888,320
18,186,2,500,1,-19.9039659293718,303
18,187,2,500,1,-27.0016400689367,353
18,188,2,500,1,-18.4253500733102,324
18,189,2,500,1,-21.7532209575447,346
18,190,2,1500,-1,NaN,NaN
18,191,2,500,1,-13.3428176803514,460
18,192,2,500,1,-21.5542831530137,156
18,193,2,500,1,-18.8691893687183,361
18,194,2,500,1,-19.2908073683131,350
18,195,2,500,1,-24.2055568480566,333
18,196,2,1500,-1,-20.4365091401722,348
18,197,2,500,1,-19.3600688070115,525
18,198,2,500,1,-26.2641318115259,417
18,199,2,500,1,-23.4863540111892,322
18,200,2,1500,-1,-23.6622065784881,295
18,201,2,1500,-1,-13.6834562312636,352
18,202,2,1500,-1,-11.6851047056712,303
18,203,2,1500,-1,-10.0307466769408,338
18,204,2,500,1,-21.801634030262,408
18,205,2,500,1,-24.431838871526,359
18,206,2,500,1,-20.1228923951227,516
18,207,2,1500,-1,-20.1369539927575,328
18,208,2,500,1,-18.5342931973085,295
18,209,2,500,1,-18.0143387042729,320
18,210,2,500,1,-14.2467992369425,345
18,211,2,500,1,-14.1425079518402,314
18,212,2,1500,-1,-12.5152579004618,324
18,213,2,1500,-1,-11.8455352774609,338
18,214,2,1500,-1,-10.9379829334464,317
18,215,2,1500,-1,-10.0998933949907,331
18,216,2,500,1,-10.1909804317999,460
18,217,2,500,1,-13.9541158392633,330
18,218,2,1500,-1,-9.49755477513587,322
18,219,2,500,1,-9.62172946567845,423
18,220,2,500,1,-11.4710035189066,352
18,221,2,1500,-1,-9.31763434977218,310
18,222,2,1500,-1,-6.25608137955606,300
18,223,2,1500,-1,-14.2504956648361,423
18,224,2,1500,-1,-8.41144621594122,312
18,225,2,500,1,-9.76562572405949,449
18,226,2,500,1,-18.5211246245066,368
18,227,2,500,1,-18.1212530106833,371
18,228,2,500,1,-21.6704008902663,366
18,229,2,500,1,-16.1303719016899,375
18,230,2,500,1,-17.0163230088865,347
18,231,2,500,1,-17.6041656418431,353
18,232,2,1500,-1,-6.54392497249683,374
18,233,2,1500,-1,-11.7113672216553,351
18,234,2,500,1,-18.4399456913978,520
18,235,2,500,1,-24.3809158381347,411
18,236,2,500,1,-18.0412395632692,403
18,237,2,1500,-1,-17.8231669344336,349
18,238,2,500,1,-13.1398066085509,518
18,239,2,500,1,-16.5259518548598,360
18,240,2,1500,-1,-14.4476174875024,313
18,241,2,500,1,-18.6886730419317,333
18,242,2,500,1,-18.3191235807848,317
18,243,2,500,1,-18.2264739447852,363
18,244,2,500,1,-20.1167883490917,332
18,245,2,500,1,-21.3064829669125,305
18,246,2,1500,-1,-19.6028210183038,320
18,247,2,500,1,-15.6984548916532,376
18,248,2,1500,-1,-19.5562079966991,331
18,249,2,500,1,-16.1859465737006,359
18,250,2,1500,-1,-14.6065528037957,321
18,251,2,1500,-1,-11.6782148717902,313
18,252,2,1500,-1,-16.0229976236467,312
18,253,2,500,1,-19.0251317152653,518
18,254,2,1500,-1,-20.8539414454095,321
18,255,2,1500,-1,-21.6376579836458,365
18,256,2,1500,-1,-17.1747553222258,311
18,257,2,500,1,-19.6060083594717,328
18,258,2,1500,-1,-21.7841385802771,322
18,259,2,1500,-1,-13.252675602288,316
18,260,2,1500,-1,-19.8320477805379,306
18,261,2,500,1,-24.481984846554,453
18,262,2,1500,-1,-20.6758724631098,283
18,263,2,500,1,NaN,NaN
18,264,2,500,1,-25.6910390943638,368
18,265,2,1500,-1,-23.4240413086435,352
18,266,2,1500,-1,-18.6125722380181,303
18,267,2,500,1,-29.6559424463349,400
18,268,2,1500,-1,-21.1987425480404,325
18,269,2,1500,-1,-29.5817026575052,331
18,270,2,1500,-1,-24.0666565812235,298
18,271,2,500,1,-20.5227142778673,330
18,272,2,1500,-1,-16.8086622877946,305
18,273,2,500,1,-27.7962803501635,362
18,274,2,1500,-1,-25.8337048356676,323
18,275,2,1500,-1,-24.7380726151515,334
18,276,2,1500,-1,-21.8801178642372,314
18,277,2,500,1,-26.3959230680621,358
18,278,2,500,1,-26.7665601220451,421
18,279,2,1500,-1,-25.4519105290216,319
18,280,2,1500,-1,NaN,NaN
18,281,2,1500,-1,-20.8430042210285,293
18,282,2,500,1,-27.7642735464009,408
18,283,2,1500,-1,-26.6017731888694,335
18,284,2,1500,-1,-28.2605262739435,337
18,285,2,500,1,-27.5322519683569,378
18,286,2,500,1,NaN,NaN
18,287,2,500,1,-20.0835261034805,320
18,288,2,1500,-1,-27.9325670798149,299
18,289,2,1500,-1,-18.1236713568751,300
18,290,2,500,1,-22.8905355844452,388
18,291,2,500,1,-28.6852943325692,387
18,292,2,500,1,-25.3720074983716,314
18,293,2,500,1,-29.7021459499975,311
18,294,2,1500,-1,-19.4700017890573,317
18,295,2,500,1,-24.4053730668748,348
18,296,2,1500,-1,-19.7438057913946,314
18,297,2,1500,-1,-19.0450011108247,332
18,298,2,500,1,-23.4316126150734,533
18,299,2,1500,-1,-17.007016499883,296
18,300,2,500,1,-23.2649664560289,383
18,301,2,500,1,NaN,NaN
18,302,2,500,1,-29.4155697794793,359
18,303,2,1500,-1,-25.4919853609967,296
18,304,2,1500,-1,-17.5400251996145,278
18,305,2,500,1,-21.1294346795099,388
18,306,2,1500,-1,-18.6795621021993,269
18,307,2,500,1,-29.2816332142181,439
18,308,2,500,1,-29.7154716230909,348
18,309,2,500,1,-27.414375905095,349
18,310,2,500,1,-29.7188303793852,295
18,311,2,500,1,NaN,NaN
18,312,2,500,1,NaN,NaN
18,313,2,1500,-1,-24.7198151620114,292
18,314,2,1500,-1,-22.4577363717091,285
18,315,2,500,1,-24.3399372428985,342
18,316,2,1500,-1,-29.9090990902363,314
18,317,2,500,1,-23.611551258691,405
18,318,2,500,1,-29.6782606045591,315
18,319,2,500,1,NaN,NaN
18,320,2,500,1,-19.9855546776174,330
18,321,2,500,1,-25.2533621559721,327
18,322,2,500,1,-27.7295814647278,373
18,323,2,1500,-1,-25.5103692679825,319
18,324,2,500,1,-26.1349818820541,318
18,325,2,500,1,-26.7172200036426,358
18,326,2,500,1,-23.8026545919867,341
18,327,2,1500,-1,-21.1628854250595,284
18,328,2,500,1,NaN,NaN
18,329,2,1500,-1,-21.1907053692593,300
18,330,2,500,1,-24.4494713171138,465
18,331,2,500,1,NaN,NaN
18,332,2,1500,-1,NaN,NaN
18,333,2,1500,-1,-23.8190957721871,363
18,334,2,1500,-1,-17.7843906569118,329
18,335,2,500,1,-19.4996537291053,405
18,336,2,500,1,-17.8192026111094,384
18,337,2,500,1,-21.3009976523916,423
18,338,2,500,1,-26.7986324999773,411
18,339,2,500,1,-29.1156149005079,410
18,340,2,500,1,-23.8613817324777,413
18,341,2,1500,-1,-22.6877475240472,304
18,342,2,500,1,-23.3535052915433,392
18,343,2,1500,-1,-22.6120867493308,316
18,344,2,1500,-1,-19.4774889438205,292
18,345,2,1500,-1,-17.7998302109512,322
18,346,2,1500,-1,-18.592056742322,331
18,347,2,500,1,-20.5713801920611,428
18,348,2,500,1,-23.018689739853,394
18,349,2,500,1,-20.9682527421717,332
18,350,2,1500,-1,-16.2092284498563,301
18,351,2,1500,-1,-17.8863665550526,324
18,352,2,1500,-1,-18.0680830827038,321
18,353,2,1500,-1,-11.5388519194986,294
18,354,2,500,1,-17.878975198701,327
18,355,2,1500,-1,-14.026270251741,270
18,356,2,1500,-1,-16.1281336101241,317
18,357,2,500,1,-13.2620016320912,440
18,358,2,1500,-1,NaN,NaN
18,359,2,1500,-1,-21.2978584224817,337
18,360,2,500,1,-16.4276254317416,301
18,361,2,1500,-1,-16.922583275902,300
18,362,2,1500,-1,-19.6734250999499,328
18,363,2,500,1,-21.6154006240048,386
18,364,2,1500,-1,-22.7457168344029,322
18,365,2,500,1,-26.3320427657163,319
18,366,2,1500,-1,-22.9895189010265,293
18,367,2,500,1,-23.4621422740685,333
18,368,2,500,1,-19.5645512222892,321
18,369,2,500,1,-23.8175145203866,365
18,370,2,500,1,-24.1604821812387,353
18,371,2,500,1,-27.5094247809434,312
18,372,2,500,1,-22.8465560670873,304
18,373,2,1500,-1,-18.2723554879987,307
18,374,2,1500,-1,-18.0120066252882,313
18,375,2,500,1,-20.1737895864008,330
18,376,2,500,1,NaN,NaN
18,377,2,1500,-1,-22.2397823685307,283
18,378,2,1500,-1,-13.664163184889,323
18,379,2,1500,-1,-16.9174989323497,361
18,380,2,500,1,-18.1622605928073,384
18,381,2,1500,-1,-16.3095520928485,321
18,382,2,1500,-1,-17.4305212530284,327
18,383,2,1500,-1,NaN,NaN
18,384,2,500,1,-29.4474957544298,476
18,385,2,1500,-1,-19.2170764567272,351
18,386,2,500,1,-27.8144765003551,391
18,387,2,1500,-1,-21.6786689353208,395
18,388,2,500,1,-23.8881451468763,408
18,389,2,1500,-1,NaN,NaN
18,390,2,1500,-1,-17.4044723766756,354
18,391,2,500,1,-18.6781989953228,482
18,392,2,1500,-1,-18.6048229889352,321
18,393,2,500,1,-20.87466395428,379
18,394,2,1500,-1,-18.2155941242998,305
18,395,2,500,1,-24.0942695983284,326
18,396,2,1500,-1,-24.4942693953516,314
18,397,2,500,1,NaN,NaN
18,398,2,500,1,-28.5896529112311,345
18,399,2,1500,-1,-22.7216035641434,312
18,400,2,500,1,-24.7638737392512,366
18,401,2,1500,-1,-24.7911574753576,295
18,402,2,500,1,-26.0074135688449,383
18,403,2,1500,-1,-22.6892055975653,314
18,404,2,1500,-1,-22.0055125016527,338
18,405,2,500,1,-29.8003991229562,414
18,406,2,1500,-1,NaN,NaN
18,407,2,1500,-1,-27.3460423445935,343
18,408,2,500,1,-22.1809781141022,369
18,409,2,1500,-1,-21.0000714251364,318
18,410,2,500,1,-22.5761827905853,377
18,411,2,1500,-1,-24.2335635557288,318
18,412,2,1500,-1,-24.6075739729602,342
18,413,2,500,1,-26.3910836295263,356
18,414,2,500,1,NaN,NaN
18,415,2,1500,-1,-25.454788548806,299
18,416,2,500,1,-26.9753553716803,353
18,417,2,500,1,-28.0353421126278,304
18,418,2,1500,-1,-22.1913274491016,317
18,419,2,1500,-1,-18.1786923549846,304
18,420,2,500,1,-22.1791139774301,354
18,421,3,1000,0,NaN,NaN
18,422,3,1500,0,-16.0522314452965,345
18,423,3,750,0,-22.4053753692194,363
18,424,3,1000,0,-22.107154068724,369
18,425,3,750,0,-22.5844729838246,344
18,426,3,1000,0,-25.2600425029681,332
18,427,3,1500,0,-18.4475625478458,273
18,428,3,500,0,-28.6789689556908,395
18,429,3,750,0,-18.8265873336975,342
18,430,3,1000,0,-19.5697255528001,323
18,431,3,1000,0,-19.7630480392023,318
18,432,3,750,0,-19.889841701769,314
18,433,3,1500,0,-20.9144137848077,321
18,434,3,1250,0,-15.3730833685967,396
18,435,3,1500,0,-23.6062694061794,311
18,436,3,1000,0,-25.2115246363896,353
18,437,3,500,0,NaN,NaN
18,438,3,500,0,-20.4150329756446,354
18,439,3,1250,0,-21.7897039233226,286
18,440,3,1250,0,-25.0196146554498,320
18,441,3,1250,0,-23.9684497725881,301
18,442,3,1250,0,NaN,NaN
18,443,3,1000,0,-29.9399082421529,627
18,444,3,500,0,-23.4611898100055,400
18,445,3,500,0,-19.6911692467959,359
18,446,3,1250,0,-25.3972843610223,307
18,447,3,1000,0,-15.7775156812453,305
18,448,3,1500,0,-21.9787869988527,312
18,449,3,1250,0,NaN,NaN
18,450,3,1500,0,-18.6340361034953,346
18,451,3,1500,0,-15.533320759408,332
18,452,3,500,0,-22.5415963223434,602
18,453,3,750,0,-25.5297881203911,-50
18,454,3,1500,0,-20.8618815424916,345
18,455,3,1250,0,-21.9707866692918,357
18,456,3,500,0,-29.272064169471,409
18,457,3,750,0,-14.8913345244886,312
18,458,3,1500,0,-15.6257189446114,297
18,459,3,750,0,NaN,NaN
18,460,3,750,0,-23.420421285607,306
18,461,3,1000,0,-19.3404224340297,324
18,462,3,750,0,-17.1385540931726,336
18,463,3,1500,0,-18.4862268701003,293
18,464,3,500,0,-22.9281434267827,408
18,465,3,1250,0,-18.6855398152471,329
18,466,3,1250,0,NaN,NaN
18,467,3,750,0,-15.403096976393,347
18,468,3,500,0,-21.5181252069791,330
18,469,3,1500,0,-15.4375490156403,299
18,470,3,1000,0,-18.6891715167378,308
18,471,3,500,0,-10.990984267098,363
18,472,3,750,0,-11.916232371903,321
18,473,3,1250,0,-15.7494766302831,316
18,474,3,1500,0,-15.1104172973066,317
18,475,3,1000,0,-19.5848303953546,341
18,476,3,1000,0,-17.7126564161386,310
18,477,3,1000,0,-13.3954899305619,320
18,478,3,750,0,-14.2270320916167,357
18,479,3,1250,0,-11.1901824681003,306
18,480,3,1500,0,NaN,NaN
18,481,3,750,0,-18.9919559066344,560
18,482,3,500,0,-18.9260030719455,168
18,483,3,750,0,-12.9920130102831,325
18,484,3,500,0,-12.7515930728992,358
18,485,3,1500,0,-14.8143680701212,311
18,486,3,1000,0,-12.414823265101,288
18,487,3,500,0,-13.9751897464186,340
18,488,3,500,0,-12.9705524288448,319
18,489,3,500,0,-14.1833562630719,375
18,490,3,500,0,-11.0221860450684,307
18,491,3,1250,0,-10.9592102995616,249
18,492,3,1500,0,-12.8812370540037,328
18,493,3,1250,0,NaN,NaN
18,494,3,1000,0,-22.773101273549,299
18,495,3,500,0,-15.544440063084,338
18,496,3,1250,0,-16.1278440492268,318
18,497,3,500,0,-15.4002750711044,370
18,498,3,500,0,-15.8338442320575,304
18,499,3,750,0,-19.7209991295959,-191
18,500,3,750,0,-17.5811260349256,317
18,501,3,500,0,-13.9083476246519,356
18,502,3,1000,0,-11.4956099592368,325
18,503,3,1000,0,-13.5919027977845,327
18,504,3,1500,0,-11.5000052602221,313
18,505,3,1500,0,-16.7150479914583,344
18,506,3,1250,0,-19.4000248678903,332
18,507,3,1500,0,-13.3599248681395,328
18,508,3,500,0,-20.9152470904697,372
18,509,3,1000,0,-13.8241564025357,357
18,510,3,1500,0,NaN,NaN
18,511,3,750,0,-16.4666922540981,357
18,512,3,1250,0,-16.9022527147092,336
18,513,3,500,0,-20.907771915386,356
18,514,3,1250,0,-12.0266924428824,329
18,515,3,750,0,-12.7551801457174,352
18,516,3,750,0,-18.8381346899151,367
18,517,3,1500,0,-13.41176149641,327
18,518,3,500,0,-22.6114761127146,116
18,519,3,750,0,-14.0979235637741,304
18,520,3,1250,0,-12.7095366866799,322
18,521,3,1000,0,-19.781462531302,343
18,522,3,750,0,-22.3066824971171,357
18,523,3,1000,0,-15.7563977916459,279
18,524,3,500,0,-17.5260904791886,322
18,525,3,500,0,-19.623912096528,344
18,526,3,750,0,-16.9761848404054,308
18,527,3,1250,0,-12.5837077765458,322
18,528,3,1500,0,-17.9953929541786,298
18,529,3,1500,0,-13.0119873588588,300
18,530,3,1250,0,-21.8926653538858,319
18,531,3,750,0,-27.3071921138016,333
18,532,3,750,0,-19.6262231353295,342
18,533,3,500,0,-23.2643287735611,338
18,534,3,1500,0,-19.6153239390695,262
18,535,3,500,0,-22.5645390937395,384
18,536,3,1500,0,-20.8950983039561,295
18,537,3,1250,0,-17.2389256421924,329
18,538,3,1000,0,-13.116366199582,328
18,539,3,1250,0,-20.7901773324585,310
18,540,3,1500,0,-19.558103980688,301
18,541,3,750,0,-20.7081281273104,337
18,542,3,750,0,-21.0422807634881,313
18,543,3,750,0,-17.1927171513563,338
18,544,3,1250,0,-19.3988946873805,294
18,545,3,1250,0,-22.5615372833422,312
18,546,3,500,0,-23.4446746078687,364
18,547,3,1250,0,-14.4328045837653,285
18,548,3,1000,0,-16.8916275947635,336
18,549,3,750,0,-16.8369645122045,327
18,550,3,1500,0,-19.706670704704,293
18,551,3,1250,0,-12.9343074876537,297
18,552,3,1000,0,-16.2811531963325,336
18,553,3,1000,0,-13.7019258357689,337
18,554,3,1500,0,-16.3191206768814,273
18,555,3,1000,0,-19.597777058949,334
18,556,3,750,0,-22.5377003277552,329
18,557,3,1000,0,-25.6752462485863,314
18,558,3,500,0,-25.1563193771303,351
18,559,3,1000,0,-17.8787776704459,308
18,560,3,1250,0,-17.7954080119163,311
18,561,3,1250,0,-19.8385614507957,333
18,562,3,1000,0,-22.6348615728657,323
18,563,3,750,0,-11.6445105149868,342
18,564,3,1250,0,-15.869882807096,295
18,565,3,1500,0,-18.4219957160244,279
18,566,3,1500,0,-15.8658543583141,316
18,567,3,1000,0,-19.7026871601786,339
18,568,3,500,0,-20.8784320585066,397
18,569,3,1500,0,-17.4719315666557,348
18,570,3,1000,0,-13.3450473980152,328
19,1,1,500,-0,NaN,NaN
19,2,1,500,-0,-1.11567434365764,534
19,3,1,1500,-0,NaN,NaN
19,4,1,1500,-0,NaN,NaN
19,5,1,500,-0,-3.21117256161482,707
19,6,1,1500,-0,NaN,NaN
19,7,1,500,-0,-2.07048635221214,847
19,8,1,1500,-0,-4.15512395573289,480
19,9,1,500,-0,-2.23906891215819,471
19,10,1,1500,-0,-0.857636752914607,362
19,11,1,1500,-0,-1.01579928210802,430
19,12,1,1500,-0,-1.07957271447825,550
19,13,1,1500,-0,-3.5543119841423,456
19,14,1,500,-0,-2.56901258382145,496
19,15,1,1500,-0,-2.57134306618183,389
19,16,1,500,-0,-6.83217346632819,536
19,17,1,1500,-0,3.05529028714166,460
19,18,1,500,-0,-3.98061696489963,-22
19,19,1,500,-0,-6.74342381454851,559
19,20,1,500,-0,0.745897247356765,424
19,21,2,1500,-1,-6.6132804795856,753
19,22,2,500,1,-1.00333022122109,555
19,23,2,1500,-1,-4.30113749714113,409
19,24,2,1500,-1,-0.85682323322751,398
19,25,2,500,1,-1.39215084219466,549
19,26,2,1500,-1,-6.40065787064141,327
19,27,2,1500,-1,-0.0709937479265965,388
19,28,2,1500,-1,6.18585672869261,390
19,29,2,500,1,3.25928752666269,526
19,30,2,1500,-1,4.22627268506342,77
19,31,2,500,1,0.19008083289908,209
19,32,2,500,1,-1.52436391264173,821
19,33,2,500,1,2.38488027350599,660
19,34,2,1500,-1,-1.72202931194931,313
19,35,2,500,1,-0.0880409845913666,620
19,36,2,1500,-1,-3.71264254241463,392
19,37,2,1500,-1,-0.313921169120157,436
19,38,2,500,1,2.25259080617486,506
19,39,2,500,1,2.70957275569574,643
19,40,2,1500,-1,-3.09171866640156,345
19,41,2,1500,-1,2.76713215687774,288
19,42,2,500,1,-7.36957381188153,362
19,43,2,500,1,-4.61446759840844,325
19,44,2,1500,-1,-1.48672464085834,305
19,45,2,1500,-1,-1.77951007876055,370
19,46,2,1500,-1,1.1824614235539,323
19,47,2,500,1,-1.17293922304922,444
19,48,2,1500,-1,-0.25837062331147,365
19,49,2,1500,-1,12.7470391355066,326
19,50,2,1500,-1,NaN,NaN
19,51,2,1500,-1,11.03558894491,366
19,52,2,1500,-1,12.944630402704,467
19,53,2,1500,-1,11.7875234359836,368
19,54,2,1500,-1,NaN,NaN
19,55,2,1500,-1,NaN,NaN
19,56,2,500,1,17.1537373437181,826
19,57,2,1500,-1,8.85348378652691,642
19,58,2,500,1,6.41750327223429,591
19,59,2,1500,-1,NaN,NaN
19,60,2,1500,-1,3.15681379968859,449
19,61,2,1500,-1,-5.7384472210262,440
19,62,2,1500,-1,1.48263089356956,313
19,63,2,1500,-1,5.90151643890716,320
19,64,2,500,1,-1.44488186022686,510
19,65,2,1500,-1,-9.28779058469704,173
19,66,2,1500,-1,-2.60600731224299,405
19,67,2,1500,-1,1.88735479421911,412
19,68,2,500,1,-1.67642599877339,707
19,69,2,1500,-1,-6.66122293898579,455
19,70,2,1500,-1,-3.30965849230861,136
19,71,2,1500,-1,1.34313609056864,471
19,72,2,1500,-1,4.8604480134555,441
19,73,2,500,1,2.1574820949474,463
19,74,2,1500,-1,-5.5570416611081,378
19,75,2,500,1,1.33076431856465,557
19,76,2,500,1,-16.4718245864354,631
19,77,2,500,1,-18.9093443616753,565
19,78,2,1500,-1,-14.3906963404915,369
19,79,2,500,1,-15.9684171599478,625
19,80,2,500,1,-14.7903516530375,450
19,81,2,500,1,-12.7827268658695,742
19,82,2,1500,-1,-13.7694779562067,399
19,83,2,1500,-1,-9.64112905352443,426
19,84,2,500,1,-12.6374009910531,610
19,85,2,500,1,-20.3545208665941,575
19,86,2,500,1,-15.0964500446833,490
19,87,2,500,1,-20.8993319207183,393
19,88,2,1500,-1,-24.2359049803981,381
19,89,2,500,1,-19.5537018701307,520
19,90,2,500,1,NaN,NaN
19,91,2,1500,-1,-22.1314743740188,392
19,92,2,500,1,-19.9155275171318,749
19,93,2,500,1,-26.7319742625634,378
19,94,2,500,1,NaN,NaN
19,95,2,500,1,-22.2897989167509,412
19,96,2,1500,-1,-28.1530530055627,392
19,97,2,500,1,-18.0369416733745,485
19,98,2,500,1,-24.8064705853668,492
19,99,2,1500,-1,-24.8940006595415,405
19,100,2,1500,-1,-13.8338735114668,420
19,101,2,500,1,-26.7381248917184,724
19,102,2,500,1,-23.2771103138066,381
19,103,2,1500,-1,NaN,NaN
19,104,2,500,1,-26.4778571424217,964
19,105,2,500,1,-27.2783683496443,656
19,106,2,500,1,NaN,NaN
19,107,2,500,1,NaN,NaN
19,108,2,1500,-1,NaN,NaN
19,109,2,500,1,-18.9154555942624,168
19,110,2,1500,-1,-16.2026666159064,549
19,111,2,1500,-1,-8.44089191453208,721
19,112,2,1500,-1,-8.79703802002091,535
19,113,2,500,1,-4.63153523483837,606
19,114,2,1500,-1,-9.95756138375386,472
19,115,2,500,1,-7.81742696552279,428
19,116,2,500,1,-15.967787246756,116
19,117,2,1500,-1,-15.4239239884964,378
19,118,2,1500,-1,-9.3402549017548,492
19,119,2,1500,-1,-8.15910045010325,378
19,120,2,500,1,4.69792006195469,682
19,121,2,500,1,-8.26838561747059,498
19,122,2,1500,-1,-6.6944608952111,403
19,123,2,1500,-1,-4.2441674459238,410
19,124,2,1500,-1,-0.0921800764433989,477
19,125,2,500,1,-5.1885266092035,579
19,126,2,500,1,-5.2589736176677,506
19,127,2,1500,-1,-11.1156620523496,497
19,128,2,1500,-1,-3.79896800928545,454
19,129,2,500,1,-12.0051296453753,542
19,130,2,1500,-1,-10.9399426504852,491
19,131,2,1500,-1,-8.69363497327476,591
19,132,2,500,1,-1.29040543528295,485
19,133,2,1500,-1,-11.7574862599656,435
19,134,2,500,1,-12.052068764692,637
19,135,2,500,1,-9.3632506366869,580
19,136,2,1500,-1,-6.1160016476355,594
19,137,2,500,1,-6.96350690624389,681
19,138,2,500,1,-17.0531091090645,583
19,139,2,1500,-1,-6.14571697402165,534
19,140,2,500,1,-10.4381709349718,554
19,141,2,1500,-1,-17.0052042181933,395
19,142,2,1500,-1,-6.07811933074934,540
19,143,2,500,1,-4.90452888611586,710
19,144,2,1500,-1,-5.56007875014584,399
19,145,2,1500,-1,-7.55045084065916,423
19,146,2,500,1,0.551633065513636,730
19,147,2,500,1,0.154903241716394,734
19,148,2,1500,-1,-8.81213765313702,385
19,149,2,1500,-1,1.77173814833402,337
19,150,2,1500,-1,-4.73171732552647,410
19,151,2,500,1,2.13042819420898,523
19,152,2,500,1,2.46144678905307,929
19,153,2,1500,-1,1.94508392150608,362
19,154,2,500,1,4.73893034372848,17
19,155,2,1500,-1,5.31473098278165,401
19,156,2,500,1,1.81237364961866,564
19,157,2,500,1,-1.34593499077008,628
19,158,2,500,1,-7.10256279652679,455
19,159,2,1500,-1,-1.42777355125902,351
19,160,2,1500,-1,4.0305693145515,325
19,161,2,500,1,6.70053177592176,384
19,162,2,500,1,0.0158380582174374,377
19,163,2,1500,-1,-1.71288645863884,372
19,164,2,500,1,3.33161461736698,462
19,165,2,500,1,1.34676359792374,364
19,166,2,500,1,0.209138247465666,360
19,167,2,1500,-1,-2.75166037893427,415
19,168,2,500,1,-1.52120005480383,377
19,169,2,1500,-1,0.493157792115678,380
19,170,2,1500,-1,4.1315057950906,433
19,171,2,1500,-1,3.86516464794939,273
19,172,2,500,1,3.30951685022719,717
19,173,2,1500,-1,NaN,NaN
19,174,2,500,1,0.331272616906209,710
19,175,2,1500,-1,NaN,NaN
19,176,2,500,1,-0.780564132602712,54
19,177,2,500,1,-6.25112968837791,462
19,178,2,500,1,-0.651218944922687,466
19,179,2,500,1,-3.06741922384506,661
19,180,2,500,1,-6.24660103340594,480
19,181,2,500,1,-4.15611389151235,416
19,182,2,1500,-1,NaN,NaN
19,183,2,1500,-1,4.82712283692006,421
19,184,2,500,1,8.08542172104092,580
19,185,2,1500,-1,4.4760863672219,358
19,186,2,500,1,-4.81640427755132,526
19,187,2,500,1,-7.75856959853687,640
19,188,2,500,1,-2.68098852809856,403
19,189,2,1500,-1,-5.7223331248762,388
19,190,2,500,1,2.26979715503469,456
19,191,2,1500,-1,4.57795999971364,363
19,192,2,500,1,-0.913883749704579,508
19,193,2,500,1,-8.23832928111002,504
19,194,2,1500,-1,-10.81718137687,398
19,195,2,1500,-1,-4.59820921955775,406
19,196,2,500,1,1.32189425323467,769
19,197,2,500,1,-8.20965836983762,479
19,198,2,1500,-1,-2.30528012424165,409
19,199,2,1500,-1,1.5231972056491,406
19,200,2,500,1,-3.49788047543191,527
19,201,2,500,1,-8.22689871779984,580
19,202,2,1500,-1,-8.03792655633657,363
19,203,2,500,1,-7.6060475782826,501
19,204,2,1500,-1,0.927370426086571,455
19,205,2,500,1,4.67821186801898,589
19,206,2,1500,-1,2.08750402079658,360
19,207,2,1500,-1,1.5653920081665,387
19,208,2,500,1,2.13567289996739,530
19,209,2,1500,-1,0.0790319791754678,362
19,210,2,500,1,-9.7191051579033,490
19,211,2,500,1,-6.61594630632018,419
19,212,2,1500,-1,-7.86928616175125,393
19,213,2,1500,-1,-2.99421263945172,422
19,214,2,500,1,-3.80434802945994,507
19,215,2,500,1,-9.91494946549285,496
19,216,2,500,1,-7.322989582019,472
19,217,2,1500,-1,-6.67914952947316,427
19,218,2,500,1,1.64886434722221,392
19,219,2,500,1,-3.23362282483704,393
19,220,2,1500,-1,NaN,NaN
19,221,2,500,1,-8.61998020442885,1134
19,222,2,500,1,-9.68207171432091,616
19,223,2,1500,-1,-10.1344916624679,432
19,224,2,1500,-1,-2.21088382185072,564
19,225,2,1500,-1,1.61260413548282,514
19,226,2,1500,-1,0.0403876524652986,359
19,227,2,1500,-1,1.25575973697945,422
19,228,2,500,1,-1.14449720326928,556
19,229,2,1500,-1,2.80103151622179,397
19,230,2,500,1,5.45885349950869,540
19,231,2,500,1,-9.03314655363877,530
19,232,2,500,1,-9.37934232173353,621
19,233,2,500,1,-10.7383840695924,362
19,234,2,1500,-1,-8.63889598842393,417
19,235,2,1500,-1,0.924125696834411,412
19,236,2,1500,-1,0.378825707198966,351
19,237,2,500,1,4.61158854675016,911
19,238,2,1500,-1,0.15940481107989,328
19,239,2,1500,-1,11.6375284277811,363
19,240,2,500,1,1.02003679743582,438
19,241,2,1500,-1,4.13078226721421,358
19,242,2,1500,-1,9.31914623546187,408
19,243,2,500,1,-5.40231515551227,596
19,244,2,1500,-1,7.05319494052684,376
19,245,2,1500,-1,10.1425605952262,361
19,246,2,500,1,8.26146138870118,514
19,247,2,500,1,-1.97597709988501,547
19,248,2,1500,-1,13.2489053998244,397
19,249,2,1500,-1,12.924360623946,386
19,250,2,1500,-1,10.5793580961368,598
19,251,2,1500,-1,14.2011692950771,421
19,252,2,500,1,-0.354858979337214,760
19,253,2,500,1,-8.20576929498229,505
19,254,2,500,1,-6.3774113781204,362
19,255,2,1500,-1,-5.45617665189434,369
19,256,2,500,1,-8.3145936297219,415
19,257,2,1500,-1,0.347391368076935,440
19,258,2,500,1,7.82990580186481,603
19,259,2,1500,-1,-0.315101379045706,433
19,260,2,1500,-1,-1.37891150206777,443
19,261,2,500,1,-1.75574138527542,589
19,262,2,1500,-1,NaN,NaN
19,263,2,1500,-1,7.00463930042275,476
19,264,2,1500,-1,2.16635347180842,397
19,265,2,500,1,-1.08453699029013,542
19,266,2,500,1,-9.26882251251871,532
19,267,2,500,1,-4.89312484354334,481
19,268,2,1500,-1,-9.89205719950532,365
19,269,2,1500,-1,3.07057339920497,371
19,270,2,500,1,1.13646727019421,545
19,271,2,500,1,-3.01290347599395,405
19,272,2,500,1,-3.01819325690034,369
19,273,2,500,1,-12.343479451169,388
19,274,2,500,1,-1.42577372557543,516
19,275,2,500,1,0.0188851131400062,482
19,276,2,1500,-1,-2.24363063499649,345
19,277,2,500,1,-6.07305558160801,646
19,278,2,1500,-1,-4.22228067315997,405
19,279,2,1500,-1,-1.00687790264812,379
19,280,2,500,1,-4.64325066080557,600
19,281,2,1500,-1,-2.85659958715924,362
19,282,2,1500,-1,2.15303643947104,431
19,283,2,500,1,-4.13223957388862,498
19,284,2,1500,-1,-2.01665057425628,417
19,285,2,1500,-1,-4.63676975761712,399
19,286,2,500,1,8.42242406914753,245
19,287,2,1500,-1,3.04118497178667,450
19,288,2,1500,-1,1.24267667411655,494
19,289,2,1500,-1,2.34041991194091,477
19,290,2,1500,-1,0.909599285759644,380
19,291,2,1500,-1,-3.47857799559365,410
19,292,2,500,1,4.63859127267159,590
19,293,2,1500,-1,-7.65145562886025,174
19,294,2,500,1,1.51398792858655,444
19,295,2,1500,-1,1.6216122043017,354
19,296,2,1500,-1,1.72655311087859,366
19,297,2,500,1,-1.87654417436977,584
19,298,2,500,1,1.80372927628,425
19,299,2,500,1,-9.84774931544307,508
19,300,2,1500,-1,-4.12411916611867,412
19,301,2,1500,-1,-1.73740025479764,376
19,302,2,1500,-1,5.16741483436726,364
19,303,2,1500,-1,0.47250673014305,348
19,304,2,1500,-1,NaN,NaN
19,305,2,500,1,-3.66404100707895,582
19,306,2,1500,-1,NaN,NaN
19,307,2,1500,-1,NaN,NaN
19,308,2,500,1,-7.15268742108099,836
19,309,2,1500,-1,-6.70433831670385,554
19,310,2,1500,-1,3.13171839309952,388
19,311,2,500,1,1.75658000109694,550
19,312,2,1500,-1,1.96396122219914,451
19,313,2,500,1,-2.8009124879535,526
19,314,2,500,1,-3.60149952518594,506
19,315,2,500,1,-6.83683881316376,315
19,316,2,500,1,-1.2913784500165,452
19,317,2,500,1,-7.45899561201975,437
19,318,2,1500,-1,-4.99703994007875,374
19,319,2,1500,-1,3.48182255761344,353
19,320,2,500,1,-1.60812182440138,555
19,321,2,500,1,-4.30651823914698,582
19,322,2,1500,-1,0.120116036559121,430
19,323,2,1500,-1,5.15355931129998,357
19,324,2,1500,-1,4.97518403364926,528
19,325,2,1500,-1,1.34379514780375,382
19,326,2,500,1,5.84990722616584,431
19,327,2,1500,-1,-0.572636168441012,454
19,328,2,500,1,-5.53154822364584,515
19,329,2,500,1,-7.05972629679883,500
19,330,2,500,1,1.29857880023358,296
19,331,2,500,1,-4.76498158382443,527
19,332,2,500,1,-11.8711388469434,520
19,333,2,500,1,1.80886850929458,551
19,334,2,500,1,7.10477913301803,454
19,335,2,500,1,-4.80305874847829,582
19,336,2,500,1,3.88807840113987,426
19,337,2,500,1,4.96420840733063,375
19,338,2,1500,-1,0.840319303907585,373
19,339,2,500,1,8.57662879650417,471
19,340,2,500,1,4.94967957865325,456
19,341,2,500,1,5.40018999279592,115
19,342,2,500,1,12.3704677252308,395
19,343,2,1500,-1,27.0039365489826,409
19,344,2,500,1,8.78903461841195,473
19,345,2,500,1,10.7769163296661,490
19,346,2,500,1,1.96456563115137,477
19,347,2,500,1,17.1096010011326,413
19,348,2,500,1,8.12585201278498,396
19,349,2,500,1,9.81064366948477,489
19,350,2,1500,-1,NaN,NaN
19,351,2,500,1,6.06973717426321,889
19,352,2,500,1,-4.98520337102385,725
19,353,2,1500,-1,1.54618531175658,438
19,354,2,500,1,-0.287935367002357,601
19,355,2,1500,-1,-1.46132375153726,364
19,356,2,1500,-1,3.84218188247053,530
19,357,2,1500,-1,5.87408831903352,531
19,358,2,1500,-1,3.62956741414809,446
19,359,2,500,1,-1.91028364414961,761
19,360,2,500,1,-7.06299036846002,628
19,361,2,500,1,-8.8741722726393,607
19,362,2,1500,-1,4.53012463210268,450
19,363,2,500,1,-4.97439645186413,524
19,364,2,1500,-1,-0.429939787526216,480
19,365,2,500,1,-1.82389684098204,589
19,366,2,500,1,-2.69027526824155,659
19,367,2,500,1,1.71070632205224,717
19,368,2,500,1,-2.98445904889674,556
19,369,2,500,1,4.35577071406613,394
19,370,2,1500,-1,4.14779354090032,341
19,371,2,500,1,1.95440776457369,482
19,372,2,1500,-1,6.54869674092663,428
19,373,2,500,1,12.4499268920416,557
19,374,2,1500,-1,17.9146936296715,551
19,375,2,1500,-1,8.6419348521003,491
19,376,2,500,1,7.4580398350029,569
19,377,2,500,1,18.4663259095696,187
19,378,2,500,1,-4.24686112752082,466
19,379,2,1500,-1,8.16999297035893,394
19,380,2,1500,-1,8.31391006472175,185
19,381,2,1500,-1,13.3823427993259,418
19,382,2,1500,-1,9.5516676037854,357
19,383,2,1500,-1,11.8869182097083,342
19,384,2,500,1,8.36284813107514,952
19,385,2,500,1,0.428446343992267,514
19,386,2,1500,-1,4.89232572822365,411
19,387,2,1500,-1,11.0208464360227,401
19,388,2,1500,-1,17.2585628100364,398
19,389,2,1500,-1,9.2518210403683,388
19,390,2,500,1,7.7229044158827,562
19,391,2,500,1,-4.93974479831353,541
19,392,2,500,1,2.12601819132189,487
19,393,2,1500,-1,NaN,NaN
19,394,2,500,1,-3.69408149689765,362
19,395,2,1500,-1,NaN,NaN
19,396,2,1500,-1,0.0980241874083754,600
19,397,2,500,1,2.47519370098542,545
19,398,2,500,1,2.34572653458987,502
19,399,2,500,1,-2.77580940772601,510
19,400,2,1500,-1,-3.51664706961596,388
19,401,2,500,1,-0.748330147353181,508
19,402,2,500,1,-2.24069436713912,465
19,403,2,500,1,-9.34690085015889,310
19,404,2,1500,-1,-8.98803607681032,373
19,405,2,1500,-1,-0.0428186716031738,428
19,406,2,1500,-1,3.14192393343896,515
19,407,2,500,1,-1.2994550750888,481
19,408,2,1500,-1,3.43326463838129,379
19,409,2,1500,-1,6.639674162077,347
19,410,2,1500,-1,7.30258159284596,405
19,411,2,1500,-1,12.2906400497122,369
19,412,2,1500,-1,7.28465271673373,326
19,413,2,1500,-1,4.52255479878976,370
19,414,2,1500,-1,11.2877632408946,448
19,415,2,1500,-1,14.9708465901576,374
19,416,2,500,1,8.10516930675003,492
19,417,2,1500,-1,6.1000894399901,353
19,418,2,500,1,-0.0875082957901231,532
19,419,2,1500,-1,5.79038690871602,401
19,420,2,500,1,-7.39422720284575,473
19,421,3,500,-0,-1.20181623991502,837
19,422,3,1000,-0,6.93758232564598,418
19,423,3,750,-0,5.27151970953868,435
19,424,3,750,-0,6.85141483582094,405
19,425,3,1250,-0,4.18690538631027,353
19,426,3,500,-0,-6.2518954092374,429
19,427,3,1500,-0,9.55425339157828,366
19,428,3,1250,-0,2.03576610998847,409
19,429,3,1250,-0,5.82010882029875,563
19,430,3,1000,-0,1.39152377677789,409
19,431,3,500,-0,-0.444611971230983,405
19,432,3,1500,-0,9.01322777629959,10
19,433,3,500,-0,7.6867128832119,553
19,434,3,750,-0,7.48848954151831,389
19,435,3,1000,-0,6.91602979737117,465
19,436,3,750,-0,3.80583862768595,644
19,437,3,750,-0,2.69788873322404,279
19,438,3,1250,-0,12.4774663610012,368
19,439,3,1250,-0,6.13861667841582,479
19,440,3,1250,-0,4.18592378653586,544
19,441,3,750,-0,1.47962835760245,398
19,442,3,1500,-0,5.24275610822752,333
19,443,3,750,-0,2.31233734806615,708
19,444,3,1000,-0,6.0297453079188,385
19,445,3,750,-0,3.52522625664681,365
19,446,3,1250,-0,4.55891730845191,406
19,447,3,500,-0,0.459439976378627,717
19,448,3,500,-0,5.60814509673153,440
19,449,3,750,-0,-1.57264589449788,381
19,450,3,500,-0,2.3776339043256,443
19,451,3,1000,-0,4.15324972550757,371
19,452,3,750,-0,1.17707705180268,340
19,453,3,1000,-0,NaN,NaN
19,454,3,500,-0,1.5039931454917,406
19,455,3,1500,-0,1.90752315554885,369
19,456,3,750,-0,0.942757175502018,446
19,457,3,750,-0,0.958763110463245,407
19,458,3,1000,-0,4.49293541045626,475
19,459,3,500,-0,-0.98338067176579,509
19,460,3,1250,-0,14.0455364064655,496
19,461,3,1250,-0,3.36055971377348,500
19,462,3,1000,-0,-2.9610801286418,402
19,463,3,1250,-0,2.64149566825604,442
19,464,3,500,-0,-2.09267029864248,433
19,465,3,1250,-0,3.22303011621752,386
19,466,3,750,-0,-1.28865609519772,452
19,467,3,1250,-0,4.05598204049204,328
19,468,3,1250,-0,1.03172572335346,417
19,469,3,1250,-0,-1.62036889323566,379
19,470,3,500,-0,2.19332202086596,531
19,471,3,1500,-0,4.71458862008678,208
19,472,3,1500,-0,3.62824314563867,336
19,473,3,750,-0,1.7969234254221,479
19,474,3,1000,-0,1.72694620600804,521
19,475,3,1250,-0,4.31647390009698,474
19,476,3,1500,-0,1.97146725317735,459
19,477,3,1500,-0,14.1070383076859,394
19,478,3,1000,-0,NaN,NaN
19,479,3,1000,-0,7.90151581572582,490
19,480,3,1000,-0,4.55872674391637,516
19,481,3,1250,-0,10.4142174753572,382
19,482,3,1500,-0,6.23984272297622,312
19,483,3,500,-0,7.24000878011232,508
19,484,3,1250,-0,9.80601776393038,490
19,485,3,1250,-0,2.05239881652977,532
19,486,3,500,-0,2.41166898527404,668
19,487,3,750,-0,5.34642034879733,448
19,488,3,1250,-0,6.08433513829196,321
19,489,3,1500,-0,2.63661926864019,340
19,490,3,1250,-0,10.4613609448297,403
19,491,3,1000,-0,2.49433697515493,394
19,492,3,1500,-0,4.43253345822925,418
19,493,3,1250,-0,0.422401597644827,404
19,494,3,1500,-0,2.09076102043013,424
19,495,3,1250,-0,-0.983617887793436,366
19,496,3,1500,-0,5.75987272611618,466
19,497,3,750,-0,1.71046520757697,536
19,498,3,1000,-0,5.02514798121986,441
19,499,3,1000,-0,3.74979746605801,403
19,500,3,750,-0,5.55852532491132,980
19,501,3,1250,-0,2.37188976174724,325
19,502,3,1250,-0,5.02710883641322,402
19,503,3,1500,-0,15.2162517996827,363
19,504,3,1500,-0,8.11539357256282,109
19,505,3,1250,-0,3.60164155699994,481
19,506,3,500,-0,-4.13387463118988,543
19,507,3,750,-0,6.40411166157003,459
19,508,3,1500,-0,3.88999548262499,357
19,509,3,1250,-0,-0.0919271639048788,355
19,510,3,750,-0,-0.679214182317491,311
19,511,3,750,-0,2.42834559425229,411
19,512,3,1000,-0,-1.99361333648313,389
19,513,3,1500,-0,-0.44848944017816,-49
19,514,3,1250,-0,2.81279276410358,570
19,515,3,1500,-0,8.10666650228371,712
19,516,3,1000,-0,3.53733289907161,512
19,517,3,500,-0,1.38365717762963,561
19,518,3,1500,-0,9.57336684363973,320
19,519,3,500,-0,3.05634014001984,511
19,520,3,1500,-0,10.4527519835534,376
19,521,3,500,-0,0.580966778849057,365
19,522,3,1000,-0,4.00911169881959,334
19,523,3,750,-0,2.41237435247757,431
19,524,3,1500,-0,0.506178864700832,325
19,525,3,500,-0,0.555639192321397,456
19,526,3,1500,-0,1.51921492645838,317
19,527,3,1000,-0,0.935973944841703,336
19,528,3,750,-0,0.0727329278776538,372
19,529,3,1000,-0,-2.80159783452372,332
19,530,3,1500,-0,NaN,NaN
19,531,3,500,-0,-1.31557875226387,554
19,532,3,750,-0,2.54566187556509,356
19,533,3,500,-0,9.88382819885853,401
19,534,3,750,-0,3.79758219073532,331
19,535,3,500,-0,10.9461506604023,401
19,536,3,750,-0,3.06143088468591,368
19,537,3,1000,-0,7.67770833636587,318
19,538,3,1000,-0,-2.97339692927321,101
19,539,3,1000,-0,5.57549229171398,364
19,540,3,1500,-0,11.3558215934381,378
19,541,3,1000,-0,5.27264123088116,386
19,542,3,750,-0,8.17155560581106,383
19,543,3,500,-0,0.0842961424326275,451
19,544,3,1500,-0,10.0840040826487,400
19,545,3,1000,-0,4.74463205324783,347
19,546,3,500,-0,4.20154336683827,399
19,547,3,500,-0,8.08002291369086,382
19,548,3,1250,-0,6.22738397564698,371
19,549,3,1250,-0,7.74239352334808,352
19,550,3,1000,-0,3.16179349040955,368
19,551,3,750,-0,8.52668278151431,412
19,552,3,1500,-0,6.33951129161904,384
19,553,3,1500,-0,6.85728539779516,382
19,554,3,500,-0,5.15009083040668,376
19,555,3,500,-0,6.64573239633463,411
19,556,3,500,-0,-4.38873577087032,483
19,557,3,1000,-0,9.36612752659203,417
19,558,3,1000,-0,5.56252679472212,441
19,559,3,500,-0,3.60749947899715,507
19,560,3,750,-0,1.32682583969102,386
19,561,3,750,-0,2.25146204963995,511
19,562,3,1500,-0,3.69843128216701,455
19,563,3,500,-0,3.38323150681716,682
19,564,3,1500,-0,2.70469260468267,353
19,565,3,750,-0,2.69732595886074,411
19,566,3,1250,-0,3.44187193134423,359
19,567,3,500,-0,0.41215431062622,410
19,568,3,1000,-0,-1.70990893363232,48
19,569,3,1000,-0,6.38910329827858,430
19,570,3,1500,-0,3.00958273892226,420
20,1,1,500,0,1.0832310901094,72
20,2,1,500,0,9.00483956002319,31
20,3,1,500,0,-1.02825535045464,-49
20,4,1,1500,0,4.51447350693302,615
20,5,1,1500,0,-4.66615217568849,387
20,6,1,1500,0,3.35871285192505,382
20,7,1,500,0,-2.0661780864504,598
20,8,1,500,0,5.16674855232678,346
20,9,1,1500,0,NaN,NaN
20,10,1,1500,0,NaN,NaN
20,11,1,1500,0,6.8500382527554,515
20,12,1,1500,0,4.11116787998992,386
20,13,1,500,0,-0.804592681144528,490
20,14,1,1500,0,9.27887123680443,321
20,15,1,1500,0,9.53785616238511,310
20,16,1,500,0,4.26964088281653,367
20,17,1,500,0,6.76104011108194,464
20,18,1,500,0,9.59994346890044,487
20,19,1,500,0,-4.39112249119244,394
20,20,1,1500,0,5.03751608141054,390
20,21,2,500,1,3.69158988833704,791
20,22,2,1500,-1,-3.43604766916528,394
20,23,2,1500,-1,4.0701396961328,489
20,24,2,500,1,7.86187822542206,-51
20,25,2,500,1,0.435300626901794,453
20,26,2,1500,-1,2.14710448279799,612
20,27,2,500,1,6.66279845451074,801
20,28,2,500,1,2.16902122004684,527
20,29,2,1500,-1,-3.05193459463381,465
20,30,2,1500,-1,6.88647870014873,295
20,31,2,500,1,12.9681772767181,526
20,32,2,500,1,0.141569178979391,16
20,33,2,1500,-1,8.73698277391607,358
20,34,2,500,1,10.781278475881,495
20,35,2,500,1,8.70609485459041,421
20,36,2,500,1,2.34453371431293,370
20,37,2,500,1,8.03091120711927,576
20,38,2,1500,-1,3.85799583604294,260
20,39,2,1500,-1,5.74537354611655,305
20,40,2,1500,-1,15.7140447851161,211
20,41,2,500,1,9.19817204337395,423
20,42,2,500,1,3.69942121926947,368
20,43,2,500,1,5.53010601224592,376
20,44,2,1500,-1,4.2474164174478,282
20,45,2,1500,-1,5.38884672326209,269
20,46,2,1500,-1,11.396368672662,293
20,47,2,1500,-1,18.6688613272209,293
20,48,2,500,1,11.5601134316465,488
20,49,2,1500,-1,11.7006788128718,284
20,50,2,1500,-1,10.9853209596571,330
20,51,2,500,1,15.4543875696399,7
20,52,2,1500,-1,8.57286830273544,289
20,53,2,500,1,11.2222256297069,370
20,54,2,1500,-1,9.33950474889331,376
20,55,2,500,1,11.5768218908833,399
20,56,2,1500,-1,9.13555082530875,308
20,57,2,500,1,8.81969228383053,373
20,58,2,500,1,10.5521066397284,422
20,59,2,500,1,6.95405420318332,375
20,60,2,500,1,3.41580192028882,431
20,61,2,1500,-1,10.3742621241919,377
20,62,2,1500,-1,5.58035190179814,301
20,63,2,1500,-1,NaN,NaN
20,64,2,500,1,4.95406669091835,574
20,65,2,1500,-1,NaN,NaN
20,66,2,1500,-1,NaN,NaN
20,67,2,1500,-1,10.2463798175848,336
20,68,2,1500,-1,16.6176561053874,496
20,69,2,1500,-1,21.0582174451909,414
20,70,2,500,1,23.1312071001839,644
20,71,2,1500,-1,NaN,NaN
20,72,2,500,1,11.1737162316697,849
20,73,2,500,1,9.256937377878,450
20,74,2,1500,-1,9.12046213002519,333
20,75,2,1500,-1,10.1993746607162,301
20,76,2,1500,-1,18.6138822531895,431
20,77,2,1500,-1,17.512478217407,322
20,78,2,500,1,23.525398361143,373
20,79,2,1500,-1,9.1121238353442,367
20,80,2,500,1,6.17163450453996,384
20,81,2,500,1,6.86146278738149,376
20,82,2,500,1,3.38864556710858,362
20,83,2,500,1,8.63905745764974,317
20,84,2,500,1,2.50414259905003,323
20,85,2,1500,-1,3.48772538500729,321
20,86,2,1500,-1,11.6621908047912,337
20,87,2,1500,-1,8.75313772596876,342
20,88,2,1500,-1,19.2066992757322,321
20,89,2,500,1,9.52489262974069,473
20,90,2,500,1,-1.03141296107894,315
20,91,2,500,1,4.62993294239398,623
20,92,2,1500,-1,9.86343907705592,339
20,93,2,500,1,3.52950168458531,835
20,94,2,1500,-1,NaN,NaN
20,95,2,500,1,4.50781500538935,557
20,96,2,1500,-1,9.96187658911249,412
20,97,2,1500,-1,5.63747322197795,345
20,98,2,1500,-1,11.8999368044389,256
20,99,2,500,1,10.5778706620541,362
20,100,2,1500,-1,16.2124332633497,274
20,101,2,1500,-1,19.1214403565188,267
20,102,2,500,1,13.0950634665036,379
20,103,2,1500,-1,16.086199663813,288
20,104,2,1500,-1,17.8225097824568,98
20,105,2,1500,-1,22.3578890874222,248
20,106,2,500,1,11.6595654131609,483
20,107,2,500,1,18.535655178182,749
20,108,2,500,1,11.0902678601296,-34
20,109,2,500,1,2.95287189728684,-37
20,110,2,500,1,3.35522774754554,564
20,111,2,1500,-1,-0.676331784890953,357
20,112,2,500,1,7.85974348335795,311
20,113,2,500,1,5.24396229105507,278
20,114,2,1500,-1,13.3302538798959,304
20,115,2,500,1,13.5361693197152,340
20,116,2,1500,-1,6.55603248723379,312
20,117,2,500,1,6.34297628621743,481
20,118,2,1500,-1,12.7444545758785,364
20,119,2,500,1,11.3110213433332,352
20,120,2,500,1,4.26405379003514,393
20,121,2,1500,-1,6.74974686434897,389
20,122,2,1500,-1,16.6309310338675,336
20,123,2,1500,-1,14.5225525438327,307
20,124,2,1500,-1,10.9804773191091,375
20,125,2,500,1,9.89697318208773,602
20,126,2,1500,-1,NaN,NaN
20,127,2,1500,-1,10.9456322007689,364
20,128,2,1500,-1,14.0694886584882,347
20,129,2,1500,-1,22.0230186162697,351
20,130,2,1500,-1,6.50869068877819,312
20,131,2,500,1,6.00957725627954,541
20,132,2,1500,-1,NaN,NaN
20,133,2,500,1,11.2203385817457,918
20,134,2,1500,-1,9.75469807199245,306
20,135,2,500,1,8.31968190807648,466
20,136,2,500,1,3.324230518036,513
20,137,2,500,1,2.13893617767819,-38
20,138,2,1500,-1,3.96371487015334,307
20,139,2,500,1,5.14655734593075,572
20,140,2,500,1,3.26119465987715,519
20,141,2,500,1,-0.598749000471133,261
20,142,2,1500,-1,-3.08721760353971,353
20,143,2,500,1,0.25268012859542,-52
20,144,2,1500,-1,-2.54200404407623,325
20,145,2,500,1,6.50468022005172,973
20,146,2,1500,-1,8.73547690171228,311
20,147,2,1500,-1,5.73911996139141,383
20,148,2,1500,-1,NaN,NaN
20,149,2,1500,-1,6.08729370008999,756
20,150,2,500,1,16.2005242882571,980
20,151,2,500,1,5.31495258237123,468
20,152,2,1500,-1,5.0198872088894,476
20,153,2,1500,-1,4.24746864415128,628
20,154,2,500,1,14.8446022693821,450
20,155,2,1500,-1,12.8047501809649,334
20,156,2,1500,-1,NaN,NaN
20,157,2,500,1,8.66104135908405,552
20,158,2,500,1,2.30733201923258,523
20,159,2,500,1,1.03970703677955,441
20,160,2,500,1,5.90905565118503,729
20,161,2,500,1,-2.79236090807828,598
20,162,2,500,1,-0.584484106060695,362
20,163,2,1500,-1,-2.26939815544091,556
20,164,2,500,1,-3.7922455431685,531
20,165,2,1500,-1,2.42952891271667,343
20,166,2,500,1,0.629748229262608,708
20,167,2,1500,-1,0.00495401834451932,491
20,168,2,1500,-1,4.78270834498823,375
20,169,2,500,1,5.61208915044593,-32
20,170,2,1500,-1,1.48069177774742,613
20,171,2,1500,-1,9.67723577060056,549
20,172,2,1500,-1,9.39689285533268,-54
20,173,2,500,1,3.66935831486462,600
20,174,2,1500,-1,NaN,NaN
20,175,2,500,1,5.63899312723147,532
20,176,2,500,1,0.00954804777711526,450
20,177,2,1500,-1,5.73482187836784,333
20,178,2,1500,-1,NaN,NaN
20,179,2,1500,-1,NaN,NaN
20,180,2,1500,-1,15.1844093695228,326
20,181,2,1500,-1,25.114518654948,341
20,182,2,500,1,9.70140000464488,664
20,183,2,1500,-1,10.7322999531341,294
20,184,2,1500,-1,22.8779072374069,313
20,185,2,1500,-1,17.4340596418449,341
20,186,2,500,1,14.8444773369698,385
20,187,2,500,1,14.4482665783159,347
20,188,2,500,1,8.64329978036564,359
20,189,2,500,1,5.01322997775428,391
20,190,2,1500,-1,10.3583594959939,316
20,191,2,1500,-1,13.0829643719084,305
20,192,2,500,1,10.7461087397824,363
20,193,2,1500,-1,14.2225014070272,291
20,194,2,500,1,15.6145007647017,370
20,195,2,500,1,8.7243689192981,265
20,196,2,500,1,15.2284664927794,366
20,197,2,1500,-1,12.3225818366112,336
20,198,2,500,1,11.5601578933138,-147
20,199,2,1500,-1,15.1328624292518,310
20,200,2,1500,-1,17.8932285641988,325
20,201,2,500,1,16.3651814617716,518
20,202,2,500,1,14.9310740419542,540
20,203,2,500,1,7.72507314348181,349
20,204,2,500,1,4.62754378567156,444
20,205,2,1500,-1,9.45717697865398,351
20,206,2,1500,-1,6.41003587585689,335
20,207,2,500,1,4.07650507660536,511
20,208,2,1500,-1,9.40797765706106,322
20,209,2,1500,-1,18.3722126898013,332
20,210,2,1500,-1,26.2784289058755,280
20,211,2,1500,-1,NaN,NaN
20,212,2,500,1,4.70906130440665,-108
20,213,2,500,1,8.35671089792876,753
20,214,2,1500,-1,NaN,NaN
20,215,2,1500,-1,18.1918808496936,335
20,216,2,1500,-1,19.8182633915789,454
20,217,2,500,1,24.581787107767,431
20,218,2,500,1,12.9053681288223,462
20,219,2,500,1,15.2640130516469,277
20,220,2,1500,-1,NaN,NaN
20,221,2,1500,-1,17.9069500779077,433
20,222,2,500,1,17.2709360627916,394
20,223,2,1500,-1,20.1054881238209,317
20,224,2,500,1,16.4359370343166,49
20,225,2,1500,-1,25.9379549231768,564
20,226,2,1500,-1,23.9655896882909,338
20,227,2,1500,-1,17.2809095206961,418
20,228,2,1500,-1,NaN,NaN
20,229,2,1500,-1,NaN,NaN
20,230,2,500,1,23.0633511774647,417
20,231,2,500,1,16.2247298100136,-49
20,232,2,1500,-1,19.3089554970597,285
20,233,2,500,1,21.7588328308523,651
20,234,2,500,1,11.1284209264401,-49
20,235,2,1500,-1,10.0104187130067,413
20,236,2,500,1,14.738251916404,453
20,237,2,500,1,9.88997094305683,370
20,238,2,1500,-1,18.4797882889173,322
20,239,2,500,1,13.9033697381524,574
20,240,2,500,1,11.3860376400304,358
20,241,2,500,1,8.38712730566337,311
20,242,2,500,1,5.12310803074295,485
20,243,2,1500,-1,13.3881137519211,343
20,244,2,1500,-1,15.4443394363671,-122
20,245,2,500,1,9.43585737563817,-68
20,246,2,1500,-1,11.3013543931917,398
20,247,2,1500,-1,19.7683743955516,324
20,248,2,1500,-1,16.7981380095689,389
20,249,2,1500,-1,24.0181394770452,322
20,250,2,500,1,15.30466587421,-5
20,251,2,1500,-1,15.2064045989131,655
20,252,2,500,1,16.1566651330265,635
20,253,2,1500,-1,16.8048403166819,358
20,254,2,500,1,13.5571985771924,1120
20,255,2,1500,-1,12.8015981502699,316
20,256,2,500,1,9.57409869940533,630
20,257,2,1500,-1,13.1805815322523,334
20,258,2,500,1,10.637909750378,371
20,259,2,1500,-1,12.7384428063012,325
20,260,2,1500,-1,18.8941963129718,342
20,261,2,500,1,10.5836776198855,638
20,262,2,1500,-1,16.1243816498938,332
20,263,2,1500,-1,18.0502709233164,359
20,264,2,500,1,10.3813084807146,494
20,265,2,1500,-1,7.46397785990496,357
20,266,2,1500,-1,NaN,NaN
20,267,2,1500,-1,12.7693686505727,483
20,268,2,1500,-1,19.6457891609191,326
20,269,2,1500,-1,17.3153166102214,462
20,270,2,500,1,18.6976046466628,509
20,271,2,500,1,9.3006003184603,416
20,272,2,500,1,7.43222262386461,202
20,273,2,500,1,7.09773950371295,540
20,274,2,1500,-1,12.8821532222437,303
20,275,2,1500,-1,13.5049637890097,327
20,276,2,500,1,6.27186886017407,469
20,277,2,1500,-1,14.0844609616768,330
20,278,2,1500,-1,18.8611799389272,306
20,279,2,1500,-1,25.3750885574311,303
20,280,2,500,1,13.4242540565703,538
20,281,2,500,1,5.37679155448491,392
20,282,2,1500,-1,2.77789601769112,327
20,283,2,1500,-1,7.03308269536303,327
20,284,2,1500,-1,21.8651048595953,435
20,285,2,500,1,14.3219702330424,-63
20,286,2,500,1,NaN,NaN
20,287,2,1500,-1,NaN,NaN
20,288,2,1500,-1,NaN,NaN
20,289,2,500,1,8.83751345090685,733
20,290,2,1500,-1,6.97752605810839,680
20,291,2,500,1,4.7945048185499,465
20,292,2,500,1,8.1331068153918,498
20,293,2,500,1,-0.384271321455908,25
20,294,2,1500,-1,7.39662422996121,360
20,295,2,1500,-1,12.5009471149639,312
20,296,2,1500,-1,7.54223357352616,435
20,297,2,500,1,4.98916624991664,519
20,298,2,1500,-1,NaN,NaN
20,299,2,500,1,1.54948107167053,635
20,300,2,1500,-1,5.78564300994592,305
20,301,2,1500,-1,-2.6850660675281,347
20,302,2,1500,-1,3.89847426310844,404
20,303,2,1500,-1,6.11539197723397,394
20,304,2,1500,-1,9.1062213355452,484
20,305,2,500,1,4.28983130316722,587
20,306,2,1500,-1,-1.34854553269949,316
20,307,2,500,1,-1.62390086012934,341
20,308,2,500,1,2.45905551960208,346
20,309,2,500,1,-0.120266287580056,453
20,310,2,500,1,-1.93241073070831,306
20,311,2,1500,-1,NaN,NaN
20,312,2,1500,-1,10.589864142126,339
20,313,2,500,1,5.8860684068328,387
20,314,2,500,1,-4.09934476419411,368
20,315,2,500,1,-4.37277383239165,428
20,316,2,500,1,-5.54303726476864,-43
20,317,2,1500,-1,1.33746580721017,414
20,318,2,500,1,3.68540390498708,696
20,319,2,500,1,-1.39378183833221,576
20,320,2,500,1,-0.648280485980693,642
20,321,2,500,1,-0.872927344572254,375
20,322,2,1500,-1,4.83484945497994,316
20,323,2,1500,-1,4.38345354661656,551
20,324,2,1500,-1,9.74452828354884,776
20,325,2,1500,-1,13.1332918130388,351
20,326,2,1500,-1,9.37357144307882,277
20,327,2,500,1,6.97035069488436,397
20,328,2,500,1,2.74367296855035,502
20,329,2,1500,-1,5.02731237275572,373
20,330,2,1500,-1,7.95912216654672,302
20,331,2,1500,-1,4.95583543138748,324
20,332,2,500,1,3.23132479421234,385
20,333,2,500,1,-2.59663071392651,447
20,334,2,500,1,6.08627037705999,423
20,335,2,1500,-1,-0.689689557122446,411
20,336,2,500,1,4.67299607616472,381
20,337,2,1500,-1,0.298470518993079,301
20,338,2,500,1,1.1768373643436,399
20,339,2,500,1,6.57197927309694,311
20,340,2,1500,-1,3.39584606309122,323
20,341,2,500,1,-0.0963849031381917,442
20,342,2,500,1,-1.83671368448103,610
20,343,2,1500,-1,-3.71882706367749,375
20,344,2,1500,-1,-2.3454160020369,458
20,345,2,1500,-1,NaN,NaN
20,346,2,1500,-1,8.03592891125374,512
20,347,2,500,1,-1.27210448096498,-63
20,348,2,500,1,0.38015836611191,704
20,349,2,500,1,1.44218514573452,336
20,350,2,500,1,0.686246774924972,473
20,351,2,500,1,-2.74816876421853,346
20,352,2,500,1,0.200213572245592,637
20,353,2,500,1,-2.56128906005819,302
20,354,2,500,1,-6.94530897475731,311
20,355,2,1500,-1,NaN,NaN
20,356,2,1500,-1,-0.657504504905944,273
20,357,2,500,1,-2.6438084405878,377
20,358,2,500,1,-4.00009611975829,352
20,359,2,500,1,-6.24404642777681,418
20,360,2,1500,-1,3.20223575824506,335
20,361,2,1500,-1,NaN,NaN
20,362,2,500,1,6.28159542844498,19
20,363,2,500,1,6.58659388083527,495
20,364,2,500,1,-4.30991760640312,714
20,365,2,1500,-1,NaN,NaN
20,366,2,500,1,-2.4564951355122,553
20,367,2,500,1,-0.352579189867764,615
20,368,2,1500,-1,-1.59347023494028,507
20,369,2,500,1,5.50333075819019,683
20,370,2,500,1,3.39211010869079,917
20,371,2,500,1,2.26032981099439,939
20,372,2,500,1,-2.84280820763794,775
20,373,2,500,1,-7.46948173302264,805
20,374,2,500,1,-14.3165580134827,997
20,375,2,1500,-1,NaN,NaN
20,376,2,500,1,-4.90354087994188,388
20,377,2,500,1,5.91727437845583,707
20,378,2,500,1,-3.23695974992387,388
20,379,2,1500,-1,-7.96007410764809,424
20,380,2,1500,-1,NaN,NaN
20,381,2,500,1,NaN,NaN
20,382,2,500,1,-4.88837965303505,950
20,383,2,1500,-1,-3.89587930673196,443
20,384,2,500,1,-1.58510981879068,582
20,385,2,500,1,-5.96819678537699,429
20,386,2,1500,-1,3.74160382824476,449
20,387,2,1500,-1,8.48972582283732,385
20,388,2,500,1,-2.1648975880386,346
20,389,2,1500,-1,2.19265924874856,361
20,390,2,500,1,-2.37366513091361,396
20,391,2,1500,-1,NaN,NaN
20,392,2,1500,-1,3.58826649315416,460
20,393,2,500,1,1.22786255143899,638
20,394,2,1500,-1,-0.82757900819809,460
20,395,2,1500,-1,NaN,NaN
20,396,2,1500,-1,3.27955357602404,449
20,397,2,500,1,-2.75295634865245,-40
20,398,2,1500,-1,-2.84235066314757,360
20,399,2,500,1,-1.88356874178573,577
20,400,2,500,1,0.0999880170218679,24
20,401,2,500,1,-6.10874304175136,290
20,402,2,500,1,NaN,NaN
20,403,2,500,1,-7.03807113687438,315
20,404,2,1500,-1,-0.725889764157915,417
20,405,2,1500,-1,-5.39884991027493,423
20,406,2,1500,-1,-3.33972796236291,367
20,407,2,500,1,-3.26363022149676,489
20,408,2,500,1,-6.24628912290551,436
20,409,2,500,1,-4.75495173005261,671
20,410,2,1500,-1,-2.33717963347296,307
20,411,2,1500,-1,-0.32053404289953,320
20,412,2,500,1,-2.1386098567073,308
20,413,2,1500,-1,NaN,NaN
20,414,2,500,1,-4.25468152367507,411
20,415,2,500,1,-3.84517049626403,455
20,416,2,1500,-1,0.431657540666649,493
20,417,2,1500,-1,-3.60430606463443,325
20,418,2,500,1,-4.53257979142757,408
20,419,2,500,1,-10.6486254960479,410
20,420,2,1500,-1,-4.531851949428,311
20,421,3,500,0,NaN,NaN
20,422,3,1250,0,-9.53333557938251,225
20,423,3,1500,0,-2.14738378302623,333
20,424,3,1000,0,-1.03370694336255,359
20,425,3,1000,0,0.875605370410805,372
20,426,3,500,0,-3.95664035248592,475
20,427,3,1500,0,-0.535212701742665,234
20,428,3,1000,0,-2.33089853414151,302
20,429,3,1500,0,0.882132186497273,443
20,430,3,1500,0,3.05449706910486,318
20,431,3,1500,0,2.18445012475011,280
20,432,3,1000,0,-1.18015937068919,392
20,433,3,1000,0,-2.14504472172853,471
20,434,3,750,0,0.541592899532059,653
20,435,3,1000,0,-2.10296877282405,341
20,436,3,1500,0,-3.3143276895565,414
20,437,3,1250,0,-0.2789376130781,357
20,438,3,750,0,-4.30299795995909,384
20,439,3,500,0,1.94489161781711,569
20,440,3,500,0,2.831775048898,315
20,441,3,750,0,3.67675530118046,444
20,442,3,1000,0,3.96800963872698,358
20,443,3,1500,0,4.49126883273741,394
20,444,3,1000,0,3.52066735728102,429
20,445,3,500,0,-2.37774709287708,636
20,446,3,1500,0,-2.07024628401247,474
20,447,3,1500,0,0.930180905518006,296
20,448,3,1250,0,-2.39548857331605,400
20,449,3,500,0,-1.82069200893041,400
20,450,3,750,0,1.0253277868326,606
20,451,3,500,0,1.59726857258878,310
20,452,3,750,0,NaN,NaN
20,453,3,1500,0,-3.6064875813765,285
20,454,3,1250,0,-2.16165632188837,310
20,455,3,500,0,-1.85333743293705,399
20,456,3,1500,0,3.75124144894931,375
20,457,3,1500,0,-2.7030825853627,314
20,458,3,500,0,-3.59395163132087,475
20,459,3,1500,0,-3.22778040369786,319
20,460,3,1000,0,2.64567011189671,448
20,461,3,750,0,2.543338562967,698
20,462,3,500,0,-2.62656572560355,342
20,463,3,1000,0,5.30728223562309,504
20,464,3,1250,0,-1.57404636338644,426
20,465,3,1500,0,4.74138535722664,437
20,466,3,1500,0,-1.7787224981441,324
20,467,3,750,0,3.17164618862063,771
20,468,3,1000,0,-2.86866832954602,519
20,469,3,1000,0,NaN,NaN
20,470,3,750,0,-3.27253503198467,480
20,471,3,500,0,-0.460428974293728,506
20,472,3,1000,0,-3.55606089525393,276
20,473,3,1500,0,-3.01124663039948,332
20,474,3,500,0,-0.568653279299755,360
20,475,3,500,0,5.40390392141535,375
20,476,3,1000,0,3.04093995101087,303
20,477,3,750,0,-0.800073290116315,265
20,478,3,1250,0,NaN,NaN
20,479,3,1250,0,6.52069728724692,261
20,480,3,750,0,2.35208113992412,465
20,481,3,1000,0,-0.828058276500763,402
20,482,3,1250,0,-4.92386489295163,314
20,483,3,1250,0,-0.533282056181845,349
20,484,3,1250,0,6.12908014619371,429
20,485,3,500,0,-4.68019116565874,862
20,486,3,750,0,NaN,NaN
20,487,3,750,0,-5.99278067722636,295
20,488,3,1500,0,0.209536435839331,370
20,489,3,500,0,-0.796410645346177,415
20,490,3,1250,0,-1.80909931310402,256
20,491,3,750,0,1.48978131379666,318
20,492,3,750,0,4.93254880820866,377
20,493,3,1000,0,0.808691620983547,350
20,494,3,1250,0,1.97281091022396,282
20,495,3,1250,0,-5.08203788394246,333
20,496,3,500,0,0.109789714447844,96
20,497,3,750,0,0.898530933679749,340
20,498,3,750,0,-1.17048059801923,393
20,499,3,1000,0,4.53914696828293,342
20,500,3,1250,0,NaN,NaN
20,501,3,1000,0,-0.695139948344155,329
20,502,3,500,0,-5.14606202213876,333
20,503,3,500,0,-7.13949518981469,304
20,504,3,750,0,-2.38603117640067,339
20,505,3,1500,0,-0.577330395744426,247
20,506,3,500,0,-6.60145987762795,435
20,507,3,1000,0,-3.82442143608763,259
20,508,3,500,0,-3.42750539078483,312
20,509,3,1500,0,-2.3408489579946,343
20,510,3,1250,0,-4.54308631207395,316
20,511,3,1000,0,-11.5117098585935,316
20,512,3,500,0,-3.12943617585963,410
20,513,3,1250,0,-6.50325327163531,293
20,514,3,1000,0,-11.612274202499,327
20,515,3,1000,0,NaN,NaN
20,516,3,500,0,-4.36152408505351,329
20,517,3,1500,0,2.12801268061997,385
20,518,3,500,0,-1.59039881978957,375
20,519,3,750,0,4.12168770265448,350
20,520,3,1250,0,3.2767868918966,343
20,521,3,1500,0,-4.59444910458977,310
20,522,3,500,0,0.118281484022602,567
20,523,3,1000,0,-0.445356635721464,444
20,524,3,1250,0,7.48149852138402,280
20,525,3,1500,0,0.788414023919899,305
20,526,3,1000,0,1.80038396298189,419
20,527,3,1250,0,-5.78182360358939,345
20,528,3,1000,0,2.83491710331892,404
20,529,3,750,0,3.11623656756193,654
20,530,3,1250,0,-3.28837606925242,3
20,531,3,1500,0,-0.0859327038895647,252
20,532,3,1000,0,0.319167787024459,315
20,533,3,1250,0,0.413835813896868,268
20,534,3,1500,0,-5.53727794873853,329
20,535,3,1250,0,9.37857884116985,340
20,536,3,750,0,-7.72404270570975,314
20,537,3,1500,0,7.16078657106637,284
20,538,3,500,0,1.71205259844545,553
20,539,3,1250,0,0.432461429458451,319
20,540,3,1500,0,0.625395327825111,645
20,541,3,1500,0,NaN,NaN
20,542,3,500,0,-1.43902825906278,386
20,543,3,1250,0,-0.313763649435527,554
20,544,3,1000,0,5.57275529532121,273
20,545,3,1250,0,NaN,NaN
20,546,3,1250,0,-5.36129844819638,387
20,547,3,750,0,-0.870054073232507,-65
20,548,3,1250,0,NaN,NaN
20,549,3,500,0,-0.599765491537628,567
20,550,3,750,0,-5.85230655377169,363
20,551,3,750,0,7.05487749129722,310
20,552,3,750,0,1.22069401256851,349
20,553,3,1500,0,-1.47700107596081,319
20,554,3,1250,0,-7.41140143574868,338
20,555,3,500,0,-10.5050634113579,364
20,556,3,1500,0,-1.5330441621283,300
20,557,3,750,0,-10.0531260725094,350
20,558,3,750,0,-1.8032423063404,491
20,559,3,750,0,3.31372027187188,24
20,560,3,1500,0,1.09296555132771,360
20,561,3,1250,0,1.91911420210109,343
20,562,3,1250,0,-1.48465782007748,559
20,563,3,500,0,-2.95755251265431,372
20,564,3,1000,0,1.69087204102176,327
20,565,3,1000,0,-2.21545725890045,335
20,566,3,750,0,-1.68207352854727,380
20,567,3,1000,0,0.832540986652811,301
20,568,3,750,0,-2.38526308402911,319
20,569,3,750,0,NaN,NaN
20,570,3,500,0,-11.3407668302994,340
21,1,1,1500,-0,NaN,NaN
21,2,1,500,-0,-5.82216851141469,439
21,3,1,500,-0,-4.12609316025672,369
21,4,1,1500,-0,NaN,NaN
21,5,1,1500,-0,-4.20156520771666,424
21,6,1,500,-0,-1.20882027741064,-60
21,7,1,1500,-0,NaN,NaN
21,8,1,500,-0,-5.10220083023307,377
21,9,1,500,-0,-0.782947157346952,344
21,10,1,1500,-0,-3.50532838469186,333
21,11,1,1500,-0,-5.54049475700332,346
21,12,1,500,-0,-0.524915145737608,381
21,13,1,500,-0,0.641981698711511,368
21,14,1,1500,-0,-1.07504314355991,333
21,15,1,1500,-0,-1.85272047176814,321
21,16,1,500,-0,-4.81867910623839,604
21,17,1,1500,-0,NaN,NaN
21,18,1,500,-0,-3.17927468805994,67
21,19,1,500,-0,-3.39096402896365,333
21,20,1,1500,-0,-1.28472732171169,358
21,21,2,500,1,-2.89399414461859,430
21,22,2,500,1,-5.44098380200318,385
21,23,2,1500,-1,-9.3597569563502,348
21,24,2,500,1,2.12999860558129,408
21,25,2,1500,-1,-4.16755980058992,325
21,26,2,1500,-1,-2.07579654368393,292
21,27,2,1500,-1,-2.26104405893348,360
21,28,2,500,1,1.29117782830442,528
21,29,2,1500,-1,NaN,NaN
21,30,2,500,1,0.794397985862346,82
21,31,2,1500,-1,-5.48482594942322,14
21,32,2,1500,-1,NaN,NaN
21,33,2,500,1,-0.586541061688157,532
21,34,2,1500,-1,-3.9747405425441,328
21,35,2,500,1,-5.5092946391532,485
21,36,2,500,1,-3.94749006065151,356
21,37,2,1500,-1,-5.42375247151761,301
21,38,2,500,1,-3.00662093752995,380
21,39,2,500,1,-5.85209535205232,373
21,40,2,1500,-1,NaN,NaN
21,41,2,1500,-1,-5.6720569349459,305
21,42,2,500,1,-3.19079250032169,477
21,43,2,500,1,-5.17084178981636,345
21,44,2,1500,-1,-3.96633165492797,325
21,45,2,500,1,-4.03062633164375,407
21,46,2,1500,-1,-6.38074870679412,295
21,47,2,500,1,-6.70300686006086,381
21,48,2,500,1,-2.55526413630017,306
21,49,2,500,1,-1.96044804426523,-17
21,50,2,1500,-1,-12.0433768532384,307
21,51,2,1500,-1,-3.77156862305032,273
21,52,2,1500,-1,-4.93702883853508,124
21,53,2,1500,-1,-5.62778857228607,341
21,54,2,500,1,-6.59877077335046,426
21,55,2,500,1,-9.23349829158387,376
21,56,2,500,1,-13.5181262395592,402
21,57,2,500,1,-12.6445697338425,347
21,58,2,1500,-1,-7.37069845998654,274
21,59,2,1500,-1,-11.5175091611546,322
21,60,2,1500,-1,-1.59277864655435,313
21,61,2,1500,-1,3.63720067871953,317
21,62,2,500,1,-1.63070931143501,407
21,63,2,500,1,0.242755656012062,533
21,64,2,500,1,-3.7320787670305,301
21,65,2,500,1,-6.51594146099833,397
21,66,2,500,1,-8.91766028989584,303
21,67,2,1500,-1,-1.14312612765365,292
21,68,2,1500,-1,3.13823429780388,313
21,69,2,1500,-1,0.508056845020446,301
21,70,2,1500,-1,-1.75097591329582,321
21,71,2,500,1,-3.08512770324187,333
21,72,2,500,1,-7.13685279945268,360
21,73,2,1500,-1,-6.49202320519523,296
21,74,2,1500,-1,-2.24048847435758,288
21,75,2,500,1,0.643373777159824,359
21,76,2,500,1,-2.42637240615783,311
21,77,2,500,1,1.13878551811896,346
21,78,2,500,1,-2.7117435960771,332
21,79,2,500,1,-4.82928869938361,330
21,80,2,1500,-1,-11.7247645015012,287
21,81,2,500,1,-0.214188731334385,350
21,82,2,1500,-1,-3.44048249743401,84
21,83,2,500,1,-1.94662316139586,310
21,84,2,500,1,-0.434219156135963,-42
21,85,2,1500,-1,-5.27415579932043,339
21,86,2,1500,-1,2.91836590998145,280
21,87,2,500,1,0.971862750740773,374
21,88,2,1500,-1,-1.86736279702613,301
21,89,2,500,1,-1.96035041609608,370
21,90,2,1500,-1,-2.79885774080412,306
21,91,2,1500,-1,6.67509237021934,286
21,92,2,1500,-1,4.63044726865212,305
21,93,2,1500,-1,2.445180556679,275
21,94,2,500,1,1.80632334316359,377
21,95,2,500,1,0.0376131658305072,311
21,96,2,500,1,-3.16226360895271,312
21,97,2,500,1,-3.24351230242645,343
21,98,2,500,1,-8.54526861771748,365
21,99,2,1500,-1,-3.92982852752259,279
21,100,2,1500,-1,0.109901496819418,270
21,101,2,500,1,0.293757358655506,388
21,102,2,500,1,-1.82612739585508,318
21,103,2,500,1,-6.09976272612906,347
21,104,2,500,1,-10.5328818576993,290
21,105,2,500,1,-8.81385316432652,326
21,106,2,1500,-1,-8.20065604960037,325
21,107,2,1500,-1,-3.17471710880655,305
21,108,2,500,1,-1.9467576638065,405
21,109,2,500,1,-4.1396454756195,385
21,110,2,1500,-1,-7.49902608437539,324
21,111,2,1500,-1,-0.772886843264905,289
21,112,2,1500,-1,NaN,NaN
21,113,2,500,1,2.00812751336203,349
21,114,2,500,1,-4.69586149342182,318
21,115,2,1500,-1,7.57648991741428,289
21,116,2,500,1,3.99002803671957,373
21,117,2,1500,-1,1.88402271886359,335
21,118,2,1500,-1,0.351382240668805,315
21,119,2,1500,-1,NaN,NaN
21,120,2,1500,-1,1.71721980785722,343
21,121,2,1500,-1,-0.456311553179922,360
21,122,2,1500,-1,4.12355925262955,351
21,123,2,1500,-1,9.44180817020898,295
21,124,2,1500,-1,10.4083138320257,304
21,125,2,1500,-1,7.07611349789377,329
21,126,2,500,1,10.7274015996008,391
21,127,2,500,1,3.55543287047617,324
21,128,2,1500,-1,NaN,NaN
21,129,2,1500,-1,6.58276729318523,337
21,130,2,1500,-1,7.20496599968398,283
21,131,2,1500,-1,0.999611382699405,292
21,132,2,1500,-1,9.91332903298638,301
21,133,2,500,1,2.78637036935148,407
21,134,2,1500,-1,2.65664455212544,323
21,135,2,1500,-1,2.90010414876895,329
21,136,2,1500,-1,5.53099757129315,273
21,137,2,1500,-1,4.21389557948902,338
21,138,2,1500,-1,4.50553793046253,321
21,139,2,500,1,4.44502863097555,-10
21,140,2,500,1,-5.99967155557706,483
21,141,2,1500,-1,-10.0766081363146,289
21,142,2,500,1,4.06298492843482,405
21,143,2,1500,-1,-0.0707244089308448,297
21,144,2,500,1,0.247418332531932,475
21,145,2,500,1,-3.73122303947788,420
21,146,2,500,1,1.53264274521726,360
21,147,2,1500,-1,-8.2232636721328,288
21,148,2,1500,-1,5.23732980060014,285
21,149,2,1500,-1,6.85714423263407,274
21,150,2,500,1,-0.836587371508012,429
21,151,2,1500,-1,5.5112761488423,301
21,152,2,1500,-1,NaN,NaN
21,153,2,500,1,-2.89302145714592,421
21,154,2,1500,-1,3.53864699934888,383
21,155,2,500,1,0.71996546575055,432
21,156,2,500,1,-2.04117088963073,453
21,157,2,500,1,-2.82558460558689,321
21,158,2,1500,-1,-9.22957780970069,281
21,159,2,1500,-1,-3.09268833876076,289
21,160,2,500,1,-0.798134104242885,361
21,161,2,1500,-1,0.503394962701008,290
21,162,2,500,1,-2.14942589152117,429
21,163,2,500,1,-8.36139701419753,488
21,164,2,500,1,-5.7797807306879,406
21,165,2,1500,-1,NaN,NaN
21,166,2,500,1,-2.68681473882258,428
21,167,2,500,1,-1.46322280441956,384
21,168,2,500,1,-6.16501516275189,349
21,169,2,500,1,-4.5804107385617,319
21,170,2,1500,-1,-3.97535456151236,319
21,171,2,1500,-1,2.65065129101077,326
21,172,2,1500,-1,1.17263754042616,296
21,173,2,1500,-1,3.41712638194251,348
21,174,2,1500,-1,3.95094519202452,335
21,175,2,1500,-1,2.28610046197461,345
21,176,2,500,1,-4.06442273431154,487
21,177,2,1500,-1,-3.06443906876462,-42
21,178,2,500,1,0.951762703322099,540
21,179,2,500,1,-2.39159070591997,371
21,180,2,1500,-1,-6.30882575106086,304
21,181,2,1500,-1,-2.2599345302285,328
21,182,2,500,1,-6.14830722589686,464
21,183,2,500,1,-3.93599288473071,396
21,184,2,500,1,-5.41765965609459,347
21,185,2,500,1,-12.1073428217894,5
21,186,2,500,1,-5.25933195452673,-72
21,187,2,1500,-1,-1.95295973355687,385
21,188,2,1500,-1,1.0709502186323,325
21,189,2,1500,-1,0.773159057981436,322
21,190,2,500,1,-0.0872561057322828,402
21,191,2,1500,-1,NaN,NaN
21,192,2,1500,-1,2.01275604618314,316
21,193,2,500,1,0.0269308344657165,393
21,194,2,1500,-1,2.5993960553661,295
21,195,2,500,1,1.61578480907644,5
21,196,2,500,1,-5.75415758537473,404
21,197,2,500,1,-0.670100364039874,440
21,198,2,1500,-1,-1.08020334045039,320
21,199,2,1500,-1,2.02208935420928,364
21,200,2,500,1,-0.133191650366298,471
21,201,2,500,1,-4.63784521096586,521
21,202,2,500,1,-4.65716110829546,131
21,203,2,1500,-1,-4.84807976660832,393
21,204,2,1500,-1,2.77801876742683,268
21,205,2,1500,-1,-0.21211610060627,290
21,206,2,500,1,3.00758606051251,456
21,207,2,500,1,-0.995994315077681,358
21,208,2,1500,-1,-2.91832378841893,266
21,209,2,1500,-1,0.158770331371903,351
21,210,2,500,1,-0.739628337211984,448
21,211,2,500,1,-5.92764535176119,287
21,212,2,500,1,-5.46025239655794,346
21,213,2,500,1,-5.29135091236391,332
21,214,2,500,1,-8.13581943573799,73
21,215,2,500,1,-10.6874933009841,364
21,216,2,500,1,-10.1080775279173,395
21,217,2,500,1,-9.94941101912972,321
21,218,2,500,1,-16.4399657732192,366
21,219,2,1500,-1,-10.3832879888037,307
21,220,2,1500,-1,-8.54713876729715,333
21,221,2,1500,-1,-10.024623044262,284
21,222,2,1500,-1,-4.97266849552389,343
21,223,2,1500,-1,-0.0291388987629223,282
21,224,2,500,1,-2.64735136956885,397
21,225,2,1500,-1,-12.2936301612803,301
21,226,2,1500,-1,-8.39895331388967,320
21,227,2,500,1,-6.92699775705525,420
21,228,2,1500,-1,-7.62912039978833,316
21,229,2,1500,-1,-4.11808831465191,324
21,230,2,1500,-1,-3.22049620567421,324
21,231,2,1500,-1,-1.78356093292404,352
21,232,2,500,1,-3.8818589042271,474
21,233,2,500,1,-9.37331891549971,351
21,234,2,500,1,-10.5021132389451,455
21,235,2,1500,-1,-2.02137527045268,281
21,236,2,500,1,-3.65541484431682,409
21,237,2,1500,-1,-5.77679559545713,333
21,238,2,500,1,-4.09346766499329,433
21,239,2,1500,-1,-9.6677158309977,302
21,240,2,500,1,-8.03660275101194,407
21,241,2,1500,-1,-3.40950313651825,344
21,242,2,1500,-1,-4.35322685619493,293
21,243,2,1500,-1,-3.23758067106432,316
21,244,2,1500,-1,-0.939093349888285,301
21,245,2,500,1,-2.38329344304264,521
21,246,2,1500,-1,-7.2682405646472,340
21,247,2,500,1,-5.15084061498592,328
21,248,2,1500,-1,-7.66213774263462,314
21,249,2,500,1,-8.42792378394456,405
21,250,2,500,1,-5.50960581782152,322
21,251,2,1500,-1,3.96628363993932,339
21,252,2,1500,-1,-8.98159111098086,355
21,253,2,500,1,-8.84115865497029,408
21,254,2,1500,-1,-1.25468166137399,316
21,255,2,1500,-1,-2.38333069156609,344
21,256,2,1500,-1,2.4081932923184,354
21,257,2,1500,-1,-1.49564717995672,320
21,258,2,1500,-1,-0.654005014637848,343
21,259,2,1500,-1,-3.51534924638006,366
21,260,2,500,1,-2.5219599892134,391
21,261,2,1500,-1,2.78595705593031,348
21,262,2,1500,-1,-5.54945667469651,479
21,263,2,500,1,-5.51212300062449,357
21,264,2,1500,-1,-5.26410672668599,336
21,265,2,500,1,-8.28570568422531,432
21,266,2,1500,-1,-4.07290473161801,273
21,267,2,500,1,-4.27502996825021,436
21,268,2,1500,-1,-7.38120788927285,300
21,269,2,500,1,-5.17046150719644,367
21,270,2,1500,-1,NaN,NaN
21,271,2,500,1,-5.77012115849678,340
21,272,2,500,1,-8.89211758703735,377
21,273,2,500,1,-9.1927737985305,311
21,274,2,1500,-1,-12.5253512712048,302
21,275,2,500,1,-7.15717716677314,357
21,276,2,500,1,-8.46221257484727,309
21,277,2,1500,-1,-7.0320834874664,337
21,278,2,500,1,-8.87427343009008,379
21,279,2,1500,-1,-6.7597553048773,310
21,280,2,1500,-1,-4.85879975606229,285
21,281,2,500,1,-4.45482463368969,388
21,282,2,500,1,-10.8447978219364,337
21,283,2,1500,-1,-8.57089839202867,328
21,284,2,500,1,-12.6494285542618,329
21,285,2,1500,-1,-9.23971026449972,329
21,286,2,1500,-1,-4.58615048912477,440
21,287,2,500,1,-7.28003098509572,351
21,288,2,500,1,-12.8062469150684,361
21,289,2,1500,-1,-4.03787880118433,280
21,290,2,500,1,-10.8607921771164,430
21,291,2,1500,-1,-12.2008359462714,303
21,292,2,500,1,-4.51028444246712,359
21,293,2,500,1,-5.27188672187353,339
21,294,2,500,1,-4.62170026386627,331
21,295,2,500,1,-7.56941968925903,309
21,296,2,500,1,-12.0330233077748,388
21,297,2,500,1,-7.52644262907984,339
21,298,2,500,1,-11.7585283799117,81
21,299,2,500,1,-14.7048718552493,323
21,300,2,1500,-1,-13.3260213151827,305
21,301,2,500,1,-10.5738894406929,441
21,302,2,500,1,-9.52978480831637,341
21,303,2,500,1,-3.50524560857114,321
21,304,2,1500,-1,-7.55245702683842,295
21,305,2,500,1,-7.6126430950436,372
21,306,2,1500,-1,-6.85324306461394,286
21,307,2,500,1,-3.49839328164063,397
21,308,2,500,1,-10.4790274985947,354
21,309,2,500,1,-14.1870262126669,290
21,310,2,500,1,-9.50620170868978,335
21,311,2,1500,-1,-10.9273382026648,292
21,312,2,500,1,-12.8996129537393,412
21,313,2,1500,-1,-8.39462501637335,320
21,314,2,1500,-1,-2.29152676189606,304
21,315,2,500,1,-3.48060988942815,329
21,316,2,1500,-1,-7.85531771684624,383
21,317,2,1500,-1,0.339263416099721,434
21,318,2,500,1,-1.25047758233582,335
21,319,2,1500,-1,-2.03742273092901,265
21,320,2,1500,-1,NaN,NaN
21,321,2,500,1,-11.3929885562785,-69
21,322,2,500,1,-10.9261908398711,329
21,323,2,1500,-1,-5.15253002255152,309
21,324,2,1500,-1,-4.79063050541538,285
21,325,2,500,1,-7.27887962407279,422
21,326,2,1500,-1,-7.08412596039174,329
21,327,2,1500,-1,-4.76644160954026,327
21,328,2,1500,-1,-6.50513707573474,406
21,329,2,1500,-1,-2.95825757049907,269
21,330,2,1500,-1,-5.00105733894986,278
21,331,2,500,1,-4.66193693488808,398
21,332,2,500,1,-4.37054965327969,-1
21,333,2,500,1,-5.40128656212189,-37
21,334,2,1500,-1,-5.48151892840484,277
21,335,2,500,1,-4.64837925138574,317
21,336,2,500,1,-3.94381247466145,43
21,337,2,500,1,-9.9491236506416,327
21,338,2,1500,-1,-5.27849145882416,408
21,339,2,1500,-1,-4.28516587954566,331
21,340,2,500,1,-6.19334400133831,317
21,341,2,1500,-1,-7.43280264994974,300
21,342,2,500,1,-9.87694540127097,358
21,343,2,500,1,-10.7129995998022,305
21,344,2,1500,-1,-7.42798573860972,254
21,345,2,500,1,-8.87984139507412,381
21,346,2,1500,-1,-4.82537282284853,255
21,347,2,500,1,-5.64477210056417,352
21,348,2,500,1,-5.24134792508844,429
21,349,2,500,1,-7.60355035145722,325
21,350,2,500,1,-13.5709696518848,370
21,351,2,1500,-1,-10.7526871435315,-73
21,352,2,1500,-1,-9.6858104342335,285
21,353,2,1500,-1,NaN,NaN
21,354,2,1500,-1,-6.94101227719089,299
21,355,2,1500,-1,-5.77383348816445,276
21,356,2,1500,-1,-9.87684510638176,334
21,357,2,500,1,-5.5953598945762,387
21,358,2,500,1,-10.3093380935117,348
21,359,2,500,1,-6.19730287123488,308
21,360,2,1500,-1,-2.60034654614766,280
21,361,2,1500,-1,-6.89681660538918,298
21,362,2,1500,-1,-2.77365476582414,293
21,363,2,500,1,-5.99642549041799,409
21,364,2,1500,-1,-8.84816971434334,311
21,365,2,500,1,-11.19443895641,-26
21,366,2,500,1,-10.3484368770344,351
21,367,2,500,1,-12.8658887359929,7
21,368,2,1500,-1,-9.62868619120473,273
21,369,2,1500,-1,-4.50430954077535,382
21,370,2,500,1,-8.03425191030427,-2
21,371,2,1500,-1,-1.89103695816638,287
21,372,2,1500,-1,-2.60419436126021,315
21,373,2,500,1,-6.16211423693986,355
21,374,2,1500,-1,-9.40256460985226,300
21,375,2,500,1,-12.2941161111124,373
21,376,2,1500,-1,NaN,NaN
21,377,2,500,1,-1.67271874640472,408
21,378,2,1500,-1,-8.25400374009978,329
21,379,2,500,1,-4.76338358465944,367
21,380,2,1500,-1,-8.85065105170166,319
21,381,2,1500,-1,-4.17118046418802,301
21,382,2,500,1,-0.615101735805402,462
21,383,2,1500,-1,-3.00158637139284,306
21,384,2,500,1,-5.81129373320497,408
21,385,2,500,1,-9.06374234179956,373
21,386,2,500,1,-10.651082047684,356
21,387,2,1500,-1,NaN,NaN
21,388,2,500,1,-12.0727746082537,55
21,389,2,1500,-1,-6.44356932218947,351
21,390,2,1500,-1,0.562257527262288,308
21,391,2,1500,-1,-1.01193496639167,346
21,392,2,500,1,-8.10930956302265,367
21,393,2,500,1,-10.4095959539011,65
21,394,2,1500,-1,-6.09294943665154,301
21,395,2,500,1,-12.4324282710345,460
21,396,2,500,1,-10.900331180997,375
21,397,2,1500,-1,-7.52783330235978,293
21,398,2,500,1,-10.1742044222594,403
21,399,2,500,1,-16.0105383726545,355
21,400,2,1500,-1,NaN,NaN
21,401,2,1500,-1,-12.190736488388,319
21,402,2,500,1,-5.00664331200427,372
21,403,2,1500,-1,-8.18855515862376,295
21,404,2,500,1,-5.49215648906317,409
21,405,2,1500,-1,-2.72305214551968,301
21,406,2,500,1,-4.8061349630663,392
21,407,2,500,1,-8.33915421647705,357
21,408,2,1500,-1,-9.35047261989724,312
21,409,2,500,1,-8.8907869452456,314
21,410,2,1500,-1,-8.58217815262875,321
21,411,2,1500,-1,-6.88048198114125,321
21,412,2,500,1,-5.81808513000775,346
21,413,2,500,1,-12.1673115638275,363
21,414,2,1500,-1,-7.5973407986096,-155
21,415,2,1500,-1,-5.28266967581504,327
21,416,2,1500,-1,-4.24668225257729,366
21,417,2,500,1,-6.44684401833541,408
21,418,2,1500,-1,-6.38664572205851,319
21,419,2,500,1,-6.4230581679349,320
21,420,2,500,1,-10.2128492511867,334
21,421,3,1250,-0,NaN,NaN
21,422,3,750,-0,-8.15469692175907,359
21,423,3,1500,-0,-2.85982405381487,297
21,424,3,1250,-0,-6.31178748397377,325
21,425,3,1250,-0,1.121211201043,319
21,426,3,500,-0,-8.22760955334861,354
21,427,3,1000,-0,-7.02800966975781,295
21,428,3,1500,-0,-4.0749771324662,267
21,429,3,1000,-0,-3.96453297983024,308
21,430,3,1500,-0,-5.92762958277316,295
21,431,3,1250,-0,-6.84123703995132,297
21,432,3,1000,-0,NaN,NaN
21,433,3,1500,-0,-7.95328546000976,323
21,434,3,500,-0,-4.80450801030102,66
21,435,3,500,-0,-1.75201094339835,311
21,436,3,1000,-0,-1.33356167826886,127
21,437,3,750,-0,-2.13056943800132,-121
21,438,3,1250,-0,-1.97398909938452,298
21,439,3,1250,-0,-9.86620575087858,287
21,440,3,1500,-0,-2.36727043250063,318
21,441,3,1000,-0,-7.32990944573377,319
21,442,3,1250,-0,3.55841376670206,345
21,443,3,1500,-0,NaN,NaN
21,444,3,500,-0,-7.83796432482009,375
21,445,3,500,-0,-4.05499109360061,375
21,446,3,750,-0,-3.59461593533832,-188
21,447,3,750,-0,-2.15204274903775,315
21,448,3,1250,-0,-3.21110734463399,285
21,449,3,750,-0,-7.35089351259546,-102
21,450,3,750,-0,-5.63725612889866,322
21,451,3,1000,-0,-4.75929934760736,295
21,452,3,1500,-0,-5.45793856042801,302
21,453,3,1250,-0,-2.10739928930915,278
21,454,3,500,-0,-5.45641618709806,407
21,455,3,1250,-0,-3.01688669247463,50
21,456,3,750,-0,-8.73441961069569,286
21,457,3,1000,-0,-2.38470443307746,253
21,458,3,750,-0,-6.00494860797665,404
21,459,3,500,-0,-5.62436317850291,313
21,460,3,1500,-0,NaN,NaN
21,461,3,750,-0,-6.30188165506048,318
21,462,3,750,-0,NaN,NaN
21,463,3,500,-0,-4.03010845901981,335
21,464,3,1500,-0,-4.7589301996764,304
21,465,3,1000,-0,-4.66065633039138,325
21,466,3,1250,-0,-4.66381485692831,312
21,467,3,1000,-0,-6.53479315873171,295
21,468,3,1000,-0,0.309499403557897,306
21,469,3,1500,-0,-1.85081569033558,-170
21,470,3,750,-0,-4.66822867972065,345
21,471,3,1500,-0,-1.23614207946955,285
21,472,3,1000,-0,-3.15424132252596,309
21,473,3,500,-0,-5.17023249303199,343
21,474,3,1500,-0,-7.96382662765412,285
21,475,3,1500,-0,-6.60769306529519,278
21,476,3,1000,-0,-1.66134575478682,308
21,477,3,1250,-0,-1.8950884212149,303
21,478,3,750,-0,-7.73868554483476,382
21,479,3,500,-0,-7.42548846108902,380
21,480,3,750,-0,NaN,NaN
21,481,3,1500,-0,-7.73068271041859,266
21,482,3,1000,-0,-5.70105780348718,312
21,483,3,1500,-0,-8.26474579236673,282
21,484,3,1250,-0,-0.340781951377428,305
21,485,3,750,-0,-6.212869365795,360
21,486,3,1000,-0,-3.81751557488797,309
21,487,3,1250,-0,-4.92829362498833,306
21,488,3,750,-0,-5.33160328004871,335
21,489,3,500,-0,-1.59877141318278,334
21,490,3,1000,-0,-6.0054049216833,277
21,491,3,1000,-0,-7.64169898456412,295
21,492,3,750,-0,-5.50243051369897,384
21,493,3,1250,-0,-5.78782792967387,284
21,494,3,1250,-0,-3.70168817576792,279
21,495,3,500,-0,-5.01930819794152,411
21,496,3,1000,-0,-2.51538593388237,328
21,497,3,1250,-0,-0.958646270697651,262
21,498,3,1000,-0,-4.98311017896852,291
21,499,3,500,-0,-7.95097822971835,390
21,500,3,500,-0,-5.85393640218977,304
21,501,3,750,-0,-7.15712183679758,302
21,502,3,1500,-0,NaN,NaN
21,503,3,500,-0,-8.16961150149334,362
21,504,3,500,-0,-8.39247193031137,331
21,505,3,500,-0,-7.10220761173432,363
21,506,3,500,-0,-7.04843212048672,294
21,507,3,500,-0,-1.31273461038767,326
21,508,3,500,-0,-8.12602556817196,277
21,509,3,500,-0,-7.50555119203518,312
21,510,3,1500,-0,-11.5779682700017,281
21,511,3,1500,-0,NaN,NaN
21,512,3,1500,-0,-2.11735432339917,274
21,513,3,1250,-0,-5.89295850804532,270
21,514,3,1250,-0,-4.35583318019419,318
21,515,3,1500,-0,-6.96131120615749,310
21,516,3,750,-0,-2.41435834902461,333
21,517,3,750,-0,-6.00033883573583,325
21,518,3,1500,-0,1.23106458993128,291
21,519,3,1250,-0,-5.05650306230577,321
21,520,3,1000,-0,-5.76618675098716,290
21,521,3,1000,-0,-0.610309705674744,359
21,522,3,1000,-0,-5.69540924977475,294
21,523,3,750,-0,-6.38789193422002,339
21,524,3,1000,-0,0.998308441158039,331
21,525,3,500,-0,-7.60517590976407,340
21,526,3,750,-0,-5.58389634598124,324
21,527,3,1000,-0,-7.11061828202883,289
21,528,3,1000,-0,-6.40988998334606,286
21,529,3,750,-0,-8.53961081290778,300
21,530,3,500,-0,-6.70728914513297,326
21,531,3,1250,-0,-3.96698562698834,-178
21,532,3,1250,-0,-7.56802940518674,373
21,533,3,1000,-0,-6.83795737877464,285
21,534,3,1500,-0,-7.30285880134506,245
21,535,3,750,-0,-7.70792439133803,285
21,536,3,750,-0,-6.65291437281776,292
21,537,3,500,-0,-9.20395754097244,308
21,538,3,1000,-0,-9.03922685681707,301
21,539,3,750,-0,NaN,NaN
21,540,3,1250,-0,-5.72114025715434,323
21,541,3,1250,-0,-8.65109475452255,291
21,542,3,1000,-0,-6.06372435317057,296
21,543,3,750,-0,-10.6243998328412,289
21,544,3,1500,-0,-4.53076012459653,-199
21,545,3,1000,-0,-3.97887885751436,304
21,546,3,1000,-0,-7.11384862081907,284
21,547,3,1250,-0,-8.77868733116163,325
21,548,3,1500,-0,-10.2951589453813,285
21,549,3,500,-0,-10.4047304601115,376
21,550,3,750,-0,-6.23935297270296,313
21,551,3,750,-0,-3.66195402487043,307
21,552,3,1250,-0,-12.3504129806816,248
21,553,3,500,-0,-8.80734243202178,375
21,554,3,1500,-0,-8.90092011333821,300
21,555,3,1000,-0,-0.966931444434267,285
21,556,3,1500,-0,-6.99563125165699,253
21,557,3,500,-0,-10.5748788998518,357
21,558,3,750,-0,-0.518706361894011,322
21,559,3,1250,-0,NaN,NaN
21,560,3,500,-0,-9.624625813014,325
21,561,3,750,-0,-2.69365276780045,304
21,562,3,500,-0,-4.9012367844084,362
21,563,3,1250,-0,-3.94264795460791,285
21,564,3,1250,-0,-5.21360365986976,285
21,565,3,1500,-0,-4.83731633485773,5
21,566,3,1500,-0,-11.7938015989553,277
21,567,3,500,-0,-7.25195466537529,357
21,568,3,1250,-0,-3.54341277221905,348
21,569,3,1500,-0,-5.3712406809412,289
21,570,3,1500,-0,-5.47773902496179,293
22,1,1,500,-0,1.96165117081107,-69
22,2,1,500,-0,-3.59110750910053,705
22,3,1,1500,-0,2.66897859150894,513
22,4,1,1500,-0,NaN,NaN
22,5,1,1500,-0,NaN,NaN
22,6,1,500,-0,-8.06138993278084,415
22,7,1,500,-0,-0.263604471693394,371
22,8,1,1500,-0,-4.99914437475882,586
22,9,1,500,-0,-5.01228712444348,296
22,10,1,1500,-0,NaN,NaN
22,11,1,1500,-0,NaN,NaN
22,12,1,500,-0,-1.01092970978194,376
22,13,1,1500,-0,NaN,NaN
22,14,1,500,-0,2.97953511091934,433
22,15,1,500,-0,-2.36098100098159,458
22,16,1,1500,-0,NaN,NaN
22,17,1,500,-0,0.935698621070378,598
22,18,1,1500,-0,10.5462144657477,466
22,19,1,1500,-0,-4.62160892790046,506
22,20,1,500,-0,0.0232536153775736,391
22,21,2,500,1,-0.694957754931615,483
22,22,2,500,1,-12.7170786740108,-7
22,23,2,500,1,-10.5628190750503,394
22,24,2,500,1,-16.6794886640399,331
22,25,2,1500,-1,-20.0151855029041,545
22,26,2,1500,-1,-11.4875984116438,298
22,27,2,500,1,-1.9601690615352,444
22,28,2,1500,-1,-11.2919773918609,174
22,29,2,1500,-1,NaN,NaN
22,30,2,1500,-1,7.49344044765259,416
22,31,2,1500,-1,-0.401589888771298,535
22,32,2,1500,-1,10.7244359872569,349
22,33,2,500,1,2.64288786351279,477
22,34,2,500,1,-10.042383407428,426
22,35,2,500,1,-15.3552128638231,-136
22,36,2,1500,-1,-3.46815699428874,360
22,37,2,1500,-1,NaN,NaN
22,38,2,1500,-1,NaN,NaN
22,39,2,1500,-1,NaN,NaN
22,40,2,500,1,5.35677061336389,690
22,41,2,500,1,-0.897911014768414,729
22,42,2,1500,-1,4.74067093576587,284
22,43,2,500,1,2.30014801551842,408
22,44,2,500,1,-5.44830541186474,355
22,45,2,1500,-1,1.96263904448752,384
22,46,2,1500,-1,NaN,NaN
22,47,2,1500,-1,NaN,NaN
22,48,2,1500,-1,NaN,NaN
22,49,2,1500,-1,12.1471991252957,610
22,50,2,1500,-1,NaN,NaN
22,51,2,500,1,2.58347639562606,40
22,52,2,1500,-1,8.38293834552757,438
22,53,2,1500,-1,NaN,NaN
22,54,2,1500,-1,NaN,NaN
22,55,2,1500,-1,10.7282596571293,440
22,56,2,1500,-1,NaN,NaN
22,57,2,500,1,5.68956482172117,663
22,58,2,500,1,3.14102260749231,507
22,59,2,500,1,-0.936040318755529,-16
22,60,2,1500,-1,NaN,NaN
22,61,2,1500,-1,4.5131750636982,466
22,62,2,1500,-1,8.2099065280616,312
22,63,2,500,1,6.5318748086268,587
22,64,2,500,1,-4.69816909543977,327
22,65,2,1500,-1,1.63871675382351,347
22,66,2,1500,-1,2.85298499535852,349
22,67,2,500,1,0.0765565432434116,535
22,68,2,1500,-1,-5.82103054003548,305
22,69,2,1500,-1,-3.52626439459058,322
22,70,2,500,1,1.30870073853123,725
22,71,2,500,1,-8.78555484386677,394
22,72,2,1500,-1,NaN,NaN
22,73,2,1500,-1,NaN,NaN
22,74,2,500,1,3.4780937289999,756
22,75,2,500,1,5.08868997665325,74
22,76,2,500,1,3.97204756337484,524
22,77,2,1500,-1,NaN,NaN
22,78,2,500,1,3.25558858648312,-113
22,79,2,500,1,4.34895904000129,393
22,80,2,500,1,4.13621923283821,364
22,81,2,1500,-1,8.43048823747803,116
22,82,2,1500,-1,NaN,NaN
22,83,2,500,1,1.45724167439557,629
22,84,2,500,1,-0.669617747799952,359
22,85,2,1500,-1,2.85484886645341,239
22,86,2,500,1,3.63475906425086,44
22,87,2,500,1,-2.72903436963412,29
22,88,2,1500,-1,0.142382299303575,367
22,89,2,1500,-1,NaN,NaN
22,90,2,1500,-1,NaN,NaN
22,91,2,500,1,3.90845812210241,457
22,92,2,500,1,-2.42813932385168,467
22,93,2,1500,-1,-1.23669847963706,-129
22,94,2,500,1,5.25702050996983,-30
22,95,2,500,1,-3.93506393706645,449
22,96,2,1500,-1,-1.12473164421805,319
22,97,2,500,1,-3.30868385367083,-31
22,98,2,500,1,-3.53854576073406,447
22,99,2,500,1,-3.79413777828724,474
22,100,2,500,1,-14.9768599639273,441
22,101,2,500,1,-9.77083507189608,448
22,102,2,1500,-1,-1.88894635124437,355
22,103,2,500,1,-4.3761335851263,487
22,104,2,500,1,-15.3839405964914,564
22,105,2,500,1,-14.7475575228241,459
22,106,2,1500,-1,-4.61648497794597,361
22,107,2,1500,-1,NaN,NaN
22,108,2,500,1,-0.665274688960609,-54
22,109,2,1500,-1,-9.63762887587272,330
22,110,2,1500,-1,-7.08674814379917,481
22,111,2,1500,-1,4.16884237331781,372
22,112,2,1500,-1,0.212606259088301,340
22,113,2,500,1,7.06677317825852,66
22,114,2,500,1,-2.32669397939971,-122
22,115,2,500,1,-2.19199993471984,395
22,116,2,1500,-1,NaN,NaN
22,117,2,500,1,-0.123139477438216,451
22,118,2,500,1,-2.7389020033723,111
22,119,2,500,1,-13.1904581996729,454
22,120,2,500,1,-5.38510889278398,460
22,121,2,1500,-1,-4.83276798076083,337
22,122,2,500,1,-2.45904149578303,504
22,123,2,1500,-1,10.1019837772699,389
22,124,2,1500,-1,7.27498627597693,338
22,125,2,500,1,-4.81734351033835,544
22,126,2,500,1,0.0290721171551138,404
22,127,2,1500,-1,-0.852510855362371,339
22,128,2,1500,-1,6.1294157926698,342
22,129,2,500,1,3.63417735058135,45
22,130,2,1500,-1,1.28621651827204,408
22,131,2,1500,-1,NaN,NaN
22,132,2,500,1,5.83208855763338,490
22,133,2,1500,-1,16.956748243816,335
22,134,2,1500,-1,16.641093288312,346
22,135,2,1500,-1,16.9212630425276,323
22,136,2,1500,-1,NaN,NaN
22,137,2,1500,-1,5.04913347500332,345
22,138,2,500,1,1.69371453923005,519
22,139,2,1500,-1,7.31181252224666,371
22,140,2,500,1,-0.234296502269201,-21
22,141,2,500,1,3.04474055495983,463
22,142,2,500,1,-3.21746094054145,453
22,143,2,1500,-1,-5.63819251911276,361
22,144,2,500,1,-4.17290042595956,425
22,145,2,1500,-1,2.63190533449414,329
22,146,2,500,1,0.140113177612051,406
22,147,2,500,1,6.54534370791209,-87
22,148,2,500,1,-5.04562311844163,400
22,149,2,1500,-1,3.45533836899539,504
22,150,2,1500,-1,-1.10115124479432,297
22,151,2,1500,-1,9.91997508308308,281
22,152,2,500,1,4.15505999157075,362
22,153,2,1500,-1,0.527133615455477,274
22,154,2,500,1,-2.1545909819027,-92
22,155,2,1500,-1,-9.92896640386439,333
22,156,2,1500,-1,-3.83835535063229,271
22,157,2,500,1,-0.0500676932575472,518
22,158,2,500,1,-9.49090891201716,37
22,159,2,500,1,-6.79027958227752,433
22,160,2,1500,-1,-10.6172410522727,330
22,161,2,500,1,0.334652252973892,114
22,162,2,1500,-1,-13.0705177502517,331
22,163,2,500,1,-6.35920186652208,723
22,164,2,500,1,-0.178583150878272,426
22,165,2,1500,-1,-2.70552596051337,321
22,166,2,1500,-1,-1.05946768417761,357
22,167,2,1500,-1,3.64371725164423,349
22,168,2,1500,-1,1.6654159352627,382
22,169,2,500,1,-0.696407446767273,461
22,170,2,500,1,-3.62176885528415,586
22,171,2,500,1,-5.27999914674395,666
22,172,2,500,1,-4.27855666025514,480
22,173,2,1500,-1,10.7615056300665,98
22,174,2,1500,-1,11.4597945351444,342
22,175,2,1500,-1,18.3289132405615,527
22,176,2,500,1,-4.34925220671827,626
22,177,2,1500,-1,6.00354886249151,365
22,178,2,1500,-1,-4.33195551288567,397
22,179,2,500,1,5.88599362851717,117
22,180,2,500,1,1.86283773220687,433
22,181,2,500,1,-3.63816066187656,492
22,182,2,500,1,6.76483905734198,508
22,183,2,1500,-1,-0.806751633054478,460
22,184,2,1500,-1,8.07930291528951,388
22,185,2,1500,-1,0.565075630179387,454
22,186,2,1500,-1,10.4235116394622,339
22,187,2,1500,-1,5.74998028955222,465
22,188,2,500,1,1.14691853053846,628
22,189,2,500,1,3.95160685489322,432
22,190,2,1500,-1,NaN,NaN
22,191,2,500,1,-4.08747115207929,-42
22,192,2,500,1,-1.21659532915993,383
22,193,2,500,1,3.57798935790786,418
22,194,2,1500,-1,-4.14012081723809,326
22,195,2,1500,-1,-1.11776672407307,350
22,196,2,500,1,-5.78302848528345,442
22,197,2,1500,-1,NaN,NaN
22,198,2,1500,-1,NaN,NaN
22,199,2,500,1,-0.230753280403997,636
22,200,2,1500,-1,14.592828476211,430
22,201,2,500,1,-5.41352496615746,407
22,202,2,500,1,-0.861018275589239,456
22,203,2,1500,-1,-2.65871102554505,-103
22,204,2,1500,-1,NaN,NaN
22,205,2,1500,-1,4.4086380779033,349
22,206,2,1500,-1,5.02554509867995,345
22,207,2,500,1,-3.88429390456842,537
22,208,2,500,1,-4.84626083867583,479
22,209,2,1500,-1,-6.25048493169555,345
22,210,2,1500,-1,3.11024568075153,302
22,211,2,500,1,-1.2018811944966,494
22,212,2,1500,-1,-5.49638040601524,316
22,213,2,500,1,-0.803232940072712,460
22,214,2,1500,-1,-6.04208322163815,340
22,215,2,1500,-1,17.6787516300886,298
22,216,2,500,1,1.77868017401167,504
22,217,2,1500,-1,2.74661056618752,346
22,218,2,1500,-1,8.29437159369702,299
22,219,2,500,1,1.0766569142956,-56
22,220,2,500,1,-8.97808242601181,404
22,221,2,1500,-1,4.72409519936337,-34
22,222,2,1500,-1,-0.74849908027646,341
22,223,2,500,1,4.33427933276,435
22,224,2,500,1,-5.93912492460392,432
22,225,2,500,1,-5.08858212062982,409
22,226,2,500,1,-6.04407228685138,-51
22,227,2,1500,-1,-7.58215616814055,350
22,228,2,1500,-1,-3.36296025402973,185
22,229,2,500,1,1.72423701864065,452
22,230,2,1500,-1,-6.84849629119738,331
22,231,2,1500,-1,7.52593967995212,298
22,232,2,1500,-1,-0.820588005173042,197
22,233,2,1500,-1,NaN,NaN
22,234,2,1500,-1,10.0833923681252,332
22,235,2,1500,-1,-4.00649171036091,337
22,236,2,1500,-1,9.20736864788292,334
22,237,2,500,1,1.87021588285473,499
22,238,2,1500,-1,-1.39173199853938,287
22,239,2,500,1,-11.178658822926,446
22,240,2,1500,-1,-10.2109521830377,16
22,241,2,500,1,-8.29320991199229,449
22,242,2,1500,-1,-0.284626019749188,308
22,243,2,500,1,-0.843682816119902,-32
22,244,2,1500,-1,-3.51284870396107,299
22,245,2,500,1,-7.69792032136704,403
22,246,2,1500,-1,-11.1952695289874,328
22,247,2,500,1,-12.9571447835371,410
22,248,2,500,1,-12.6028266718723,344
22,249,2,500,1,-6.80652842250109,434
22,250,2,1500,-1,-12.1967347073299,364
22,251,2,1500,-1,-11.1681567538474,294
22,252,2,500,1,-13.8306749281187,373
22,253,2,1500,-1,-6.47649083836701,330
22,254,2,1500,-1,0.0269546130389531,323
22,255,2,500,1,-6.82078867786289,504
22,256,2,500,1,-10.0924007674983,439
22,257,2,1500,-1,0.306232772929638,297
22,258,2,1500,-1,-2.10330726981462,343
22,259,2,1500,-1,5.46239059062509,-34
22,260,2,500,1,1.53953984750527,420
22,261,2,500,1,0.865211131157797,358
22,262,2,1500,-1,6.74908900322689,319
22,263,2,500,1,-2.45903295507649,413
22,264,2,500,1,-3.12230404883804,368
22,265,2,1500,-1,-2.15035768459041,301
22,266,2,500,1,0.0167657387978474,388
22,267,2,1500,-1,-5.7814869670763,459
22,268,2,1500,-1,-15.7838703841623,338
22,269,2,500,1,-0.0824625033663747,456
22,270,2,500,1,-3.25078073783638,402
22,271,2,1500,-1,2.41382112016423,316
22,272,2,1500,-1,5.96915698883504,315
22,273,2,1500,-1,16.6406796691711,295
22,274,2,500,1,4.1066492172437,470
22,275,2,1500,-1,14.9889765628966,174
22,276,2,500,1,5.18041211921076,406
22,277,2,500,1,3.86590816475641,310
22,278,2,1500,-1,21.5852993869807,-46
22,279,2,500,1,2.2489109292417,331
22,280,2,500,1,3.37224528851365,323
22,281,2,1500,-1,NaN,NaN
22,282,2,1500,-1,-1.38777296132882,300
22,283,2,1500,-1,0.845962477902346,325
22,284,2,500,1,-0.8152170686986,369
22,285,2,500,1,2.1094453545495,430
22,286,2,500,1,-9.20931441629079,359
22,287,2,1500,-1,NaN,NaN
22,288,2,1500,-1,NaN,NaN
22,289,2,1500,-1,7.21967017842688,236
22,290,2,500,1,11.423078736959,497
22,291,2,500,1,0.937687040976645,404
22,292,2,500,1,-1.95188204685867,426
22,293,2,1500,-1,NaN,NaN
22,294,2,1500,-1,NaN,NaN
22,295,2,500,1,2.35214033348589,-70
22,296,2,500,1,-2.3297673752219,490
22,297,2,1500,-1,4.62681644702935,458
22,298,2,500,1,5.99526377099516,471
22,299,2,500,1,-3.39704498653746,435
22,300,2,1500,-1,-9.40251774019678,504
22,301,2,1500,-1,NaN,NaN
22,302,2,500,1,-2.49903363365918,363
22,303,2,1500,-1,0.290155671639039,311
22,304,2,1500,-1,6.9716260578254,319
22,305,2,500,1,-1.73061975171148,378
22,306,2,500,1,-6.33346325247548,345
22,307,2,500,1,-6.42056047275318,336
22,308,2,500,1,-9.61221929360223,374
22,309,2,1500,-1,-5.47446431390254,61
22,310,2,1500,-1,-2.25430027835677,71
22,311,2,500,1,-0.00408944335027541,443
22,312,2,1500,-1,4.69185205373054,352
22,313,2,1500,-1,NaN,NaN
22,314,2,500,1,-1.93205919646104,429
22,315,2,1500,-1,10.515868808152,346
22,316,2,500,1,-2.53393073080909,402
22,317,2,1500,-1,1.37218515300603,72
22,318,2,500,1,-6.76827150903736,386
22,319,2,1500,-1,NaN,NaN
22,320,2,500,1,-6.19107494433098,373
22,321,2,500,1,-7.17563996872565,426
22,322,2,1500,-1,18.5073951236202,338
22,323,2,1500,-1,13.3379999364179,325
22,324,2,1500,-1,7.91168547532752,349
22,325,2,500,1,6.4091715732411,363
22,326,2,500,1,-2.68983142460538,305
22,327,2,1500,-1,4.47826760193406,311
22,328,2,500,1,-2.23961317681984,341
22,329,2,500,1,-0.579634308607585,301
22,330,2,500,1,-9.75502487175569,339
22,331,2,500,1,-6.02806322127748,355
22,332,2,1500,-1,-4.32470717419173,325
22,333,2,500,1,-2.93440727617906,350
22,334,2,500,1,-3.98953019620173,330
22,335,2,500,1,-13.0706955967503,283
22,336,2,500,1,10.6854946869665,311
22,337,2,1500,-1,4.39648670169044,-63
22,338,2,1500,-1,11.9030903467279,320
22,339,2,1500,-1,28.1517157664872,318
22,340,2,1500,-1,19.4681709127693,329
22,341,2,500,1,7.79540140452074,455
22,342,2,1500,-1,20.9976924918903,261
22,343,2,500,1,9.76625038717659,432
22,344,2,1500,-1,NaN,NaN
22,345,2,1500,-1,10.3912916294526,360
22,346,2,1500,-1,28.2032199635697,302
22,347,2,1500,-1,22.6280941624751,324
22,348,2,500,1,5.71356900324322,445
22,349,2,500,1,1.7434929624596,394
22,350,2,500,1,5.3505282000976,370
22,351,2,1500,-1,NaN,NaN
22,352,2,500,1,1.83367715579186,335
22,353,2,1500,-1,10.9628633164556,320
22,354,2,500,1,6.94209201563179,372
22,355,2,1500,-1,2.6870166185577,346
22,356,2,1500,-1,20.2296747689841,349
22,357,2,1500,-1,8.15708167662811,356
22,358,2,500,1,9.19277449216182,373
22,359,2,500,1,5.64096779734454,355
22,360,2,1500,-1,6.13577804527809,298
22,361,2,1500,-1,9.59515280445314,326
22,362,2,500,1,12.1190431929103,349
22,363,2,1500,-1,12.2006923895349,326
22,364,2,500,1,11.4967309814049,333
22,365,2,500,1,6.0370665459638,369
22,366,2,1500,-1,8.43048462842009,354
22,367,2,500,1,2.29171478867616,301
22,368,2,1500,-1,16.3996991630378,296
22,369,2,1500,-1,10.9371937192916,318
22,370,2,1500,-1,8.79064264127097,335
22,371,2,500,1,16.0598304508088,414
22,372,2,500,1,-3.54729643884943,414
22,373,2,1500,-1,2.66921462666269,337
22,374,2,1500,-1,NaN,NaN
22,375,2,1500,-1,17.4404967263294,302
22,376,2,500,1,9.64134333419264,394
22,377,2,1500,-1,12.0136762042956,318
22,378,2,1500,-1,11.7725144733031,350
22,379,2,500,1,8.86456933337351,405
22,380,2,1500,-1,4.98598321092397,312
22,381,2,500,1,-4.26982758891162,384
22,382,2,500,1,-2.45414432447016,333
22,383,2,500,1,4.33268230985893,334
22,384,2,1500,-1,24.4908075571102,-27
22,385,2,500,1,-2.15550015713175,358
22,386,2,500,1,7.85207714436664,355
22,387,2,500,1,12.1038458499624,400
22,388,2,1500,-1,9.56711345292399,300
22,389,2,1500,-1,23.3141323261571,305
22,390,2,500,1,7.57359005837817,343
22,391,2,500,1,1.07419314437454,340
22,392,2,500,1,3.76202898241469,304
22,393,2,1500,-1,1.12249332121553,95
22,394,2,1500,-1,-3.09965535739412,385
22,395,2,500,1,8.49857421638783,415
22,396,2,500,1,-1.35973422844208,415
22,397,2,500,1,-4.09323170977526,392
22,398,2,500,1,-5.23892217023707,363
22,399,2,500,1,1.96680629873286,372
22,400,2,500,1,-1.69731458370668,330
22,401,2,500,1,-7.66692598508146,305
22,402,2,500,1,-1.02002143590137,265
22,403,2,500,1,-0.86362779890385,310
22,404,2,500,1,-9.88186496987714,373
22,405,2,500,1,0.747395859643865,320
22,406,2,1500,-1,5.6333181814224,292
22,407,2,1500,-1,9.09365116342749,112
22,408,2,1500,-1,20.9856544445883,238
22,409,2,500,1,5.19730064722707,357
22,410,2,500,1,-3.13140350375074,343
22,411,2,500,1,-2.13586890003178,327
22,412,2,1500,-1,3.2667248662219,75
22,413,2,500,1,0.598252463294401,299
22,414,2,500,1,-0.273070709155464,307
22,415,2,1500,-1,NaN,NaN
22,416,2,1500,-1,12.0812745577229,354
22,417,2,1500,-1,10.9824765349334,300
22,418,2,1500,-1,13.2689638730579,372
22,419,2,500,1,16.216881507674,463
22,420,2,500,1,9.46823543873471,336
22,421,3,1000,-0,1.92581162391426,375
22,422,3,1250,-0,4.61604317230555,332
22,423,3,750,-0,0.243877764008696,362
22,424,3,1250,-0,NaN,NaN
22,425,3,500,-0,-3.08089141226833,362
22,426,3,500,-0,-12.3979390271937,400
22,427,3,1250,-0,-3.6584537832339,307
22,428,3,500,-0,-6.74726778509709,357
22,429,3,1250,-0,-6.08928460417908,305
22,430,3,500,-0,-7.47531462717881,513
22,431,3,750,-0,NaN,NaN
22,432,3,1250,-0,-2.12137643653552,538
22,433,3,1000,-0,-9.01837800745771,424
22,434,3,750,-0,-4.69099563847977,572
22,435,3,750,-0,-1.55230681406678,422
22,436,3,750,-0,-9.05197085463807,483
22,437,3,1000,-0,-4.44752178069765,329
22,438,3,750,-0,9.90052768100978,387
22,439,3,1250,-0,-3.88843498099169,293
22,440,3,500,-0,0.180743444172604,444
22,441,3,750,-0,-1.68139108606925,438
22,442,3,750,-0,-0.499255212882693,331
22,443,3,1500,-0,-3.71638601083491,61
22,444,3,1250,-0,-9.31619466450723,327
22,445,3,500,-0,-5.04417846443518,388
22,446,3,1000,-0,-5.02560442410459,399
22,447,3,1000,-0,-10.2652911634935,329
22,448,3,500,-0,-3.9494902149068,412
22,449,3,1000,-0,0.257595716174623,325
22,450,3,500,-0,-11.6208331829345,405
22,451,3,1500,-0,-7.63341652467873,302
22,452,3,500,-0,-0.51254449064056,324
22,453,3,1000,-0,-13.024977513248,339
22,454,3,1500,-0,2.54453699641765,332
22,455,3,1500,-0,0.597939642821252,303
22,456,3,1500,-0,NaN,NaN
22,457,3,1000,-0,-5.26285999694956,350
22,458,3,500,-0,0.3355714181348,404
22,459,3,1000,-0,-1.22327117302396,341
22,460,3,750,-0,0.618814589317094,349
22,461,3,1250,-0,0.397346235486884,318
22,462,3,1000,-0,2.28315325540858,306
22,463,3,1000,-0,4.10290594433384,318
22,464,3,750,-0,-3.58349168446004,367
22,465,3,1500,-0,0.138431382328698,298
22,466,3,1000,-0,-0.492011798095754,336
22,467,3,500,-0,-3.52279652883983,352
22,468,3,1000,-0,-1.33162742441089,326
22,469,3,750,-0,-4.65999076094766,313
22,470,3,750,-0,-4.01451263701702,324
22,471,3,500,-0,3.32805449975965,360
22,472,3,1250,-0,-4.06007587154849,280
22,473,3,500,-0,-4.04276988902817,339
22,474,3,1500,-0,-3.04216911408547,281
22,475,3,500,-0,-2.06324359474093,326
22,476,3,1250,-0,-14.9957745827554,293
22,477,3,500,-0,1.17843859400641,370
22,478,3,1500,-0,-8.72560249297127,336
22,479,3,1250,-0,0.00677734558347754,314
22,480,3,500,-0,-1.72779108227806,443
22,481,3,1500,-0,-4.9965282054358,327
22,482,3,1500,-0,-3.65280747097978,386
22,483,3,1500,-0,-2.61982341784349,763
22,484,3,1500,-0,NaN,NaN
22,485,3,1250,-0,-1.10743063062155,376
22,486,3,1250,-0,3.71311084240024,379
22,487,3,750,-0,2.19490895477978,375
22,488,3,1500,-0,-5.52782069599642,321
22,489,3,1500,-0,-0.334591581055144,385
22,490,3,1000,-0,NaN,NaN
22,491,3,1000,-0,NaN,NaN
22,492,3,1250,-0,13.7248187394722,406
22,493,3,1250,-0,-2.03032669651839,363
22,494,3,1250,-0,NaN,NaN
22,495,3,500,-0,11.2261949169585,-62
22,496,3,1500,-0,-0.415877651089854,319
22,497,3,1500,-0,NaN,NaN
22,498,3,500,-0,-4.80413704780654,372
22,499,3,1500,-0,-8.60678248008465,329
22,500,3,1250,-0,-1.14327985661685,327
22,501,3,500,-0,-9.94190802793375,380
22,502,3,1250,-0,-10.895519949699,334
22,503,3,1500,-0,-5.46532078336439,323
22,504,3,1500,-0,-4.93184068705759,334
22,505,3,750,-0,2.49569305799738,420
22,506,3,750,-0,-1.01386523289872,363
22,507,3,1500,-0,-5.80683790219516,293
22,508,3,1500,-0,1.72546072310044,328
22,509,3,750,-0,-10.9378518368422,359
22,510,3,750,-0,-5.01735173976751,382
22,511,3,1250,-0,-5.63191042148245,345
22,512,3,1500,-0,0.79673543840401,365
22,513,3,500,-0,2.87323891668059,380
22,514,3,1250,-0,-2.46533543490874,317
22,515,3,500,-0,-3.59757477648437,338
22,516,3,1000,-0,-9.30882488330106,330
22,517,3,1250,-0,NaN,NaN
22,518,3,750,-0,-4.30560163670786,323
22,519,3,500,-0,-4.35683893883244,329
22,520,3,1500,-0,-9.49920548910158,271
22,521,3,750,-0,-4.24911595015438,349
22,522,3,500,-0,-3.41897409642982,351
22,523,3,1000,-0,0.696946615267126,322
22,524,3,1250,-0,NaN,NaN
22,525,3,750,-0,-3.80870753654937,396
22,526,3,1000,-0,-2.3017204366586,348
22,527,3,500,-0,1.65887712294308,389
22,528,3,1000,-0,-0.812364266834502,307
22,529,3,1500,-0,4.71939056178083,282
22,530,3,500,-0,7.34219701412572,344
22,531,3,1500,-0,3.71049594539871,330
22,532,3,500,-0,1.74638684051885,359
22,533,3,1000,-0,-1.51155647208228,315
22,534,3,1250,-0,-0.692094733833828,296
22,535,3,1000,-0,3.44935755817777,318
22,536,3,1000,-0,-2.31532978307794,356
22,537,3,750,-0,-5.34914406499741,345
22,538,3,1000,-0,-2.27810210614838,321
22,539,3,750,-0,6.71940428673545,331
22,540,3,1250,-0,4.38150296758007,128
22,541,3,1000,-0,NaN,NaN
22,542,3,500,-0,4.08207176157183,377
22,543,3,1000,-0,-4.08975218045611,385
22,544,3,1250,-0,-3.56529486431141,321
22,545,3,750,-0,7.90216157087981,313
22,546,3,1000,-0,8.89215722174096,265
22,547,3,1000,-0,-5.64078266504876,323
22,548,3,1000,-0,-2.12418188817367,313
22,549,3,1250,-0,5.1828302572896,257
22,550,3,750,-0,-0.0222231378763177,363
22,551,3,500,-0,9.5448096181219,354
22,552,3,750,-0,2.09756475366689,355
22,553,3,750,-0,-1.39974729723162,306
22,554,3,500,-0,0.0317570780852117,332
22,555,3,1500,-0,-2.87523376103893,-149
22,556,3,1250,-0,NaN,NaN
22,557,3,1250,-0,-4.74256525048558,484
22,558,3,750,-0,1.44995990642564,346
22,559,3,1500,-0,0.465678663224331,313
22,560,3,500,-0,-4.2678690525785,436
22,561,3,1250,-0,14.5287628215528,311
22,562,3,750,-0,1.62445923965813,346
22,563,3,1500,-0,3.65808824189207,252
22,564,3,1500,-0,0.725743807141974,256
22,565,3,1250,-0,3.95391691395109,312
22,566,3,750,-0,-1.23756418570751,368
22,567,3,1000,-0,-0.831754610714297,351
22,568,3,1000,-0,-0.395423915524796,311
22,569,3,750,-0,1.93486615703832,322
22,570,3,1500,-0,2.59393725681489,-171
